date,statusList,zscore,ADAUSDT_position,ADAUSDT_price,TRXUSDT_position,TRXUSDT_price,init,total_asset,pnl,return
2020-01-01,0,,0.0,0.03348,0.0,0.01322,200000,200000.0,0.0,1.0
2020-01-02,0,,0.0,0.03269,0.0,0.01284,200000,200000.0,0.0,1.0
2020-01-03,0,,0.0,0.03417,0.0,0.01344,200000,200000.0,0.0,1.0
2020-01-04,0,,0.0,0.03434,0.0,0.01344,200000,200000.0,0.0,1.0
2020-01-05,0,,0.0,0.0346,0.0,0.01353,200000,200000.0,0.0,1.0
2020-01-06,0,,0.0,0.03732,0.0,0.01472,200000,200000.0,0.0,1.0
2020-01-07,0,,0.0,0.037,0.0,0.01434,200000,200000.0,0.0,1.0
2020-01-08,0,,0.0,0.03631,0.0,0.01402,200000,200000.0,0.0,1.0
2020-01-09,0,,0.0,0.03616,0.0,0.01398,200000,200000.0,0.0,1.0
2020-01-10,0,,0.0,0.03693,0.0,0.01469,200000,200000.0,0.0,1.0
2020-01-11,0,,0.0,0.03678,0.0,0.0146,200000,200000.0,0.0,1.0
2020-01-12,0,,0.0,0.03792,0.0,0.01503,200000,200000.0,0.0,1.0
2020-01-13,0,,0.0,0.03682,0.0,0.01464,200000,200000.0,0.0,1.0
2020-01-14,0,,0.0,0.04161,0.0,0.01677,200000,200000.0,0.0,1.0
2020-01-15,0,,0.0,0.04275,0.0,0.01729,200000,200000.0,0.0,1.0
2020-01-16,0,,0.0,0.04168,0.0,0.01734,200000,200000.0,0.0,1.0
2020-01-17,0,,0.0,0.0449,0.0,0.01758,200000,200000.0,0.0,1.0
2020-01-18,0,,0.0,0.04489,0.0,0.01766,200000,200000.0,0.0,1.0
2020-01-19,0,,0.0,0.042,0.0,0.01665,200000,200000.0,0.0,1.0
2020-01-20,2,2.0673183407568243,0.0,0.04378,0.0,0.01661,200000,200000.0,0.0,1.0
2020-01-21,2,2.0748536651721263,0.0,0.04602,0.0,0.01732,200000,200000.0,0.0,1.0
2020-01-22,2,1.3504596150350776,0.0,0.04575,0.0,0.01743,200000,200000.0,0.0,1.0
2020-01-23,2,1.5995037026987189,0.0,0.04318,0.0,0.01628,200000,200000.0,0.0,1.0
2020-01-24,2,2.3817751128600744,0.0,0.04495,0.0,0.01639,200000,200000.0,0.0,1.0
2020-01-25,2,1.3430415240109717,0.0,0.04314,0.0,0.01613,200000,200000.0,0.0,1.0
2020-01-26,1,1.0401625390252278,-2233638.597274961,0.04477,5938242.280285035,0.01684,200000,200000.0,0.0,1.0
2020-01-27,2,2.2265261781980814,0.0,0.04796,0.0,0.01713,200000,205403.2168640245,5403.216864024493,1.0270160843201224
2020-01-28,2,2.187769063211755,0.0,0.0529,0.0,0.0186,200000,205403.2168640245,5403.216864024493,1.0270160843201224
2020-01-29,2,1.9347167224179795,0.0,0.05329,0.0,0.01866,200000,205403.2168640245,5403.216864024493,1.0270160843201224
2020-01-30,2,1.8129999041053197,0.0,0.05614,0.0,0.0195,200000,205403.2168640245,5403.216864024493,1.0270160843201224
2020-01-31,2,1.632681694688971,0.0,0.0539,0.0,0.01867,200000,205403.2168640245,5403.216864024493,1.0270160843201224
2020-02-01,2,1.734098401987736,0.0,0.0561,0.0,0.01907,200000,205403.2168640245,5403.216864024493,1.0270160843201224
2020-02-02,2,1.4092838001332761,0.0,0.0557,0.0,0.01909,200000,205403.2168640245,5403.216864024493,1.0270160843201224
2020-02-03,2,1.5247027914785822,0.0,0.05696,0.0,0.0192,200000,205403.2168640245,5403.216864024493,1.0270160843201224
2020-02-04,1,1.0813332147895482,-1833629.8595253036,0.05601,5335148.489974663,0.01925,200000,205403.21686402452,5403.216864024522,1.0270160843201226
2020-02-05,1,0.7005799518243007,-1833629.8595253036,0.05933,5335148.489974663,0.02076,200000,219546.94221751025,19546.94221751025,1.0977347110875513
2020-02-06,0,-0.8238289943567695,0.0,0.06008,0.0,0.02271,200000,194406.47661698016,-5593.523383019841,0.9720323830849008
2020-02-07,0,-0.4061081646564039,0.0,0.05987,0.0,0.02204,200000,194406.47661698016,-5593.523383019841,0.9720323830849008
2020-02-08,0,-0.22701543499553395,0.0,0.06002,0.0,0.02179,200000,194406.47661698016,-5593.523383019841,0.9720323830849008
2020-02-09,0,0.13867651172069587,0.0,0.06188,0.0,0.02206,200000,194406.47661698016,-5593.523383019841,0.9720323830849008
2020-02-10,0,-0.66099785671387,0.0,0.06029,0.0,0.02216,200000,194406.47661698016,-5593.523383019841,0.9720323830849008
2020-02-11,0,-0.12395971661526926,0.0,0.06335,0.0,0.02272,200000,194406.47661698016,-5593.523383019841,0.9720323830849008
2020-02-12,0,0.396701700433598,0.0,0.06817,0.0,0.02393,200000,194406.47661698016,-5593.523383019841,0.9720323830849008
2020-02-13,0,0.5750700904152768,0.0,0.06867,0.0,0.02391,200000,194406.47661698016,-5593.523383019841,0.9720323830849008
2020-02-14,-2,-1.4429874040671622,0.0,0.07074,0.0,0.02639,200000,194406.47661698016,-5593.523383019841,0.9720323830849008
2020-02-15,-1,-1.1297376369541334,1512655.4358619682,0.06426,-4111812.1111882436,0.02364,200000,194406.47661698016,-5593.523383019841,0.9720323830849008
2020-02-16,-1,-0.5918424069735596,1512655.4358619682,0.06146,-4111812.1111882436,0.02223,200000,184373.38631979123,-15626.613680208771,0.9218669315989562
2020-02-17,-1,-0.5699591052636287,1512655.4358619682,0.06019,-4111812.1111882436,0.02179,200000,180643.1165873237,-19356.88341267631,0.9032155829366184
2020-02-18,-1,-0.40182549467675693,1512655.4358619682,0.06274,-4111812.1111882436,0.02262,200000,187913.19200105796,-12086.807998942037,0.9395659600052898
2020-02-19,0,0.3478215577820437,0.0,0.05737,0.0,0.0202,200000,190684.03890758153,-9315.961092418467,0.9534201945379077
2020-02-20,2,1.3448484177845375,0.0,0.05815,0.0,0.0198,200000,190684.03890758153,-9315.961092418467,0.9534201945379077
2020-02-21,1,1.0335759786062286,-1628942.7550622034,0.05853,4729266.8379856525,0.02016,200000,190684.03890758153,-9315.961092418467,0.9534201945379077
2020-02-22,1,1.113479347211055,-1628942.7550622034,0.05825,4729266.8379856525,0.02002,200000,189565.8375788461,-10434.162421153887,0.9478291878942305
2020-02-23,1,0.904601402707382,-1628942.7550622034,0.06145,4729266.8379856525,0.02133,200000,200973.79395280633,973.7939528063289,1.0048689697640316
2020-02-24,2,1.8246550156521684,0.0,0.05906,0.0,0.01988,200000,192871.5732824005,-7128.426717599505,0.9643578664120025
2020-02-25,2,1.572941404097542,0.0,0.05603,0.0,0.01891,200000,192871.5732824005,-7128.426717599505,0.9643578664120025
2020-02-26,2,1.8057092246508255,0.0,0.04915,0.0,0.01636,200000,192871.5732824005,-7128.426717599505,0.9643578664120025
2020-02-27,0,0.9482532281029059,0.0,0.04986,0.0,0.01701,200000,192871.5732824005,-7128.426717599505,0.9643578664120025
2020-02-28,0,0.11000947181931259,0.0,0.04885,0.0,0.0171,200000,192871.5732824005,-7128.426717599505,0.9643578664120025
2020-02-29,0,0.09579034390566082,0.0,0.0471,0.0,0.01648,200000,192871.5732824005,-7128.426717599505,0.9643578664120025
2020-03-01,0,-0.8564563604625264,0.0,0.04561,0.0,0.01643,200000,192871.5732824005,-7128.426717599505,0.9643578664120025
2020-03-02,0,-0.6085354086425073,0.0,0.04923,0.0,0.01759,200000,192871.5732824005,-7128.426717599505,0.9643578664120025
2020-03-03,0,-0.3062764843465437,0.0,0.04866,0.0,0.01723,200000,192871.5732824005,-7128.426717599505,0.9643578664120025
2020-03-04,0,-0.9348282576067168,0.0,0.04898,0.0,0.01774,200000,192871.5732824005,-7128.426717599505,0.9643578664120025
2020-03-05,0,-0.06825890786538666,0.0,0.05096,0.0,0.01789,200000,192871.5732824005,-7128.426717599505,0.9643578664120025
2020-03-06,0,-0.4828771768003142,0.0,0.05174,0.0,0.01833,200000,192871.5732824005,-7128.426717599505,0.9643578664120025
2020-03-07,0,0.09667429557180207,0.0,0.04879,0.0,0.01699,200000,192871.5732824005,-7128.426717599505,0.9643578664120025
2020-03-08,0,0.803642192118875,0.0,0.04291,0.0,0.01465,200000,192871.5732824005,-7128.426717599505,0.9643578664120025
2020-03-09,-2,-1.549113682547887,0.0,0.04156,0.0,0.01504,200000,192871.5732824005,-7128.426717599505,0.9643578664120025
2020-03-10,-2,-1.5725064370687363,0.0,0.04146,0.0,0.01508,200000,192871.5732824005,-7128.426717599505,0.9643578664120025
2020-03-11,-2,-2.1948321348935553,0.0,0.03969,0.0,0.01489,200000,192871.5732824005,-7128.426717599505,0.9643578664120025
2020-03-12,0,-0.8983414464277285,0.0,0.02329,0.0,0.00841,200000,192871.5732824005,-7128.426717599505,0.9643578664120025
2020-03-13,0,-0.8812000560307762,0.0,0.02843,0.0,0.01029,200000,192871.5732824005,-7128.426717599505,0.9643578664120025
2020-03-14,-2,-1.8140245629910443,0.0,0.02582,0.0,0.00973,200000,192871.5732824005,-7128.426717599505,0.9643578664120025
2020-03-15,-2,-1.8541192606665793,0.0,0.02693,0.0,0.01026,200000,192871.5732824005,-7128.426717599505,0.9643578664120025
2020-03-16,-2,-2.363490159403803,0.0,0.02423,0.0,0.00961,200000,192871.5732824005,-7128.426717599505,0.9643578664120025
2020-03-17,-2,-1.7709491664759447,0.0,0.02575,0.0,0.01002,200000,192871.5732824005,-7128.426717599505,0.9643578664120025
2020-03-18,-2,-1.7234458033391515,0.0,0.02607,0.0,0.01022,200000,192871.5732824005,-7128.426717599505,0.9643578664120025
2020-03-19,-1,-1.1270700465772117,3182699.2290825164,0.0303,-8291985.093826333,0.01163,200000,192871.5732824005,-7128.426717599505,0.9643578664120025
2020-03-20,-1,-0.9525981659571261,3182699.2290825164,0.02946,-8291985.093826333,0.01127,200000,187212.9912961937,-12787.008703806292,0.9360649564809685
2020-03-21,-1,-0.7821795876307935,3182699.2290825164,0.02948,-8291985.093826333,0.01123,200000,186944.9658770223,-13055.034122977697,0.9347248293851115
2020-03-22,-1,-0.7144116569490302,3182699.2290825164,0.02703,-8291985.093826333,0.0103,200000,171435.80662851164,-28564.193371488363,0.8571790331425582
2020-03-23,-1,-1.045762929480939,3182699.2290825164,0.02925,-8291985.093826333,0.01137,200000,187373.822967469,-12626.177032531006,0.9368691148373449
2020-03-24,-1,-0.5298989803664508,3182699.2290825164,0.03023,-8291985.093826333,0.01151,200000,191653.74612510554,-8346.253874894464,0.9582687306255276
2020-03-25,-1,-0.7945247822963776,3182699.2290825164,0.02945,-8291985.093826333,0.01139,200000,188176.20251516206,-11823.797484837938,0.9408810125758104
2020-03-26,-1,-0.7592654902687401,3182699.2290825164,0.03086,-8291985.093826333,0.01196,200000,197390.23993164938,-2609.760068350617,0.986951199658247
2020-03-27,-1,-0.7780260834586773,3182699.2290825164,0.02882,-8291985.093826333,0.01121,200000,184678.5446839513,-15321.455316048698,0.9233927234197565
2020-03-28,-1,-0.2747514293139415,3182699.2290825164,0.02975,-8291985.093826333,0.01139,200000,189131.01228388678,-10868.987716113217,0.9456550614194339
2020-03-29,0,0.09542549429028058,0.0,0.02806,0.0,0.01066,200000,191957.5940145338,-8042.405985466205,0.959787970072669
2020-03-30,0,-0.46048816738500375,0.0,0.02965,0.0,0.01145,200000,191957.5940145338,-8042.405985466205,0.959787970072669
2020-03-31,0,0.2588573521949687,0.0,0.03045,0.0,0.01157,200000,191957.5940145338,-8042.405985466205,0.959787970072669
2020-04-01,2,1.2400011594247669,0.0,0.03097,0.0,0.01158,200000,191957.5940145338,-8042.405985466205,0.959787970072669
2020-04-02,2,1.5205907327943415,0.0,0.03188,0.0,0.01196,200000,191957.5940145338,-8042.405985466205,0.959787970072669
2020-04-03,2,2.220446130890863,0.0,0.03231,0.0,0.01194,200000,191957.5940145338,-8042.405985466205,0.959787970072669
2020-04-04,2,1.9703684700093327,0.0,0.03244,0.0,0.01197,200000,191957.5940145338,-8042.405985466205,0.959787970072669
2020-04-05,-2,-1.607182550722993,0.0,0.0319,0.0,0.01257,200000,191957.5940145338,-8042.405985466205,0.959787970072669
2020-04-06,0,-0.08609325293543982,0.0,0.03592,0.0,0.01375,200000,191957.5940145338,-8042.405985466205,0.959787970072669
2020-04-07,0,0.6554085902128898,0.0,0.03525,0.0,0.0133,200000,191957.5940145338,-8042.405985466205,0.959787970072669
2020-04-08,0,0.4798779264982912,0.0,0.03639,0.0,0.01376,200000,191957.5940145338,-8042.405985466205,0.959787970072669
2020-04-09,1,1.1916292430581696,-2660903.7152000805,0.03607,7135970.037715011,0.01345,200000,191957.5940145338,-8042.405985466205,0.959787970072669
2020-04-10,1,0.6950176025719915,-2660903.7152000805,0.03321,7135970.037715011,0.01248,200000,177425.51845247802,-22574.48154752198,0.8871275922623901
2020-04-11,1,0.9051610184137053,-2660903.7152000805,0.03343,7135970.037715011,0.0125,200000,178153.63667057635,-21846.36332942365,0.8907681833528818
2020-04-12,1,0.20022152719958475,-2660903.7152000805,0.03347,7135970.037715011,0.01266,200000,179401.82802521874,-20598.17197478126,0.8970091401260937
2020-04-13,0,-0.019223783911988934,0.0,0.03311,0.0,0.01257,200000,190360.97265073078,-9639.027349269221,0.9518048632536539
2020-04-14,0,0.4821226578154191,0.0,0.03312,0.0,0.01245,200000,190360.97265073078,-9639.027349269221,0.9518048632536539
2020-04-15,0,-0.6382292288616032,0.0,0.03185,0.0,0.01219,200000,190360.97265073078,-9639.027349269221,0.9518048632536539
2020-04-16,0,0.06564693536202898,0.0,0.03446,0.0,0.01302,200000,190360.97265073078,-9639.027349269221,0.9518048632536539
2020-04-17,0,0.40483801964855887,0.0,0.03432,0.0,0.01289,200000,190360.97265073078,-9639.027349269221,0.9518048632536539
2020-04-18,2,1.7925498762668397,0.0,0.03654,0.0,0.01339,200000,190360.97265073078,-9639.027349269221,0.9518048632536539
2020-04-19,2,1.9902034536693711,0.0,0.03549,0.0,0.0129,200000,190360.97265073078,-9639.027349269221,0.9518048632536539
2020-04-20,2,1.4444665487825692,0.0,0.03391,0.0,0.0124,200000,190360.97265073078,-9639.027349269221,0.9518048632536539
2020-04-21,2,1.7998658163583896,0.0,0.03454,0.0,0.01249,200000,190360.97265073078,-9639.027349269221,0.9518048632536539
2020-04-22,2,2.2948813914573694,0.0,0.03664,0.0,0.01298,200000,190360.97265073078,-9639.027349269221,0.9518048632536539
2020-04-23,2,3.2203943408633595,0.0,0.04088,0.0,0.01361,200000,190360.97265073078,-9639.027349269221,0.9518048632536539
2020-04-24,2,2.4275759537627044,0.0,0.04165,0.0,0.01392,200000,190360.97265073078,-9639.027349269221,0.9518048632536539
2020-04-25,2,2.2478589995866147,0.0,0.04222,0.0,0.01396,200000,190360.97265073078,-9639.027349269221,0.9518048632536539
2020-04-26,2,2.746678553975375,0.0,0.04593,0.0,0.01426,200000,190360.97265073078,-9639.027349269221,0.9518048632536539
2020-04-27,2,2.1510085986308587,0.0,0.04648,0.0,0.01452,200000,190360.97265073078,-9639.027349269221,0.9518048632536539
2020-04-28,2,1.2772216899624909,0.0,0.04679,0.0,0.01528,200000,190360.97265073078,-9639.027349269221,0.9518048632536539
2020-04-29,2,1.5879534027798299,0.0,0.05146,0.0,0.01624,200000,190360.97265073078,-9639.027349269221,0.9518048632536539
2020-04-30,2,1.2523370570048116,0.0,0.04752,0.0,0.01519,200000,190360.97265073078,-9639.027349269221,0.9518048632536539
2020-05-01,2,1.4818077814235011,0.0,0.05091,0.0,0.01581,200000,190360.97265073078,-9639.027349269221,0.9518048632536539
2020-05-02,0,0.9141110189970296,0.0,0.0509,0.0,0.01635,200000,190360.97265073078,-9639.027349269221,0.9518048632536539
2020-05-03,0,0.6157835173591799,0.0,0.04898,0.0,0.01599,200000,190360.97265073078,-9639.027349269221,0.9518048632536539
2020-05-04,0,0.46113808071909645,0.0,0.04942,0.0,0.01623,200000,190360.97265073078,-9639.027349269221,0.9518048632536539
2020-05-05,0,0.6957127554906193,0.0,0.04945,0.0,0.0159,200000,190360.97265073078,-9639.027349269221,0.9518048632536539
2020-05-06,0,0.8021589415885179,0.0,0.04889,0.0,0.01554,200000,190360.97265073078,-9639.027349269221,0.9518048632536539
2020-05-07,0,0.9980994961619608,0.0,0.05123,0.0,0.01603,200000,190360.97265073078,-9639.027349269221,0.9518048632536539
2020-05-08,0,0.9254103293613155,0.0,0.05201,0.0,0.01627,200000,190360.97265073078,-9639.027349269221,0.9518048632536539
2020-05-09,0,0.8619796002190946,0.0,0.05145,0.0,0.01609,200000,190360.97265073078,-9639.027349269221,0.9518048632536539
2020-05-10,2,1.7197520026557584,0.0,0.04755,0.0,0.01426,200000,190360.97265073078,-9639.027349269221,0.9518048632536539
2020-05-11,2,2.2016149401458893,0.0,0.04779,0.0,0.01398,200000,190360.97265073078,-9639.027349269221,0.9518048632536539
2020-05-12,2,2.343662230980403,0.0,0.05043,0.0,0.01455,200000,190360.97265073078,-9639.027349269221,0.9518048632536539
2020-05-13,2,1.7939598858966221,0.0,0.05147,0.0,0.01501,200000,190360.97265073078,-9639.027349269221,0.9518048632536539
2020-05-14,1,1.0273427693891148,-1867016.2088145427,0.05098,6233168.718098585,0.01527,200000,190360.97265073078,-9639.027349269221,0.9518048632536539
2020-05-15,2,1.2066244173098268,0.0,0.05026,0.0,0.01488,200000,191447.65678044275,-8552.343219557253,0.9572382839022138
2020-05-16,2,1.295236732708353,0.0,0.051,0.0,0.01497,200000,191447.65678044275,-8552.343219557253,0.9572382839022138
2020-05-17,2,1.2508255332437468,0.0,0.05129,0.0,0.015,200000,191447.65678044275,-8552.343219557253,0.9572382839022138
2020-05-18,2,1.804451151736765,0.0,0.05434,0.0,0.01537,200000,191447.65678044275,-8552.343219557253,0.9572382839022138
2020-05-19,2,2.1373663832365684,0.0,0.05677,0.0,0.01553,200000,191447.65678044275,-8552.343219557253,0.9572382839022138
2020-05-20,2,2.3468644605561138,0.0,0.05689,0.0,0.015,200000,191447.65678044275,-8552.343219557253,0.9572382839022138
2020-05-21,2,1.5024488734223667,0.0,0.05207,0.0,0.01421,200000,191447.65678044275,-8552.343219557253,0.9572382839022138
2020-05-22,2,1.6973363972100866,0.0,0.05576,0.0,0.01484,200000,191447.65678044275,-8552.343219557253,0.9572382839022138
2020-05-23,1,1.1903682244804341,-1743603.431515872,0.0549,6398651.6303623915,0.01496,200000,191447.65678044275,-8552.343219557253,0.9572382839022138
2020-05-24,1,0.8256189660613852,-1743603.431515872,0.05125,6398651.6303623915,0.01421,200000,180284.515532638,-19715.484467361995,0.90142257766319
2020-05-25,1,1.0030634560118432,-1743603.431515872,0.0539,6398651.6303623915,0.01472,200000,188168.37695763994,-11831.623042360065,0.9408418847881996
2020-05-26,1,0.9738732942496114,-1743603.431515872,0.05355,6398651.6303623915,0.01458,200000,186662.30452835863,-13337.695471641375,0.9333115226417932
2020-05-27,2,1.271347046805643,0.0,0.05513,0.0,0.0147,200000,193512.33499358562,-6487.665006414376,0.9675616749679281
2020-05-28,2,3.0324194942593317,0.0,0.06502,0.0,0.01514,200000,193512.33499358562,-6487.665006414376,0.9675616749679281
2020-05-29,2,2.501295534095985,0.0,0.06469,0.0,0.015,200000,193512.33499358562,-6487.665006414376,0.9675616749679281
2020-05-30,2,2.82136309549145,0.0,0.07691,0.0,0.01638,200000,193512.33499358562,-6487.665006414376,0.9675616749679281
2020-05-31,2,2.2310427152946013,0.0,0.0739,0.0,0.01582,200000,193512.33499358562,-6487.665006414376,0.9675616749679281
2020-06-01,2,2.0078565527509364,0.0,0.08093,0.0,0.01707,200000,193512.33499358562,-6487.665006414376,0.9675616749679281
2020-06-02,2,1.8445108047847774,0.0,0.07872,0.0,0.01637,200000,193512.33499358562,-6487.665006414376,0.9675616749679281
2020-06-03,2,1.9932507483028081,0.0,0.08558,0.0,0.01691,200000,193512.33499358562,-6487.665006414376,0.9675616749679281
2020-06-04,2,2.0043566657458483,0.0,0.08882,0.0,0.01687,200000,193512.33499358562,-6487.665006414376,0.9675616749679281
2020-06-05,2,1.4707465370375363,0.0,0.08517,0.0,0.01685,200000,193512.33499358562,-6487.665006414376,0.9675616749679281
2020-06-06,2,1.3253351123814519,0.0,0.08614,0.0,0.01704,200000,193512.33499358562,-6487.665006414376,0.9675616749679281
2020-06-07,0,0.7588693452680868,0.0,0.08657,0.0,0.0182,200000,193512.33499358562,-6487.665006414376,0.9675616749679281
2020-06-08,0,0.7798769288348751,0.0,0.08648,0.0,0.01794,200000,193512.33499358562,-6487.665006414376,0.9675616749679281
2020-06-09,0,0.5537052172225885,0.0,0.08291,0.0,0.01754,200000,193512.33499358562,-6487.665006414376,0.9675616749679281
2020-06-10,0,0.5200863741289123,0.0,0.0836,0.0,0.0176,200000,193512.33499358562,-6487.665006414376,0.9675616749679281
2020-06-11,0,0.5098893073152538,0.0,0.07527,0.0,0.01573,200000,193512.33499358562,-6487.665006414376,0.9675616749679281
2020-06-12,0,0.5257414398122282,0.0,0.07948,0.0,0.01644,200000,193512.33499358562,-6487.665006414376,0.9675616749679281
2020-06-13,0,0.2550088467231366,0.0,0.07906,0.0,0.01668,200000,193512.33499358562,-6487.665006414376,0.9675616749679281
2020-06-14,0,0.13210750914566846,0.0,0.07642,0.0,0.01616,200000,193512.33499358562,-6487.665006414376,0.9675616749679281
2020-06-15,0,0.4194292646093111,0.0,0.07824,0.0,0.01606,200000,193512.33499358562,-6487.665006414376,0.9675616749679281
2020-06-16,0,0.5245167254410921,0.0,0.07925,0.0,0.01613,200000,193512.33499358562,-6487.665006414376,0.9675616749679281
2020-06-17,2,1.5119963104953698,0.0,0.08349,0.0,0.01621,200000,193512.33499358562,-6487.665006414376,0.9675616749679281
2020-06-18,2,1.2978663420959373,0.0,0.08176,0.0,0.01602,200000,193512.33499358562,-6487.665006414376,0.9675616749679281
2020-06-19,0,0.8228877626264881,0.0,0.07987,0.0,0.01586,200000,193512.33499358562,-6487.665006414376,0.9675616749679281
2020-06-20,0,0.42773349611799194,0.0,0.07953,0.0,0.01597,200000,193512.33499358562,-6487.665006414376,0.9675616749679281
2020-06-21,0,0.22654042993903897,0.0,0.07841,0.0,0.01582,200000,193512.33499358562,-6487.665006414376,0.9675616749679281
2020-06-22,1,1.016029549529647,-1158063.046041805,0.08355,5906969.932649135,0.01638,200000,193512.33499358562,-6487.665006414376,0.9675616749679281
2020-06-23,1,0.5152467110000201,-1158063.046041805,0.08276,5906969.932649135,0.0165,200000,193306.30157913052,-6693.698420869478,0.9665315078956526
2020-06-24,2,1.646023421533014,0.0,0.08254,0.0,0.01593,200000,195000.8277867755,-4999.17221322449,0.9750041389338775
2020-06-25,2,1.2892080601692966,0.0,0.08167,0.0,0.0159,200000,195000.8277867755,-4999.17221322449,0.9750041389338775
2020-06-26,0,0.9549801647328208,0.0,0.08062,0.0,0.01585,200000,195000.8277867755,-4999.17221322449,0.9750041389338775
2020-06-27,0,0.420113519688635,0.0,0.07738,0.0,0.01544,200000,195000.8277867755,-4999.17221322449,0.9750041389338775
2020-06-28,0,0.841247191329249,0.0,0.08028,0.0,0.01577,200000,195000.8277867755,-4999.17221322449,0.9750041389338775
2020-06-29,2,1.3128640621383096,0.0,0.08392,0.0,0.01619,200000,195000.8277867755,-4999.17221322449,0.9750041389338775
2020-06-30,0,0.5134188442353348,0.0,0.08299,0.0,0.01636,200000,195000.8277867755,-4999.17221322449,0.9750041389338775
2020-07-01,2,3.2810694856465843,0.0,0.09681,0.0,0.01686,200000,195000.8277867755,-4999.17221322449,0.9750041389338775
2020-07-02,2,2.1661619130455043,0.0,0.09291,0.0,0.01658,200000,195000.8277867755,-4999.17221322449,0.9750041389338775
2020-07-03,2,2.438895730498389,0.0,0.09655,0.0,0.01662,200000,195000.8277867755,-4999.17221322449,0.9750041389338775
2020-07-04,2,2.3994491842368446,0.0,0.10005,0.0,0.01682,200000,195000.8277867755,-4999.17221322449,0.9750041389338775
2020-07-05,2,1.7149611912264546,0.0,0.09813,0.0,0.01688,200000,195000.8277867755,-4999.17221322449,0.9750041389338775
2020-07-06,2,1.5662123974932305,0.0,0.10512,0.0,0.01802,200000,195000.8277867755,-4999.17221322449,0.9750041389338775
2020-07-07,2,3.0066682625138332,0.0,0.11764,0.0,0.0172,200000,195000.8277867755,-4999.17221322449,0.9750041389338775
2020-07-08,2,2.7778447749563457,0.0,0.12993,0.0,0.01791,200000,195000.8277867755,-4999.17221322449,0.9750041389338775
2020-07-09,2,1.638174394707148,0.0,0.12403,0.0,0.01856,200000,195000.8277867755,-4999.17221322449,0.9750041389338775
2020-07-10,2,1.2766830796157156,0.0,0.11846,0.0,0.01812,200000,195000.8277867755,-4999.17221322449,0.9750041389338775
2020-07-11,2,1.4864515363159014,0.0,0.12523,0.0,0.01837,200000,195000.8277867755,-4999.17221322449,0.9750041389338775
2020-07-12,2,1.5078925996567076,0.0,0.12685,0.0,0.01818,200000,195000.8277867755,-4999.17221322449,0.9750041389338775
2020-07-13,2,1.45910878570857,0.0,0.12427,0.0,0.01756,200000,195000.8277867755,-4999.17221322449,0.9750041389338775
2020-07-14,2,1.7451950905206148,0.0,0.13256,0.0,0.01765,200000,195000.8277867755,-4999.17221322449,0.9750041389338775
2020-07-15,2,1.4761768296676363,0.0,0.13069,0.0,0.01757,200000,195000.8277867755,-4999.17221322449,0.9750041389338775
2020-07-16,2,1.2371079207608804,0.0,0.12602,0.0,0.01716,200000,195000.8277867755,-4999.17221322449,0.9750041389338775
2020-07-17,0,0.8900870422407225,0.0,0.12224,0.0,0.01717,200000,195000.8277867755,-4999.17221322449,0.9750041389338775
2020-07-18,0,0.7210120706496469,0.0,0.1227,0.0,0.01742,200000,195000.8277867755,-4999.17221322449,0.9750041389338775
2020-07-19,0,0.6862346167450792,0.0,0.12402,0.0,0.01753,200000,195000.8277867755,-4999.17221322449,0.9750041389338775
2020-07-20,0,0.30448519207235825,0.0,0.11771,0.0,0.01716,200000,195000.8277867755,-4999.17221322449,0.9750041389338775
2020-07-21,0,0.44002637489105884,0.0,0.12321,0.0,0.01762,200000,195000.8277867755,-4999.17221322449,0.9750041389338775
2020-07-22,0,0.198920478416449,0.0,0.1238,0.0,0.01794,200000,195000.8277867755,-4999.17221322449,0.9750041389338775
2020-07-23,0,0.1688118987233312,0.0,0.12422,0.0,0.01792,200000,195000.8277867755,-4999.17221322449,0.9750041389338775
2020-07-24,0,-0.2134752725937132,0.0,0.12197,0.0,0.01794,200000,195000.8277867755,-4999.17221322449,0.9750041389338775
2020-07-25,2,1.7102937182360503,0.0,0.14362,0.0,0.01877,200000,195000.8277867755,-4999.17221322449,0.9750041389338775
2020-07-26,2,2.6018071473651605,0.0,0.14849,0.0,0.01852,200000,195000.8277867755,-4999.17221322449,0.9750041389338775
2020-07-27,0,0.7902396183693492,0.0,0.13859,0.0,0.01872,200000,195000.8277867755,-4999.17221322449,0.9750041389338775
2020-07-28,2,1.6732018305902745,0.0,0.14904,0.0,0.01912,200000,195000.8277867755,-4999.17221322449,0.9750041389338775
2020-07-29,0,0.3143574238266013,0.0,0.13972,0.0,0.01915,200000,195000.8277867755,-4999.17221322449,0.9750041389338775
2020-07-30,0,0.3384640426586307,0.0,0.1406,0.0,0.01917,200000,195000.8277867755,-4999.17221322449,0.9750041389338775
2020-07-31,0,-0.5432579463884942,0.0,0.13878,0.0,0.01968,200000,195000.8277867755,-4999.17221322449,0.9750041389338775
2020-08-01,0,-0.5840919644235688,0.0,0.1441,0.0,0.02046,200000,195000.8277867755,-4999.17221322449,0.9750041389338775
2020-08-02,0,-0.6603494377272439,0.0,0.13375,0.0,0.01907,200000,195000.8277867755,-4999.17221322449,0.9750041389338775
2020-08-03,0,-0.8826948716247712,0.0,0.1373,0.0,0.01987,200000,195000.8277867755,-4999.17221322449,0.9750041389338775
2020-08-04,0,-0.45943727478431645,0.0,0.14335,0.0,0.02039,200000,195000.8277867755,-4999.17221322449,0.9750041389338775
2020-08-05,0,-0.4857361297373426,0.0,0.14227,0.0,0.02031,200000,195000.8277867755,-4999.17221322449,0.9750041389338775
2020-08-06,0,-0.06563801588817218,0.0,0.14444,0.0,0.02022,200000,195000.8277867755,-4999.17221322449,0.9750041389338775
2020-08-07,0,-0.5366904446253763,0.0,0.13888,0.0,0.01988,200000,195000.8277867755,-4999.17221322449,0.9750041389338775
2020-08-08,0,0.04707360024332549,0.0,0.14696,0.0,0.02046,200000,195000.8277867755,-4999.17221322449,0.9750041389338775
2020-08-09,0,-0.2591003848261626,0.0,0.14512,0.0,0.02045,200000,195000.8277867755,-4999.17221322449,0.9750041389338775
2020-08-10,-2,-1.380266380445457,0.0,0.14383,0.0,0.02146,200000,195000.8277867755,-4999.17221322449,0.9750041389338775
2020-08-11,-1,-1.0357563856435947,712461.9210331585,0.13685,-4850766.86036755,0.0201,200000,195000.82778677548,-4999.1722132245195,0.9750041389338774
2020-08-12,-1,-1.098902469608736,712461.9210331585,0.1367,-4850766.86036755,0.02019,200000,195330.52751605358,-4669.472483946418,0.9766526375802679
2020-08-13,-2,-2.248868619703032,0.0,0.13944,0.0,0.02238,200000,204215.29985293763,4215.299852937635,1.0210764992646881
2020-08-14,-2,-2.8238273763373702,0.0,0.13826,0.0,0.02471,200000,204215.29985293763,4215.299852937635,1.0210764992646881
2020-08-15,-2,-2.5397212258639534,0.0,0.13837,0.0,0.02526,200000,204215.29985293763,4215.299852937635,1.0210764992646881
2020-08-16,-2,-2.6567539258159276,0.0,0.13882,0.0,0.02824,200000,204215.29985293763,4215.299852937635,1.0210764992646881
2020-08-17,-2,-2.46947417492563,0.0,0.14039,0.0,0.03036,200000,204215.29985293763,4215.299852937635,1.0210764992646881
2020-08-18,-2,-1.943028493609718,0.0,0.13691,0.0,0.02875,200000,204215.29985293763,4215.299852937635,1.0210764992646881
2020-08-19,-2,-1.5764546821522007,0.0,0.12966,0.0,0.02648,200000,204215.29985293763,4215.299852937635,1.0210764992646881
2020-08-20,-2,-1.410859475620075,0.0,0.13413,0.0,0.02746,200000,204215.29985293763,4215.299852937635,1.0210764992646881
2020-08-21,-1,-1.0928323972014196,829132.3583148097,0.12315,-4210624.739235828,0.02425,200000,204215.29985293763,4215.299852937635,1.0210764992646881
2020-08-22,-1,-1.0748582446500328,829132.3583148097,0.12515,-4210624.739235828,0.02512,200000,209536.80809270244,9536.808092702442,1.0476840404635122
2020-08-23,-1,-0.9687423438267924,829132.3583148097,0.12141,-4210624.739235828,0.02435,200000,203193.67202339345,3193.6720233934466,1.0159683601169673
2020-08-24,-1,-0.9323849468084339,829132.3583148097,0.12361,-4210624.739235828,0.0251,200000,208175.7317661129,8175.7317661129055,1.0408786588305645
2020-08-25,-1,-0.8769140761814455,829132.3583148097,0.11239,-4210624.739235828,0.02299,200000,189988.44850603316,-10011.551493966836,0.9499422425301658
2020-08-26,-1,-0.854483398841006,829132.3583148097,0.11435,-4210624.739235828,0.02369,200000,194560.98524579522,-5439.014754204778,0.9728049262289761
2020-08-27,-1,-0.9524691184667898,829132.3583148097,0.10725,-4210624.739235828,0.02307,200000,186063.5581634339,-13936.441836566111,0.9303177908171695
2020-08-28,-1,-0.9690438510557507,829132.3583148097,0.10927,-4210624.739235828,0.02392,200000,191317.43655558027,-8682.563444419735,0.9565871827779013
2020-08-29,-1,-0.7928231367654227,829132.3583148097,0.11623,-4210624.739235828,0.02491,200000,201256.71626129482,1256.716261294816,1.006283581306474
2020-08-30,-1,-1.131474127686252,829132.3583148097,0.11747,-4210624.739235828,0.02696,200000,210916.62110103865,10916.621101038647,1.0545831055051933
2020-08-31,-2,-1.3419649240902736,0.0,0.12253,0.0,0.02917,200000,225445.63563213308,25445.635632133082,1.1272281781606655
2020-09-01,-2,-2.3674541279583567,0.0,0.12445,0.0,0.03466,200000,225445.63563213308,25445.635632133082,1.1272281781606655
2020-09-02,-2,-2.5791722737235316,0.0,0.11489,0.0,0.03449,200000,225445.63563213308,25445.635632133082,1.1272281781606655
2020-09-03,-2,-3.068415610788135,0.0,0.09446,0.0,0.03996,200000,225445.63563213308,25445.635632133082,1.1272281781606655
2020-09-04,-2,-2.0226287186170517,0.0,0.10156,0.0,0.03552,200000,225445.63563213308,25445.635632133082,1.1272281781606655
2020-09-05,-2,-1.5949443426559202,0.0,0.09,0.0,0.02988,200000,225445.63563213308,25445.635632133082,1.1272281781606655
2020-09-06,-2,-1.4790596404057308,0.0,0.0926,0.0,0.03142,200000,225445.63563213308,25445.635632133082,1.1272281781606655
2020-09-07,-2,-1.3823239408209291,0.0,0.0936,0.0,0.03249,200000,225445.63563213308,25445.635632133082,1.1272281781606655
2020-09-08,-2,-1.5038031893778836,0.0,0.09101,0.0,0.03518,200000,225445.63563213308,25445.635632133082,1.1272281781606655
2020-09-09,-2,-1.2023572139262735,0.0,0.09331,0.0,0.03397,200000,225445.63563213308,25445.635632133082,1.1272281781606655
2020-09-10,0,-0.9077437133450725,0.0,0.09709,0.0,0.03299,200000,225445.63563213308,25445.635632133082,1.1272281781606655
2020-09-11,0,-0.8665914393631761,0.0,0.09701,0.0,0.0335,200000,225445.63563213308,25445.635632133082,1.1272281781606655
2020-09-12,0,-0.6914685886689633,0.0,0.09771,0.0,0.03272,200000,225445.63563213308,25445.635632133082,1.1272281781606655
2020-09-13,0,-0.489220704542743,0.0,0.09507,0.0,0.03065,200000,225445.63563213308,25445.635632133082,1.1272281781606655
2020-09-14,0,-0.32101254492334785,0.0,0.09663,0.0,0.03039,200000,225445.63563213308,25445.635632133082,1.1272281781606655
2020-09-15,0,-0.027549427401505063,0.0,0.09313,0.0,0.02788,200000,225445.63563213308,25445.635632133082,1.1272281781606655
2020-09-16,0,0.2527624653726987,0.0,0.09151,0.0,0.02639,200000,225445.63563213308,25445.635632133082,1.1272281781606655
2020-09-17,0,0.17779512658469757,0.0,0.09408,0.0,0.02813,200000,225445.63563213308,25445.635632133082,1.1272281781606655
2020-09-18,0,-0.06881227567602803,0.0,0.09093,0.0,0.02905,200000,225445.63563213308,25445.635632133082,1.1272281781606655
2020-09-19,0,0.48686398276880377,0.0,0.09141,0.0,0.02768,200000,225445.63563213308,25445.635632133082,1.1272281781606655
2020-09-20,0,0.8222025766128631,0.0,0.08936,0.0,0.02694,200000,225445.63563213308,25445.635632133082,1.1272281781606655
2020-09-21,0,0.564952242943444,0.0,0.07983,0.0,0.0249,200000,225445.63563213308,25445.635632133082,1.1272281781606655
2020-09-22,0,0.7778069054017877,0.0,0.08146,0.0,0.02499,200000,225445.63563213308,25445.635632133082,1.1272281781606655
2020-09-23,0,0.013068531407794093,0.0,0.07663,0.0,0.02486,200000,225445.63563213308,25445.635632133082,1.1272281781606655
2020-09-24,0,0.22854149842882973,0.0,0.08254,0.0,0.02625,200000,225445.63563213308,25445.635632133082,1.1272281781606655
2020-09-25,2,1.8374049404840365,0.0,0.09693,0.0,0.02714,200000,225445.63563213308,25445.635632133082,1.1272281781606655
2020-09-26,2,1.4163761926788974,0.0,0.09547,0.0,0.02718,200000,225445.63563213308,25445.635632133082,1.1272281781606655
2020-09-27,2,2.137283334787431,0.0,0.1013,0.0,0.02659,200000,225445.63563213308,25445.635632133082,1.1272281781606655
2020-09-28,2,1.9985607772487524,0.0,0.1003,0.0,0.02625,200000,225445.63563213308,25445.635632133082,1.1272281781606655
2020-09-29,2,1.8724960180377024,0.0,0.1011,0.0,0.0263,200000,225445.63563213308,25445.635632133082,1.1272281781606655
2020-09-30,2,1.7207158566208756,0.0,0.10136,0.0,0.02621,200000,225445.63563213308,25445.635632133082,1.1272281781606655
2020-10-01,2,1.3610635489387743,0.0,0.09804,0.0,0.02581,200000,225445.63563213308,25445.635632133082,1.1272281781606655
2020-10-02,0,0.5498281701828347,0.0,0.09286,0.0,0.0259,200000,225445.63563213308,25445.635632133082,1.1272281781606655
2020-10-03,0,-0.0761797823810053,0.0,0.09328,0.0,0.02719,200000,225445.63563213308,25445.635632133082,1.1272281781606655
2020-10-04,0,0.7267393910366565,0.0,0.09686,0.0,0.02644,200000,225445.63563213308,25445.635632133082,1.1272281781606655
2020-10-05,0,0.735910928783749,0.0,0.09738,0.0,0.02643,200000,225445.63563213308,25445.635632133082,1.1272281781606655
2020-10-06,0,0.5081909323903455,0.0,0.09289,0.0,0.02556,200000,225445.63563213308,25445.635632133082,1.1272281781606655
2020-10-07,0,0.5990135321035528,0.0,0.09374,0.0,0.02551,200000,225445.63563213308,25445.635632133082,1.1272281781606655
2020-10-08,0,0.7848861042162922,0.0,0.09632,0.0,0.02572,200000,225445.63563213308,25445.635632133082,1.1272281781606655
2020-10-09,1,1.1067256334110174,-1112872.1277131655,0.10129,4290933.300954188,0.02627,200000,225445.63563213305,25445.635632133053,1.1272281781606652
2020-10-10,2,1.3863219719121505,0.0,0.10493,0.0,0.02644,200000,228767.0315158468,28767.031515846786,1.1438351575792338
2020-10-11,2,1.405494406312518,0.0,0.10648,0.0,0.02656,200000,228767.0315158468,28767.031515846786,1.1438351575792338
2020-10-12,2,1.3903854219749556,0.0,0.10945,0.0,0.02709,200000,228767.0315158468,28767.031515846786,1.1438351575792338
2020-10-13,2,1.5094873253744356,0.0,0.10925,0.0,0.0268,200000,228767.0315158468,28767.031515846786,1.1438351575792338
2020-10-14,1,1.1955934041789524,-1068705.183200256,0.10703,4274421.366140635,0.02676,200000,228767.0315158468,28767.031515846786,1.1438351575792338
2020-10-15,1,1.189259307581657,-1068705.183200256,0.10666,4274421.366140635,0.02652,200000,227345.74947018892,27345.749470188923,1.1367287473509446
2020-10-16,2,1.2266506316349124,0.0,0.10414,0.0,0.02572,200000,230123.87175718427,30123.87175718427,1.1506193587859213
2020-10-17,2,1.433110951303584,0.0,0.10598,0.0,0.02574,200000,230123.87175718427,30123.87175718427,1.1506193587859213
2020-10-18,2,1.381591666313651,0.0,0.10735,0.0,0.02594,200000,230123.87175718427,30123.87175718427,1.1506193587859213
2020-10-19,2,1.4746922004534202,0.0,0.10859,0.0,0.02589,200000,230123.87175718427,30123.87175718427,1.1506193587859213
2020-10-20,0,0.31597219225588835,0.0,0.10238,0.0,0.02592,200000,230123.87175718427,30123.87175718427,1.1506193587859213
2020-10-21,0,0.3715632829528415,0.0,0.10589,0.0,0.02667,200000,230123.87175718427,30123.87175718427,1.1506193587859213
2020-10-22,0,0.8444753112001921,0.0,0.11077,0.0,0.02708,200000,230123.87175718427,30123.87175718427,1.1506193587859213
2020-10-23,0,0.5838449542990104,0.0,0.10805,0.0,0.02669,200000,230123.87175718427,30123.87175718427,1.1506193587859213
2020-10-24,0,0.16829999477452134,0.0,0.10797,0.0,0.02706,200000,230123.87175718427,30123.87175718427,1.1506193587859213
2020-10-25,0,-0.23007728623478366,0.0,0.10639,0.0,0.02699,200000,230123.87175718427,30123.87175718427,1.1506193587859213
2020-10-26,-1,-1.0499811315968473,1116455.8109702324,0.10306,-4301380.780508118,0.02675,200000,230123.8717571843,30123.8717571843,1.1506193587859215
2020-10-27,-2,-1.715813944160087,0.0,0.10256,0.0,0.02701,200000,231800.4586656015,31800.4586656015,1.1590022933280075
2020-10-28,-2,-2.576815876313083,0.0,0.09869,0.0,0.02688,200000,231800.4586656015,31800.4586656015,1.1590022933280075
2020-10-29,-2,-2.5754916811047908,0.0,0.09531,0.0,0.02655,200000,231800.4586656015,31800.4586656015,1.1590022933280075
2020-10-30,-2,-1.884415931223164,0.0,0.0933,0.0,0.0256,200000,231800.4586656015,31800.4586656015,1.1590022933280075
2020-10-31,-2,-1.7909238301580146,0.0,0.093,0.0,0.02576,200000,231800.4586656015,31800.4586656015,1.1590022933280075
2020-11-01,0,-0.6011750872243046,0.0,0.09827,0.0,0.02574,200000,231800.4586656015,31800.4586656015,1.1590022933280075
2020-11-02,0,-0.7713885353025287,0.0,0.09221,0.0,0.02445,200000,231800.4586656015,31800.4586656015,1.1590022933280075
2020-11-03,0,-0.3986288857641418,0.0,0.09357,0.0,0.02442,200000,231800.4586656015,31800.4586656015,1.1590022933280075
2020-11-04,0,0.24805900983021692,0.0,0.0955,0.0,0.0242,200000,231800.4586656015,31800.4586656015,1.1590022933280075
2020-11-05,0,0.09778086368456362,0.0,0.09752,0.0,0.02493,200000,231800.4586656015,31800.4586656015,1.1590022933280075
2020-11-06,2,1.4990251900856582,0.0,0.1091,0.0,0.02616,200000,231800.4586656015,31800.4586656015,1.1590022933280075
2020-11-07,1,1.0098926058440842,-1144354.5550237042,0.10128,4662117.028672596,0.02486,200000,231800.4586656015,31800.4586656015,1.1590022933280075
2020-11-08,2,1.7231157919422668,0.0,0.10655,0.0,0.02535,200000,235546.76982652687,35546.76982652687,1.1777338491326343
2020-11-09,2,1.779631750454752,0.0,0.10561,0.0,0.02479,200000,235546.76982652687,35546.76982652687,1.1777338491326343
2020-11-10,2,1.6053193568703445,0.0,0.1059,0.0,0.02483,200000,235546.76982652687,35546.76982652687,1.1777338491326343
2020-11-11,2,1.4070176309586928,0.0,0.10599,0.0,0.02498,200000,235546.76982652687,35546.76982652687,1.1777338491326343
2020-11-12,1,1.1465953991855509,-1125940.5823447746,0.1046,4729854.815793713,0.0249,200000,235546.76982652687,35546.76982652687,1.1777338491326343
2020-11-13,1,1.0049715030873283,-1125940.5823447746,0.10629,4729854.815793713,0.0254,200000,239814.53681858638,39814.53681858638,1.1990726840929318
2020-11-14,1,0.7705416964389409,-1125940.5823447746,0.10411,4729854.815793713,0.02513,200000,236082.92554881045,36082.92554881045,1.1804146277440521
2020-11-15,0,0.003939547046225947,0.0,0.10046,0.0,0.02533,200000,228851.53824482817,28851.538244828174,1.144257691224141
2020-11-16,0,0.40913249659074996,0.0,0.10387,0.0,0.02549,200000,228851.53824482817,28851.538244828174,1.144257691224141
2020-11-17,0,0.579475115103858,0.0,0.10947,0.0,0.02649,200000,228851.53824482817,28851.538244828174,1.144257691224141
2020-11-18,0,-0.20515522663439034,0.0,0.10658,0.0,0.02678,200000,228851.53824482817,28851.538244828174,1.144257691224141
2020-11-19,0,0.31922532397452413,0.0,0.1059,0.0,0.02581,200000,228851.53824482817,28851.538244828174,1.144257691224141
2020-11-20,2,2.2734299158534435,0.0,0.11828,0.0,0.02629,200000,228851.53824482817,28851.538244828174,1.144257691224141
2020-11-21,2,1.3773198031622218,0.0,0.13334,0.0,0.03057,200000,228851.53824482817,28851.538244828174,1.144257691224141
2020-11-22,2,3.394290998956974,0.0,0.14599,0.0,0.02875,200000,228851.53824482817,28851.538244828174,1.144257691224141
2020-11-23,2,2.168758347223194,0.0,0.15445,0.0,0.03174,200000,228851.53824482817,28851.538244828174,1.144257691224141
2020-11-24,2,1.5511844153325753,0.0,0.16721,0.0,0.03523,200000,228851.53824482817,28851.538244828174,1.144257691224141
2020-11-25,2,1.2150894052201362,0.0,0.15473,0.0,0.03304,200000,228851.53824482817,28851.538244828174,1.144257691224141
2020-11-26,1,1.1613814983868935,-826596.6128903712,0.13843,3889387.121767984,0.02942,200000,228851.53824482817,28851.538244828174,1.144257691224141
2020-11-27,2,1.3740974632065122,0.0,0.14178,0.0,0.02938,200000,231776.21238288167,31776.21238288167,1.1588810619144083
2020-11-28,2,2.452217778780996,0.0,0.16489,0.0,0.03047,200000,231776.21238288167,31776.21238288167,1.1588810619144083
2020-11-29,2,2.0566350370768287,0.0,0.16663,0.0,0.03072,200000,231776.21238288167,31776.21238288167,1.1588810619144083
2020-11-30,2,1.5897447284759552,0.0,0.17204,0.0,0.03236,200000,231776.21238288167,31776.21238288167,1.1588810619144083
2020-12-01,1,1.116554672936427,-744686.4554134483,0.15562,3832278.643896853,0.03024,200000,231776.21238288167,31776.21238288167,1.1588810619144083
2020-12-02,1,0.8934110891648923,-744686.4554134483,0.15845,3832278.643896853,0.03118,200000,237486.01697696478,37486.01697696478,1.1874300848848238
2020-12-03,1,0.9851911434738355,-744686.4554134483,0.16398,3832278.643896853,0.03166,200000,243443.6268244716,43443.626824471605,1.217218134122358
2020-12-04,1,0.5848070112532777,-744686.4554134483,0.14781,3832278.643896853,0.02947,200000,223009.35661030206,23009.356610302057,1.1150467830515103
2020-12-05,1,0.9443471399553328,-744686.4554134483,0.15993,3832278.643896853,0.03056,200000,236212.1401717606,36212.140171760606,1.181060700858803
2020-12-06,1,0.6574557874183757,-744686.4554134483,0.15873,3832278.643896853,0.03091,200000,236659.8139506284,36659.81395062839,1.183299069753142
2020-12-07,1,0.46659657053222114,-744686.4554134483,0.15401,3832278.643896853,0.03029,200000,230768.88112186085,30768.881121860846,1.1538444056093042
2020-12-08,1,0.3244018590782124,-744686.4554134483,0.1412,3832278.643896853,0.0279,200000,212070.3016691011,12070.301669101114,1.0603515083455055
2020-12-09,1,0.5368782708934832,-744686.4554134483,0.14796,3832278.643896853,0.0287,200000,220170.2050228135,20170.20502281349,1.1008510251140675
2020-12-10,0,0.07372121360520775,0.0,0.14188,0.0,0.02811,200000,229706.97399700113,29706.97399700113,1.1485348699850055
2020-12-11,0,-0.2241832378390304,0.0,0.13926,0.0,0.02778,200000,229706.97399700113,29706.97399700113,1.1485348699850055
2020-12-12,0,-0.010973906938982177,0.0,0.14438,0.0,0.02855,200000,229706.97399700113,29706.97399700113,1.1485348699850055
2020-12-13,0,0.917428591713296,0.0,0.15406,0.0,0.02921,200000,229706.97399700113,29706.97399700113,1.1485348699850055
2020-12-14,2,1.6031472125385098,0.0,0.15877,0.0,0.0291,200000,229706.97399700113,29706.97399700113,1.1485348699850055
2020-12-15,0,0.6687909450587495,0.0,0.15381,0.0,0.02918,200000,229706.97399700113,29706.97399700113,1.1485348699850055
2020-12-16,1,1.0393905119648985,-683082.4729302995,0.16814,3651939.1732432614,0.03145,200000,229706.97399700113,29706.97399700113,1.1485348699850055
2020-12-17,1,0.8122541014551157,-683082.4729302995,0.16336,3651939.1732432614,0.03072,200000,223775.92417992672,23775.92417992672,1.1188796208996337
2020-12-18,1,0.8150865245425816,-683082.4729302995,0.16502,3651939.1732432614,0.03109,200000,226261.05857909104,26261.05857909104,1.1313052928954552
2020-12-19,1,0.5682913430412071,-683082.4729302995,0.16433,3651939.1732432614,0.03124,200000,226337.5225487556,26337.5225487556,1.131687612743778
2020-12-20,0,0.062197789895840384,0.0,0.16201,0.0,0.03122,200000,226359.62444778433,26359.62444778433,1.1317981222389217
2020-12-21,0,0.29203958959121556,0.0,0.15278,0.0,0.02926,200000,226359.62444778433,26359.62444778433,1.1317981222389217
2020-12-22,2,1.675154279196243,0.0,0.15646,0.0,0.02885,200000,226359.62444778433,26359.62444778433,1.1317981222389217
2020-12-23,2,1.8993506937218514,0.0,0.13635,0.0,0.0248,200000,226359.62444778433,26359.62444778433,1.1317981222389217
2020-12-24,2,1.8330572709204045,0.0,0.15304,0.0,0.02769,200000,226359.62444778433,26359.62444778433,1.1317981222389217
2020-12-25,2,1.586815426000183,0.0,0.15761,0.0,0.02854,200000,226359.62444778433,26359.62444778433,1.1317981222389217
2020-12-26,2,2.159987005372533,0.0,0.15839,0.0,0.0278,200000,226359.62444778433,26359.62444778433,1.1317981222389217
2020-12-27,0,0.291218863134756,0.0,0.15467,0.0,0.02889,200000,226359.62444778433,26359.62444778433,1.1317981222389217
2020-12-28,2,2.6927623728931382,0.0,0.17627,0.0,0.02959,200000,226359.62444778433,26359.62444778433,1.1317981222389217
2020-12-29,2,3.563531980429562,0.0,0.19067,0.0,0.02767,200000,226359.62444778433,26359.62444778433,1.1317981222389217
2020-12-30,2,2.587561676243103,0.0,0.18389,0.0,0.02695,200000,226359.62444778433,26359.62444778433,1.1317981222389217
2020-12-31,2,2.0781405771192443,0.0,0.18134,0.0,0.02677,200000,226359.62444778433,26359.62444778433,1.1317981222389217
2021-01-01,2,1.4464681089021152,0.0,0.17509,0.0,0.02685,200000,226359.62444778433,26359.62444778433,1.1317981222389217
2021-01-02,2,1.29234726973543,0.0,0.17742,0.0,0.02721,200000,226359.62444778433,26359.62444778433,1.1317981222389217
2021-01-03,2,1.7794298943132607,0.0,0.20615,0.0,0.02949,200000,226359.62444778433,26359.62444778433,1.1317981222389217
2021-01-04,2,1.887242954314126,0.0,0.22528,0.0,0.03095,200000,226359.62444778433,26359.62444778433,1.1317981222389217
2021-01-05,2,2.9851869309847125,0.0,0.25873,0.0,0.02852,200000,226359.62444778433,26359.62444778433,1.1317981222389217
2021-01-06,2,3.139914427337277,0.0,0.33309,0.0,0.03046,200000,226359.62444778433,26359.62444778433,1.1317981222389217
2021-01-07,2,1.9175051884098835,0.0,0.29928,0.0,0.03095,200000,226359.62444778433,26359.62444778433,1.1317981222389217
2021-01-08,2,1.8196486600181598,0.0,0.30389,0.0,0.0304,200000,226359.62444778433,26359.62444778433,1.1317981222389217
2021-01-09,2,1.4981381833666496,0.0,0.33062,0.0,0.03382,200000,226359.62444778433,26359.62444778433,1.1317981222389217
2021-01-10,1,1.0695713833071814,-375351.7468374363,0.30153,3455872.1289738063,0.03275,200000,226359.62444778433,26359.62444778433,1.1317981222389217
2021-01-11,1,1.1205720793925436,-375351.7468374363,0.2757,3455872.1289738063,0.02897,200000,203601.09217945236,3601.09217945236,1.0180054608972617
2021-01-12,2,1.2871365879311882,0.0,0.28888,0.0,0.02865,200000,235780.5005790834,35780.5005790834,1.178902502895417
2021-01-13,1,1.1933971309154527,-377490.3947791921,0.3123,3828848.6615635497,0.03079,200000,235780.5005790834,35780.5005790834,1.178902502895417
2021-01-14,1,1.1865259240876516,-377490.3947791921,0.31201,3828848.6615635497,0.03014,200000,233182.2767345811,33182.2767345811,1.1659113836729056
2021-01-15,1,0.983864878983197,-377490.3947791921,0.30188,3828848.6615635497,0.02972,200000,227750.18259761122,27750.182597611216,1.1387509129880562
2021-01-16,2,1.6574428956071146,0.0,0.35071,0.0,0.03008,200000,252998.38919226232,52998.389192262315,1.2649919459613117
2021-01-17,2,1.92162062765736,0.0,0.38081,0.0,0.0302,200000,252998.38919226232,52998.389192262315,1.2649919459613117
2021-01-18,2,1.304185171747255,0.0,0.37123,0.0,0.03164,200000,252998.38919226232,52998.389192262315,1.2649919459613117
2021-01-19,2,1.3040601965318805,0.0,0.3672,0.0,0.03063,200000,252998.38919226232,52998.389192262315,1.2649919459613117
2021-01-20,2,1.349920291397488,0.0,0.37532,0.0,0.03046,200000,252998.38919226232,52998.389192262315,1.2649919459613117
2021-01-21,0,0.6415329956770552,0.0,0.30785,0.0,0.02762,200000,252998.38919226232,52998.389192262315,1.2649919459613117
2021-01-22,2,1.2081120347015695,0.0,0.34867,0.0,0.02857,200000,252998.38919226232,52998.389192262315,1.2649919459613117
2021-01-23,0,0.9142426680712941,0.0,0.34583,0.0,0.02925,200000,252998.38919226232,52998.389192262315,1.2649919459613117
2021-01-24,0,0.8611315592302846,0.0,0.35345,0.0,0.02999,200000,252998.38919226232,52998.389192262315,1.2649919459613117
2021-01-25,0,0.6508357535075585,0.0,0.34308,0.0,0.02949,200000,252998.38919226232,52998.389192262315,1.2649919459613117
2021-01-26,0,0.6181840848307377,0.0,0.3433,0.0,0.02949,200000,252998.38919226232,52998.389192262315,1.2649919459613117
2021-01-27,0,-0.007930945091332858,0.0,0.31144,0.0,0.02823,200000,252998.38919226232,52998.389192262315,1.2649919459613117
2021-01-28,0,0.5134550977160967,0.0,0.34409,0.0,0.02955,200000,252998.38919226232,52998.389192262315,1.2649919459613117
2021-01-29,0,-0.7495189665371866,0.0,0.34752,0.0,0.03335,200000,252998.38919226232,52998.389192262315,1.2649919459613117
2021-01-30,0,0.06664955017803477,0.0,0.364,0.0,0.03216,200000,252998.38919226232,52998.389192262315,1.2649919459613117
2021-01-31,0,-0.5212508469096888,0.0,0.34475,0.0,0.03154,200000,252998.38919226232,52998.389192262315,1.2649919459613117
2021-02-01,2,1.2851059539472807,0.0,0.40876,0.0,0.03295,200000,252998.38919226232,52998.389192262315,1.2649919459613117
2021-02-02,2,1.6671855997272607,0.0,0.42498,0.0,0.03317,200000,252998.38919226232,52998.389192262315,1.2649919459613117
2021-02-03,2,1.5098346448115818,0.0,0.44189,0.0,0.03452,200000,252998.38919226232,52998.389192262315,1.2649919459613117
2021-02-04,2,1.9860751340315435,0.0,0.43934,0.0,0.0331,200000,252998.38919226232,52998.389192262315,1.2649919459613117
2021-02-05,2,2.9210779670954463,0.0,0.53917,0.0,0.03624,200000,252998.38919226232,52998.389192262315,1.2649919459613117
2021-02-06,2,3.464531255679543,0.0,0.63444,0.0,0.03507,200000,252998.38919226232,52998.389192262315,1.2649919459613117
2021-02-07,2,2.6777067016998495,0.0,0.66109,0.0,0.03597,200000,252998.38919226232,52998.389192262315,1.2649919459613117
2021-02-08,2,1.661979075898972,0.0,0.67638,0.0,0.04042,200000,252998.38919226232,52998.389192262315,1.2649919459613117
2021-02-09,0,0.9632982998215067,0.0,0.70562,0.0,0.04608,200000,252998.38919226232,52998.389192262315,1.2649919459613117
2021-02-10,2,2.4008869811617815,0.0,0.93966,0.0,0.04629,200000,252998.38919226232,52998.389192262315,1.2649919459613117
2021-02-11,0,0.9172167860039471,0.0,0.92796,0.0,0.05681,200000,252998.38919226232,52998.389192262315,1.2649919459613117
2021-02-12,0,0.9640669669769847,0.0,0.92426,0.0,0.05515,200000,252998.38919226232,52998.389192262315,1.2649919459613117
2021-02-13,0,0.38936111558737024,0.0,0.91299,0.0,0.05995,200000,252998.38919226232,52998.389192262315,1.2649919459613117
2021-02-14,0,0.3520202389158884,0.0,0.84364,0.0,0.05519,200000,252998.38919226232,52998.389192262315,1.2649919459613117
2021-02-15,0,0.8476183238572748,0.0,0.86143,0.0,0.05079,200000,252998.38919226232,52998.389192262315,1.2649919459613117
2021-02-16,0,0.6856165194875393,0.0,0.87,0.0,0.05202,200000,252998.38919226232,52998.389192262315,1.2649919459613117
2021-02-17,0,0.6958488378700353,0.0,0.89206,0.0,0.05256,200000,252998.38919226232,52998.389192262315,1.2649919459613117
2021-02-18,0,0.501270512306292,0.0,0.91442,0.0,0.05492,200000,252998.38919226232,52998.389192262315,1.2649919459613117
2021-02-19,0,-0.15711349113628886,0.0,0.92581,0.0,0.06073,200000,252998.38919226232,52998.389192262315,1.2649919459613117
2021-02-20,2,1.5364711695360382,0.0,1.11568,0.0,0.05773,200000,252998.38919226232,52998.389192262315,1.2649919459613117
2021-02-21,1,1.0724613059299692,-115110.19218167612,1.09894,2131410.1869609295,0.05935,200000,252998.38919226232,52998.389192262315,1.2649919459613117
2021-02-22,2,1.7266647822448975,0.0,1.09703,0.0,0.05425,200000,263648.72067869606,63648.72067869606,1.3182436033934803
2021-02-23,2,2.04271821763449,0.0,0.96197,0.0,0.04501,200000,263648.72067869606,63648.72067869606,1.3182436033934803
2021-02-24,2,2.0220444250971843,0.0,1.04902,0.0,0.048,200000,263648.72067869606,63648.72067869606,1.3182436033934803
2021-02-25,2,2.3771280382657807,0.0,1.07691,0.0,0.0452,200000,263648.72067869606,63648.72067869606,1.3182436033934803
2021-02-26,2,2.7872466927284854,0.0,1.24303,0.0,0.04517,200000,263648.72067869606,63648.72067869606,1.3182436033934803
2021-02-27,2,2.372203908395962,0.0,1.31402,0.0,0.04652,200000,263648.72067869606,63648.72067869606,1.3182436033934803
2021-02-28,2,2.0706402171476026,0.0,1.31203,0.0,0.04562,200000,263648.72067869606,63648.72067869606,1.3182436033934803
2021-03-01,2,1.5009158130997018,0.0,1.29627,0.0,0.04784,200000,263648.72067869606,63648.72067869606,1.3182436033934803
2021-03-02,1,1.1730081320296475,-107805.33230237817,1.2228,2812553.026228889,0.04687,200000,263648.72067869606,63648.72067869606,1.3182436033934803
2021-03-03,1,0.8266130608576074,-107805.33230237817,1.21311,2812553.026228889,0.04883,200000,268116.69094009465,68116.69094009465,1.3405834547004734
2021-03-04,0,0.10945456326608331,0.0,1.11239,0.0,0.05142,200000,238948.81766984903,38948.81766984903,1.194744088349245
2021-03-05,0,0.3507530649657313,0.0,1.15908,0.0,0.05019,200000,238948.81766984903,38948.81766984903,1.194744088349245
2021-03-06,0,0.14978944682834136,0.0,1.129,0.0,0.05015,200000,238948.81766984903,38948.81766984903,1.194744088349245
2021-03-07,0,-0.06457499564710618,0.0,1.13042,0.0,0.05173,200000,238948.81766984903,38948.81766984903,1.194744088349245
2021-03-08,0,-0.3213776172607373,0.0,1.11848,0.0,0.05307,200000,238948.81766984903,38948.81766984903,1.194744088349245
2021-03-09,0,-0.029117564829904196,0.0,1.1972,0.0,0.0532,200000,238948.81766984903,38948.81766984903,1.194744088349245
2021-03-10,0,-0.24816949652656517,0.0,1.13261,0.0,0.05142,200000,238948.81766984903,38948.81766984903,1.194744088349245
2021-03-11,0,-0.4683857058367627,0.0,1.1243,0.0,0.05151,200000,238948.81766984903,38948.81766984903,1.194744088349245
2021-03-12,0,-0.9122882519610019,0.0,1.03207,0.0,0.04997,200000,238948.81766984903,38948.81766984903,1.194744088349245
2021-03-13,0,-0.9568823532135062,0.0,1.1,0.0,0.05291,200000,238948.81766984903,38948.81766984903,1.194744088349245
2021-03-14,-1,-1.0370214052881404,113522.42793812844,1.05243,-2340341.0153756025,0.05105,200000,238948.81766984903,38948.81766984903,1.194744088349245
2021-03-15,-1,-1.099602597841673,113522.42793812844,1.03103,-2340341.0153756025,0.05069,200000,235676.91494643784,35676.91494643784,1.1783845747321893
2021-03-16,0,0.1454955174472389,0.0,1.24924,0.0,0.05237,200000,219695.71876764175,19695.718767641752,1.0984785938382087
2021-03-17,0,0.5792960273023882,0.0,1.377,0.0,0.05483,200000,219695.71876764175,19695.718767641752,1.0984785938382087
2021-03-18,0,-0.09005912239763299,0.0,1.22925,0.0,0.05329,200000,219695.71876764175,19695.718767641752,1.0984785938382087
2021-03-19,0,-0.3908996907508724,0.0,1.29474,0.0,0.05862,200000,219695.71876764175,19695.718767641752,1.0984785938382087
2021-03-20,-2,-1.4214050046794697,0.0,1.20046,0.0,0.0609,200000,219695.71876764175,19695.718767641752,1.0984785938382087
2021-03-21,-2,-1.8360267456773243,0.0,1.18561,0.0,0.06337,200000,219695.71876764175,19695.718767641752,1.0984785938382087
2021-03-22,-2,-1.7859320812366901,0.0,1.1015,0.0,0.05927,200000,219695.71876764175,19695.718767641752,1.0984785938382087
2021-03-23,-2,-1.3940896792701591,0.0,1.11639,0.0,0.05852,200000,219695.71876764175,19695.718767641752,1.0984785938382087
2021-03-24,-2,-1.2005062643032032,0.0,1.06902,0.0,0.05568,200000,219695.71876764175,19695.718767641752,1.0984785938382087
2021-03-25,0,-0.7686094690837926,0.0,1.0956,0.0,0.05528,200000,219695.71876764175,19695.718767641752,1.0984785938382087
2021-03-26,-2,-1.218335807179039,0.0,1.2142,0.0,0.06464,200000,219695.71876764175,19695.718767641752,1.0984785938382087
2021-03-27,-2,-1.2339800746539973,0.0,1.17678,0.0,0.0636,200000,219695.71876764175,19695.718767641752,1.0984785938382087
2021-03-28,-1,-1.0330327804136297,92322.31443468468,1.18983,-1726624.6366523246,0.06362,200000,219695.71876764175,19695.718767641752,1.0984785938382087
2021-03-29,-1,-0.996269027987569,92322.31443468468,1.20239,-1726624.6366523246,0.06475,200000,222806.37287635854,22806.37287635854,1.1140318643817926
2021-03-30,-1,-0.9953814276601545,92322.31443468468,1.21189,-1726624.6366523246,0.06598,200000,225807.18316657038,25807.18316657038,1.1290359158328518
2021-03-31,-2,-2.7708172818747667,0.0,1.19191,0.0,0.09296,200000,270162.8551929968,70162.8551929968,1.350814275964984
2021-04-01,-2,-1.9788211492647578,0.0,1.18377,0.0,0.08543,200000,270162.8551929968,70162.8551929968,1.350814275964984
2021-04-02,-2,-1.9466742354316893,0.0,1.18998,0.0,0.09232,200000,270162.8551929968,70162.8551929968,1.350814275964984
2021-04-03,-2,-1.997426336922489,0.0,1.16238,0.0,0.10143,200000,270162.8551929968,70162.8551929968,1.350814275964984
2021-04-04,-2,-2.1332570091052006,0.0,1.18206,0.0,0.12761,200000,270162.8551929968,70162.8551929968,1.350814275964984
2021-04-05,-2,-1.928184089186241,0.0,1.2118,0.0,0.13655,200000,270162.8551929968,70162.8551929968,1.350814275964984
2021-04-06,-2,-1.5186758871125818,0.0,1.252,0.0,0.12401,200000,270162.8551929968,70162.8551929968,1.350814275964984
2021-04-07,-2,-1.2751157090544805,0.0,1.17359,0.0,0.11045,200000,270162.8551929968,70162.8551929968,1.350814275964984
2021-04-08,-2,-1.322415953969175,0.0,1.21926,0.0,0.12349,200000,270162.8551929968,70162.8551929968,1.350814275964984
2021-04-09,-1,-1.0864695744888326,112379.62046613455,1.20201,-1166103.4840857943,0.11584,200000,270162.8551929968,70162.8551929968,1.350814275964984
2021-04-10,-1,-1.1381469018589943,112379.62046613455,1.21747,-1166103.4840857943,0.1263,200000,284097.68656894064,84097.68656894064,1.4204884328447032
2021-04-11,-1,-0.8790632443105462,112379.62046613455,1.26355,-1166103.4840857943,0.12214,200000,284425.14898622327,84425.14898622327,1.4221257449311164
2021-04-12,-1,-0.8238868914145877,112379.62046613455,1.31431,-1166103.4840857943,0.12874,200000,297825.8215160505,97825.82151605049,1.4891291075802524
2021-04-13,-1,-0.8687216846812709,112379.62046613455,1.41246,-1166103.4840857943,0.14622,200000,329239.3701666213,129239.37016662129,1.6461968508331064
2021-04-14,-1,-0.6257391521185546,112379.62046613455,1.45092,-1166103.4840857943,0.1404,200000,326774.7680923694,126774.76809236943,1.6338738404618471
2021-04-15,-1,-0.9033299706375791,112379.62046613455,1.4782,-1166103.4840857943,0.16421,200000,357605.4080947684,157605.4080947684,1.788027040473842
2021-04-16,-1,-0.8990278678465696,112379.62046613455,1.40989,-1166103.4840857943,0.16091,200000,346080.61472324363,146080.61472324363,1.7304030736162181
2021-04-17,-1,-0.8346207205191887,112379.62046613455,1.36802,-1166103.4840857943,0.15535,200000,334891.7446428095,134891.7446428095,1.6744587232140475
2021-04-18,-1,-0.7715659626815723,112379.62046613455,1.27693,-1166103.4840857943,0.14302,200000,310277.02905577153,110277.02905577153,1.5513851452788576
2021-04-19,-1,-0.7224506281039076,112379.62046613455,1.1945,-1166103.4840857943,0.12993,200000,285749.28233406495,85749.28233406495,1.4287464116703248
2021-04-20,-1,-0.40795636770658744,112379.62046613455,1.26689,-1166103.4840857943,0.13279,200000,297219.49902409385,97219.49902409385,1.4860974951204693
2021-04-21,0,-0.07730911449638588,0.0,1.20358,0.0,0.12273,200000,278020.8721942161,78020.87219421612,1.3901043609710806
2021-04-22,0,0.8801095443447343,0.0,1.144,0.0,0.11001,200000,278020.8721942161,78020.87219421612,1.3901043609710806
2021-04-23,2,1.3983904096633728,0.0,1.15866,0.0,0.10915,200000,278020.8721942161,78020.87219421612,1.3901043609710806
2021-04-24,2,1.439240205205521,0.0,1.10287,0.0,0.10249,200000,278020.8721942161,78020.87219421612,1.3901043609710806
2021-04-25,2,1.2581984426703794,0.0,1.0913,0.0,0.10176,200000,278020.8721942161,78020.87219421612,1.3901043609710806
2021-04-26,0,0.9390875842410602,0.0,1.2375,0.0,0.11732,200000,278020.8721942161,78020.87219421612,1.3901043609710806
2021-04-27,0,0.7124136675544823,0.0,1.3063,0.0,0.12594,200000,278020.8721942161,78020.87219421612,1.3901043609710806
2021-04-28,2,1.3581538770215553,0.0,1.3379,0.0,0.12266,200000,278020.8721942161,78020.87219421612,1.3901043609710806
2021-04-29,1,1.1147845528954639,-106415.3992935069,1.3063,1146666.9644238888,0.12123,200000,278020.8721942161,78020.87219421612,1.3901043609710806
2021-04-30,1,0.3281934139241726,-106415.3992935069,1.3532,1146666.9644238888,0.13223,200000,295625.09102974436,95625.09102974436,1.4781254551487217
2021-05-01,1,0.43413054421526054,-106415.3992935069,1.3516,1146666.9644238888,0.13112,200000,294182.0260603642,94182.02606036421,1.470910130301821
2021-05-02,1,0.542472487793511,-106415.3992935069,1.3267,1146666.9644238888,0.12759,200000,287484.54823353956,87484.54823353956,1.4374227411676979
2021-05-03,1,0.4316444749092062,-106415.3992935069,1.3622,1146666.9644238888,0.13159,200000,295848.96276615467,95848.96276615467,1.4792448138307734
2021-05-04,1,0.8158240001546971,-106415.3992935069,1.2698,1146666.9644238888,0.11917,200000,271774.5761732899,71774.57617328991,1.3588728808664496
2021-05-05,0,-0.015840378277723433,0.0,1.4798,0.0,0.14654,200000,267461.80310207093,67461.80310207093,1.3373090155103546
2021-05-06,0,0.9852327979774048,0.0,1.6491,0.0,0.15216,200000,267461.80310207093,67461.80310207093,1.3373090155103546
2021-05-07,2,1.4955869327180764,0.0,1.653,0.0,0.14763,200000,267461.80310207093,67461.80310207093,1.3373090155103546
2021-05-08,2,1.70526897237962,0.0,1.6211,0.0,0.14301,200000,267461.80310207093,67461.80310207093,1.3373090155103546
2021-05-09,2,2.955077844305634,0.0,1.7663,0.0,0.14295,200000,267461.80310207093,67461.80310207093,1.3373090155103546
2021-05-10,2,2.9117768810745734,0.0,1.6423,0.0,0.12716,200000,267461.80310207093,67461.80310207093,1.3373090155103546
2021-05-11,2,2.177966703131848,0.0,1.7632,0.0,0.13893,200000,267461.80310207093,67461.80310207093,1.3373090155103546
2021-05-12,2,2.2336579679790023,0.0,1.5694,0.0,0.11918,200000,267461.80310207093,67461.80310207093,1.3373090155103546
2021-05-13,2,3.195995980669157,0.0,1.9296,0.0,0.12159,200000,267461.80310207093,67461.80310207093,1.3373090155103546
2021-05-14,2,2.544495784466753,0.0,2.0069,0.0,0.12473,200000,267461.80310207093,67461.80310207093,1.3373090155103546
2021-05-15,2,2.682461691887275,0.0,2.1744,0.0,0.12059,200000,267461.80310207093,67461.80310207093,1.3373090155103546
2021-05-16,2,2.478359954370181,0.0,2.3002,0.0,0.11964,200000,267461.80310207093,67461.80310207093,1.3373090155103546
2021-05-17,2,1.7540045809165634,0.0,2.0307,0.0,0.11279,200000,267461.80310207093,67461.80310207093,1.3373090155103546
2021-05-18,2,1.3334932163393067,0.0,2.0036,0.0,0.11627,200000,267461.80310207093,67461.80310207093,1.3373090155103546
2021-05-19,2,1.558551796952702,0.0,1.4663,0.0,0.07881,200000,267461.80310207093,67461.80310207093,1.3373090155103546
2021-05-20,2,1.761440390362713,0.0,1.8006,0.0,0.08928,200000,267461.80310207093,67461.80310207093,1.3373090155103546
2021-05-21,2,1.4927881810918278,0.0,1.5493,0.0,0.0779,200000,267461.80310207093,67461.80310207093,1.3373090155103546
2021-05-22,2,1.2295021223535134,0.0,1.4629,0.0,0.07534,200000,267461.80310207093,67461.80310207093,1.3373090155103546
2021-05-23,2,1.4638868990945302,0.0,1.3139,0.0,0.06285,200000,267461.80310207093,67461.80310207093,1.3373090155103546
2021-05-24,1,1.1435320715305326,-86278.00100066804,1.55,1737667.6396964067,0.07696,200000,267461.80310207093,67461.80310207093,1.3373090155103546
2021-05-25,1,1.0495539132298533,-86278.00100066804,1.5532,1737667.6396964067,0.07714,200000,268050.67288041837,68050.67288041837,1.3402533644020918
2021-05-26,2,1.2903176548499347,0.0,1.7791,0.0,0.08312,200000,276524.06047079404,76524.06047079404,1.3826203023539703
2021-05-27,1,1.0358640219839088,-83531.91773525678,1.6552,1739363.8223096868,0.07949,200000,276524.06047079404,76524.06047079404,1.3826203023539703
2021-05-28,1,1.018956770639255,-83531.91773525678,1.5133,1739363.8223096868,0.07204,200000,251712.62086795393,51712.62086795393,1.2585631043397696
2021-05-29,1,0.7493004691914202,-83531.91773525678,1.4029,1739363.8223096868,0.06877,200000,236802.97745102888,36802.977451028884,1.1840148872551444
2021-05-30,2,1.206870973501681,0.0,1.5751,0.0,0.07196,200000,282930.5634421919,82930.56344219192,1.4146528172109596
2021-05-31,2,1.46005421848986,0.0,1.7373,0.0,0.07679,200000,282930.5634421919,82930.56344219192,1.4146528172109596
2021-06-01,2,1.5736055289437691,0.0,1.7363,0.0,0.07614,200000,282930.5634421919,82930.56344219192,1.4146528172109596
2021-06-02,2,1.3234834778143516,0.0,1.7534,0.0,0.07804,200000,282930.5634421919,82930.56344219192,1.4146528172109596
2021-06-03,2,1.262557986667517,0.0,1.8453,0.0,0.08223,200000,282930.5634421919,82930.56344219192,1.4146528172109596
2021-06-04,0,0.9833684459506568,0.0,1.7077,0.0,0.07714,200000,282930.5634421919,82930.56344219192,1.4146528172109596
2021-06-05,0,0.7612514200381315,0.0,1.6551,0.0,0.07552,200000,282930.5634421919,82930.56344219192,1.4146528172109596
2021-06-06,0,0.5196056690262147,0.0,1.6771,0.0,0.07745,200000,282930.5634421919,82930.56344219192,1.4146528172109596
2021-06-07,0,0.6033459514411931,0.0,1.5659,0.0,0.0717,200000,282930.5634421919,82930.56344219192,1.4146528172109596
2021-06-08,0,0.5393651304360658,0.0,1.5819,0.0,0.07242,200000,282930.5634421919,82930.56344219192,1.4146528172109596
2021-06-09,0,0.23891385189014033,0.0,1.6279,0.0,0.07536,200000,282930.5634421919,82930.56344219192,1.4146528172109596
2021-06-10,0,-0.3328031449845308,0.0,1.5328,0.0,0.07257,200000,282930.5634421919,82930.56344219192,1.4146528172109596
2021-06-11,0,-0.8967506226388785,0.0,1.4371,0.0,0.06919,200000,282930.5634421919,82930.56344219192,1.4146528172109596
2021-06-12,0,0.24797965501684793,0.0,1.4789,0.0,0.06804,200000,282930.5634421919,82930.56344219192,1.4146528172109596
2021-06-13,0,0.19593210520316434,0.0,1.5566,0.0,0.07153,200000,282930.5634421919,82930.56344219192,1.4146528172109596
2021-06-14,0,0.2896626017530643,0.0,1.5769,0.0,0.07203,200000,282930.5634421919,82930.56344219192,1.4146528172109596
2021-06-15,0,-0.06599535590127793,0.0,1.5552,0.0,0.07174,200000,282930.5634421919,82930.56344219192,1.4146528172109596
2021-06-16,0,-0.36031588696057426,0.0,1.4851,0.0,0.06895,200000,282930.5634421919,82930.56344219192,1.4146528172109596
2021-06-17,-2,-2.369637005979871,0.0,1.4826,0.0,0.0739,200000,282930.5634421919,82930.56344219192,1.4146528172109596
2021-06-18,-2,-1.9451650663639806,0.0,1.4163,0.0,0.06962,200000,282930.5634421919,82930.56344219192,1.4146528172109596
2021-06-19,-2,-1.7621450304541388,0.0,1.3839,0.0,0.06827,200000,282930.5634421919,82930.56344219192,1.4146528172109596
2021-06-20,0,-0.6398329045109887,0.0,1.4263,0.0,0.06768,200000,282930.5634421919,82930.56344219192,1.4146528172109596
2021-06-21,0,0.6344221159738742,0.0,1.174,0.0,0.05351,200000,282930.5634421919,82930.56344219192,1.4146528172109596
2021-06-22,2,1.6415626690282845,0.0,1.1567,0.0,0.05103,200000,282930.5634421919,82930.56344219192,1.4146528172109596
2021-06-23,0,0.16763541799453413,0.0,1.2512,0.0,0.05797,200000,282930.5634421919,82930.56344219192,1.4146528172109596
2021-06-24,-2,-1.2048517905753102,0.0,1.3604,0.0,0.06611,200000,282930.5634421919,82930.56344219192,1.4146528172109596
2021-06-25,-2,-1.3162842266435506,0.0,1.2521,0.0,0.06139,200000,282930.5634421919,82930.56344219192,1.4146528172109596
2021-06-26,-2,-1.6834790947718437,0.0,1.2521,0.0,0.06274,200000,282930.5634421919,82930.56344219192,1.4146528172109596
2021-06-27,0,-0.6920203934759906,0.0,1.338,0.0,0.06479,200000,282930.5634421919,82930.56344219192,1.4146528172109596
2021-06-28,-1,-1.0460346077063811,106685.73282133933,1.326,-2165726.9093860374,0.06532,200000,282930.5634421919,82930.56344219192,1.4146528172109596
2021-06-29,-1,-1.0501610817961768,106685.73282133933,1.373,-2165726.9093860374,0.06793,200000,293597.3401182925,93597.34011829249,1.4679867005914624
2021-06-30,-1,-0.8787595722302961,106685.73282133933,1.3853,-2165726.9093860374,0.06828,200000,295667.57905028,95667.57905027998,1.4783378952514
2021-07-01,-1,-0.5044394828948281,106685.73282133933,1.3313,-2165726.9093860374,0.06471,200000,282174.9044114195,82174.90441141953,1.4108745220570977
2021-07-02,0,0.017411104550382174,0.0,1.3946,0.0,0.06657,200000,278319.0808073806,78319.08080738061,1.3915954040369032
2021-07-03,0,0.1561384397896313,0.0,1.4045,0.0,0.06683,200000,278319.0808073806,78319.08080738061,1.3915954040369032
2021-07-04,1,1.0924894499148055,-95216.92809010626,1.4615,2065907.6663255685,0.06736,200000,278319.0808073806,78319.08080738061,1.3915954040369032
2021-07-05,1,1.1796795535437454,-95216.92809010626,1.4039,2065907.6663255685,0.06448,200000,266884.7716703728,66884.77167037281,1.334423858351864
2021-07-06,1,1.1768069512121202,-95216.92809010626,1.4157,2065907.6663255685,0.06494,200000,268958.64894834586,68958.64894834586,1.3447932447417292
2021-07-07,1,1.094690863621452,-95216.92809010626,1.404,2065907.6663255685,0.06433,200000,266584.407213233,66584.407213233,1.332922036066165
2021-07-08,1,0.8805085734325355,-95216.92809010626,1.327,2065907.6663255685,0.06106,200000,252497.18568141022,52497.18568141022,1.262485928407051
2021-07-09,1,0.7719849413485806,-95216.92809010626,1.3504,2065907.6663255685,0.06219,200000,257059.7374616666,57059.737461666606,1.285298687308333
2021-07-10,1,0.7567582796246897,-95216.92809010626,1.3356,2065907.6663255685,0.06142,200000,254059.77802286233,54059.77802286233,1.2702988901143115
2021-07-11,1,0.8530060805972627,-95216.92809010626,1.3485,2065907.6663255685,0.06184,200000,256155.75761508144,56155.75761508144,1.2807787880754073
2021-07-12,1,1.0743747860873514,-95216.92809010626,1.3126,2065907.6663255685,0.06004,200000,249018.83609726062,49018.83609726062,1.2450941804863032
2021-07-13,1,0.2906121078065346,-95216.92809010626,1.265,2065907.6663255685,0.05937,200000,243102.3521837334,43102.3521837334,1.215511760918667
2021-07-14,0,-0.05694494380556473,0.0,1.2635,0.0,0.05989,200000,274898.4593129916,74898.45931299159,1.374492296564958
2021-07-15,0,0.027784084014252464,0.0,1.2258,0.0,0.05784,200000,274898.4593129916,74898.45931299159,1.374492296564958
2021-07-16,0,-0.3092739735519407,0.0,1.1708,0.0,0.05562,200000,274898.4593129916,74898.45931299159,1.374492296564958
2021-07-17,0,-0.531583060574239,0.0,1.1721,0.0,0.05597,200000,274898.4593129916,74898.45931299159,1.374492296564958
2021-07-18,0,-0.30561587914900146,0.0,1.1813,0.0,0.05592,200000,274898.4593129916,74898.45931299159,1.374492296564958
2021-07-19,0,-0.693703563588818,0.0,1.1225,0.0,0.05345,200000,274898.4593129916,74898.45931299159,1.374492296564958
2021-07-20,-1,-1.1259903149973143,130419.61254055962,1.0539,-2724464.4134092326,0.05045,200000,274898.4593129916,74898.45931299159,1.374492296564958
2021-07-21,0,0.8541789872697139,0.0,1.1711,0.0,0.05388,200000,268958.19366123166,68958.19366123166,1.3447909683061583
2021-07-22,0,0.046098494205355105,0.0,1.1856,0.0,0.05526,200000,268958.19366123166,68958.19366123166,1.3447909683061583
2021-07-23,0,0.28807250996583317,0.0,1.2077,0.0,0.056,200000,268958.19366123166,68958.19366123166,1.3447909683061583
2021-07-24,0,0.1952146297406303,0.0,1.2327,0.0,0.05727,200000,268958.19366123166,68958.19366123166,1.3447909683061583
2021-07-25,0,-0.6380879865303101,0.0,1.2284,0.0,0.05791,200000,268958.19366123166,68958.19366123166,1.3447909683061583
2021-07-26,0,0.21503179623217442,0.0,1.2551,0.0,0.05842,200000,268958.19366123166,68958.19366123166,1.3447909683061583
2021-07-27,0,-0.383259818032731,0.0,1.2799,0.0,0.06019,200000,268958.19366123166,68958.19366123166,1.3447909683061583
2021-07-28,0,-0.48339650293303166,0.0,1.2875,0.0,0.0607,200000,268958.19366123166,68958.19366123166,1.3447909683061583
2021-07-29,-2,-1.6454680522617717,0.0,1.2856,0.0,0.06185,200000,268958.19366123166,68958.19366123166,1.3447909683061583
2021-07-30,-2,-1.6341801748689389,0.0,1.3108,0.0,0.06325,200000,268958.19366123166,68958.19366123166,1.3447909683061583
2021-07-31,-2,-1.7347716432024776,0.0,1.3193,0.0,0.06396,200000,268958.19366123166,68958.19366123166,1.3447909683061583
2021-08-01,-1,-1.16386518138763,102327.72548365228,1.3142,-2127833.8106110096,0.0632,200000,268958.19366123166,68958.19366123166,1.3447909683061583
2021-08-02,-2,-2.3481924007976165,0.0,1.3083,0.0,0.06463,200000,272604.7295907589,72604.72959075891,1.3630236479537945
2021-08-03,0,0.7559674251398454,0.0,1.3696,0.0,0.06403,200000,272604.7295907589,72604.72959075891,1.3630236479537945
2021-08-04,-2,-1.608473145360957,0.0,1.3765,0.0,0.06737,200000,272604.7295907589,72604.72959075891,1.3630236479537945
2021-08-05,-2,-2.5194251757022337,0.0,1.3859,0.0,0.07013,200000,272604.7295907589,72604.72959075891,1.3630236479537945
2021-08-06,-2,-2.4085126408810207,0.0,1.4025,0.0,0.07196,200000,272604.7295907589,72604.72959075891,1.3630236479537945
2021-08-07,-2,-1.924509529786727,0.0,1.4727,0.0,0.07527,200000,272604.7295907589,72604.72959075891,1.3630236479537945
2021-08-08,-2,-1.3795554577548788,0.0,1.4255,0.0,0.07192,200000,272604.7295907589,72604.72959075891,1.3630236479537945
2021-08-09,-1,-1.1063516584436932,92439.71840988773,1.4745,-1843169.233203238,0.07395,200000,272604.7295907589,72604.72959075891,1.3630236479537945
2021-08-10,0,2.10939693920399,0.0,1.678,0.0,0.07464,200000,255065.03366525698,55065.03366525698,1.275325168326285
2021-08-11,0,0.8826955872038272,0.0,1.7934,0.0,0.08341,200000,255065.03366525698,55065.03366525698,1.275325168326285
2021-08-12,1,1.1931028802402381,-69598.62302588327,1.8324,1515537.9302748484,0.08415,200000,255065.03366525698,55065.03366525698,1.275325168326285
2021-08-13,2,2.799944199221243,0.0,2.1386,0.0,0.08951,200000,268252.8487295093,68252.84872950928,1.3412642436475464
2021-08-14,2,2.1104763119614254,0.0,2.1878,0.0,0.09264,200000,268252.8487295093,68252.84872950928,1.3412642436475464
2021-08-15,2,1.6509486709237273,0.0,2.1667,0.0,0.09295,200000,268252.8487295093,68252.84872950928,1.3412642436475464
2021-08-16,2,1.3978802119608364,0.0,2.0714,0.0,0.08936,200000,268252.8487295093,68252.84872950928,1.3412642436475464
2021-08-17,0,0.9175694145856298,0.0,1.9239,0.0,0.08509,200000,268252.8487295093,68252.84872950928,1.3412642436475464
2021-08-18,2,2.0713874506303376,0.0,2.1043,0.0,0.08456,200000,268252.8487295093,68252.84872950928,1.3412642436475464
2021-08-19,2,2.738153133729036,0.0,2.4411,0.0,0.08825,200000,268252.8487295093,68252.84872950928,1.3412642436475464
2021-08-20,2,2.0540078857612905,0.0,2.4557,0.0,0.09059,200000,268252.8487295093,68252.84872950928,1.3412642436475464
2021-08-21,2,1.9269163302088612,0.0,2.4341,0.0,0.08799,200000,268252.8487295093,68252.84872950928,1.3412642436475464
2021-08-22,2,2.4216470796768106,0.0,2.7049,0.0,0.08795,200000,268252.8487295093,68252.84872950928,1.3412642436475464
2021-08-23,2,2.3364939895310393,0.0,2.9152,0.0,0.08987,200000,268252.8487295093,68252.84872950928,1.3412642436475464
2021-08-24,2,1.9161247144033984,0.0,2.7187,0.0,0.08457,200000,268252.8487295093,68252.84872950928,1.3412642436475464
2021-08-25,2,1.5130169623119334,0.0,2.739,0.0,0.08758,200000,268252.8487295093,68252.84872950928,1.3412642436475464
2021-08-26,1,1.19607885070148,-53056.33875188079,2.528,1615397.1379592272,0.08303,200000,268252.8487295093,68252.84872950928,1.3412642436475464
2021-08-27,2,1.6628787179860716,0.0,2.946,0.0,0.08828,200000,281949.56335350947,81949.56335350947,1.4097478167675472
2021-08-28,2,1.2808318968716146,0.0,2.847,0.0,0.08829,200000,281949.56335350947,81949.56335350947,1.4097478167675472
2021-08-29,1,1.1698044122506384,-49447.48568107848,2.851,1593475.5473805217,0.08847,200000,281949.56335350947,81949.56335350947,1.4097478167675472
2021-08-30,1,0.9549279590872515,-49447.48568107848,2.734,1593475.5473805217,0.08616,200000,272483.2790143743,72483.2790143743,1.3624163950718715
2021-08-31,1,0.7441264250543338,-49447.48568107848,2.767,1593475.5473805217,0.08875,200000,278242.1477095654,78242.14770956541,1.391210738547827
2021-09-01,1,0.4262199579250572,-49447.48568107848,2.869,1593475.5473805217,0.095,200000,293245.01342016377,93245.01342016377,1.4662250671008188
2021-09-02,1,0.23623342839097855,-49447.48568107848,2.96,1593475.5473805217,0.09953,200000,304963.1788467756,104963.17884677561,1.524815894233878
2021-09-03,0,0.006497940642848081,0.0,2.966,0.0,0.10161,200000,266697.75551425345,66697.75551425345,1.3334887775712674
2021-09-04,0,-0.48448913926133697,0.0,2.83,0.0,0.10146,200000,266697.75551425345,66697.75551425345,1.3334887775712674
2021-09-05,0,-0.7047059855754231,0.0,2.91,0.0,0.10519,200000,266697.75551425345,66697.75551425345,1.3334887775712674
2021-09-06,-1,-1.1085521045937665,47069.84742574187,2.833,-1284547.517167197,0.10381,200000,266697.75551425345,66697.75551425345,1.3334887775712674
2021-09-07,-1,-0.3205577279005557,47069.84742574187,2.514,-1284547.517167197,0.08539,200000,228021.10891922202,28021.108919222024,1.1401055445961101
2021-09-08,-2,-1.6320672104571556,0.0,2.47,0.0,0.09272,200000,269538.4781644135,69538.47816441348,1.3476923908220675
2021-09-09,-2,-1.4234682677079524,0.0,2.518,0.0,0.09303,200000,269538.4781644135,69538.47816441348,1.3476923908220675
2021-09-10,-2,-1.6922491483421227,0.0,2.383,0.0,0.09075,200000,269538.4781644135,69538.47816441348,1.3476923908220675
2021-09-11,0,-0.9797417894630382,0.0,2.638,0.0,0.09555,200000,269538.4781644135,69538.47816441348,1.3476923908220675
2021-09-12,-2,-2.4284562722120504,0.0,2.581,0.0,0.11241,200000,269538.4781644135,69538.47816441348,1.3476923908220675
2021-09-13,-2,-2.042641052668632,0.0,2.402,0.0,0.10462,200000,269538.4781644135,69538.47816441348,1.3476923908220675
2021-09-14,-2,-2.359733503841219,0.0,2.396,0.0,0.11822,200000,269538.4781644135,69538.47816441348,1.3476923908220675
2021-09-15,-2,-1.8806423319839785,0.0,2.505,0.0,0.12069,200000,269538.4781644135,69538.47816441348,1.3476923908220675
2021-09-16,-2,-1.6585016274775852,0.0,2.417,0.0,0.11594,200000,269538.4781644135,69538.47816441348,1.3476923908220675
2021-09-17,-1,-1.166429444966538,57348.61237540712,2.35,-1278039.2516093573,0.10545,200000,269538.4781644135,69538.47816441348,1.3476923908220675
2021-09-18,-1,-1.039496969378234,57348.61237540712,2.371,-1278039.2516093573,0.10586,200000,271266.7951174569,71266.79511745687,1.3563339755872843
2021-09-19,-1,-1.0469580414328472,57348.61237540712,2.283,-1278039.2516093573,0.10369,200000,263446.7720524287,63446.772052428685,1.3172338602621434
2021-09-20,-1,-0.7625680124167994,57348.61237540712,2.079,-1278039.2516093573,0.0914,200000,236040.55272556667,36040.55272556667,1.1802027636278334
2021-09-21,-1,-0.7548829941175972,57348.61237540712,1.986,-1278039.2516093573,0.08826,200000,226694.08852460043,26694.088524600433,1.1334704426230022
2021-09-22,-1,-0.5699683387413139,57348.61237540712,2.257,-1278039.2516093573,0.09876,200000,255654.97462023402,55654.97462023402,1.2782748731011702
2021-09-23,-1,-0.29745202991723296,57348.61237540712,2.327,-1278039.2516093573,0.09923,200000,260270.05593476893,60270.05593476893,1.3013502796738448
2021-09-24,0,0.20109928068511318,0.0,2.277,0.0,0.09226,200000,256867.5891390908,56867.58913909079,1.284337945695454
2021-09-25,0,0.5296650022172379,0.0,2.3,0.0,0.09055,200000,256867.5891390908,56867.58913909079,1.284337945695454
2021-09-26,0,0.5002561631636536,0.0,2.207,0.0,0.08769,200000,256867.5891390908,56867.58913909079,1.284337945695454
2021-09-27,0,0.5050050930678037,0.0,2.13,0.0,0.08599,200000,256867.5891390908,56867.58913909079,1.284337945695454
2021-09-28,0,0.46349787819555116,0.0,2.037,0.0,0.08305,200000,256867.5891390908,56867.58913909079,1.284337945695454
2021-09-29,0,0.34437511048487746,0.0,2.066,0.0,0.08581,200000,256867.5891390908,56867.58913909079,1.284337945695454
2021-09-30,0,0.2000939709955264,0.0,2.115,0.0,0.08943,200000,256867.5891390908,56867.58913909079,1.284337945695454
2021-10-01,0,0.4736293865114281,0.0,2.256,0.0,0.09481,200000,256867.5891390908,56867.58913909079,1.284337945695454
2021-10-02,0,0.6135456280243715,0.0,2.247,0.0,0.09338,200000,256867.5891390908,56867.58913909079,1.284337945695454
2021-10-03,0,0.3468601177877608,0.0,2.251,0.0,0.09494,200000,256867.5891390908,56867.58913909079,1.284337945695454
2021-10-04,0,0.05702845146088346,0.0,2.191,0.0,0.09351,200000,256867.5891390908,56867.58913909079,1.284337945695454
2021-10-05,0,-0.22769612012281198,0.0,2.233,0.0,0.09618,200000,256867.5891390908,56867.58913909079,1.284337945695454
2021-10-06,0,-0.4706753690246986,0.0,2.209,0.0,0.09549,200000,256867.5891390908,56867.58913909079,1.284337945695454
2021-10-07,0,0.20276018041110155,0.0,2.278,0.0,0.09547,200000,256867.5891390908,56867.58913909079,1.284337945695454
2021-10-08,0,-0.8925157185357364,0.0,2.237,0.0,0.09771,200000,256867.5891390908,56867.58913909079,1.284337945695454
2021-10-09,-2,-1.8762814926859765,0.0,2.268,0.0,0.10306,200000,256867.5891390908,56867.58913909079,1.284337945695454
2021-10-10,-2,-1.3321792589011416,0.0,2.189,0.0,0.09747,200000,256867.5891390908,56867.58913909079,1.284337945695454
2021-10-11,-2,-1.410982242188179,0.0,2.171,0.0,0.09707,200000,256867.5891390908,56867.58913909079,1.284337945695454
2021-10-12,-2,-1.5049256793086494,0.0,2.118,0.0,0.09549,200000,256867.5891390908,56867.58913909079,1.284337945695454
2021-10-13,-2,-1.2100087055671098,0.0,2.19,0.0,0.09793,200000,256867.5891390908,56867.58913909079,1.284337945695454
2021-10-14,-1,-1.1275616275560643,59131.58129352918,2.172,-1320113.0082181662,0.09729,200000,256867.5891390908,56867.58913909079,1.284337945695454
2021-10-15,-1,-0.8955432317626895,59131.58129352918,2.218,-1320113.0082181662,0.09861,200000,261330.1910494411,61330.19104944111,1.3066509552472056
2021-10-16,-2,-1.2723301523083248,0.0,2.179,0.0,0.09871,200000,258328.2285417059,58328.2285417059,1.2916411427085295
2021-10-17,-2,-1.4139847424399978,0.0,2.158,0.0,0.0987,200000,258328.2285417059,58328.2285417059,1.2916411427085295
2021-10-18,-2,-1.5039827707504538,0.0,2.128,0.0,0.0981,200000,258328.2285417059,58328.2285417059,1.2916411427085295
2021-10-19,-2,-2.0604392806434277,0.0,2.11,0.0,0.10055,200000,258328.2285417059,58328.2285417059,1.2916411427085295
2021-10-20,-2,-1.5813641862023853,0.0,2.19,0.0,0.10324,200000,258328.2285417059,58328.2285417059,1.2916411427085295
2021-10-21,-1,-1.1831183562351242,60441.79423062843,2.137,-1297088.9161563863,0.09958,200000,258328.2285417059,58328.2285417059,1.2916411427085295
2021-10-22,-1,-0.9500815154560427,60441.79423062843,2.156,-1297088.9161563863,0.09982,200000,259787.92397196539,59787.923971965385,1.2989396198598269
2021-10-23,-1,-0.9677820940002498,60441.79423062843,2.166,-1297088.9161563863,0.10066,200000,261481.89660384302,61481.89660384302,1.3074094830192151
2021-10-24,-1,-1.046671166465022,60441.79423062843,2.12,-1297088.9161563863,0.09913,200000,256717.02802751487,56717.02802751487,1.2835851401375744
2021-10-25,-1,-1.085860519087994,60441.79423062843,2.144,-1297088.9161563863,0.10074,200000,260255.9442440617,60255.94424406171,1.3012797212203084
2021-10-26,-1,-1.185970393353174,60441.79423062843,2.137,-1297088.9161563863,0.10112,200000,260325.7454725867,60325.745472586714,1.3016287273629334
2021-10-27,-2,-1.2986390253532814,0.0,1.912,0.0,0.09064,200000,260331.65733315924,60331.65733315924,1.3016582866657962
2021-10-28,-2,-1.6024844156724167,0.0,1.987,0.0,0.09527,200000,260331.65733315924,60331.65733315924,1.3016582866657962
2021-10-29,-2,-2.231755885982139,0.0,2.015,0.0,0.0996,200000,260331.65733315924,60331.65733315924,1.3016582866657962
2021-10-30,-2,-2.7427041768001694,0.0,1.955,0.0,0.10111,200000,260331.65733315924,60331.65733315924,1.3016582866657962
2021-10-31,-2,-2.238019764098029,0.0,1.964,0.0,0.10152,200000,260331.65733315924,60331.65733315924,1.3016582866657962
2021-11-01,-2,-1.8665695299765412,0.0,1.949,0.0,0.10048,200000,260331.65733315924,60331.65733315924,1.3016582866657962
2021-11-02,-2,-2.3880655911338478,0.0,1.971,0.0,0.10748,200000,260331.65733315924,60331.65733315924,1.3016582866657962
2021-11-03,-2,-1.2219233357747874,0.0,2.063,0.0,0.10587,200000,260331.65733315924,60331.65733315924,1.3016582866657962
2021-11-04,-2,-1.3500997779078487,0.0,1.983,0.0,0.10329,200000,260331.65733315924,60331.65733315924,1.3016582866657962
2021-11-05,-2,-1.2566934011872082,0.0,1.982,0.0,0.10346,200000,260331.65733315924,60331.65733315924,1.3016582866657962
2021-11-06,0,-0.8043781835336107,0.0,2.005,0.0,0.10252,200000,260331.65733315924,60331.65733315924,1.3016582866657962
2021-11-07,0,-0.9144532687167494,0.0,2.021,0.0,0.1045,200000,260331.65733315924,60331.65733315924,1.3016582866657962
2021-11-08,0,-0.8377335230533263,0.0,2.125,0.0,0.10993,200000,260331.65733315924,60331.65733315924,1.3016582866657962
2021-11-09,0,-0.2868425532859386,0.0,2.27,0.0,0.11436,200000,260331.65733315924,60331.65733315924,1.3016582866657962
2021-11-10,0,-0.3928346578180703,0.0,2.097,0.0,0.10662,200000,260331.65733315924,60331.65733315924,1.3016582866657962
2021-11-11,0,-0.9000905242860223,0.0,2.079,0.0,0.10893,200000,260331.65733315924,60331.65733315924,1.3016582866657962
2021-11-12,0,-0.9720783215531261,0.0,2.045,0.0,0.10796,200000,260331.65733315924,60331.65733315924,1.3016582866657962
2021-11-13,-2,-1.6447939782795893,0.0,2.05,0.0,0.11255,200000,260331.65733315924,60331.65733315924,1.3016582866657962
2021-11-14,-2,-2.2113556512131454,0.0,2.04,0.0,0.117,200000,260331.65733315924,60331.65733315924,1.3016582866657962
2021-11-15,-2,-2.726588616461777,0.0,2.017,0.0,0.1238,200000,260331.65733315924,60331.65733315924,1.3016582866657962
2021-11-16,-2,-1.7522032239944028,0.0,1.874,0.0,0.10934,200000,260331.65733315924,60331.65733315924,1.3016582866657962
2021-11-17,-2,-1.8006343757173682,0.0,1.876,0.0,0.11119,200000,260331.65733315924,60331.65733315924,1.3016582866657962
2021-11-18,0,-0.8578340315894254,0.0,1.786,0.0,0.10038,200000,260331.65733315924,60331.65733315924,1.3016582866657962
2021-11-19,0,-0.6527627694507459,0.0,1.863,0.0,0.10387,200000,260331.65733315924,60331.65733315924,1.3016582866657962
2021-11-20,0,-0.28366974061595207,0.0,1.922,0.0,0.10519,200000,260331.65733315924,60331.65733315924,1.3016582866657962
2021-11-21,-1,-1.1521859596437682,70935.05649404884,1.835,-1223018.2154146351,0.10643,200000,260331.65733315924,60331.65733315924,1.3016582866657962
2021-11-22,-1,-0.8986609568155293,70935.05649404884,1.776,-1223018.2154146351,0.10182,200000,250508.37502694887,50508.37502694887,1.2525418751347444
2021-11-23,-1,-1.156730051437847,70935.05649404884,1.751,-1223018.2154146351,0.10283,200000,249970.24701216642,49970.24701216642,1.2498512350608322
2021-11-24,-1,-1.0466976818212042,70935.05649404884,1.666,-1223018.2154146351,0.09785,200000,237850.13649740742,37850.136497407424,1.189250682487037
2021-11-25,-1,-1.192430498560581,70935.05649404884,1.675,-1223018.2154146351,0.10019,200000,241350.4146299241,41350.41462992411,1.2067520731496206
2021-11-26,-1,-1.1712897902268784,70935.05649404884,1.533,-1223018.2154146351,0.09229,200000,221615.79270599352,21615.792705993517,1.1080789635299675
2021-11-27,-1,-1.1308113215389046,70935.05649404884,1.543,-1223018.2154146351,0.09335,200000,223621.54257927355,23621.542579273548,1.1181077128963677
2021-11-28,-1,-0.8470505390534815,70935.05649404884,1.594,-1223018.2154146351,0.09518,200000,229477.35379467884,29477.353794678842,1.1473867689733943
2021-11-29,-1,-0.9500565340907475,70935.05649404884,1.601,-1223018.2154146351,0.09655,200000,231649.43414525522,31649.434145255218,1.158247170726276
2021-11-30,-2,-1.429240195157911,0.0,1.554,0.0,0.09652,200000,268144.2976932279,68144.29769322788,1.3407214884661394
2021-12-01,-2,-1.5011321033301925,0.0,1.548,0.0,0.09688,200000,268144.2976932279,68144.29769322788,1.3407214884661394
2021-12-02,0,0.8295398666013988,0.0,1.719,0.0,0.0975,200000,268144.2976932279,68144.29769322788,1.3407214884661394
2021-12-03,0,-0.6860691870736569,0.0,1.556,0.0,0.09388,200000,268144.2976932279,68144.29769322788,1.3407214884661394
2021-12-04,0,-0.9806342474113305,0.0,1.42,0.0,0.08696,200000,268144.2976932279,68144.29769322788,1.3407214884661394
2021-12-05,0,-0.9676846709062366,0.0,1.378,0.0,0.08432,200000,268144.2976932279,68144.29769322788,1.3407214884661394
2021-12-06,0,-0.9925293803018944,0.0,1.42,0.0,0.08729,200000,268144.2976932279,68144.29769322788,1.3407214884661394
2021-12-07,-2,-2.067473627117474,0.0,1.378,0.0,0.08999,200000,268144.2976932279,68144.29769322788,1.3407214884661394
2021-12-08,-2,-2.0028521644991537,0.0,1.396,0.0,0.09237,200000,268144.2976932279,68144.29769322788,1.3407214884661394
2021-12-09,-2,-2.279997901689177,0.0,1.289,0.0,0.08861,200000,268144.2976932279,68144.29769322788,1.3407214884661394
2021-12-10,-2,-2.5927602493955484,0.0,1.211,0.0,0.08771,200000,268144.2976932279,68144.29769322788,1.3407214884661394
2021-12-11,-2,-1.406037151076307,0.0,1.354,0.0,0.0916,200000,268144.2976932279,68144.29769322788,1.3407214884661394
2021-12-12,-2,-1.2656396156281773,0.0,1.346,0.0,0.09101,200000,268144.2976932279,68144.29769322788,1.3407214884661394
2021-12-13,-2,-1.4787817336486906,0.0,1.223,0.0,0.08497,200000,268144.2976932279,68144.29769322788,1.3407214884661394
2021-12-14,-2,-1.2048334192290837,0.0,1.266,0.0,0.08707,200000,268144.2976932279,68144.29769322788,1.3407214884661394
2021-12-15,0,-0.7049473970982083,0.0,1.311,0.0,0.08754,200000,268144.2976932279,68144.29769322788,1.3407214884661394
2021-12-16,-1,-1.0293624849943561,108122.70068275317,1.24,-1571219.3700528997,0.08533,200000,268144.2976932279,68144.29769322788,1.3407214884661394
2021-12-17,-1,-0.21242524398869034,108122.70068275317,1.218,-1571219.3700528997,0.07951,200000,256621.1015444994,56621.1015444994,1.2831055077224969
2021-12-18,0,-0.024899806228591753,0.0,1.242,0.0,0.08042,200000,260213.36518490262,60213.36518490262,1.301066825924513
2021-12-19,0,0.24194998817112517,0.0,1.243,0.0,0.07944,200000,260213.36518490262,60213.36518490262,1.301066825924513
2021-12-20,0,0.5706320936291318,0.0,1.237,0.0,0.07759,200000,260213.36518490262,60213.36518490262,1.301066825924513
2021-12-21,0,0.862958608001135,0.0,1.28,0.0,0.07884,200000,260213.36518490262,60213.36518490262,1.301066825924513
2021-12-22,2,1.6381783180040888,0.0,1.327,0.0,0.07913,200000,260213.36518490262,60213.36518490262,1.301066825924513
2021-12-23,2,2.440362214398983,0.0,1.475,0.0,0.08274,200000,260213.36518490262,60213.36518490262,1.301066825924513
2021-12-24,2,1.666317379234342,0.0,1.392,0.0,0.08085,200000,260213.36518490262,60213.36518490262,1.301066825924513
2021-12-25,2,1.959825039691363,0.0,1.452,0.0,0.08153,200000,260213.36518490262,60213.36518490262,1.301066825924513
2021-12-26,2,1.7728614591928915,0.0,1.455,0.0,0.08149,200000,260213.36518490262,60213.36518490262,1.301066825924513
2021-12-27,2,2.027050257998184,0.0,1.516,0.0,0.08114,200000,260213.36518490262,60213.36518490262,1.301066825924513
2021-12-28,2,1.4598370437967954,0.0,1.4,0.0,0.07713,200000,260213.36518490262,60213.36518490262,1.301066825924513
2021-12-29,0,0.8741511478586552,0.0,1.332,0.0,0.0765,200000,260213.36518490262,60213.36518490262,1.301066825924513
2021-12-30,0,0.8275093172980371,0.0,1.359,0.0,0.07782,200000,260213.36518490262,60213.36518490262,1.301066825924513
2021-12-31,0,0.670006228545583,0.0,1.308,0.0,0.07539,200000,260213.36518490262,60213.36518490262,1.301066825924513
2022-01-01,1,1.0415674687398335,-94280.20477713864,1.38,1698520.6604758657,0.0766,200000,260213.36518490262,60213.36518490262,1.301066825924513
2022-01-02,1,0.7639533691534862,-94280.20477713864,1.377,1698520.6604758657,0.07762,200000,261663.0156442566,61663.01564425661,1.3083150782212831
2022-01-03,1,0.20378307544692578,-94280.20477713864,1.319,1698520.6604758657,0.07705,200000,255226.6069907113,55226.6069907113,1.2761330349535565
2022-01-04,1,0.22827986383800614,-94280.20477713864,1.309,1698520.6604758657,0.07592,200000,252364.47659660218,52364.47659660218,1.2618223829830109
2022-01-05,0,0.17726865931341937,0.0,1.23,0.0,0.07112,200000,255379.2276877396,55379.22768773959,1.276896138438698
2022-01-06,0,0.8695170971674675,0.0,1.28,0.0,0.07106,200000,255379.2276877396,55379.22768773959,1.276896138438698
2022-01-07,0,0.48361056954481846,0.0,1.21,0.0,0.0682,200000,255379.2276877396,55379.22768773959,1.276896138438698
2022-01-08,0,0.8667394453494766,0.0,1.181,0.0,0.06539,200000,255379.2276877396,55379.22768773959,1.276896138438698
2022-01-09,0,0.20964384630944413,0.0,1.17,0.0,0.06611,200000,255379.2276877396,55379.22768773959,1.276896138438698
2022-01-10,0,0.11231904087705774,0.0,1.123,0.0,0.06342,200000,255379.2276877396,55379.22768773959,1.276896138438698
2022-01-11,2,1.3597938204197175,0.0,1.187,0.0,0.06493,200000,255379.2276877396,55379.22768773959,1.276896138438698
2022-01-12,2,2.772933335969293,0.0,1.312,0.0,0.06806,200000,255379.2276877396,55379.22768773959,1.276896138438698
2022-01-13,2,1.38255131455009,0.0,1.233,0.0,0.0662,200000,255379.2276877396,55379.22768773959,1.276896138438698
2022-01-14,2,1.9098779715125658,0.0,1.292,0.0,0.06765,200000,255379.2276877396,55379.22768773959,1.276896138438698
2022-01-15,2,1.370619690789304,0.0,1.291,0.0,0.06842,200000,255379.2276877396,55379.22768773959,1.276896138438698
2022-01-16,2,2.6604973762344657,0.0,1.41,0.0,0.06988,200000,255379.2276877396,55379.22768773959,1.276896138438698
2022-01-17,2,3.3543642139809178,0.0,1.603,0.0,0.07085,200000,255379.2276877396,55379.22768773959,1.276896138438698
2022-01-18,2,1.9568915799912308,0.0,1.458,0.0,0.06846,200000,255379.2276877396,55379.22768773959,1.276896138438698
2022-01-19,0,0.5296946354879597,0.0,1.337,0.0,0.06915,200000,255379.2276877396,55379.22768773959,1.276896138438698
2022-01-20,0,-0.037030039543627845,0.0,1.259,0.0,0.06773,200000,255379.2276877396,55379.22768773959,1.276896138438698
2022-01-21,0,-0.21935055262793776,0.0,1.12,0.0,0.06103,200000,255379.2276877396,55379.22768773959,1.276896138438698
2022-01-22,0,0.1037418046352791,0.0,1.071,0.0,0.0568,200000,255379.2276877396,55379.22768773959,1.276896138438698
2022-01-23,0,0.5298369619419113,0.0,1.124,0.0,0.05752,200000,255379.2276877396,55379.22768773959,1.276896138438698
2022-01-24,0,0.31419933451702753,0.0,1.065,0.0,0.05506,200000,255379.2276877396,55379.22768773959,1.276896138438698
2022-01-25,0,-0.2791101681335244,0.0,1.043,0.0,0.05588,200000,255379.2276877396,55379.22768773959,1.276896138438698
2022-01-26,0,0.08186004961518212,0.0,1.077,0.0,0.0562,200000,255379.2276877396,55379.22768773959,1.276896138438698
2022-01-27,0,-0.5574480073206598,0.0,1.042,0.0,0.05649,200000,255379.2276877396,55379.22768773959,1.276896138438698
2022-01-28,0,-0.7736106486497207,0.0,1.048,0.0,0.05757,200000,255379.2276877396,55379.22768773959,1.276896138438698
2022-01-29,-2,-1.3157507945741909,0.0,1.059,0.0,0.06034,200000,255379.2276877396,55379.22768773959,1.276896138438698
2022-01-30,-2,-1.2228153178280248,0.0,1.035,0.0,0.05863,200000,255379.2276877396,55379.22768773959,1.276896138438698
2022-01-31,-1,-1.061523672921928,121493.44799607023,1.051,-2162032.066438703,0.05906,200000,255379.2276877396,55379.22768773959,1.276896138438698
