date,statusList,zscore,ADAUSDT_position,ADAUSDT_price,WAVESUSDT_position,WAVESUSDT_price,init,total_asset,pnl,return
2020-01-01,0,,0.0,0.03348,0.0,1.0446,200000,200000.0,0.0,1.0
2020-01-02,0,,0.0,0.03269,0.0,0.9459,200000,200000.0,0.0,1.0
2020-01-03,0,,0.0,0.03417,0.0,0.9526,200000,200000.0,0.0,1.0
2020-01-04,0,,0.0,0.03434,0.0,0.9458,200000,200000.0,0.0,1.0
2020-01-05,0,,0.0,0.0346,0.0,0.8872,200000,200000.0,0.0,1.0
2020-01-06,0,,0.0,0.03732,0.0,0.8949,200000,200000.0,0.0,1.0
2020-01-07,0,,0.0,0.037,0.0,0.8853,200000,200000.0,0.0,1.0
2020-01-08,0,,0.0,0.03631,0.0,0.851,200000,200000.0,0.0,1.0
2020-01-09,0,,0.0,0.03616,0.0,0.8231,200000,200000.0,0.0,1.0
2020-01-10,0,,0.0,0.03693,0.0,0.8244,200000,200000.0,0.0,1.0
2020-01-11,0,,0.0,0.03678,0.0,0.8561,200000,200000.0,0.0,1.0
2020-01-12,0,,0.0,0.03792,0.0,0.8447,200000,200000.0,0.0,1.0
2020-01-13,0,,0.0,0.03682,0.0,0.86,200000,200000.0,0.0,1.0
2020-01-14,0,,0.0,0.04161,0.0,0.8637,200000,200000.0,0.0,1.0
2020-01-15,0,,0.0,0.04275,0.0,0.896,200000,200000.0,0.0,1.0
2020-01-16,0,,0.0,0.04168,0.0,0.8809,200000,200000.0,0.0,1.0
2020-01-17,0,,0.0,0.0449,0.0,0.9,200000,200000.0,0.0,1.0
2020-01-18,0,,0.0,0.04489,0.0,0.8783,200000,200000.0,0.0,1.0
2020-01-19,0,,0.0,0.042,0.0,0.8889,200000,200000.0,0.0,1.0
2020-01-20,2,1.320500455956536,0.0,0.04378,0.0,0.8673,200000,200000.0,0.0,1.0
2020-01-21,2,1.6323395118252029,0.0,0.04602,0.0,0.8723,200000,200000.0,0.0,1.0
2020-01-22,2,1.3235856794671297,0.0,0.04575,0.0,0.8862,200000,200000.0,0.0,1.0
2020-01-23,0,0.8189161924242232,0.0,0.04318,0.0,0.8726,200000,200000.0,0.0,1.0
2020-01-24,2,1.443550888976863,0.0,0.04495,0.0,0.8552,200000,200000.0,0.0,1.0
2020-01-25,0,0.9155917618880878,0.0,0.04314,0.0,0.8512,200000,200000.0,0.0,1.0
2020-01-26,1,1.0001885827016654,-2233638.597274961,0.04477,114705.20761642579,0.8718,200000,200000.0,0.0,1.0
2020-01-27,2,1.8405055097321734,0.0,0.04796,0.0,0.868,200000,207561.18691424956,7561.186914249556,1.0378059345712478
2020-01-28,2,2.458978197923787,0.0,0.0529,0.0,0.8856,200000,207561.18691424956,7561.186914249556,1.0378059345712478
2020-01-29,2,2.298686618956922,0.0,0.05329,0.0,0.8699,200000,207561.18691424956,7561.186914249556,1.0378059345712478
2020-01-30,2,2.3791456422153674,0.0,0.05614,0.0,0.8696,200000,207561.18691424956,7561.186914249556,1.0378059345712478
2020-01-31,2,1.5827578227433716,0.0,0.0539,0.0,0.8824,200000,207561.18691424956,7561.186914249556,1.0378059345712478
2020-02-01,2,1.4907958644021366,0.0,0.0561,0.0,0.9111,200000,207561.18691424956,7561.186914249556,1.0378059345712478
2020-02-02,0,0.8157091068471819,0.0,0.0557,0.0,0.9594,200000,207561.18691424956,7561.186914249556,1.0378059345712478
2020-02-03,0,0.7367612468658802,0.0,0.05696,0.0,0.9809,200000,207561.18691424956,7561.186914249556,1.0378059345712478
2020-02-04,0,0.6616441096271625,0.0,0.05601,0.0,0.9643,200000,207561.18691424956,7561.186914249556,1.0378059345712478
2020-02-05,0,0.9234508263452658,0.0,0.05933,0.0,0.9899,200000,207561.18691424956,7561.186914249556,1.0378059345712478
2020-02-06,0,0.4692735051968781,0.0,0.06008,0.0,1.0364,200000,207561.18691424956,7561.186914249556,1.0378059345712478
2020-02-07,0,-0.20710782308108916,0.0,0.05987,0.0,1.092,200000,207561.18691424956,7561.186914249556,1.0378059345712478
2020-02-08,0,0.09667379843000228,0.0,0.06002,0.0,1.058,200000,207561.18691424956,7561.186914249556,1.0378059345712478
2020-02-09,0,-0.195465326965533,0.0,0.06188,0.0,1.11,200000,207561.18691424956,7561.186914249556,1.0378059345712478
2020-02-10,-2,-2.6736494305491294,0.0,0.06029,0.0,1.4376,200000,207561.18691424956,7561.186914249556,1.0378059345712478
2020-02-11,-2,-1.8775772241955206,0.0,0.06335,0.0,1.4117,200000,207561.18691424956,7561.186914249556,1.0378059345712478
2020-02-12,-2,-1.3607570378411287,0.0,0.06817,0.0,1.4324,200000,207561.18691424956,7561.186914249556,1.0378059345712478
2020-02-13,-1,-1.0762830915405341,1511294.502069678,0.06867,-73928.33270916426,1.4038,200000,207561.18691424956,7561.186914249556,1.0378059345712478
2020-02-14,-2,-1.5128972035970076,0.0,0.07074,0.0,1.5529,200000,215455.5217019017,15455.521701901715,1.0772776085095086
2020-02-15,-2,-1.6210943970320204,0.0,0.06426,0.0,1.4686,200000,215455.5217019017,15455.521701901715,1.0772776085095086
2020-02-16,-2,-1.3567618047599652,0.0,0.06146,0.0,1.3809,200000,215455.5217019017,15455.521701901715,1.0772776085095086
2020-02-17,-1,-1.1555036326922852,1789794.9966929865,0.06019,-80598.35466927342,1.3366,200000,215455.5217019017,15455.521701901715,1.0772776085095086
2020-02-18,-2,-1.321763260296088,0.0,0.06274,0.0,1.4693,200000,221586.94612494716,21586.946124947164,1.1079347306247358
2020-02-19,-2,-1.3209188056625192,0.0,0.05737,0.0,1.3717,200000,221586.94612494716,21586.946124947164,1.1079347306247358
2020-02-20,-2,-1.5126055360098616,0.0,0.05815,0.0,1.4854,200000,221586.94612494716,21586.946124947164,1.1079347306247358
2020-02-21,-2,-1.2204402955359919,0.0,0.05853,0.0,1.4459,200000,221586.94612494716,21586.946124947164,1.1079347306247358
2020-02-22,-1,-1.038896254255025,1902033.872317143,0.05825,-78034.56336277898,1.4198,200000,221586.94612494716,21586.946124947164,1.1079347306247358
2020-02-23,-1,-0.7429276268998605,1902033.872317143,0.06145,-78034.56336277898,1.4439,200000,229554.087493405,29554.087493405008,1.147770437467025
2020-02-24,-1,-0.6028714217815071,1902033.872317143,0.05906,-78034.56336277898,1.3735,200000,219514.59327782737,19514.59327782737,1.097572966389137
2020-02-25,-1,-0.6290282243818327,1902033.872317143,0.05603,-78034.56336277898,1.3215,200000,209693.63334984196,9693.633349841955,1.0484681667492097
2020-02-26,-1,-0.5403739742112688,1902033.872317143,0.04915,-78034.56336277898,1.1562,200000,183708.52698443262,-16291.473015567375,0.9185426349221631
2020-02-27,-1,-0.7609093847991869,1902033.872317143,0.04986,-78034.56336277898,1.2148,200000,189631.79644683667,-10368.20355316333,0.9481589822341834
2020-02-28,-1,-0.40419555163637805,1902033.872317143,0.04885,-78034.56336277898,1.1529,200000,182880.40276364033,-17119.597236359667,0.9144020138182016
2020-02-29,-1,-0.6411568743109487,1902033.872317143,0.0471,-78034.56336277898,1.1317,200000,177897.5107437944,-22102.48925620559,0.889487553718972
2020-03-01,-1,-0.9404557788614127,1902033.872317143,0.04561,-78034.56336277898,1.1176,200000,173963.19293062668,-26036.807069373317,0.8698159646531334
2020-03-02,-1,-0.5760464145463053,1902033.872317143,0.04923,-78034.56336277898,1.1853,200000,186131.4954880749,-13868.5045119251,0.9306574774403745
2020-03-03,-1,-0.38287956391755107,1902033.872317143,0.04866,-78034.56336277898,1.1639,200000,183377.39652489062,-16622.603475109383,0.9168869826244531
2020-03-04,-1,-0.8812553284243889,1902033.872317143,0.04898,-78034.56336277898,1.1998,200000,186787.48818875587,-13212.511811244127,0.9339374409437794
2020-03-05,-2,-2.3069023567394775,0.0,0.05096,0.0,1.3394,200000,229178.79415977176,29178.794159771758,1.1458939707988587
2020-03-06,-2,-2.1338292863830537,0.0,0.05174,0.0,1.375,200000,229178.79415977176,29178.794159771758,1.1458939707988587
2020-03-07,-2,-1.7552407284668452,0.0,0.04879,0.0,1.2858,200000,229178.79415977176,29178.794159771758,1.1458939707988587
2020-03-08,-1,-1.0050231534663745,2670459.032390722,0.04291,-104781.81883676471,1.0936,200000,229178.79415977176,29178.794159771758,1.1458939707988587
2020-03-09,-2,-1.5215150526809909,0.0,0.04156,0.0,1.0925,200000,232668.65385277878,32668.653852778778,1.1633432692638939
2020-03-10,-2,-3.1367382115455844,0.0,0.04146,0.0,1.2875,200000,232668.65385277878,32668.653852778778,1.1633432692638939
2020-03-11,-2,-2.895163678109825,0.0,0.03969,0.0,1.337,200000,232668.65385277878,32668.653852778778,1.1633432692638939
2020-03-12,-2,-2.3668577814466176,0.0,0.02329,0.0,0.795,200000,232668.65385277878,32668.653852778778,1.1633432692638939
2020-03-13,-2,-1.3899078535607157,0.0,0.02843,0.0,0.8707,200000,232668.65385277878,32668.653852778778,1.1633432692638939
2020-03-14,-2,-1.3569352027565993,0.0,0.02582,0.0,0.805,200000,232668.65385277878,32668.653852778778,1.1633432692638939
2020-03-15,-2,-1.3833400791911619,0.0,0.02693,0.0,0.8629,200000,232668.65385277878,32668.653852778778,1.1633432692638939
2020-03-16,0,-0.9415094486005748,0.0,0.02423,0.0,0.7386,200000,232668.65385277878,32668.653852778778,1.1633432692638939
2020-03-17,-2,-1.4046788519466396,0.0,0.02575,0.0,0.8612,200000,232668.65385277878,32668.653852778778,1.1633432692638939
2020-03-18,-2,-1.2285961913052008,0.0,0.02607,0.0,0.8667,200000,232668.65385277878,32668.653852778778,1.1633432692638939
2020-03-19,0,-0.7790837731289117,0.0,0.0303,0.0,0.9516,200000,232668.65385277878,32668.653852778778,1.1633432692638939
2020-03-20,0,-0.8816374717924603,0.0,0.02946,0.0,0.9519,200000,232668.65385277878,32668.653852778778,1.1633432692638939
2020-03-21,0,-0.6773058443959891,0.0,0.02948,0.0,0.9354,200000,232668.65385277878,32668.653852778778,1.1633432692638939
2020-03-22,0,-0.4952824340591829,0.0,0.02703,0.0,0.8452,200000,232668.65385277878,32668.653852778778,1.1633432692638939
2020-03-23,0,-0.48501303124905737,0.0,0.02925,0.0,0.9221,200000,232668.65385277878,32668.653852778778,1.1633432692638939
2020-03-24,0,-0.21566879266865258,0.0,0.03023,0.0,0.9339,200000,232668.65385277878,32668.653852778778,1.1633432692638939
2020-03-25,0,-0.014431392368809779,0.0,0.02945,0.0,0.8992,200000,232668.65385277878,32668.653852778778,1.1633432692638939
2020-03-26,0,0.7054255233503767,0.0,0.03086,0.0,0.8917,200000,232668.65385277878,32668.653852778778,1.1633432692638939
2020-03-27,0,0.4501110335571978,0.0,0.02882,0.0,0.859,200000,232668.65385277878,32668.653852778778,1.1633432692638939
2020-03-28,2,1.957511857474541,0.0,0.02975,0.0,0.8144,200000,232668.65385277878,32668.653852778778,1.1633432692638939
2020-03-29,2,2.1391222492063324,0.0,0.02806,0.0,0.771,200000,232668.65385277878,32668.653852778778,1.1633432692638939
2020-03-30,2,1.646466934534326,0.0,0.02965,0.0,0.8262,200000,232668.65385277878,32668.653852778778,1.1633432692638939
2020-03-31,0,-0.8164949443042413,0.0,0.03045,0.0,0.99,200000,232668.65385277878,32668.653852778778,1.1633432692638939
2020-04-01,0,-0.33161170556421465,0.0,0.03097,0.0,0.9698,200000,232668.65385277878,32668.653852778778,1.1633432692638939
2020-04-02,0,0.28682161294379155,0.0,0.03188,0.0,0.9615,200000,232668.65385277878,32668.653852778778,1.1633432692638939
2020-04-03,0,0.4525517371072622,0.0,0.03231,0.0,0.9629,200000,232668.65385277878,32668.653852778778,1.1633432692638939
2020-04-04,0,0.6750432232976887,0.0,0.03244,0.0,0.9505,200000,232668.65385277878,32668.653852778778,1.1633432692638939
2020-04-05,0,0.39371755162689975,0.0,0.0319,0.0,0.9486,200000,232668.65385277878,32668.653852778778,1.1633432692638939
2020-04-06,2,1.6336520517171305,0.0,0.03592,0.0,0.9867,200000,232668.65385277878,32668.653852778778,1.1633432692638939
2020-04-07,1,1.082723520593475,-3300264.593656437,0.03525,117178.0085882246,0.9928,200000,232668.65385277878,32668.653852778778,1.1633432692638939
2020-04-08,2,1.2743224855639033,0.0,0.03639,0.0,1.0067,200000,234802.18117017084,34802.181170170836,1.174010905850854
2020-04-09,0,0.3477946110031922,0.0,0.03607,0.0,1.0458,200000,234802.18117017084,34802.181170170836,1.174010905850854
2020-04-10,0,-0.4080746514532047,0.0,0.03321,0.0,0.9998,200000,234802.18117017084,34802.181170170836,1.174010905850854
2020-04-11,0,-0.17408181092629882,0.0,0.03343,0.0,0.9912,200000,234802.18117017084,34802.181170170836,1.174010905850854
2020-04-12,0,-0.32670990304083214,0.0,0.03347,0.0,0.9965,200000,234802.18117017084,34802.181170170836,1.174010905850854
2020-04-13,0,-0.6408371998801521,0.0,0.03311,0.0,0.9991,200000,234802.18117017084,34802.181170170836,1.174010905850854
2020-04-14,0,-0.469846090056137,0.0,0.03312,0.0,0.9899,200000,234802.18117017084,34802.181170170836,1.174010905850854
2020-04-15,0,-0.5787314383206171,0.0,0.03185,0.0,0.959,200000,234802.18117017084,34802.181170170836,1.174010905850854
2020-04-16,0,0.07133254589558329,0.0,0.03446,0.0,1.0056,200000,234802.18117017084,34802.181170170836,1.174010905850854
2020-04-17,0,0.24295017279487421,0.0,0.03432,0.0,0.9975,200000,234802.18117017084,34802.181170170836,1.174010905850854
2020-04-18,0,0.8050313190154098,0.0,0.03654,0.0,1.0411,200000,234802.18117017084,34802.181170170836,1.174010905850854
2020-04-19,0,0.8006976445530312,0.0,0.03549,0.0,1.0138,200000,234802.18117017084,34802.181170170836,1.174010905850854
2020-04-20,0,0.6308637282331314,0.0,0.03391,0.0,0.9731,200000,234802.18117017084,34802.181170170836,1.174010905850854
2020-04-21,2,1.4304705023005495,0.0,0.03454,0.0,0.9639,200000,234802.18117017084,34802.181170170836,1.174010905850854
2020-04-22,2,1.9413232794204676,0.0,0.03664,0.0,0.998,200000,234802.18117017084,34802.181170170836,1.174010905850854
2020-04-23,2,3.2786583545512746,0.0,0.04088,0.0,1.0074,200000,234802.18117017084,34802.181170170836,1.174010905850854
2020-04-24,2,2.680117582098623,0.0,0.04165,0.0,1.0107,200000,234802.18117017084,34802.181170170836,1.174010905850854
2020-04-25,2,2.210820797329998,0.0,0.04222,0.0,1.0221,200000,234802.18117017084,34802.181170170836,1.174010905850854
2020-04-26,2,2.4438177886735475,0.0,0.04593,0.0,1.0522,200000,234802.18117017084,34802.181170170836,1.174010905850854
2020-04-27,2,2.1147456881027895,0.0,0.04648,0.0,1.055,200000,234802.18117017084,34802.181170170836,1.174010905850854
2020-04-28,2,1.882995639679771,0.0,0.04679,0.0,1.0534,200000,234802.18117017084,34802.181170170836,1.174010905850854
2020-04-29,2,2.054747862953291,0.0,0.05146,0.0,1.099,200000,234802.18117017084,34802.181170170836,1.174010905850854
2020-04-30,2,1.4738304570207814,0.0,0.04752,0.0,1.0552,200000,234802.18117017084,34802.181170170836,1.174010905850854
2020-05-01,2,1.7041731787438403,0.0,0.05091,0.0,1.0751,200000,234802.18117017084,34802.181170170836,1.174010905850854
2020-05-02,2,1.4156185575229032,0.0,0.0509,0.0,1.0884,200000,234802.18117017084,34802.181170170836,1.174010905850854
2020-05-03,1,1.166869121486019,-2396918.9584541735,0.04898,110505.54460192528,1.0624,200000,234802.18117017084,34802.181170170836,1.174010905850854
2020-05-04,1,1.1489794798424187,-2396918.9584541735,0.04942,110505.54460192528,1.06,200000,235591.61220484605,35591.61220484605,1.1779580610242302
2020-05-05,1,1.1197318693250542,-2396918.9584541735,0.04945,110505.54460192528,1.0517,200000,234746.32375340373,34746.32375340373,1.1737316187670186
2020-05-06,1,1.1520079354157242,-2396918.9584541735,0.04889,110505.54460192528,1.024,200000,230343.04555119603,30343.04555119603,1.1517152277559801
2020-05-07,2,1.2954051171500531,0.0,0.05123,0.0,1.0444,200000,242184.34862952738,42184.348629527376,1.210921743147637
2020-05-08,2,1.235638255406556,0.0,0.05201,0.0,1.0551,200000,242184.34862952738,42184.348629527376,1.210921743147637
2020-05-09,1,1.180891695671597,-2353589.3938729577,0.05145,116367.6478135342,1.0406,200000,242184.34862952738,42184.348629527376,1.210921743147637
2020-05-10,2,1.201890388011872,0.0,0.04755,0.0,0.9552,200000,242943.14711669864,42943.147116698645,1.2147157355834932
2020-05-11,2,1.536141066251636,0.0,0.04779,0.0,0.931,200000,242943.14711669864,42943.147116698645,1.2147157355834932
2020-05-12,0,0.3009220234038892,0.0,0.05043,0.0,1.0699,200000,242943.14711669864,42943.147116698645,1.2147157355834932
2020-05-13,0,0.7084379856181604,0.0,0.05147,0.0,1.06,200000,242943.14711669864,42943.147116698645,1.2147157355834932
2020-05-14,0,0.7095818296698491,0.0,0.05098,0.0,1.0461,200000,242943.14711669864,42943.147116698645,1.2147157355834932
2020-05-15,0,0.6926796359145646,0.0,0.05026,0.0,1.0298,200000,242943.14711669864,42943.147116698645,1.2147157355834932
2020-05-16,0,0.9678251790633539,0.0,0.051,0.0,1.0299,200000,242943.14711669864,42943.147116698645,1.2147157355834932
2020-05-17,0,0.549641027575073,0.0,0.05129,0.0,1.0497,200000,242943.14711669864,42943.147116698645,1.2147157355834932
2020-05-18,2,1.7213630868892509,0.0,0.05434,0.0,1.0638,200000,242943.14711669864,42943.147116698645,1.2147157355834932
2020-05-19,2,2.4744326019599154,0.0,0.05677,0.0,1.0615,200000,242943.14711669864,42943.147116698645,1.2147157355834932
2020-05-20,2,2.309279206937605,0.0,0.05689,0.0,1.0542,200000,242943.14711669864,42943.147116698645,1.2147157355834932
2020-05-21,0,0.9249127681654615,0.0,0.05207,0.0,1.0167,200000,242943.14711669864,42943.147116698645,1.2147157355834932
2020-05-22,2,1.2805425599663316,0.0,0.05576,0.0,1.0665,200000,242943.14711669864,42943.147116698645,1.2147157355834932
2020-05-23,0,0.7558372978688677,0.0,0.0549,0.0,1.0699,200000,242943.14711669864,42943.147116698645,1.2147157355834932
2020-05-24,0,0.3609761636141466,0.0,0.05125,0.0,1.0117,200000,242943.14711669864,42943.147116698645,1.2147157355834932
2020-05-25,0,0.4458337642720831,0.0,0.0539,0.0,1.0576,200000,242943.14711669864,42943.147116698645,1.2147157355834932
2020-05-26,0,0.009602747935644623,0.0,0.05355,0.0,1.0645,200000,242943.14711669864,42943.147116698645,1.2147157355834932
2020-05-27,0,0.7740673617486558,0.0,0.05513,0.0,1.0653,200000,242943.14711669864,42943.147116698645,1.2147157355834932
2020-05-28,2,3.2990298548762107,0.0,0.06502,0.0,1.087,200000,242943.14711669864,42943.147116698645,1.2147157355834932
2020-05-29,2,2.47587691812247,0.0,0.06469,0.0,1.0859,200000,242943.14711669864,42943.147116698645,1.2147157355834932
2020-05-30,2,3.2675515267832784,0.0,0.07691,0.0,1.1137,200000,242943.14711669864,42943.147116698645,1.2147157355834932
2020-05-31,2,2.3437182129962997,0.0,0.0739,0.0,1.0945,200000,242943.14711669864,42943.147116698645,1.2147157355834932
2020-06-01,2,2.285823361095716,0.0,0.08093,0.0,1.1485,200000,242943.14711669864,42943.147116698645,1.2147157355834932
2020-06-02,2,1.9285726535811885,0.0,0.07872,0.0,1.118,200000,242943.14711669864,42943.147116698645,1.2147157355834932
2020-06-03,2,2.2181245494279125,0.0,0.08558,0.0,1.1176,200000,242943.14711669864,42943.147116698645,1.2147157355834932
2020-06-04,2,2.067319847263749,0.0,0.08882,0.0,1.1256,200000,242943.14711669864,42943.147116698645,1.2147157355834932
2020-06-05,2,1.5085130728095548,0.0,0.08517,0.0,1.1305,200000,242943.14711669864,42943.147116698645,1.2147157355834932
2020-06-06,2,1.322400432397285,0.0,0.08614,0.0,1.1487,200000,242943.14711669864,42943.147116698645,1.2147157355834932
2020-06-07,2,1.2439789267517047,0.0,0.08657,0.0,1.1443,200000,242943.14711669864,42943.147116698645,1.2147157355834932
2020-06-08,0,0.9010163551728162,0.0,0.08648,0.0,1.1852,200000,242943.14711669864,42943.147116698645,1.2147157355834932
2020-06-09,0,0.624188093710207,0.0,0.08291,0.0,1.1721,200000,242943.14711669864,42943.147116698645,1.2147157355834932
2020-06-10,0,0.23851972362437587,0.0,0.0836,0.0,1.2423,200000,242943.14711669864,42943.147116698645,1.2147157355834932
2020-06-11,0,0.08779286076405374,0.0,0.07527,0.0,1.1335,200000,242943.14711669864,42943.147116698645,1.2147157355834932
2020-06-12,0,-0.06253259197527385,0.0,0.07948,0.0,1.2103,200000,242943.14711669864,42943.147116698645,1.2147157355834932
2020-06-13,0,-0.4157166739852055,0.0,0.07906,0.0,1.2489,200000,242943.14711669864,42943.147116698645,1.2147157355834932
2020-06-14,0,-0.32646525562184026,0.0,0.07642,0.0,1.1748,200000,242943.14711669864,42943.147116698645,1.2147157355834932
2020-06-15,0,-0.1991980945034763,0.0,0.07824,0.0,1.1659,200000,242943.14711669864,42943.147116698645,1.2147157355834932
2020-06-16,-1,-1.0689519549287634,1532764.335121127,0.07925,-96689.94154131126,1.2563,200000,242943.14711669867,42943.147116698674,1.2147157355834934
2020-06-17,-1,-0.602779771070148,1532764.335121127,0.08349,-96689.94154131126,1.2609,200000,249886.84162870224,49886.84162870224,1.2494342081435112
2020-06-18,-1,-0.7629610073126176,1532764.335121127,0.08176,-96689.94154131126,1.2375,200000,244972.61469687603,44972.61469687603,1.2248630734843802
2020-06-19,-1,-0.7860456527599834,1532764.335121127,0.07987,-96689.94154131126,1.2151,200000,239909.83541297173,39909.83541297173,1.1995491770648588
2020-06-20,-1,-0.678479135180871,1532764.335121127,0.07953,-96689.94154131126,1.2023,200000,238151.06428730176,38151.064287301764,1.1907553214365088
2020-06-21,-1,-0.7775734864063687,1532764.335121127,0.07841,-96689.94154131126,1.1997,200000,236182.97438395867,36182.97438395867,1.1809148719197933
2020-06-22,0,-0.18026342349652408,0.0,0.08355,0.0,1.2258,200000,233403.2172586678,33403.217258667806,1.167016086293339
2020-06-23,0,-0.38471941025232503,0.0,0.08276,0.0,1.239,200000,233403.2172586678,33403.217258667806,1.167016086293339
2020-06-24,0,0.40680913797526236,0.0,0.08254,0.0,1.1849,200000,233403.2172586678,33403.217258667806,1.167016086293339
2020-06-25,0,0.3347214344527475,0.0,0.08167,0.0,1.1848,200000,233403.2172586678,33403.217258667806,1.167016086293339
2020-06-26,0,0.7579132772370278,0.0,0.08062,0.0,1.1542,200000,233403.2172586678,33403.217258667806,1.167016086293339
2020-06-27,0,0.9286271273061031,0.0,0.07738,0.0,1.1133,200000,233403.2172586678,33403.217258667806,1.167016086293339
2020-06-28,2,1.6457838903536464,0.0,0.08028,0.0,1.1339,200000,233403.2172586678,33403.217258667806,1.167016086293339
2020-06-29,2,2.468323138955296,0.0,0.08392,0.0,1.141,200000,233403.2172586678,33403.217258667806,1.167016086293339
2020-06-30,2,2.186317013126628,0.0,0.08299,0.0,1.12,200000,233403.2172586678,33403.217258667806,1.167016086293339
2020-07-01,2,3.303953879137311,0.0,0.09681,0.0,1.1515,200000,233403.2172586678,33403.217258667806,1.167016086293339
2020-07-02,2,2.353047595146647,0.0,0.09291,0.0,1.1258,200000,233403.2172586678,33403.217258667806,1.167016086293339
2020-07-03,2,2.385533534856947,0.0,0.09655,0.0,1.121,200000,233403.2172586678,33403.217258667806,1.167016086293339
2020-07-04,2,2.228314666695328,0.0,0.10005,0.0,1.1305,200000,233403.2172586678,33403.217258667806,1.167016086293339
2020-07-05,2,1.8358224334057864,0.0,0.09813,0.0,1.116,200000,233403.2172586678,33403.217258667806,1.167016086293339
2020-07-06,2,1.8636996301567395,0.0,0.10512,0.0,1.1597,200000,233403.2172586678,33403.217258667806,1.167016086293339
2020-07-07,2,2.3780778049458697,0.0,0.11764,0.0,1.1672,200000,233403.2172586678,33403.217258667806,1.167016086293339
2020-07-08,2,2.3740499062827305,0.0,0.12993,0.0,1.2117,200000,233403.2172586678,33403.217258667806,1.167016086293339
2020-07-09,2,1.9311813599567196,0.0,0.12403,0.0,1.1704,200000,233403.2172586678,33403.217258667806,1.167016086293339
2020-07-10,2,1.4710705362924228,0.0,0.11846,0.0,1.1585,200000,233403.2172586678,33403.217258667806,1.167016086293339
2020-07-11,2,1.444479217481535,0.0,0.12523,0.0,1.2008,200000,233403.2172586678,33403.217258667806,1.167016086293339
2020-07-12,2,1.3243275009179338,0.0,0.12685,0.0,1.2111,200000,233403.2172586678,33403.217258667806,1.167016086293339
2020-07-13,2,1.2168251043577827,0.0,0.12427,0.0,1.1835,200000,233403.2172586678,33403.217258667806,1.167016086293339
2020-07-14,0,0.8205568607470427,0.0,0.13256,0.0,1.3189,200000,233403.2172586678,33403.217258667806,1.167016086293339
2020-07-15,0,0.6300913769436531,0.0,0.13069,0.0,1.3215,200000,233403.2172586678,33403.217258667806,1.167016086293339
2020-07-16,0,0.1496842632050312,0.0,0.12602,0.0,1.3487,200000,233403.2172586678,33403.217258667806,1.167016086293339
2020-07-17,0,-0.7282521118298766,0.0,0.12224,0.0,1.4601,200000,233403.2172586678,33403.217258667806,1.167016086293339
2020-07-18,0,-0.8664454135856365,0.0,0.1227,0.0,1.4689,200000,233403.2172586678,33403.217258667806,1.167016086293339
2020-07-19,0,-0.8367868985368658,0.0,0.12402,0.0,1.4572,200000,233403.2172586678,33403.217258667806,1.167016086293339
2020-07-20,-2,-1.9769571071325973,0.0,0.11771,0.0,1.5996,200000,233403.2172586678,33403.217258667806,1.167016086293339
2020-07-21,-2,-1.7367590537103346,0.0,0.12321,0.0,1.6581,200000,233403.2172586678,33403.217258667806,1.167016086293339
2020-07-22,-2,-1.631305854857661,0.0,0.1238,0.0,1.6715,200000,233403.2172586678,33403.217258667806,1.167016086293339
2020-07-23,-1,-1.1903725946909636,939475.194246771,0.12422,-73489.67797816996,1.588,200000,233403.2172586678,33403.217258667806,1.167016086293339
2020-07-24,-1,-1.1186362682945978,939475.194246771,0.12197,-73489.67797816996,1.5617,200000,229356.6195407867,29356.61954078669,1.1467830977039335
2020-07-25,0,0.17665582912304914,0.0,0.14362,0.0,1.527,200000,210694.52813361207,10694.528133612068,1.0534726406680603
2020-07-26,0,0.4217947170026879,0.0,0.14849,0.0,1.525,200000,210694.52813361207,10694.528133612068,1.0534726406680603
2020-07-27,0,0.17878568620170865,0.0,0.13859,0.0,1.4734,200000,210694.52813361207,10694.528133612068,1.0534726406680603
2020-07-28,0,0.6809534962184594,0.0,0.14904,0.0,1.4994,200000,210694.52813361207,10694.528133612068,1.0534726406680603
2020-07-29,0,0.20249658211767047,0.0,0.13972,0.0,1.5003,200000,210694.52813361207,10694.528133612068,1.0534726406680603
2020-07-30,0,0.1457096759742819,0.0,0.1406,0.0,1.5293,200000,210694.52813361207,10694.528133612068,1.0534726406680603
2020-07-31,0,0.1509769619534415,0.0,0.13878,0.0,1.5206,200000,210694.52813361207,10694.528133612068,1.0534726406680603
2020-08-01,0,0.27758077983874735,0.0,0.1441,0.0,1.5707,200000,210694.52813361207,10694.528133612068,1.0534726406680603
2020-08-02,0,-0.48877607784275123,0.0,0.13375,0.0,1.599,200000,210694.52813361207,10694.528133612068,1.0534726406680603
2020-08-03,0,-0.7090654261958522,0.0,0.1373,0.0,1.6956,200000,210694.52813361207,10694.528133612068,1.0534726406680603
2020-08-04,0,0.08207237962461195,0.0,0.14335,0.0,1.6458,200000,210694.52813361207,10694.528133612068,1.0534726406680603
2020-08-05,0,0.03430559696676952,0.0,0.14227,0.0,1.6475,200000,210694.52813361207,10694.528133612068,1.0534726406680603
2020-08-06,0,-0.21552954344888578,0.0,0.14444,0.0,1.711,200000,210694.52813361207,10694.528133612068,1.0534726406680603
2020-08-07,0,-0.9972211314856961,0.0,0.13888,0.0,1.786,200000,210694.52813361207,10694.528133612068,1.0534726406680603
2020-08-08,0,-0.6245744550844147,0.0,0.14696,0.0,1.8258,200000,210694.52813361207,10694.528133612068,1.0534726406680603
2020-08-09,-2,-1.3739461391815833,0.0,0.14512,0.0,1.9479,200000,210694.52813361207,10694.528133612068,1.0534726406680603
2020-08-10,-2,-1.5482819370380774,0.0,0.14383,0.0,1.9747,200000,210694.52813361207,10694.528133612068,1.0534726406680603
2020-08-11,-2,-1.4681972297933215,0.0,0.13685,0.0,1.8648,200000,210694.52813361207,10694.528133612068,1.0534726406680603
2020-08-12,-2,-2.274231032609276,0.0,0.1367,0.0,2.1706,200000,210694.52813361207,10694.528133612068,1.0534726406680603
2020-08-13,-2,-3.036585305456367,0.0,0.13944,0.0,3.3267,200000,210694.52813361207,10694.528133612068,1.0534726406680603
2020-08-14,-2,-2.4851824129002855,0.0,0.13826,0.0,3.4914,200000,210694.52813361207,10694.528133612068,1.0534726406680603
2020-08-15,-2,-2.02857820205109,0.0,0.13837,0.0,3.3895,200000,210694.52813361207,10694.528133612068,1.0534726406680603
2020-08-16,-2,-2.0041429799694637,0.0,0.13882,0.0,4.0341,200000,210694.52813361207,10694.528133612068,1.0534726406680603
2020-08-17,-2,-1.8498358042075913,0.0,0.14039,0.0,4.4095,200000,210694.52813361207,10694.528133612068,1.0534726406680603
2020-08-18,-2,-1.5927214132420897,0.0,0.13691,0.0,4.1839,200000,210694.52813361207,10694.528133612068,1.0534726406680603
2020-08-19,-2,-1.3744912145189438,0.0,0.12966,0.0,3.8151,200000,210694.52813361207,10694.528133612068,1.0534726406680603
2020-08-20,-2,-1.2096478322255044,0.0,0.13413,0.0,3.8557,200000,210694.52813361207,10694.528133612068,1.0534726406680603
2020-08-21,0,-0.952372673237177,0.0,0.12315,0.0,3.2014,200000,210694.52813361207,10694.528133612068,1.0534726406680603
2020-08-22,0,-0.9222466033289001,0.0,0.12515,0.0,3.3831,200000,210694.52813361207,10694.528133612068,1.0534726406680603
2020-08-23,0,-0.9292011204433074,0.0,0.12141,0.0,3.499,200000,210694.52813361207,10694.528133612068,1.0534726406680603
2020-08-24,0,-0.8805731487950673,0.0,0.12361,0.0,3.6478,200000,210694.52813361207,10694.528133612068,1.0534726406680603
2020-08-25,0,-0.7587898125672536,0.0,0.11239,0.0,3.227,200000,210694.52813361207,10694.528133612068,1.0534726406680603
2020-08-26,0,-0.6721383988164481,0.0,0.11435,0.0,3.2575,200000,210694.52813361207,10694.528133612068,1.0534726406680603
2020-08-27,0,-0.6239808930959224,0.0,0.10725,0.0,3.0972,200000,210694.52813361207,10694.528133612068,1.0534726406680603
2020-08-28,0,-0.6942406657471629,0.0,0.10927,0.0,3.3697,200000,210694.52813361207,10694.528133612068,1.0534726406680603
2020-08-29,0,-0.48371874413948585,0.0,0.11623,0.0,3.37,200000,210694.52813361207,10694.528133612068,1.0534726406680603
2020-08-30,0,-0.3864277231525785,0.0,0.11747,0.0,3.3786,200000,210694.52813361207,10694.528133612068,1.0534726406680603
2020-08-31,0,-0.4156005083986626,0.0,0.12253,0.0,3.5954,200000,210694.52813361207,10694.528133612068,1.0534726406680603
2020-09-01,0,-0.10058047497434104,0.0,0.12445,0.0,3.5345,200000,210694.52813361207,10694.528133612068,1.0534726406680603
2020-09-02,0,-0.025974446461383145,0.0,0.11489,0.0,3.2748,200000,210694.52813361207,10694.528133612068,1.0534726406680603
2020-09-03,2,1.4521816756540782,0.0,0.09446,0.0,2.4758,200000,210694.52813361207,10694.528133612068,1.0534726406680603
2020-09-04,2,2.0346333718636727,0.0,0.10156,0.0,2.6204,200000,210694.52813361207,10694.528133612068,1.0534726406680603
2020-09-05,2,1.8083333254760678,0.0,0.09,0.0,2.3133,200000,210694.52813361207,10694.528133612068,1.0534726406680603
2020-09-06,1,1.024497693768027,-1137659.439166372,0.0926,42633.45368952085,2.471,200000,210694.52813361207,10694.528133612068,1.0534726406680603
2020-09-07,2,1.613660552030462,0.0,0.0936,0.0,2.3998,200000,214867.68947547232,14867.689475472318,1.0743384473773616
2020-09-08,2,1.5238373304989414,0.0,0.09101,0.0,2.32,200000,214867.68947547232,14867.689475472318,1.0743384473773616
2020-09-09,2,1.236959387020583,0.0,0.09331,0.0,2.3971,200000,214867.68947547232,14867.689475472318,1.0743384473773616
2020-09-10,2,1.5802711335119186,0.0,0.09709,0.0,2.4337,200000,214867.68947547232,14867.689475472318,1.0743384473773616
2020-09-11,1,1.0283115021272746,-1107451.2394365133,0.09701,42973.537895094465,2.5,200000,214867.68947547232,14867.689475472318,1.0743384473773616
2020-09-12,1,0.3733477588555201,-1107451.2394365133,0.09771,42973.537895094465,2.6119,200000,220451.64423353894,20451.644233538944,1.1022582211676948
2020-09-13,0,-2.153429896635021,0.0,0.09507,0.0,3.0776,200000,187897.71858275894,-12102.281417241058,0.9394885929137947
2020-09-14,-1,-1.0862895743511432,972253.5371145552,0.09663,-32561.210027165103,2.8853,200000,187897.71858275894,-12102.281417241058,0.9394885929137947
2020-09-15,0,0.37719654671860087,0.0,0.09313,0.0,2.4875,200000,178347.7566138536,-21652.24338614641,0.891738783069268
2020-09-16,0,-0.28956098663123125,0.0,0.09151,0.0,2.5589,200000,178347.7566138536,-21652.24338614641,0.891738783069268
2020-09-17,0,0.05390526708951346,0.0,0.09408,0.0,2.5523,200000,178347.7566138536,-21652.24338614641,0.891738783069268
2020-09-18,0,0.12340684915130604,0.0,0.09093,0.0,2.4474,200000,178347.7566138536,-21652.24338614641,0.891738783069268
2020-09-19,0,-0.4227101109267923,0.0,0.09141,0.0,2.5426,200000,178347.7566138536,-21652.24338614641,0.891738783069268
2020-09-20,0,-0.18717872764152627,0.0,0.08936,0.0,2.4389,200000,178347.7566138536,-21652.24338614641,0.891738783069268
2020-09-21,0,-0.0316703947019786,0.0,0.07983,0.0,2.1531,200000,178347.7566138536,-21652.24338614641,0.891738783069268
2020-09-22,0,-0.23968147245881022,0.0,0.08146,0.0,2.2183,200000,178347.7566138536,-21652.24338614641,0.891738783069268
2020-09-23,0,-0.8411925047941078,0.0,0.07663,0.0,2.1718,200000,178347.7566138536,-21652.24338614641,0.891738783069268
2020-09-24,0,-0.9460828654338135,0.0,0.08254,0.0,2.3686,200000,178347.7566138536,-21652.24338614641,0.891738783069268
2020-09-25,2,1.5854441867339235,0.0,0.09693,0.0,2.3894,200000,178347.7566138536,-21652.24338614641,0.891738783069268
2020-09-26,0,0.42511231806479505,0.0,0.09547,0.0,2.5148,200000,178347.7566138536,-21652.24338614641,0.891738783069268
2020-09-27,2,1.5491571498888204,0.0,0.1013,0.0,2.4835,200000,178347.7566138536,-21652.24338614641,0.891738783069268
2020-09-28,2,1.686389765640274,0.0,0.1003,0.0,2.4173,200000,178347.7566138536,-21652.24338614641,0.891738783069268
2020-09-29,2,1.4659289336092678,0.0,0.1011,0.0,2.4515,200000,178347.7566138536,-21652.24338614641,0.891738783069268
2020-09-30,0,0.7906255163757637,0.0,0.10136,0.0,2.5734,200000,178347.7566138536,-21652.24338614641,0.891738783069268
2020-10-01,0,0.05561647993809836,0.0,0.09804,0.0,2.624,200000,178347.7566138536,-21652.24338614641,0.891738783069268
2020-10-02,0,0.23969725822759533,0.0,0.09286,0.0,2.452,200000,178347.7566138536,-21652.24338614641,0.891738783069268
2020-10-03,0,0.42327756452664844,0.0,0.09328,0.0,2.42,200000,178347.7566138536,-21652.24338614641,0.891738783069268
2020-10-04,2,1.3934756590879362,0.0,0.09686,0.0,2.3699,200000,178347.7566138536,-21652.24338614641,0.891738783069268
2020-10-05,2,1.4110144710620565,0.0,0.09738,0.0,2.3597,200000,178347.7566138536,-21652.24338614641,0.891738783069268
2020-10-06,2,1.8111524944386026,0.0,0.09289,0.0,2.1724,200000,178347.7566138536,-21652.24338614641,0.891738783069268
2020-10-07,0,0.970035476989568,0.0,0.09374,0.0,2.2845,200000,178347.7566138536,-21652.24338614641,0.891738783069268
2020-10-08,1,1.121736217464752,-925808.5372396884,0.09632,38588.37609023618,2.3109,200000,178347.7566138536,-21652.24338614641,0.891738783069268
2020-10-09,2,1.2583778553456644,0.0,0.10129,0.0,2.3927,200000,179792.49587975355,-20207.50412024645,0.8989624793987677
2020-10-10,2,1.4689554966991956,0.0,0.10493,0.0,2.4244,200000,179792.49587975355,-20207.50412024645,0.8989624793987677
2020-10-11,2,1.3907603516098832,0.0,0.10648,0.0,2.4477,200000,179792.49587975355,-20207.50412024645,0.8989624793987677
2020-10-12,2,1.5672858742535862,0.0,0.10945,0.0,2.4622,200000,179792.49587975355,-20207.50412024645,0.8989624793987677
2020-10-13,1,1.100552898270444,-822848.9513947531,0.10925,35719.89030868867,2.5167,200000,179792.49587975355,-20207.50412024645,0.8989624793987677
2020-10-14,1,0.7500434681725779,-822848.9513947531,0.10703,35719.89030868867,2.5097,200000,177715.7319754964,-22284.268024503603,0.888578659877482
2020-10-15,0,-0.7402888809869733,0.0,0.10666,0.0,2.697,200000,171221.02087298458,-28778.979127015424,0.8561051043649228
2020-10-16,-2,-2.430186662613477,0.0,0.10414,0.0,2.9557,200000,171221.02087298458,-28778.979127015424,0.8561051043649228
2020-10-17,-2,-2.507911401914174,0.0,0.10598,0.0,3.1854,200000,171221.02087298458,-28778.979127015424,0.8561051043649228
2020-10-18,-2,-1.6316106489168734,0.0,0.10735,0.0,3.0567,200000,171221.02087298458,-28778.979127015424,0.8561051043649228
2020-10-19,0,-0.9521396885928826,0.0,0.10859,0.0,2.9373,200000,171221.02087298458,-28778.979127015424,0.8561051043649228
2020-10-20,-2,-1.2356070870831162,0.0,0.10238,0.0,2.8678,200000,171221.02087298458,-28778.979127015424,0.8561051043649228
2020-10-21,-2,-1.5849354267320568,0.0,0.10589,0.0,3.1111,200000,171221.02087298458,-28778.979127015424,0.8561051043649228
2020-10-22,-2,-1.4244504182600324,0.0,0.11077,0.0,3.2438,200000,171221.02087298458,-28778.979127015424,0.8561051043649228
2020-10-23,-2,-1.734245400248152,0.0,0.10805,0.0,3.3709,200000,171221.02087298458,-28778.979127015424,0.8561051043649228
2020-10-24,-2,-1.6464787380092079,0.0,0.10797,0.0,3.4382,200000,171221.02087298458,-28778.979127015424,0.8561051043649228
2020-10-25,-2,-1.2627200027788072,0.0,0.10639,0.0,3.2784,200000,171221.02087298458,-28778.979127015424,0.8561051043649228
2020-10-26,-1,-1.1267482600487313,830686.1094167697,0.10306,-27011.582771657817,3.1694,200000,171221.02087298458,-28778.979127015424,0.8561051043649228
2020-10-27,-1,-1.0246594110718004,830686.1094167697,0.10256,-27011.582771657817,3.1569,200000,170468.03303363046,-29531.96696636954,0.8523401651681524
2020-10-28,-1,-0.9528514824237299,830686.1094167697,0.09869,-27011.582771657817,3.0504,200000,164376.54422500602,-35623.455774993985,0.8218827211250301
2020-10-29,-1,-1.0229420735300814,830686.1094167697,0.09531,-27011.582771657817,3.0232,200000,160834.11012378824,-39165.88987621176,0.8041705506189412
2020-10-30,-2,-1.4084823900889463,0.0,0.0933,0.0,3.2101,200000,180427.8887196987,-19572.111280301295,0.9021394435984935
2020-10-31,-2,-1.3590816699600374,0.0,0.093,0.0,3.2329,200000,180427.8887196987,-19572.111280301295,0.9021394435984935
2020-11-01,0,-0.9253600838902115,0.0,0.09827,0.0,3.2231,200000,180427.8887196987,-19572.111280301295,0.9021394435984935
2020-11-02,-1,-1.1236095298077993,978353.1543200234,0.09221,-28965.78724027913,3.1145,200000,180427.8887196987,-19572.111280301295,0.9021394435984935
2020-11-03,-1,-1.1172028996983563,978353.1543200234,0.09357,-28965.78724027913,3.1477,200000,182720.1131459512,-17279.88685404879,0.913600565729756
2020-11-04,-1,-1.0563557203194227,978353.1543200234,0.0955,-28965.78724027913,3.1986,200000,186082.69330431905,-13917.306695680949,0.9304134665215953
2020-11-05,-2,-1.479489149696302,0.0,0.09752,0.0,3.4277,200000,184304.91803391482,-15695.081966085185,0.9215245901695741
2020-11-06,0,-0.5403870303513562,0.0,0.1091,0.0,3.5691,200000,184304.91803391482,-15695.081966085185,0.9215245901695741
2020-11-07,0,-0.9296021754267473,0.0,0.10128,0.0,3.4434,200000,184304.91803391482,-15695.081966085185,0.9215245901695741
2020-11-08,0,-0.4893193578796866,0.0,0.10655,0.0,3.5186,200000,184304.91803391482,-15695.081966085185,0.9215245901695741
2020-11-09,-2,-1.677283889558815,0.0,0.10561,0.0,3.7976,200000,184304.91803391482,-15695.081966085185,0.9215245901695741
2020-11-10,-2,-1.603953101680037,0.0,0.1059,0.0,3.8268,200000,184304.91803391482,-15695.081966085185,0.9215245901695741
2020-11-11,-1,-1.1950584749917998,869444.8440131843,0.10599,-24595.63322842966,3.7467,200000,184304.91803391482,-15695.081966085185,0.9215245901695741
2020-11-12,-2,-1.7848311932482415,0.0,0.1046,0.0,3.891,200000,189062.59624195556,-10937.403758044442,0.9453129812097778
2020-11-13,-2,-1.9618969393715393,0.0,0.10629,0.0,4.0975,200000,189062.59624195556,-10937.403758044442,0.9453129812097778
2020-11-14,-2,-2.3275481027819183,0.0,0.10411,0.0,4.2902,200000,189062.59624195556,-10937.403758044442,0.9453129812097778
2020-11-15,-2,-2.3780135365612427,0.0,0.10046,0.0,4.3653,200000,189062.59624195556,-10937.403758044442,0.9453129812097778
2020-11-16,-2,-2.5011021788041248,0.0,0.10387,0.0,4.9029,200000,189062.59624195556,-10937.403758044442,0.9453129812097778
2020-11-17,-2,-1.8658787131935761,0.0,0.10947,0.0,4.9243,200000,189062.59624195556,-10937.403758044442,0.9453129812097778
2020-11-18,-2,-2.048933367694996,0.0,0.10658,0.0,5.1728,200000,189062.59624195556,-10937.403758044442,0.9453129812097778
2020-11-19,-2,-2.2642125125974526,0.0,0.1059,0.0,5.8456,200000,189062.59624195556,-10937.403758044442,0.9453129812097778
2020-11-20,-2,-2.0242738424853695,0.0,0.11828,0.0,6.7653,200000,189062.59624195556,-10937.403758044442,0.9453129812097778
2020-11-21,0,-0.984360093275193,0.0,0.13334,0.0,6.2111,200000,189062.59624195556,-10937.403758044442,0.9453129812097778
2020-11-22,-1,-1.0634741012844642,647518.9952803464,0.14599,-13371.520046534142,7.0696,200000,189062.59624195556,-10937.403758044442,0.9453129812097778
2020-11-23,-2,-1.2015920917522591,0.0,0.15445,0.0,7.9207,200000,194965.08625348902,-5034.913746510982,0.9748254312674451
2020-11-24,0,-0.5151475351573781,0.0,0.16721,0.0,7.5488,200000,194965.08625348902,-5034.913746510982,0.9748254312674451
2020-11-25,0,-0.23342275552369207,0.0,0.15473,0.0,6.7033,200000,194965.08625348902,-5034.913746510982,0.9748254312674451
2020-11-26,0,-0.21346873407428235,0.0,0.13843,0.0,6.0606,200000,194965.08625348902,-5034.913746510982,0.9748254312674451
2020-11-27,0,-0.3682606709671511,0.0,0.14178,0.0,6.4518,200000,194965.08625348902,-5034.913746510982,0.9748254312674451
2020-11-28,0,0.6311653963027086,0.0,0.16489,0.0,6.5973,200000,194965.08625348902,-5034.913746510982,0.9748254312674451
2020-11-29,0,0.3024664911743386,0.0,0.16663,0.0,7.0331,200000,194965.08625348902,-5034.913746510982,0.9748254312674451
2020-11-30,0,0.6034668523760238,0.0,0.17204,0.0,7.0841,200000,194965.08625348902,-5034.913746510982,0.9748254312674451
2020-12-01,0,0.19152554406476638,0.0,0.15562,0.0,6.8201,200000,194965.08625348902,-5034.913746510982,0.9748254312674451
2020-12-02,0,0.15769558415888063,0.0,0.15845,0.0,7.0493,200000,194965.08625348902,-5034.913746510982,0.9748254312674451
2020-12-03,0,0.12826078896850784,0.0,0.16398,0.0,7.3857,200000,194965.08625348902,-5034.913746510982,0.9748254312674451
2020-12-04,0,-0.6883104632527939,0.0,0.14781,0.0,7.227,200000,194965.08625348902,-5034.913746510982,0.9748254312674451
2020-12-05,0,-0.9938297277732087,0.0,0.15993,0.0,8.1289,200000,194965.08625348902,-5034.913746510982,0.9748254312674451
2020-12-06,-2,-1.30854400621816,0.0,0.15873,0.0,8.4331,200000,194965.08625348902,-5034.913746510982,0.9748254312674451
2020-12-07,-2,-1.7983873509011945,0.0,0.15401,0.0,8.9462,200000,194965.08625348902,-5034.913746510982,0.9748254312674451
2020-12-08,-2,-1.2793805955047743,0.0,0.1412,0.0,7.7944,200000,194965.08625348902,-5034.913746510982,0.9748254312674451
2020-12-09,-2,-1.571361941260008,0.0,0.14796,0.0,8.5543,200000,194965.08625348902,-5034.913746510982,0.9748254312674451
2020-12-10,-2,-1.4940061823803354,0.0,0.14188,0.0,8.116,200000,194965.08625348902,-5034.913746510982,0.9748254312674451
2020-12-11,-2,-1.4511522391086096,0.0,0.13926,0.0,8.1207,200000,194965.08625348902,-5034.913746510982,0.9748254312674451
2020-12-12,-2,-1.3468029227395022,0.0,0.14438,0.0,8.4688,200000,194965.08625348902,-5034.913746510982,0.9748254312674451
2020-12-13,-1,-1.0018844696805718,632756.9980964852,0.15406,-11280.221146593285,8.6419,200000,194965.08625348902,-5034.913746510982,0.9748254312674451
2020-12-14,-1,-0.7143206485060279,632756.9980964852,0.15877,-11280.221146593285,8.6192,200000,197689.3106944958,-2310.689305504202,0.988446553472479
2020-12-15,-1,-0.45800675923292866,632756.9980964852,0.15381,-11280.221146593285,8.1174,200000,188890.42101257673,-11109.578987423272,0.9444521050628837
2020-12-16,0,0.03777703383640435,0.0,0.16814,0.0,8.3437,200000,182692.10577437637,-17307.894225623633,0.9134605288718818
2020-12-17,0,0.23753534972446033,0.0,0.16336,0.0,7.93,200000,182692.10577437637,-17307.894225623633,0.9134605288718818
2020-12-18,0,0.5535373608619975,0.0,0.16502,0.0,7.8286,200000,182692.10577437637,-17307.894225623633,0.9134605288718818
2020-12-19,0,0.8069326844382562,0.0,0.16433,0.0,7.6656,200000,182692.10577437637,-17307.894225623633,0.9134605288718818
2020-12-20,2,1.4801610495391413,0.0,0.16201,0.0,7.1741,200000,182692.10577437637,-17307.894225623633,0.9134605288718818
2020-12-21,2,1.64854018186511,0.0,0.15278,0.0,6.6577,200000,182692.10577437637,-17307.894225623633,0.9134605288718818
2020-12-22,2,1.2352561190255706,0.0,0.15646,0.0,7.0959,200000,182692.10577437637,-17307.894225623633,0.9134605288718818
2020-12-23,2,1.7224534012426629,0.0,0.13635,0.0,5.8732,200000,182692.10577437637,-17307.894225623633,0.9134605288718818
2020-12-24,2,1.6892091199479744,0.0,0.15304,0.0,6.4838,200000,182692.10577437637,-17307.894225623633,0.9134605288718818
2020-12-25,2,1.5178389011531026,0.0,0.15761,0.0,6.6622,200000,182692.10577437637,-17307.894225623633,0.9134605288718818
2020-12-26,2,1.7693065748871366,0.0,0.15839,0.0,6.3428,200000,182692.10577437637,-17307.894225623633,0.9134605288718818
2020-12-27,2,1.3189578778210456,0.0,0.15467,0.0,6.3995,200000,182692.10577437637,-17307.894225623633,0.9134605288718818
2020-12-28,2,1.90011762843077,0.0,0.17627,0.0,6.6245,200000,182692.10577437637,-17307.894225623633,0.9134605288718818
2020-12-29,2,1.828266526704384,0.0,0.19067,0.0,7.0125,200000,182692.10577437637,-17307.894225623633,0.9134605288718818
2020-12-30,2,1.7677991833525224,0.0,0.18389,0.0,6.6235,200000,182692.10577437637,-17307.894225623633,0.9134605288718818
2020-12-31,2,1.9513456287220696,0.0,0.18134,0.0,6.1939,200000,182692.10577437637,-17307.894225623633,0.9134605288718818
2021-01-01,2,1.7539738818901471,0.0,0.17509,0.0,5.9795,200000,182692.10577437637,-17307.894225623633,0.9134605288718818
2021-01-02,2,2.1251124628042675,0.0,0.17742,0.0,5.5873,200000,182692.10577437637,-17307.894225623633,0.9134605288718818
2021-01-03,2,2.731449140391283,0.0,0.20615,0.0,5.5581,200000,182692.10577437637,-17307.894225623633,0.9134605288718818
2021-01-04,2,2.7960354138192316,0.0,0.22528,0.0,5.3943,200000,182692.10577437637,-17307.894225623633,0.9134605288718818
2021-01-05,2,2.6994994592457577,0.0,0.25873,0.0,5.5768,200000,182692.10577437637,-17307.894225623633,0.9134605288718818
2021-01-06,2,2.9338502329598968,0.0,0.33309,0.0,5.84,200000,182692.10577437637,-17307.894225623633,0.9134605288718818
2021-01-07,2,1.8997451437141148,0.0,0.29928,0.0,5.9377,200000,182692.10577437637,-17307.894225623633,0.9134605288718818
2021-01-08,2,1.919329795249491,0.0,0.30389,0.0,5.6108,200000,182692.10577437637,-17307.894225623633,0.9134605288718818
2021-01-09,2,1.625946511573034,0.0,0.33062,0.0,6.1818,200000,182692.10577437637,-17307.894225623633,0.9134605288718818
2021-01-10,0,0.9253019248719514,0.0,0.30153,0.0,6.5273,200000,182692.10577437637,-17307.894225623633,0.9134605288718818
2021-01-11,1,1.0525680275450275,-331324.0946216474,0.2757,16258.374784135729,5.6184,200000,182692.10577437637,-17307.894225623633,0.9134605288718818
2021-01-12,1,0.8692311505351576,-331324.0946216474,0.28888,16258.374784135729,6.023,200000,193637.09577915102,-6362.904220848985,0.9681854788957551
2021-01-13,1,0.860905113593302,-331324.0946216474,0.3123,16258.374784135729,6.3812,200000,207220.4559228674,7220.455922867404,1.036102279614337
2021-01-14,1,0.735108775973073,-331324.0946216474,0.31201,16258.374784135729,6.4439,200000,208143.77203439243,8143.77203439243,1.0407188601719621
2021-01-15,1,0.579534049460468,-331324.0946216474,0.30188,16258.374784135729,6.3539,200000,203324.2052253029,3324.205225302896,1.0166210261265145
2021-01-16,1,0.9867774551696141,-331324.0946216474,0.35071,16258.374784135729,6.6316,200000,224017.71144323246,24017.71144323246,1.1200885572161623
2021-01-17,1,0.7855252547229464,-331324.0946216474,0.38081,16258.374784135729,7.3768,200000,246106.30758048198,46106.30758048198,1.23053153790241
2021-01-18,1,0.27090129372753796,-331324.0946216474,0.37123,16258.374784135729,7.8384,200000,250437.08855436364,50437.08855436364,1.2521854427718182
2021-01-19,1,0.7048273668424514,-331324.0946216474,0.3672,16258.374784135729,7.0773,200000,236727.6034048327,36727.60340483271,1.1836380170241636
2021-01-20,1,0.6630313704426579,-331324.0946216474,0.37532,16258.374784135729,7.2094,200000,241565.68636214483,41565.68636214483,1.2078284318107242
2021-01-21,1,0.5139064700906687,-331324.0946216474,0.30785,16258.374784135729,5.9885,200000,199361.39992407095,-638.6000759290473,0.9968069996203548
2021-01-22,1,1.0808555686174295,-331324.0946216474,0.34867,16258.374784135729,6.4028,200000,219621.89413959405,19621.89413959405,1.0981094706979702
2021-01-23,1,0.6132943939890633,-331324.0946216474,0.34583,16258.374784135729,6.5923,200000,221761.8957324623,21761.89573246229,1.1088094786623115
2021-01-24,0,-0.03482453246629398,0.0,0.35345,0.0,6.9833,200000,186261.49838834262,-13738.501611657382,0.931307491941713
2021-01-25,0,0.1628876726368779,0.0,0.34308,0.0,6.6723,200000,186261.49838834262,-13738.501611657382,0.931307491941713
2021-01-26,0,-0.15037371679838193,0.0,0.3433,0.0,6.8288,200000,186261.49838834262,-13738.501611657382,0.931307491941713
2021-01-27,0,0.3773854758544165,0.0,0.31144,0.0,6.0371,200000,186261.49838834262,-13738.501611657382,0.931307491941713
2021-01-28,2,1.6620142914333762,0.0,0.34409,0.0,6.2836,200000,186261.49838834262,-13738.501611657382,0.931307491941713
2021-01-29,1,1.08737804322892,-267986.7322576292,0.34752,14296.355586044749,6.5143,200000,186261.49838834262,-13738.501611657382,0.931307491941713
2021-01-30,2,1.271928878987559,0.0,0.364,0.0,6.74,200000,187451.23228017802,-12548.767719821975,0.9372561614008901
2021-01-31,0,0.6206986056778819,0.0,0.34475,0.0,6.5438,200000,187451.23228017802,-12548.767719821975,0.9372561614008901
2021-02-01,2,2.4739996642730455,0.0,0.40876,0.0,7.0187,200000,187451.23228017802,-12548.767719821975,0.9372561614008901
2021-02-02,2,2.692945272659076,0.0,0.42498,0.0,6.9479,200000,187451.23228017802,-12548.767719821975,0.9372561614008901
2021-02-03,2,2.1037543197462565,0.0,0.44189,0.0,7.2973,200000,187451.23228017802,-12548.767719821975,0.9372561614008901
2021-02-04,2,1.869402586481292,0.0,0.43934,0.0,7.2465,200000,187451.23228017802,-12548.767719821975,0.9372561614008901
2021-02-05,2,1.6963543493905642,0.0,0.53917,0.0,8.8459,200000,187451.23228017802,-12548.767719821975,0.9372561614008901
2021-02-06,2,3.363087368442192,0.0,0.63444,0.0,8.1914,200000,187451.23228017802,-12548.767719821975,0.9372561614008901
2021-02-07,2,2.902878522249105,0.0,0.66109,0.0,8.0508,200000,187451.23228017802,-12548.767719821975,0.9372561614008901
2021-02-08,2,2.2123773055513336,0.0,0.67638,0.0,8.3875,200000,187451.23228017802,-12548.767719821975,0.9372561614008901
2021-02-09,2,1.217752009207507,0.0,0.70562,0.0,9.7879,200000,187451.23228017802,-12548.767719821975,0.9372561614008901
2021-02-10,2,2.698349150683415,0.0,0.93966,0.0,9.6669,200000,187451.23228017802,-12548.767719821975,0.9372561614008901
2021-02-11,2,1.7627781555261859,0.0,0.92796,0.0,10.4596,200000,187451.23228017802,-12548.767719821975,0.9372561614008901
2021-02-12,2,1.3504182006194083,0.0,0.92426,0.0,10.8509,200000,187451.23228017802,-12548.767719821975,0.9372561614008901
2021-02-13,0,0.9841341064647312,0.0,0.91299,0.0,11.2315,200000,187451.23228017802,-12548.767719821975,0.9372561614008901
2021-02-14,0,0.2622578735683421,0.0,0.84364,0.0,11.8003,200000,187451.23228017802,-12548.767719821975,0.9372561614008901
2021-02-15,0,0.6739904207860191,0.0,0.86143,0.0,10.9669,200000,187451.23228017802,-12548.767719821975,0.9372561614008901
2021-02-16,0,0.6030939526811799,0.0,0.87,0.0,11.0666,200000,187451.23228017802,-12548.767719821975,0.9372561614008901
2021-02-17,0,0.4602238441210861,0.0,0.89206,0.0,11.4913,200000,187451.23228017802,-12548.767719821975,0.9372561614008901
2021-02-18,0,0.1071079734592996,0.0,0.91442,0.0,12.3607,200000,187451.23228017802,-12548.767719821975,0.9372561614008901
2021-02-19,0,0.01249129898660487,0.0,0.92581,0.0,12.5462,200000,187451.23228017802,-12548.767719821975,0.9372561614008901
2021-02-20,2,1.4018901043352208,0.0,1.11568,0.0,12.2604,200000,187451.23228017802,-12548.767719821975,0.9372561614008901
2021-02-21,1,1.116832006039848,-85287.29151736129,1.09894,7585.187930148669,12.3564,200000,187451.23228017802,-12548.767719821975,0.9372561614008901
2021-02-22,2,2.1125206057997015,0.0,1.09703,0.0,10.615,200000,200497.17981494076,497.179814940755,1.0024858990747039
2021-02-23,2,1.8236154876952326,0.0,0.96197,0.0,9.3749,200000,200497.17981494076,497.179814940755,1.0024858990747039
2021-02-24,2,1.9341107640009132,0.0,1.04902,0.0,9.8336,200000,200497.17981494076,497.179814940755,1.0024858990747039
2021-02-25,2,2.109641499537872,0.0,1.07691,0.0,9.6074,200000,200497.17981494076,497.179814940755,1.0024858990747039
2021-02-26,2,2.6553885639902854,0.0,1.24303,0.0,9.5612,200000,200497.17981494076,497.179814940755,1.0024858990747039
2021-02-27,2,2.4179577693334844,0.0,1.31402,0.0,9.5955,200000,200497.17981494076,497.179814940755,1.0024858990747039
2021-02-28,2,2.3509392553346347,0.0,1.31203,0.0,8.9026,200000,200497.17981494076,497.179814940755,1.0024858990747039
2021-03-01,2,1.6217703504323329,0.0,1.29627,0.0,9.5234,200000,200497.17981494076,497.179814940755,1.0024858990747039
2021-03-02,2,1.229857391835612,0.0,1.2228,0.0,9.4175,200000,200497.17981494076,497.179814940755,1.0024858990747039
2021-03-03,0,0.8872749653519171,0.0,1.21311,0.0,9.8182,200000,200497.17981494076,497.179814940755,1.0024858990747039
2021-03-04,0,0.5900571243351029,0.0,1.11239,0.0,9.4472,200000,200497.17981494076,497.179814940755,1.0024858990747039
2021-03-05,0,0.4928309450064128,0.0,1.15908,0.0,9.9125,200000,200497.17981494076,497.179814940755,1.0024858990747039
2021-03-06,0,0.2606712047375272,0.0,1.129,0.0,9.9916,200000,200497.17981494076,497.179814940755,1.0024858990747039
2021-03-07,0,0.12679592047931107,0.0,1.13042,0.0,10.1471,200000,200497.17981494076,497.179814940755,1.0024858990747039
2021-03-08,0,0.03623701823058258,0.0,1.11848,0.0,10.0798,200000,200497.17981494076,497.179814940755,1.0024858990747039
2021-03-09,0,-0.007881377006745835,0.0,1.1972,0.0,10.7134,200000,200497.17981494076,497.179814940755,1.0024858990747039
2021-03-10,0,-0.1827629993641759,0.0,1.13261,0.0,10.2479,200000,200497.17981494076,497.179814940755,1.0024858990747039
2021-03-11,0,-0.2592767652733467,0.0,1.1243,0.0,10.0584,200000,200497.17981494076,497.179814940755,1.0024858990747039
2021-03-12,0,-0.8433878145911817,0.0,1.03207,0.0,9.873,200000,200497.17981494076,497.179814940755,1.0024858990747039
2021-03-13,0,-0.7113579657678246,0.0,1.1,0.0,10.153,200000,200497.17981494076,497.179814940755,1.0024858990747039
2021-03-14,0,-0.7664090300108164,0.0,1.05243,0.0,9.7388,200000,200497.17981494076,497.179814940755,1.0024858990747039
2021-03-15,0,-0.8446977912046466,0.0,1.03103,0.0,9.5842,200000,200497.17981494076,497.179814940755,1.0024858990747039
2021-03-16,0,0.6847382435756073,0.0,1.24924,0.0,9.8411,200000,200497.17981494076,497.179814940755,1.0024858990747039
2021-03-17,2,1.2923237547776332,0.0,1.377,0.0,10.1243,200000,200497.17981494076,497.179814940755,1.0024858990747039
2021-03-18,0,0.042040020496434155,0.0,1.22925,0.0,10.2454,200000,200497.17981494076,497.179814940755,1.0024858990747039
2021-03-19,0,0.677977210622785,0.0,1.29474,0.0,10.2076,200000,200497.17981494076,497.179814940755,1.0024858990747039
2021-03-20,0,0.060138527467477436,0.0,1.20046,0.0,10.1674,200000,200497.17981494076,497.179814940755,1.0024858990747039
2021-03-21,0,0.29655625753122367,0.0,1.18561,0.0,9.95,200000,200497.17981494076,497.179814940755,1.0024858990747039
2021-03-22,0,-0.4077960352045528,0.0,1.1015,0.0,9.7854,200000,200497.17981494076,497.179814940755,1.0024858990747039
2021-03-23,-2,-1.7602005324725023,0.0,1.11639,0.0,11.1934,200000,200497.17981494076,497.179814940755,1.0024858990747039
2021-03-24,-2,-1.6434412383445987,0.0,1.06902,0.0,10.836,200000,200497.17981494076,497.179814940755,1.0024858990747039
2021-03-25,0,-0.869993389455287,0.0,1.0956,0.0,10.4376,200000,200497.17981494076,497.179814940755,1.0024858990747039
2021-03-26,-2,-1.3721243901273976,0.0,1.2142,0.0,12.2797,200000,200497.17981494076,497.179814940755,1.0024858990747039
2021-03-27,-2,-1.2357779896365573,0.0,1.17678,0.0,11.8802,200000,200497.17981494076,497.179814940755,1.0024858990747039
2021-03-28,0,-0.9884322059142664,0.0,1.18983,0.0,11.8043,200000,200497.17981494076,497.179814940755,1.0024858990747039
2021-03-29,-2,-1.25179094640542,0.0,1.20239,0.0,12.44,200000,200497.17981494076,497.179814940755,1.0024858990747039
2021-03-30,-1,-1.0088167363106697,82720.86567879129,1.21189,-8139.769721049244,12.3159,200000,200497.17981494076,497.179814940755,1.0024858990747039
2021-03-31,-1,-0.8316797998943221,82720.86567879129,1.19191,-8139.769721049244,11.964,200000,195980.0319538413,-4019.9680461586977,0.9799001597692065
2021-04-01,-1,-0.7461303402706507,82720.86567879129,1.18377,-8139.769721049244,11.8015,200000,193983.97152754542,-6016.028472454578,0.9699198576377271
2021-04-02,-2,-1.3774939718955292,0.0,1.18998,0.0,13.0557,200000,208331.3956215953,8331.395621595293,1.0416569781079765
2021-04-03,0,-0.6057604319991997,0.0,1.16238,0.0,11.5989,200000,208331.3956215953,8331.395621595293,1.0416569781079765
2021-04-04,0,-0.8037860528466079,0.0,1.18206,0.0,12.1824,200000,208331.3956215953,8331.395621595293,1.0416569781079765
2021-04-05,0,-0.8977620976115304,0.0,1.2118,0.0,12.7873,200000,208331.3956215953,8331.395621595293,1.0416569781079765
2021-04-06,0,-0.9944504960362647,0.0,1.252,0.0,13.3887,200000,208331.3956215953,8331.395621595293,1.0416569781079765
2021-04-07,0,-0.5685994380931129,0.0,1.17359,0.0,12.0935,200000,208331.3956215953,8331.395621595293,1.0416569781079765
2021-04-08,-2,-1.4706488217806362,0.0,1.21926,0.0,13.7169,200000,208331.3956215953,8331.395621595293,1.0416569781079765
2021-04-09,-2,-2.8948650652156322,0.0,1.20201,0.0,16.7768,200000,208331.3956215953,8331.395621595293,1.0416569781079765
2021-04-10,-2,-2.3215459097879383,0.0,1.21747,0.0,16.3286,200000,208331.3956215953,8331.395621595293,1.0416569781079765
2021-04-11,-2,-1.5037291101214492,0.0,1.26355,0.0,15.608,200000,208331.3956215953,8331.395621595293,1.0416569781079765
2021-04-12,0,-0.7867980472162551,0.0,1.31431,0.0,15.1712,200000,208331.3956215953,8331.395621595293,1.0416569781079765
2021-04-13,0,-0.4324601187426459,0.0,1.41246,0.0,15.8069,200000,208331.3956215953,8331.395621595293,1.0416569781079765
2021-04-14,0,0.3097018561221915,0.0,1.45092,0.0,15.2118,200000,208331.3956215953,8331.395621595293,1.0416569781079765
2021-04-15,0,0.0342778363652185,0.0,1.4782,0.0,15.9422,200000,208331.3956215953,8331.395621595293,1.0416569781079765
2021-04-16,0,-0.7365218058015017,0.0,1.40989,0.0,16.4725,200000,208331.3956215953,8331.395621595293,1.0416569781079765
2021-04-17,0,-0.41359898756787594,0.0,1.36802,0.0,15.5916,200000,208331.3956215953,8331.395621595293,1.0416569781079765
2021-04-18,0,0.3661075131443031,0.0,1.27693,0.0,13.5951,200000,208331.3956215953,8331.395621595293,1.0416569781079765
2021-04-19,0,0.7096109397808517,0.0,1.1945,0.0,12.3721,200000,208331.3956215953,8331.395621595293,1.0416569781079765
2021-04-20,0,0.3992251758202011,0.0,1.26689,0.0,13.524,200000,208331.3956215953,8331.395621595293,1.0416569781079765
2021-04-21,0,-0.848595407372326,0.0,1.20358,0.0,14.4456,200000,208331.3956215953,8331.395621595293,1.0416569781079765
2021-04-22,0,0.056625799626044,0.0,1.144,0.0,12.6958,200000,208331.3956215953,8331.395621595293,1.0416569781079765
2021-04-23,-2,-1.2443931048858425,0.0,1.15866,0.0,14.6013,200000,208331.3956215953,8331.395621595293,1.0416569781079765
2021-04-24,0,-0.5740132277686094,0.0,1.10287,0.0,13.1594,200000,208331.3956215953,8331.395621595293,1.0416569781079765
2021-04-25,0,-0.4346440822795153,0.0,1.0913,0.0,12.936,200000,208331.3956215953,8331.395621595293,1.0416569781079765
2021-04-26,-2,-2.3192768132061015,0.0,1.2375,0.0,18.523,200000,208331.3956215953,8331.395621595293,1.0416569781079765
2021-04-27,-2,-2.2601868037674597,0.0,1.3063,0.0,20.639,200000,208331.3956215953,8331.395621595293,1.0416569781079765
2021-04-28,-2,-1.3368788007705485,0.0,1.3379,0.0,18.999,200000,208331.3956215953,8331.395621595293,1.0416569781079765
2021-04-29,-2,-2.320955997023096,0.0,1.3063,0.0,23.015,200000,208331.3956215953,8331.395621595293,1.0416569781079765
2021-04-30,-2,-1.920978749928711,0.0,1.3532,0.0,23.261,200000,208331.3956215953,8331.395621595293,1.0416569781079765
2021-05-01,-2,-1.5643972899810172,0.0,1.3516,0.0,22.495,200000,208331.3956215953,8331.395621595293,1.0416569781079765
2021-05-02,-2,-1.6452968665565322,0.0,1.3267,0.0,23.805,200000,208331.3956215953,8331.395621595293,1.0416569781079765
2021-05-03,-2,-2.146451973214428,0.0,1.3622,0.0,32.632,200000,208331.3956215953,8331.395621595293,1.0416569781079765
2021-05-04,-2,-2.086101214588312,0.0,1.2698,0.0,35.175,200000,208331.3956215953,8331.395621595293,1.0416569781079765
2021-05-05,-2,-1.590886335993771,0.0,1.4798,0.0,35.932,200000,208331.3956215953,8331.395621595293,1.0416569781079765
2021-05-06,-1,-1.1022606811582167,63165.17968030905,1.6491,-3044.4453546923173,34.215,200000,208331.3956215953,8331.395621595293,1.0416569781079765
2021-05-07,-1,-0.8688080622529175,63165.17968030905,1.653,-3044.4453546923173,32.447,200000,203195.16043525247,3195.1604352524737,1.0159758021762624
2021-05-08,-1,-0.8296338085801245,63165.17968030905,1.6211,-3044.4453546923173,32.391,200000,201009.70226358785,1009.7022635878529,1.0050485113179393
2021-05-09,-1,-0.44214804560428955,63165.17968030905,1.7663,-3044.4453546923173,31.619,200000,207830.97453934624,7830.974539346236,1.0391548726967312
2021-05-10,-1,-0.5196568960339348,63165.17968030905,1.6423,-3044.4453546923173,30.851,200000,197660.3582265842,-2339.6417734157876,0.988301791132921
2021-05-11,-1,-0.4515603867763496,63165.17968030905,1.7632,-3044.4453546923173,33.172,200000,212363.18611817446,12363.18611817446,1.0618159305908723
2021-05-12,-1,-0.6220712157523449,63165.17968030905,1.5694,-3044.4453546923173,31.664,200000,195530.75070125455,-4469.249298745446,0.9776537535062728
2021-05-13,0,0.282681067131834,0.0,1.9296,0.0,31.874,200000,183486.51614593389,-16513.483854066115,0.9174325807296694
2021-05-14,0,0.3914035777527616,0.0,2.0069,0.0,33.414,200000,183486.51614593389,-16513.483854066115,0.9174325807296694
2021-05-15,2,1.5918431045650583,0.0,2.1744,0.0,31.189,200000,183486.51614593389,-16513.483854066115,0.9174325807296694
2021-05-16,2,2.009968747025261,0.0,2.3002,0.0,30.456,200000,183486.51614593389,-16513.483854066115,0.9174325807296694
2021-05-17,2,1.7733988100608857,0.0,2.0307,0.0,27.001,200000,183486.51614593389,-16513.483854066115,0.9174325807296694
2021-05-18,2,1.4900108691917722,0.0,2.0036,0.0,27.64,200000,183486.51614593389,-16513.483854066115,0.9174325807296694
2021-05-19,2,1.9117869059786021,0.0,1.4663,0.0,18.148,200000,183486.51614593389,-16513.483854066115,0.9174325807296694
2021-05-20,2,1.2367206278873477,0.0,1.8006,0.0,24.327,200000,183486.51614593389,-16513.483854066115,0.9174325807296694
2021-05-21,1,1.1882010255792173,-59215.94143998383,1.5493,4426.481620812841,20.726,200000,183486.51614593389,-16513.483854066115,0.9174325807296694
2021-05-22,2,1.4873273309153725,0.0,1.4629,0.0,17.991,200000,190476.68603844242,-9523.313961557578,0.952383430192212
2021-05-23,2,1.7858384921419372,0.0,1.3139,0.0,14.737,200000,190476.68603844242,-9523.313961557578,0.952383430192212
2021-05-24,2,1.6128494113621779,0.0,1.55,0.0,17.461,200000,190476.68603844242,-9523.313961557578,0.952383430192212
2021-05-25,2,1.8824588210312345,0.0,1.5532,0.0,16.14,200000,190476.68603844242,-9523.313961557578,0.952383430192212
2021-05-26,2,1.948517735339645,0.0,1.7791,0.0,17.45,200000,190476.68603844242,-9523.313961557578,0.952383430192212
2021-05-27,2,1.6289238380951634,0.0,1.6552,0.0,16.512,200000,190476.68603844242,-9523.313961557578,0.952383430192212
2021-05-28,2,1.8268551207333725,0.0,1.5133,0.0,14.031,200000,190476.68603844242,-9523.313961557578,0.952383430192212
2021-05-29,2,1.5767697719051657,0.0,1.4029,0.0,13.105,200000,190476.68603844242,-9523.313961557578,0.952383430192212
2021-05-30,2,1.9073896208111485,0.0,1.5751,0.0,13.325,200000,190476.68603844242,-9523.313961557578,0.952383430192212
2021-05-31,2,1.985606610715498,0.0,1.7373,0.0,13.842,200000,190476.68603844242,-9523.313961557578,0.952383430192212
2021-06-01,2,2.009602140082281,0.0,1.7363,0.0,13.221,200000,190476.68603844242,-9523.313961557578,0.952383430192212
2021-06-02,2,1.2832735493128065,0.0,1.7534,0.0,14.747,200000,190476.68603844242,-9523.313961557578,0.952383430192212
2021-06-03,2,1.245445981490621,0.0,1.8453,0.0,15.325,200000,190476.68603844242,-9523.313961557578,0.952383430192212
2021-06-04,2,1.2489416517897332,0.0,1.7077,0.0,13.875,200000,190476.68603844242,-9523.313961557578,0.952383430192212
2021-06-05,0,0.8606570043304715,0.0,1.6551,0.0,14.13,200000,190476.68603844242,-9523.313961557578,0.952383430192212
2021-06-06,0,0.06951007930482608,0.0,1.6771,0.0,16.297,200000,190476.68603844242,-9523.313961557578,0.952383430192212
2021-06-07,0,0.3834959836740801,0.0,1.5659,0.0,14.208,200000,190476.68603844242,-9523.313961557578,0.952383430192212
2021-06-08,0,0.28569316939424405,0.0,1.5819,0.0,14.418,200000,190476.68603844242,-9523.313961557578,0.952383430192212
2021-06-09,0,0.31422571230334373,0.0,1.6279,0.0,14.592,200000,190476.68603844242,-9523.313961557578,0.952383430192212
2021-06-10,0,0.0555471880596035,0.0,1.5328,0.0,14.028,200000,190476.68603844242,-9523.313961557578,0.952383430192212
2021-06-11,0,-0.647611544128439,0.0,1.4371,0.0,14.075,200000,190476.68603844242,-9523.313961557578,0.952383430192212
2021-06-12,0,-0.8479017241550296,0.0,1.4789,0.0,14.629,200000,190476.68603844242,-9523.313961557578,0.952383430192212
2021-06-13,0,-0.8601636148467754,0.0,1.5566,0.0,15.177,200000,190476.68603844242,-9523.313961557578,0.952383430192212
2021-06-14,-1,-1.1160075556306406,60395.93063556422,1.5769,-6079.301865136041,15.666,200000,190476.68603844242,-9523.313961557578,0.952383430192212
2021-06-15,-2,-1.7002717970422938,0.0,1.5552,0.0,16.579,200000,197337.68033610337,-2662.319663896633,0.9866884016805169
2021-06-16,-2,-2.0400409368797536,0.0,1.4851,0.0,16.936,200000,197337.68033610337,-2662.319663896633,0.9866884016805169
2021-06-17,-2,-2.1853261340758823,0.0,1.4826,0.0,18.35,200000,197337.68033610337,-2662.319663896633,0.9866884016805169
2021-06-18,-2,-1.568776735214803,0.0,1.4163,0.0,16.448,200000,197337.68033610337,-2662.319663896633,0.9866884016805169
2021-06-19,-2,-1.3187531404871295,0.0,1.3839,0.0,15.839,200000,197337.68033610337,-2662.319663896633,0.9866884016805169
2021-06-20,-2,-1.6536421909134944,0.0,1.4263,0.0,17.904,200000,197337.68033610337,-2662.319663896633,0.9866884016805169
2021-06-21,-2,-1.27018999787124,0.0,1.174,0.0,13.972,200000,197337.68033610337,-2662.319663896633,0.9866884016805169
2021-06-22,0,-0.5979797759825486,0.0,1.1567,0.0,12.544,200000,197337.68033610337,-2662.319663896633,0.9866884016805169
2021-06-23,0,-0.2771436912820383,0.0,1.2512,0.0,13.109,200000,197337.68033610337,-2662.319663896633,0.9866884016805169
2021-06-24,0,0.251951978639216,0.0,1.3604,0.0,13.535,200000,197337.68033610337,-2662.319663896633,0.9866884016805169
2021-06-25,0,-0.019563862933305226,0.0,1.2521,0.0,12.973,200000,197337.68033610337,-2662.319663896633,0.9866884016805169
2021-06-26,0,-0.3996348258228038,0.0,1.2521,0.0,13.579,200000,197337.68033610337,-2662.319663896633,0.9866884016805169
2021-06-27,0,0.10655749495279182,0.0,1.338,0.0,13.867,200000,197337.68033610337,-2662.319663896633,0.9866884016805169
2021-06-28,0,-0.10619747462699616,0.0,1.326,0.0,14.142,200000,197337.68033610337,-2662.319663896633,0.9866884016805169
2021-06-29,0,-0.5704041895168434,0.0,1.373,0.0,15.413,200000,197337.68033610337,-2662.319663896633,0.9866884016805169
2021-06-30,-1,-1.0478201023064315,71225.61190215238,1.3853,-6042.552524223876,16.329,200000,197337.68033610337,-2662.319663896633,0.9866884016805169
2021-07-01,-1,-1.0425227804287,71225.61190215238,1.3313,-6042.552524223876,15.821,200000,190421.88061108137,-9578.119388918625,0.9521094030554069
2021-07-02,-1,-0.6025143946334381,71225.61190215238,1.3946,-6042.552524223876,16.086,200000,196531.73826340697,-3468.2617365930346,0.9826586913170349
2021-07-03,-1,-0.518176790506854,71225.61190215238,1.4045,-6042.552524223876,16.188,200000,197853.2121787091,-2146.787821290898,0.9892660608935455
2021-07-04,-1,-0.48127883851967906,71225.61190215238,1.4615,-6042.552524223876,16.891,200000,206160.9864816612,6160.98648166121,1.030804932408306
2021-07-05,0,-0.19000006860031868,0.0,1.4039,0.0,15.974,200000,193867.77780862385,-6132.222191376146,0.9693388890431193
2021-07-06,0,-0.26882745910563216,0.0,1.4157,0.0,16.191,200000,193867.77780862385,-6132.222191376146,0.9693388890431193
2021-07-07,0,-0.8049031222112286,0.0,1.404,0.0,16.542,200000,193867.77780862385,-6132.222191376146,0.9693388890431193
2021-07-08,0,0.06147522082300305,0.0,1.327,0.0,14.806,200000,193867.77780862385,-6132.222191376146,0.9693388890431193
2021-07-09,0,0.11306995884951958,0.0,1.3504,0.0,15.0,200000,193867.77780862385,-6132.222191376146,0.9693388890431193
2021-07-10,0,0.8310090316582309,0.0,1.3356,0.0,14.189,200000,193867.77780862385,-6132.222191376146,0.9693388890431193
2021-07-11,0,0.7699000037628264,0.0,1.3485,0.0,14.31,200000,193867.77780862385,-6132.222191376146,0.9693388890431193
2021-07-12,0,0.7349778354766071,0.0,1.3126,0.0,13.932,200000,193867.77780862385,-6132.222191376146,0.9693388890431193
2021-07-13,0,0.6090423337762845,0.0,1.265,0.0,13.533,200000,193867.77780862385,-6132.222191376146,0.9693388890431193
2021-07-14,0,0.6585589043976837,0.0,1.2635,0.0,13.594,200000,193867.77780862385,-6132.222191376146,0.9693388890431193
2021-07-15,0,0.9166631984262039,0.0,1.2258,0.0,13.086,200000,193867.77780862385,-6132.222191376146,0.9693388890431193
2021-07-16,0,-0.7307931960340088,0.0,1.1708,0.0,13.447,200000,193867.77780862385,-6132.222191376146,0.9693388890431193
2021-07-17,0,-0.14371107900662863,0.0,1.1721,0.0,13.168,200000,193867.77780862385,-6132.222191376146,0.9693388890431193
2021-07-18,0,0.11895243471748865,0.0,1.1813,0.0,13.166,200000,193867.77780862385,-6132.222191376146,0.9693388890431193
2021-07-19,0,-0.5140217911189825,0.0,1.1225,0.0,12.832,200000,193867.77780862385,-6132.222191376146,0.9693388890431193
2021-07-20,0,-0.20063646916886013,0.0,1.0539,0.0,11.871,200000,193867.77780862385,-6132.222191376146,0.9693388890431193
2021-07-21,0,0.6585510313312608,0.0,1.1711,0.0,12.752,200000,193867.77780862385,-6132.222191376146,0.9693388890431193
2021-07-22,-2,-1.7292149832286416,0.0,1.1856,0.0,14.104,200000,193867.77780862385,-6132.222191376146,0.9693388890431193
2021-07-23,-2,-1.5733467256724278,0.0,1.2077,0.0,14.348,200000,193867.77780862385,-6132.222191376146,0.9693388890431193
2021-07-24,-2,-1.880184713448656,0.0,1.2327,0.0,14.973,200000,193867.77780862385,-6132.222191376146,0.9693388890431193
2021-07-25,-2,-2.139219274526452,0.0,1.2284,0.0,15.406,200000,193867.77780862385,-6132.222191376146,0.9693388890431193
2021-07-26,-1,-1.107592041640668,77232.00454490632,1.2551,-6475.209679646755,14.97,200000,193867.77780862385,-6132.222191376146,0.9693388890431193
2021-07-27,-1,-0.8530947527261623,77232.00454490632,1.2799,-6475.209679646755,15.061,200000,196372.37560218538,-3627.624397814623,0.9818618780109268
2021-07-28,-2,-1.2955595942114937,0.0,1.2875,0.0,15.63,200000,195639.09924993577,-4360.900750064233,0.9781954962496788
2021-07-29,-2,-1.2934726690203937,0.0,1.2856,0.0,15.738,200000,195639.09924993577,-4360.900750064233,0.9781954962496788
2021-07-30,-2,-1.3645335660246638,0.0,1.3108,0.0,16.261,200000,195639.09924993577,-4360.900750064233,0.9781954962496788
2021-07-31,-2,-1.4305240889852475,0.0,1.3193,0.0,16.587,200000,195639.09924993577,-4360.900750064233,0.9781954962496788
2021-08-01,0,-0.5886567576437146,0.0,1.3142,0.0,15.775,200000,195639.09924993577,-4360.900750064233,0.9781954962496788
2021-08-02,0,-0.9630059916100304,0.0,1.3083,0.0,16.115,200000,195639.09924993577,-4360.900750064233,0.9781954962496788
2021-08-03,0,0.05005999663451883,0.0,1.3696,0.0,16.069,200000,195639.09924993577,-4360.900750064233,0.9781954962496788
2021-08-04,0,-0.002502175050787818,0.0,1.3765,0.0,16.277,200000,195639.09924993577,-4360.900750064233,0.9781954962496788
2021-08-05,0,0.06726907867991706,0.0,1.3859,0.0,16.365,200000,195639.09924993577,-4360.900750064233,0.9781954962496788
2021-08-06,0,-0.000908584491313014,0.0,1.4025,0.0,16.654,200000,195639.09924993577,-4360.900750064233,0.9781954962496788
2021-08-07,0,0.30697273758625765,0.0,1.4727,0.0,17.348,200000,195639.09924993577,-4360.900750064233,0.9781954962496788
2021-08-08,2,1.2480285421057928,0.0,1.4255,0.0,16.248,200000,195639.09924993577,-4360.900750064233,0.9781954962496788
2021-08-09,0,0.5630088983686461,0.0,1.4745,0.0,17.266,200000,195639.09924993577,-4360.900750064233,0.9781954962496788
2021-08-10,2,3.3624029582805433,0.0,1.678,0.0,17.585,200000,195639.09924993577,-4360.900750064233,0.9781954962496788
2021-08-11,2,2.703457165828632,0.0,1.7934,0.0,18.579,200000,195639.09924993577,-4360.900750064233,0.9781954962496788
2021-08-12,2,1.5463848723315152,0.0,1.8324,0.0,19.844,200000,195639.09924993577,-4360.900750064233,0.9781954962496788
2021-08-13,2,2.785229243328497,0.0,2.1386,0.0,20.691,200000,195639.09924993577,-4360.900750064233,0.9781954962496788
2021-08-14,0,-0.5876952429335878,0.0,2.1878,0.0,26.469,200000,195639.09924993577,-4360.900750064233,0.9781954962496788
2021-08-15,0,0.10123070652964287,0.0,2.1667,0.0,24.905,200000,195639.09924993577,-4360.900750064233,0.9781954962496788
2021-08-16,0,0.29244215670990237,0.0,2.0714,0.0,23.452,200000,195639.09924993577,-4360.900750064233,0.9781954962496788
2021-08-17,0,-0.020062127230517236,0.0,1.9239,0.0,22.204,200000,195639.09924993577,-4360.900750064233,0.9781954962496788
2021-08-18,0,0.5012422111523553,0.0,2.1043,0.0,23.343,200000,195639.09924993577,-4360.900750064233,0.9781954962496788
2021-08-19,2,2.1280198176421115,0.0,2.4411,0.0,23.869,200000,195639.09924993577,-4360.900750064233,0.9781954962496788
2021-08-20,2,1.6178843911506766,0.0,2.4557,0.0,24.498,200000,195639.09924993577,-4360.900750064233,0.9781954962496788
2021-08-21,1,1.1225134337465774,-40187.15320856492,2.4341,3927.0765436174834,24.909,200000,195639.09924993577,-4360.900750064233,0.9781954962496788
2021-08-22,2,1.7780165141354158,0.0,2.7049,0.0,26.022,200000,202150.94414576888,2150.944145768881,1.0107547207288443
2021-08-23,2,2.3247313914905483,0.0,2.9152,0.0,26.007,200000,202150.94414576888,2150.944145768881,1.0107547207288443
2021-08-24,2,2.1846087860211503,0.0,2.7187,0.0,23.651,200000,202150.94414576888,2150.944145768881,1.0107547207288443
2021-08-25,2,1.711253807814308,0.0,2.739,0.0,24.268,200000,202150.94414576888,2150.944145768881,1.0107547207288443
2021-08-26,2,1.2829468702324531,0.0,2.528,0.0,22.99,200000,202150.94414576888,2150.944145768881,1.0107547207288443
2021-08-27,2,1.8967644428846613,0.0,2.946,0.0,24.65,200000,202150.94414576888,2150.944145768881,1.0107547207288443
2021-08-28,1,1.139835045133892,-35502.44891917262,2.847,3993.499489248694,25.31,200000,202150.94414576888,2150.944145768881,1.0107547207288443
2021-08-29,2,1.2324838848438056,0.0,2.851,0.0,24.8,200000,204329.63868096238,4329.63868096238,1.0216481934048118
2021-08-30,0,0.13170737869025656,0.0,2.734,0.0,26.54,200000,204329.63868096238,4329.63868096238,1.0216481934048118
2021-08-31,0,-0.2960012507126122,0.0,2.767,0.0,28.13,200000,204329.63868096238,4329.63868096238,1.0216481934048118
2021-09-01,0,-0.30024716329690077,0.0,2.869,0.0,29.07,200000,204329.63868096238,4329.63868096238,1.0216481934048118
2021-09-02,0,-0.19981851786078875,0.0,2.96,0.0,29.72,200000,204329.63868096238,4329.63868096238,1.0216481934048118
2021-09-03,0,-0.60257585171794,0.0,2.966,0.0,30.76,200000,204329.63868096238,4329.63868096238,1.0216481934048118
2021-09-04,-1,-1.0437129418029945,36100.64287649512,2.83,-3346.3746917943395,30.53,200000,204329.63868096238,4329.63868096238,1.0216481934048118
2021-09-05,-1,-0.5052922941423309,36100.64287649512,2.91,-3346.3746917943395,29.49,200000,203737.46043161588,3737.46043161588,1.0186873021580793
2021-09-06,-1,-0.8213924638546555,36100.64287649512,2.833,-3346.3746917943395,29.23,200000,200087.65351025923,87.65351025923155,1.0004382675512962
2021-09-07,-2,-1.4287095783150723,0.0,2.514,0.0,27.27,200000,204828.26033468527,4828.26033468527,1.0241413016734264
2021-09-08,-2,-1.5333420548850496,0.0,2.47,0.0,27.5,200000,204828.26033468527,4828.26033468527,1.0241413016734264
2021-09-09,-2,-2.146095901250928,0.0,2.518,0.0,31.26,200000,204828.26033468527,4828.26033468527,1.0241413016734264
2021-09-10,-2,-1.7775443645967612,0.0,2.383,0.0,29.14,200000,204828.26033468527,4828.26033468527,1.0241413016734264
2021-09-11,-2,-1.2298347207990226,0.0,2.638,0.0,30.54,200000,204828.26033468527,4828.26033468527,1.0241413016734264
2021-09-12,-2,-1.5356483692151455,0.0,2.581,0.0,32.06,200000,204828.26033468527,4828.26033468527,1.0241413016734264
2021-09-13,-2,-1.4122939016258558,0.0,2.402,0.0,29.98,200000,204828.26033468527,4828.26033468527,1.0241413016734264
2021-09-14,-2,-1.2655831001328743,0.0,2.396,0.0,29.84,200000,204828.26033468527,4828.26033468527,1.0241413016734264
2021-09-15,-1,-1.0025084251762557,40883.884298340374,2.505,-3362.249841344144,30.46,200000,204828.26033468527,4828.26033468527,1.0241413016734264
2021-09-16,-2,-1.2875903305160368,0.0,2.417,0.0,30.94,200000,210039.92207678442,10039.922076784424,1.0501996103839222
2021-09-17,0,-0.9048321502473327,0.0,2.35,0.0,28.82,200000,210039.92207678442,10039.922076784424,1.0501996103839222
2021-09-18,0,-0.8583831773176844,0.0,2.371,0.0,29.01,200000,210039.92207678442,10039.922076784424,1.0501996103839222
2021-09-19,0,-0.5954715396529354,0.0,2.283,0.0,27.4,200000,210039.92207678442,10039.922076784424,1.0501996103839222
2021-09-20,0,0.3627125647762781,0.0,2.079,0.0,23.02,200000,210039.92207678442,10039.922076784424,1.0501996103839222
2021-09-21,0,0.238870788454426,0.0,1.986,0.0,22.37,200000,210039.92207678442,10039.922076784424,1.0501996103839222
2021-09-22,0,0.7230745555472845,0.0,2.257,0.0,24.7,200000,210039.92207678442,10039.922076784424,1.0501996103839222
2021-09-23,0,0.9682765664034725,0.0,2.327,0.0,25.15,200000,210039.92207678442,10039.922076784424,1.0501996103839222
2021-09-24,0,0.45505390243812177,0.0,2.277,0.0,25.56,200000,210039.92207678442,10039.922076784424,1.0501996103839222
2021-09-25,2,1.5336378929923928,0.0,2.3,0.0,24.23,200000,210039.92207678442,10039.922076784424,1.0501996103839222
2021-09-26,2,1.3584076068222228,0.0,2.207,0.0,23.65,200000,210039.92207678442,10039.922076784424,1.0501996103839222
2021-09-27,2,1.3838034310123837,0.0,2.13,0.0,22.74,200000,210039.92207678442,10039.922076784424,1.0501996103839222
2021-09-28,0,0.5082167087554768,0.0,2.037,0.0,22.95,200000,210039.92207678442,10039.922076784424,1.0501996103839222
2021-09-29,0,0.5011686903914777,0.0,2.066,0.0,23.19,200000,210039.92207678442,10039.922076784424,1.0501996103839222
2021-09-30,0,0.11106207458478536,0.0,2.115,0.0,24.24,200000,210039.92207678442,10039.922076784424,1.0501996103839222
2021-10-01,0,-0.05612834551018277,0.0,2.256,0.0,26.12,200000,210039.92207678442,10039.922076784424,1.0501996103839222
2021-10-02,0,-0.2904745350024144,0.0,2.247,0.0,26.3,200000,210039.92207678442,10039.922076784424,1.0501996103839222
2021-10-03,0,-0.8021205594855625,0.0,2.251,0.0,27.08,200000,210039.92207678442,10039.922076784424,1.0501996103839222
2021-10-04,0,-0.624131731536804,0.0,2.191,0.0,25.98,200000,210039.92207678442,10039.922076784424,1.0501996103839222
2021-10-05,-2,-1.3111577471835234,0.0,2.233,0.0,27.59,200000,210039.92207678442,10039.922076784424,1.0501996103839222
2021-10-06,-2,-1.344387696303561,0.0,2.209,0.0,27.17,200000,210039.92207678442,10039.922076784424,1.0501996103839222
2021-10-07,-1,-1.0305751533106506,46101.826619136176,2.278,-3820.2968729862573,27.49,200000,210039.92207678442,10039.922076784424,1.0501996103839222
2021-10-08,-2,-1.2223017651810568,0.0,2.237,0.0,27.26,200000,211051.42868738217,11051.42868738217,1.055257143436911
2021-10-09,-2,-1.8546301620955192,0.0,2.268,0.0,28.95,200000,211051.42868738217,11051.42868738217,1.055257143436911
2021-10-10,0,-0.7770690901800044,0.0,2.189,0.0,26.34,200000,211051.42868738217,11051.42868738217,1.055257143436911
2021-10-11,-1,-1.185314140869836,48606.96192708019,2.171,-3914.1585439054556,26.96,200000,211051.42868738217,11051.42868738217,1.055257143436911
2021-10-12,-2,-2.37862506551021,0.0,2.118,0.0,29.6,200000,223960.97622542782,23960.976225427818,1.119804881127139
2021-10-13,-2,-2.3417004405123767,0.0,2.19,0.0,31.95,200000,223960.97622542782,23960.976225427818,1.119804881127139
2021-10-14,-2,-2.094941085273682,0.0,2.172,0.0,32.3,200000,223960.97622542782,23960.976225427818,1.119804881127139
2021-10-15,-1,-1.1733188726509385,50487.1452266519,2.218,-3707.9631825401957,30.2,200000,223960.97622542782,23960.976225427818,1.119804881127139
2021-10-16,-1,-0.9364077535766179,50487.1452266519,2.179,-3707.9631825401957,29.23,200000,218395.2532745244,18395.25327452441,1.091976266372622
2021-10-17,-1,-0.8279354466460805,50487.1452266519,2.158,-3707.9631825401957,28.85,200000,215925.99721539946,15925.99721539946,1.0796299860769973
2021-10-18,-1,-0.6488201750949718,50487.1452266519,2.128,-3707.9631825401957,28.2,200000,212001.20678994874,12001.206789948745,1.0600060339497437
2021-10-19,-1,-0.8166090899320373,50487.1452266519,2.11,-3707.9631825401957,28.55,200000,212390.2252897581,12390.225289758091,1.0619511264487904
2021-10-20,-1,-0.5952803133628165,50487.1452266519,2.19,-3707.9631825401957,29.29,200000,219173.08966297,19173.089662969986,1.09586544831485
2021-10-21,-1,-0.20248417432947755,50487.1452266519,2.137,-3707.9631825401957,27.91,200000,211380.28177405195,11380.281774051953,1.0569014088702597
2021-10-22,0,-0.018235501070357436,0.0,2.156,0.0,27.95,200000,218748.2620687648,18748.2620687648,1.093741310343824
2021-10-23,0,-0.09165685231271985,0.0,2.166,0.0,28.33,200000,218748.2620687648,18748.2620687648,1.093741310343824
2021-10-24,0,-0.20237520734164283,0.0,2.12,0.0,28.06,200000,218748.2620687648,18748.2620687648,1.093741310343824
2021-10-25,0,-0.2513925988666084,0.0,2.144,0.0,28.56,200000,218748.2620687648,18748.2620687648,1.093741310343824
2021-10-26,0,-0.3014933249100477,0.0,2.137,0.0,28.66,200000,218748.2620687648,18748.2620687648,1.093741310343824
2021-10-27,-2,-1.8337052037622064,0.0,1.912,0.0,28.44,200000,218748.2620687648,18748.2620687648,1.093741310343824
2021-10-28,0,-0.6775269481061788,0.0,1.987,0.0,27.66,200000,218748.2620687648,18748.2620687648,1.093741310343824
2021-10-29,0,-0.26564493037790127,0.0,2.015,0.0,27.51,200000,218748.2620687648,18748.2620687648,1.093741310343824
2021-10-30,0,-0.195056421765199,0.0,1.955,0.0,26.73,200000,218748.2620687648,18748.2620687648,1.093741310343824
2021-10-31,0,0.2822826586480989,0.0,1.964,0.0,26.44,200000,218748.2620687648,18748.2620687648,1.093741310343824
2021-11-01,0,0.03935829770114972,0.0,1.949,0.0,26.45,200000,218748.2620687648,18748.2620687648,1.093741310343824
2021-11-02,0,0.13582022840637045,0.0,1.971,0.0,26.56,200000,218748.2620687648,18748.2620687648,1.093741310343824
2021-11-03,2,1.8172205022312597,0.0,2.063,0.0,26.25,200000,218748.2620687648,18748.2620687648,1.093741310343824
2021-11-04,0,0.7937982975440901,0.0,1.983,0.0,25.95,200000,218748.2620687648,18748.2620687648,1.093741310343824
2021-11-05,2,1.3742026189114105,0.0,1.982,0.0,25.37,200000,218748.2620687648,18748.2620687648,1.093741310343824
2021-11-06,2,1.6975086017716388,0.0,2.005,0.0,25.21,200000,218748.2620687648,18748.2620687648,1.093741310343824
2021-11-07,2,1.526141763264267,0.0,2.021,0.0,25.4,200000,218748.2620687648,18748.2620687648,1.093741310343824
2021-11-08,2,2.2668893194927744,0.0,2.125,0.0,25.51,200000,218748.2620687648,18748.2620687648,1.093741310343824
2021-11-09,2,2.663968810712783,0.0,2.27,0.0,25.85,200000,218748.2620687648,18748.2620687648,1.093741310343824
2021-11-10,2,2.171081131605831,0.0,2.097,0.0,23.89,200000,218748.2620687648,18748.2620687648,1.093741310343824
2021-11-11,2,1.5555045470626305,0.0,2.079,0.0,24.26,200000,218748.2620687648,18748.2620687648,1.093741310343824
2021-11-12,2,1.654401780599614,0.0,2.045,0.0,23.36,200000,218748.2620687648,18748.2620687648,1.093741310343824
2021-11-13,2,1.2992471389586644,0.0,2.05,0.0,23.74,200000,218748.2620687648,18748.2620687648,1.093741310343824
2021-11-14,2,1.298775670570842,0.0,2.04,0.0,23.37,200000,218748.2620687648,18748.2620687648,1.093741310343824
2021-11-15,1,1.1211293546583336,-54226.14329914844,2.017,4714.402199757862,23.2,200000,218748.2620687648,18748.2620687648,1.093741310343824
2021-11-16,1,1.0540798091157304,-54226.14329914844,1.874,4714.402199757862,21.55,200000,203215.15994738613,3215.159947386128,1.0160757997369307
2021-11-17,1,0.9959530966759528,-54226.14329914844,1.876,4714.402199757862,21.52,200000,203182.18016799167,3182.180167991668,1.0159109008399583
2021-11-18,0,0.08541404339341159,0.0,1.786,0.0,21.7,200000,213293.6262662983,13293.626266298292,1.0664681313314914
2021-11-19,0,0.32330890831639175,0.0,1.863,0.0,22.17,200000,213293.6262662983,13293.626266298292,1.0664681313314914
2021-11-20,0,0.8180215669418751,0.0,1.922,0.0,22.1,200000,213293.6262662983,13293.626266298292,1.0664681313314914
2021-11-21,0,0.43946591609938124,0.0,1.835,0.0,21.46,200000,213293.6262662983,13293.626266298292,1.0664681313314914
2021-11-22,0,0.2130416967931982,0.0,1.776,0.0,20.91,200000,213293.6262662983,13293.626266298292,1.0664681313314914
2021-11-23,0,-0.1994676519188015,0.0,1.751,0.0,20.92,200000,213293.6262662983,13293.626266298292,1.0664681313314914
2021-11-24,0,-0.7808250157729937,0.0,1.666,0.0,20.23,200000,213293.6262662983,13293.626266298292,1.0664681313314914
2021-11-25,-1,-1.183801828885579,63669.739183969636,1.675,-5202.28356747069,20.5,200000,213293.6262662983,13293.626266298292,1.0664681313314914
2021-11-26,-2,-2.4336731145596238,0.0,1.533,0.0,19.71,200000,218224.92521212017,18224.92521212017,1.091124626060601
2021-11-27,-2,-1.7305424424902331,0.0,1.543,0.0,19.32,200000,218224.92521212017,18224.92521212017,1.091124626060601
2021-11-28,-2,-2.032670702893577,0.0,1.594,0.0,20.44,200000,218224.92521212017,18224.92521212017,1.091124626060601
2021-11-29,-2,-2.364696038040931,0.0,1.601,0.0,21.35,200000,218224.92521212017,18224.92521212017,1.091124626060601
2021-11-30,-2,-2.368398812021981,0.0,1.554,0.0,21.37,200000,218224.92521212017,18224.92521212017,1.091124626060601
2021-12-01,-2,-2.5604090168327174,0.0,1.548,0.0,22.67,200000,218224.92521212017,18224.92521212017,1.091124626060601
2021-12-02,0,-0.1890653119543664,0.0,1.719,0.0,21.24,200000,218224.92521212017,18224.92521212017,1.091124626060601
2021-12-03,-2,-1.460863620556714,0.0,1.556,0.0,21.27,200000,218224.92521212017,18224.92521212017,1.091124626060601
2021-12-04,0,-0.6107498644534213,0.0,1.42,0.0,18.33,200000,218224.92521212017,18224.92521212017,1.091124626060601
2021-12-05,-2,-1.4892442546724531,0.0,1.378,0.0,19.22,200000,218224.92521212017,18224.92521212017,1.091124626060601
2021-12-06,-1,-1.1737832145988225,76839.76239863387,1.42,-5592.642880884679,19.51,200000,218224.92521212017,18224.92521212017,1.091124626060601
2021-12-07,-2,-1.2289636585209747,0.0,1.378,0.0,19.19,200000,219662.54951097973,19662.549510979734,1.0983127475548986
2021-12-08,0,-0.9459843238258409,0.0,1.396,0.0,19.17,200000,219662.54951097973,19662.549510979734,1.0983127475548986
2021-12-09,0,-0.3958413814643292,0.0,1.289,0.0,17.07,200000,219662.54951097973,19662.549510979734,1.0983127475548986
2021-12-10,0,0.07147152685203918,0.0,1.211,0.0,15.62,200000,219662.54951097973,19662.549510979734,1.0983127475548986
2021-12-11,2,1.5162526167395762,0.0,1.354,0.0,16.03,200000,219662.54951097973,19662.549510979734,1.0983127475548986
2021-12-12,0,0.9539058258983708,0.0,1.346,0.0,16.55,200000,219662.54951097973,19662.549510979734,1.0983127475548986
2021-12-13,2,1.706412856542941,0.0,1.223,0.0,14.38,200000,219662.54951097973,19662.549510979734,1.0983127475548986
2021-12-14,2,1.5112308413024842,0.0,1.266,0.0,14.99,200000,219662.54951097973,19662.549510979734,1.0983127475548986
2021-12-15,0,-0.041809278122046385,0.0,1.311,0.0,17.1,200000,219662.54951097973,19662.549510979734,1.0983127475548986
2021-12-16,-2,-1.864004299165487,0.0,1.24,0.0,18.65,200000,219662.54951097973,19662.549510979734,1.0983127475548986
2021-12-17,-1,-1.1593241477737557,90173.46039038576,1.218,-6268.908376454901,17.52,200000,219662.54951097973,19662.549510979734,1.0983127475548986
2021-12-18,-1,-0.6759539196778988,90173.46039038576,1.242,-6268.908376454901,17.3,200000,220447.55271752892,20447.552717528917,1.1022377635876446
2021-12-19,0,0.28864687444462134,0.0,1.243,0.0,16.11,200000,208569.05219041865,8569.052190418646,1.0428452609520933
2021-12-20,0,0.7567357181940847,0.0,1.237,0.0,15.44,200000,208569.05219041865,8569.052190418646,1.0428452609520933
2021-12-21,0,0.6755290599149968,0.0,1.28,0.0,15.98,200000,208569.05219041865,8569.052190418646,1.0428452609520933
2021-12-22,1,1.1462379807587066,-78586.68130761819,1.327,6505.5849092457465,16.03,200000,208569.05219041865,8569.052190418646,1.0428452609520933
2021-12-23,2,1.9844996273843107,0.0,1.475,0.0,16.51,200000,217077.20026750822,17077.20026750822,1.0853860013375412
2021-12-24,2,1.469821670971814,0.0,1.392,0.0,15.94,200000,217077.20026750822,17077.20026750822,1.0853860013375412
2021-12-25,2,1.6407380108706682,0.0,1.452,0.0,16.15,200000,217077.20026750822,17077.20026750822,1.0853860013375412
2021-12-26,2,1.4706758515684104,0.0,1.455,0.0,16.16,200000,217077.20026750822,17077.20026750822,1.0853860013375412
2021-12-27,2,1.5498683463744172,0.0,1.516,0.0,16.48,200000,217077.20026750822,17077.20026750822,1.0853860013375412
2021-12-28,2,1.651800429621141,0.0,1.4,0.0,14.83,200000,217077.20026750822,17077.20026750822,1.0853860013375412
2021-12-29,2,1.2784300408876887,0.0,1.332,0.0,14.37,200000,217077.20026750822,17077.20026750822,1.0853860013375412
2021-12-30,1,1.1314801744511145,-79866.51959805306,1.359,7388.604501957394,14.69,200000,217077.20026750822,17077.20026750822,1.0853860013375412
2021-12-31,1,0.774564044388983,-79866.51959805306,1.308,7388.604501957394,14.53,200000,211821.83104769432,11821.831047694315,1.0591091552384715
2022-01-01,1,0.8641302808979647,-79866.51959805306,1.38,7388.604501957394,15.1,200000,221783.72502486984,21783.72502486984,1.1089186251243492
2022-01-02,1,0.6080975169960714,-79866.51959805306,1.377,7388.604501957394,15.38,200000,223612.93472662376,23612.93472662376,1.1180646736331188
2022-01-03,0,0.028266292890861012,0.0,1.319,0.0,15.58,200000,207306.681476844,7306.681476844009,1.03653340738422
2022-01-04,0,-0.22871627938970265,0.0,1.309,0.0,15.8,200000,207306.681476844,7306.681476844009,1.03653340738422
2022-01-05,0,-0.029082724763214145,0.0,1.23,0.0,14.39,200000,207306.681476844,7306.681476844009,1.03653340738422
2022-01-06,0,0.6053121172103884,0.0,1.28,0.0,14.17,200000,207306.681476844,7306.681476844009,1.03653340738422
2022-01-07,0,0.08462163648829438,0.0,1.21,0.0,13.76,200000,207306.681476844,7306.681476844009,1.03653340738422
2022-01-08,0,-0.5093467973350931,0.0,1.181,0.0,13.76,200000,207306.681476844,7306.681476844009,1.03653340738422
2022-01-09,-2,-1.3366997953077056,0.0,1.17,0.0,14.13,200000,207306.681476844,7306.681476844009,1.03653340738422
2022-01-10,-1,-1.1690699646148575,92300.39246520214,1.123,-7758.48358820524,13.36,200000,207306.681476844,7306.681476844009,1.03653340738422
2022-01-11,-2,-1.2007759259385313,0.0,1.187,0.0,14.11,200000,207218.319050225,7218.319050224993,1.036091595251125
2022-01-12,0,0.15628718200614916,0.0,1.312,0.0,14.76,200000,207218.319050225,7218.319050224993,1.036091595251125
2022-01-13,0,-0.08650730379261964,0.0,1.233,0.0,14.0,200000,207218.319050225,7218.319050224993,1.036091595251125
2022-01-14,0,0.7704153666524514,0.0,1.292,0.0,14.17,200000,207218.319050225,7218.319050224993,1.036091595251125
2022-01-15,0,0.13310549963187196,0.0,1.291,0.0,14.53,200000,207218.319050225,7218.319050224993,1.036091595251125
2022-01-16,2,2.394877542527015,0.0,1.41,0.0,14.29,200000,207218.319050225,7218.319050224993,1.036091595251125
2022-01-17,2,3.6089721186881665,0.0,1.603,0.0,13.73,200000,207218.319050225,7218.319050224993,1.036091595251125
2022-01-18,2,1.996178282999003,0.0,1.458,0.0,13.58,200000,207218.319050225,7218.319050224993,1.036091595251125
2022-01-19,1,1.1914417323156128,-77493.76179888744,1.337,7861.089493559371,13.18,200000,207218.31905022502,7218.319050225022,1.0360915952511252
2022-01-20,1,0.9457772859546969,-77493.76179888744,1.259,7861.089493559371,12.59,200000,196535.76282871177,-3464.2371712882305,0.9826788141435588
2022-01-21,2,1.3408872912112637,0.0,1.12,0.0,10.68,200000,210054.89647376485,10054.89647376485,1.0502744823688241
2022-01-22,2,2.3016022784049883,0.0,1.071,0.0,8.96,200000,210054.89647376485,10054.89647376485,1.0502744823688241
2022-01-23,2,2.083440179254067,0.0,1.124,0.0,9.22,200000,210054.89647376485,10054.89647376485,1.0502744823688241
2022-01-24,2,1.962548949145035,0.0,1.065,0.0,8.53,200000,210054.89647376485,10054.89647376485,1.0502744823688241
2022-01-25,2,1.6752467744609039,0.0,1.043,0.0,8.39,200000,210054.89647376485,10054.89647376485,1.0502744823688241
2022-01-26,0,0.31765381233080636,0.0,1.077,0.0,10.26,200000,210054.89647376485,10054.89647376485,1.0502744823688241
2022-01-27,0,0.29681460107542007,0.0,1.042,0.0,9.88,200000,210054.89647376485,10054.89647376485,1.0502744823688241
2022-01-28,0,0.11283420362531182,0.0,1.048,0.0,10.11,200000,210054.89647376485,10054.89647376485,1.0502744823688241
2022-01-29,0,0.27842167311901345,0.0,1.059,0.0,9.9,200000,210054.89647376485,10054.89647376485,1.0502744823688241
2022-01-30,0,0.5760343143087614,0.0,1.035,0.0,9.25,200000,210054.89647376485,10054.89647376485,1.0502744823688241
2022-01-31,0,0.7476588305309071,0.0,1.051,0.0,9.14,200000,210054.89647376485,10054.89647376485,1.0502744823688241
