date,statusList,zscore,CELRUSDT_position,CELRUSDT_price,ETHUSDT_position,ETHUSDT_price,init,total_asset,pnl,return
2020-01-01,0,,0.0,0.00362,0.0,130.77,200000,200000.0,0.0,1.0
2020-01-02,0,,0.0,0.0034,0.0,127.19,200000,200000.0,0.0,1.0
2020-01-03,0,,0.0,0.00355,0.0,134.35,200000,200000.0,0.0,1.0
2020-01-04,0,,0.0,0.00355,0.0,134.2,200000,200000.0,0.0,1.0
2020-01-05,0,,0.0,0.00349,0.0,135.37,200000,200000.0,0.0,1.0
2020-01-06,0,,0.0,0.00356,0.0,144.15,200000,200000.0,0.0,1.0
2020-01-07,0,,0.0,0.00347,0.0,142.8,200000,200000.0,0.0,1.0
2020-01-08,0,,0.0,0.00339,0.0,140.72,200000,200000.0,0.0,1.0
2020-01-09,0,,0.0,0.00332,0.0,137.74,200000,200000.0,0.0,1.0
2020-01-10,0,,0.0,0.00327,0.0,144.84,200000,200000.0,0.0,1.0
2020-01-11,0,,0.0,0.00333,0.0,142.38,200000,200000.0,0.0,1.0
2020-01-12,0,,0.0,0.00346,0.0,146.54,200000,200000.0,0.0,1.0
2020-01-13,0,,0.0,0.00352,0.0,143.58,200000,200000.0,0.0,1.0
2020-01-14,0,,0.0,0.00344,0.0,165.64,200000,200000.0,0.0,1.0
2020-01-15,0,,0.0,0.00359,0.0,166.4,200000,200000.0,0.0,1.0
2020-01-16,0,,0.0,0.00351,0.0,164.21,200000,200000.0,0.0,1.0
2020-01-17,0,,0.0,0.00366,0.0,169.85,200000,200000.0,0.0,1.0
2020-01-18,0,,0.0,0.00367,0.0,174.14,200000,200000.0,0.0,1.0
2020-01-19,0,,0.0,0.00337,0.0,166.79,200000,200000.0,0.0,1.0
2020-01-20,-2,-1.6384841201207636,0.0,0.00328,0.0,166.87,200000,200000.0,0.0,1.0
2020-01-21,-2,-1.5954104612383493,0.0,0.00329,0.0,169.49,200000,200000.0,0.0,1.0
2020-01-22,-2,-1.3698379796629874,0.0,0.0033,0.0,168.07,200000,200000.0,0.0,1.0
2020-01-23,-1,-1.1542414320487004,30864197.530864198,0.00324,-614.2128861863522,162.81,200000,200000.0,0.0,1.0
2020-01-24,-1,-1.0897368185921967,30864197.530864198,0.00323,-614.2128861863522,162.54,200000,199525.52054542102,-474.4794545789773,0.9976276027271052
2020-01-25,-1,-0.42350346558865054,30864197.530864198,0.00338,-614.2128861863522,160.35,200000,202810.02395430257,2810.0239543025673,1.0140501197715128
2020-01-26,-1,-0.9070611501964834,30864197.530864198,0.00336,-614.2128861863522,167.86,200000,206805.47877894482,6805.478778944816,1.034027393894724
2020-01-27,-1,-1.1158813859624284,30864197.530864198,0.00331,-614.2128861863522,170.08,200000,206625.82150973528,6625.82150973528,1.0331291075486764
2020-01-28,-2,-1.259156767374596,0.0,0.00334,0.0,175.64,200000,204793.93157668447,4793.931576684467,1.0239696578834223
2020-01-29,-2,-1.4564570739096507,0.0,0.00321,0.0,173.72,200000,204793.93157668447,4793.931576684467,1.0239696578834223
2020-01-30,-2,-1.7114486515698188,0.0,0.00326,0.0,184.69,200000,204793.93157668447,4793.931576684467,1.0239696578834223
2020-01-31,-2,-1.2978362075194867,0.0,0.00327,0.0,179.99,200000,204793.93157668447,4793.931576684467,1.0239696578834223
2020-02-01,-2,-1.299624069758985,0.0,0.00331,0.0,183.6,200000,204793.93157668447,4793.931576684467,1.0239696578834223
2020-02-02,-2,-1.3745322639318827,0.0,0.0034,0.0,188.44,200000,204793.93157668447,4793.931576684467,1.0239696578834223
2020-02-03,0,-0.5941655600374508,0.0,0.00359,0.0,189.69,200000,204793.93157668447,4793.931576684467,1.0239696578834223
2020-02-04,0,0.1576600072754333,0.0,0.00373,0.0,188.91,200000,204793.93157668447,4793.931576684467,1.0239696578834223
2020-02-05,-2,-1.3618748977640456,0.0,0.00364,0.0,203.78,200000,204793.93157668447,4793.931576684467,1.0239696578834223
2020-02-06,0,0.003223799506492992,0.0,0.00411,0.0,213.19,200000,204793.93157668447,4793.931576684467,1.0239696578834223
2020-02-07,0,-0.4378106530122921,0.0,0.00419,0.0,223.33,200000,204793.93157668447,4793.931576684467,1.0239696578834223
2020-02-08,0,-0.48942720836552417,0.0,0.00416,0.0,223.05,200000,204793.93157668447,4793.931576684467,1.0239696578834223
2020-02-09,0,-0.5821768093727431,0.0,0.00423,0.0,228.49,200000,204793.93157668447,4793.931576684467,1.0239696578834223
2020-02-10,2,1.43998468938459,0.0,0.00455,0.0,222.89,200000,204793.93157668447,4793.931576684467,1.0239696578834223
2020-02-11,0,0.31371951099796547,0.0,0.00458,0.0,236.69,200000,204793.93157668447,4793.931576684467,1.0239696578834223
2020-02-12,-1,-1.1930785113062077,21602735.398384437,0.00474,-385.32763523873797,265.74,200000,204793.93157668447,4793.931576684467,1.0239696578834223
2020-02-13,-1,-0.4382522883706256,21602735.398384437,0.00496,-385.32763523873797,268.32,200000,210540.67866324497,10540.678663244966,1.0527033933162249
2020-02-14,0,0.845016625809424,0.0,0.00555,0.0,285.15,200000,194774.92530397695,-5225.074696023046,0.9738746265198848
2020-02-15,0,-0.8506437021827217,0.0,0.00479,0.0,264.88,200000,194774.92530397695,-5225.074696023046,0.9738746265198848
2020-02-16,-2,-2.328973893240812,0.0,0.00429,0.0,258.85,200000,194774.92530397695,-5225.074696023046,0.9738746265198848
2020-02-17,-2,-2.5990561703535002,0.0,0.00418,0.0,267.85,200000,194774.92530397695,-5225.074696023046,0.9738746265198848
2020-02-18,-2,-1.9429982622976891,0.0,0.0045,0.0,282.61,200000,194774.92530397695,-5225.074696023046,0.9738746265198848
2020-02-19,-2,-1.8497679381337206,0.0,0.00406,0.0,258.45,200000,194774.92530397695,-5225.074696023046,0.9738746265198848
2020-02-20,-2,-1.9869506491251236,0.0,0.00386,0.0,256.96,200000,194774.92530397695,-5225.074696023046,0.9738746265198848
2020-02-21,-2,-1.839950053597274,0.0,0.00392,0.0,265.27,200000,194774.92530397695,-5225.074696023046,0.9738746265198848
2020-02-22,-2,-1.516900185016121,0.0,0.00392,0.0,261.57,200000,194774.92530397695,-5225.074696023046,0.9738746265198848
2020-02-23,-2,-1.2214918392783187,0.0,0.00419,0.0,274.48,200000,194774.92530397695,-5225.074696023046,0.9738746265198848
2020-02-24,-2,-1.3618051035446568,0.0,0.00391,0.0,265.52,200000,194774.92530397695,-5225.074696023046,0.9738746265198848
2020-02-25,-2,-1.3564632246209742,0.0,0.00356,0.0,246.67,200000,194774.92530397695,-5225.074696023046,0.9738746265198848
2020-02-26,-2,-1.2270891870156098,0.0,0.00323,0.0,223.93,200000,194774.92530397695,-5225.074696023046,0.9738746265198848
2020-02-27,-1,-1.0404666978993207,29333573.087948337,0.00332,-427.5317733525988,227.79,200000,194774.92530397695,-5225.074696023046,0.9738746265198848
2020-02-28,-1,-0.6431087828079186,29333573.087948337,0.00345,-427.5317733525988,226.76,200000,198147.93207885706,-1852.0679211429378,0.9907396603942853
2020-02-29,-1,-0.6041785245706867,29333573.087948337,0.00329,-427.5317733525988,217.21,200000,189371.631949268,-10628.36805073201,0.9468581597463399
2020-03-01,-1,-0.6371801813970861,29333573.087948337,0.00326,-427.5317733525988,217.81,200000,188748.14382064113,-11251.856179358874,0.9437407191032057
2020-03-02,-1,-0.5456041460171625,29333573.087948337,0.00348,-427.5317733525988,231.97,200000,201255.37981066256,1255.3798106625618,1.0062768990533129
2020-03-03,0,0.011036743072814747,0.0,0.00352,0.0,223.91,200000,187249.3874057792,-12750.612594220787,0.936246937028896
2020-03-04,0,0.30881131849105287,0.0,0.00358,0.0,224.26,200000,187249.3874057792,-12750.612594220787,0.936246937028896
2020-03-05,0,0.626430889413546,0.0,0.00364,0.0,228.38,200000,187249.3874057792,-12750.612594220787,0.936246937028896
2020-03-06,0,-0.9020968090637328,0.0,0.0036,0.0,244.88,200000,187249.3874057792,-12750.612594220787,0.936246937028896
2020-03-07,-1,-1.06529002160507,27059160.02973688,0.00346,-394.65790036205203,237.23,200000,187249.3874057792,-12750.612594220787,0.936246937028896
2020-03-08,-1,-1.03913707321414,27059160.02973688,0.0029,-394.65790036205203,199.43,200000,157178.18915544098,-42821.81084455902,0.785890945777205
2020-03-09,-1,-1.1255212254192124,27059160.02973688,0.00293,-394.65790036205203,202.81,200000,159323.90765955683,-40676.09234044317,0.7966195382977842
2020-03-10,-1,-1.1142827736326246,27059160.02973688,0.00289,-394.65790036205203,200.7,200000,157408.81308860343,-42591.186911396566,0.7870440654430172
2020-03-11,-1,-0.6643747306934225,27059160.02973688,0.00284,-394.65790036205203,194.61,200000,153652.38847391168,-46347.61152608832,0.7682619423695584
2020-03-12,-2,-3.5173617973505653,0.0,0.00126,0.0,107.82,200000,195706.8605853472,-4293.139414652804,0.9785343029267359
2020-03-13,-2,-3.240364605910841,0.0,0.00136,0.0,134.06,200000,195706.8605853472,-4293.139414652804,0.9785343029267359
2020-03-14,-2,-2.3072148689673933,0.0,0.0013,0.0,122.54,200000,195706.8605853472,-4293.139414652804,0.9785343029267359
2020-03-15,-2,-1.7043183761003973,0.0,0.00138,0.0,123.78,200000,195706.8605853472,-4293.139414652804,0.9785343029267359
2020-03-16,-2,-1.981947932937501,0.0,0.00111,0.0,111.02,200000,195706.8605853472,-4293.139414652804,0.9785343029267359
2020-03-17,-2,-1.327437872213231,0.0,0.00127,0.0,115.67,200000,195706.8605853472,-4293.139414652804,0.9785343029267359
2020-03-18,-2,-1.3549245359661621,0.0,0.00125,0.0,118.11,200000,195706.8605853472,-4293.139414652804,0.9785343029267359
2020-03-19,0,-0.7426216786984735,0.0,0.0016,0.0,136.3,200000,195706.8605853472,-4293.139414652804,0.9785343029267359
2020-03-20,0,-0.9132159148502488,0.0,0.00149,0.0,133.48,200000,195706.8605853472,-4293.139414652804,0.9785343029267359
2020-03-21,0,-0.7650355258769738,0.0,0.0015,0.0,132.66,200000,195706.8605853472,-4293.139414652804,0.9785343029267359
2020-03-22,0,-0.7339855351287989,0.0,0.00137,0.0,122.32,200000,195706.8605853472,-4293.139414652804,0.9785343029267359
2020-03-23,0,-0.6640379636512233,0.0,0.00152,0.0,135.92,200000,195706.8605853472,-4293.139414652804,0.9785343029267359
2020-03-24,0,-0.7918245168341775,0.0,0.00149,0.0,138.42,200000,195706.8605853472,-4293.139414652804,0.9785343029267359
2020-03-25,0,-0.6657035267935866,0.0,0.00148,0.0,136.1,200000,195706.8605853472,-4293.139414652804,0.9785343029267359
2020-03-26,0,0.4383944069788063,0.0,0.00175,0.0,138.4,200000,195706.8605853472,-4293.139414652804,0.9785343029267359
2020-03-27,0,0.10392451542191823,0.0,0.00157,0.0,131.33,200000,195706.8605853472,-4293.139414652804,0.9785343029267359
2020-03-28,0,-0.08731630748779338,0.0,0.00151,0.0,130.98,200000,195706.8605853472,-4293.139414652804,0.9785343029267359
2020-03-29,0,0.1167957503401336,0.0,0.00145,0.0,124.5,200000,195706.8605853472,-4293.139414652804,0.9785343029267359
2020-03-30,0,0.2965619679571765,0.0,0.00154,0.0,132.06,200000,195706.8605853472,-4293.139414652804,0.9785343029267359
2020-03-31,0,0.9364559615632903,0.0,0.00157,0.0,132.72,200000,195706.8605853472,-4293.139414652804,0.9785343029267359
2020-04-01,0,0.6508149753017093,0.0,0.00158,0.0,135.69,200000,195706.8605853472,-4293.139414652804,0.9785343029267359
2020-04-02,0,-0.16914076829836552,0.0,0.00158,0.0,141.28,200000,195706.8605853472,-4293.139414652804,0.9785343029267359
2020-04-03,0,0.24781919987839432,0.0,0.00162,0.0,141.31,200000,195706.8605853472,-4293.139414652804,0.9785343029267359
2020-04-04,0,-0.15569221329641314,0.0,0.00162,0.0,144.1,200000,195706.8605853472,-4293.139414652804,0.9785343029267359
2020-04-05,0,-0.23568999147573186,0.0,0.00161,0.0,142.68,200000,195706.8605853472,-4293.139414652804,0.9785343029267359
2020-04-06,-2,-2.2333187742849705,0.0,0.00174,0.0,171.32,200000,195706.8605853472,-4293.139414652804,0.9785343029267359
2020-04-07,-2,-1.5521072725214267,0.0,0.00173,0.0,164.63,200000,195706.8605853472,-4293.139414652804,0.9785343029267359
2020-04-08,-2,-1.9327070674015452,0.0,0.00175,0.0,173.11,200000,195706.8605853472,-4293.139414652804,0.9785343029267359
2020-04-09,-1,-1.0090371447297903,54363016.82926311,0.0018,-577.2382626986408,169.52,200000,195706.8605853472,-4293.139414652804,0.9785343029267359
2020-04-10,-2,-1.5724103416082182,0.0,0.0016,0.0,157.81,200000,199820.00389499875,-179.99610500124982,0.9991000194749937
2020-04-11,-2,-1.3720004517712514,0.0,0.00161,0.0,158.33,200000,199820.00389499875,-179.99610500124982,0.9991000194749937
2020-04-12,-1,-1.1876400559471367,61672840.70833295,0.00162,-629.9892928148015,158.59,200000,199820.00389499875,-179.99610500124982,0.9991000194749937
2020-04-13,-2,-1.7827769325225566,0.0,0.0015,0.0,156.29,200000,205771.76940652463,5771.769406524632,1.0288588470326232
2020-04-14,-2,-1.5863957227186538,0.0,0.00152,0.0,158.45,200000,205771.76940652463,5771.769406524632,1.0288588470326232
2020-04-15,-2,-1.3863267630795109,0.0,0.00148,0.0,152.73,200000,205771.76940652463,5771.769406524632,1.0288588470326232
2020-04-16,-2,-1.8397884724615436,0.0,0.00157,0.0,172.29,200000,205771.76940652463,5771.769406524632,1.0288588470326232
2020-04-17,-2,-1.4257001819135267,0.0,0.00159,0.0,170.69,200000,205771.76940652463,5771.769406524632,1.0288588470326232
2020-04-18,-2,-1.570226907359726,0.0,0.00169,0.0,187.4,200000,205771.76940652463,5771.769406524632,1.0288588470326232
2020-04-19,-2,-1.4360478103127166,0.0,0.00162,0.0,180.03,200000,205771.76940652463,5771.769406524632,1.0288588470326232
2020-04-20,-2,-1.335151457226978,0.0,0.00153,0.0,170.2,200000,205771.76940652463,5771.769406524632,1.0288588470326232
2020-04-21,-2,-1.2049228722297192,0.0,0.00154,0.0,170.74,200000,205771.76940652463,5771.769406524632,1.0288588470326232
2020-04-22,-2,-1.20498332848665,0.0,0.00163,0.0,182.7,200000,205771.76940652463,5771.769406524632,1.0288588470326232
2020-04-23,0,-0.9079135780416974,0.0,0.00169,0.0,185.51,200000,205771.76940652463,5771.769406524632,1.0288588470326232
2020-04-24,0,0.658459013106048,0.0,0.00191,0.0,187.59,200000,205771.76940652463,5771.769406524632,1.0288588470326232
2020-04-25,0,0.6358174623565965,0.0,0.00195,0.0,194.21,200000,205771.76940652463,5771.769406524632,1.0288588470326232
2020-04-26,1,1.0377407981605464,-50682701.82426715,0.00203,521.2579020329431,197.38,200000,205771.7694065246,5771.769406524603,1.028858847032623
2020-04-27,0,0.06772079572252546,0.0,0.0019,0.0,196.34,200000,199725.12638748414,-274.87361251586117,0.9986256319374207
2020-04-28,0,-0.0623177996882267,0.0,0.00188,0.0,196.24,200000,199725.12638748414,-274.87361251586117,0.9986256319374207
2020-04-29,0,-0.8004017170717354,0.0,0.00197,0.0,215.36,200000,199725.12638748414,-274.87361251586117,0.9986256319374207
2020-04-30,0,-0.386139219262276,0.0,0.00192,0.0,206.08,200000,199725.12638748414,-274.87361251586117,0.9986256319374207
2020-05-01,0,-0.661909611045051,0.0,0.00194,0.0,212.02,200000,199725.12638748414,-274.87361251586117,0.9986256319374207
2020-05-02,0,-0.23972171091072714,0.0,0.00199,0.0,213.9,200000,199725.12638748414,-274.87361251586117,0.9986256319374207
2020-05-03,0,-0.12164731080560581,0.0,0.00196,0.0,209.86,200000,199725.12638748414,-274.87361251586117,0.9986256319374207
2020-05-04,0,-0.2986708233065845,0.0,0.00191,0.0,206.48,200000,199725.12638748414,-274.87361251586117,0.9986256319374207
2020-05-05,2,2.171556191113373,0.0,0.00214,0.0,205.29,200000,199725.12638748414,-274.87361251586117,0.9986256319374207
2020-05-06,2,1.4961899394801257,0.0,0.00203,0.0,198.97,200000,199725.12638748414,-274.87361251586117,0.9986256319374207
2020-05-07,0,-0.43369403326681105,0.0,0.00196,0.0,212.0,200000,199725.12638748414,-274.87361251586117,0.9986256319374207
2020-05-08,0,0.05641909212662776,0.0,0.00201,0.0,211.31,200000,199725.12638748414,-274.87361251586117,0.9986256319374207
2020-05-09,0,0.2126943397081158,0.0,0.00202,0.0,210.07,200000,199725.12638748414,-274.87361251586117,0.9986256319374207
2020-05-10,0,0.44600154458050895,0.0,0.00183,0.0,187.54,200000,199725.12638748414,-274.87361251586117,0.9986256319374207
2020-05-11,0,0.35148041616341763,0.0,0.00181,0.0,185.73,200000,199725.12638748414,-274.87361251586117,0.9986256319374207
2020-05-12,0,0.2844730014091723,0.0,0.00185,0.0,189.76,200000,199725.12638748414,-274.87361251586117,0.9986256319374207
2020-05-13,2,1.9541175942413431,0.0,0.00211,0.0,199.58,200000,199725.12638748414,-274.87361251586117,0.9986256319374207
2020-05-14,2,2.9315919265984007,0.0,0.00234,0.0,203.29,200000,199725.12638748414,-274.87361251586117,0.9986256319374207
2020-05-15,2,2.988408433330024,0.0,0.00241,0.0,194.86,200000,199725.12638748414,-274.87361251586117,0.9986256319374207
2020-05-16,2,3.141945354183603,0.0,0.00279,0.0,200.45,200000,199725.12638748414,-274.87361251586117,0.9986256319374207
2020-05-17,2,1.7218691749382886,0.0,0.00259,0.0,207.0,200000,199725.12638748414,-274.87361251586117,0.9986256319374207
2020-05-18,2,1.2947045217484046,0.0,0.00261,0.0,214.91,200000,199725.12638748414,-274.87361251586117,0.9986256319374207
2020-05-19,1,1.1191978293295544,-38556974.20607802,0.00259,465.3861645714515,214.58,200000,199725.12638748414,-274.87361251586117,0.9986256319374207
2020-05-20,1,0.9684713594170362,-38556974.20607802,0.00252,465.3861645714515,209.98,200000,194885.36183603,-5114.638163969998,0.97442680918015
2020-05-21,1,0.9879356883094262,-38556974.20607802,0.00242,465.3861645714515,198.74,200000,185798.7239256391,-14201.27607436091,0.9289936196281955
2020-05-22,2,1.2397270699699714,0.0,0.00264,0.0,207.36,200000,205013.0632059939,5013.063205993909,1.0250653160299696
2020-05-23,1,1.0307885185828995,-39425589.07807575,0.0026,496.1593978847868,206.6,200000,205013.0632059939,5013.063205993909,1.0250653160299696
2020-05-24,2,1.2324161407514904,0.0,0.00261,0.0,199.9,200000,208731.58706260275,8731.587062602746,1.0436579353130138
2020-05-25,2,2.26687689923747,0.0,0.00313,0.0,204.15,200000,208731.58706260275,8731.587062602746,1.0436579353130138
2020-05-26,2,1.430017662674538,0.0,0.00286,0.0,200.89,200000,208731.58706260275,8731.587062602746,1.0436579353130138
2020-05-27,1,1.0918918014104133,-36238122.75392409,0.00288,501.06002943636935,208.29,200000,208731.58706260275,8731.587062602746,1.0436579353130138
2020-05-28,1,0.6022029038886987,-36238122.75392409,0.00289,501.06002943636935,220.21,200000,215066.60384102352,15066.60384102352,1.0753330192051176
2020-05-29,1,0.3973054738365552,-36238122.75392409,0.00285,501.06002943636935,220.67,200000,213847.56654440728,13847.56654440728,1.0692378327220364
2020-05-30,0,-0.37657105611354247,0.0,0.0029,0.0,243.66,200000,191733.85627651683,-8266.143723483168,0.9586692813825841
2020-05-31,0,-0.36298111584038056,0.0,0.0028,0.0,231.57,200000,191733.85627651683,-8266.143723483168,0.9586692813825841
2020-06-01,-1,-1.0899879322217119,33755960.61206282,0.00284,-386.2020228749886,248.23,200000,191733.85627651683,-8266.143723483168,0.9586692813825841
2020-06-02,-1,-1.061146419170622,33755960.61206282,0.00276,-386.2020228749886,237.71,200000,184970.53414690692,-15029.465853093076,0.9248526707345346
2020-06-03,-1,-0.9956892655754003,33755960.61206282,0.00286,-386.2020228749886,244.52,200000,190976.16598389187,-9023.834016108129,0.9548808299194593
2020-06-04,-1,-0.8476040314473935,33755960.61206282,0.00287,-386.2020228749886,243.21,200000,190807.80094004626,-9192.199059953738,0.9540390047002313
2020-06-05,-1,-0.6170410338703879,33755960.61206282,0.00287,-386.2020228749886,240.03,200000,189579.67850730382,-10420.321492696181,0.9478983925365191
2020-06-06,-1,-0.4372115019722923,33755960.61206282,0.00293,-386.2020228749886,241.94,200000,192342.6820077188,-7657.317992281198,0.961713410038594
2020-06-07,0,0.15072572712672352,0.0,0.00311,0.0,244.56,200000,181202.38548730867,-18797.614512691332,0.9060119274365434
2020-06-08,0,-0.013811554486907724,0.0,0.0031,0.0,246.4,200000,181202.38548730867,-18797.614512691332,0.9060119274365434
2020-06-09,2,1.2100272991823813,0.0,0.00339,0.0,243.8,200000,181202.38548730867,-18797.614512691332,0.9060119274365434
2020-06-10,0,0.6797118523935092,0.0,0.00333,0.0,247.78,200000,181202.38548730867,-18797.614512691332,0.9060119274365434
2020-06-11,0,0.2447199998974767,0.0,0.003,0.0,230.51,200000,181202.38548730867,-18797.614512691332,0.9060119274365434
2020-06-12,0,0.7588409358210212,0.0,0.00323,0.0,237.55,200000,181202.38548730867,-18797.614512691332,0.9060119274365434
2020-06-13,2,2.532849157317261,0.0,0.00386,0.0,238.11,200000,181202.38548730867,-18797.614512691332,0.9060119274365434
2020-06-14,2,2.487459541079113,0.0,0.00384,0.0,231.77,200000,181202.38548730867,-18797.614512691332,0.9060119274365434
2020-06-15,2,2.4835335420900027,0.0,0.00403,0.0,230.86,200000,181202.38548730867,-18797.614512691332,0.9060119274365434
2020-06-16,2,1.922699246806173,0.0,0.00401,0.0,235.3,200000,181202.38548730867,-18797.614512691332,0.9060119274365434
2020-06-17,2,1.4964027992385927,0.0,0.00388,0.0,233.82,200000,181202.38548730867,-18797.614512691332,0.9060119274365434
2020-06-18,2,2.1297986893562064,0.0,0.00436,0.0,231.27,200000,181202.38548730867,-18797.614512691332,0.9060119274365434
2020-06-19,2,1.9315117302075724,0.0,0.0044,0.0,229.0,200000,181202.38548730867,-18797.614512691332,0.9060119274365434
2020-06-20,2,1.630969628148303,0.0,0.00436,0.0,228.89,200000,181202.38548730867,-18797.614512691332,0.9060119274365434
2020-06-21,1,1.0690292597343385,-22315564.715185795,0.00406,397.3039499370915,228.04,200000,181202.38548730867,-18797.614512691332,0.9060119274365434
2020-06-22,1,0.564210895263618,-22315564.715185795,0.00404,397.3039499370915,243.13,200000,186751.39079755568,-13248.60920244432,0.9337569539877784
2020-06-23,1,0.43108000621418396,-22315564.715185795,0.004,397.3039499370915,243.14,200000,185862.74124844762,-14137.258751552377,0.9293137062422381
2020-06-24,0,0.1600942105253359,0.0,0.00374,0.0,234.58,200000,171463.03694586063,-28536.96305413937,0.8573151847293031
2020-06-25,0,0.10664591676888024,0.0,0.00372,0.0,232.5,200000,171463.03694586063,-28536.96305413937,0.8573151847293031
2020-06-26,0,-0.4371713903812393,0.0,0.00344,0.0,229.64,200000,171463.03694586063,-28536.96305413937,0.8573151847293031
2020-06-27,0,-0.21870637486543748,0.0,0.00345,0.0,220.94,200000,171463.03694586063,-28536.96305413937,0.8573151847293031
2020-06-28,0,0.23371878555270145,0.0,0.00375,0.0,224.93,200000,171463.03694586063,-28536.96305413937,0.8573151847293031
2020-06-29,0,-0.10288097386152231,0.0,0.00369,0.0,227.93,200000,171463.03694586063,-28536.96305413937,0.8573151847293031
2020-06-30,0,-0.5241825208779417,0.0,0.00353,0.0,225.6,200000,171463.03694586063,-28536.96305413937,0.8573151847293031
2020-07-01,0,-0.11480918812630796,0.0,0.00381,0.0,230.99,200000,171463.03694586063,-28536.96305413937,0.8573151847293031
2020-07-02,0,0.9028193509216567,0.0,0.00406,0.0,226.46,200000,171463.03694586063,-28536.96305413937,0.8573151847293031
2020-07-03,1,1.0843759345724668,-20859250.236722704,0.00411,381.24924833428344,224.87,200000,171463.03694586063,-28536.96305413937,0.8573151847293031
2020-07-04,2,1.270869912876218,0.0,0.00428,0.0,229.17,200000,173369.7377182661,-26630.262281733914,0.8668486885913305
2020-07-05,0,0.06299263782064914,0.0,0.0039,0.0,227.56,200000,173369.7377182661,-26630.262281733914,0.8668486885913305
2020-07-06,0,0.5530942611891074,0.0,0.0043,0.0,241.6,200000,173369.7377182661,-26630.262281733914,0.8668486885913305
2020-07-07,0,0.8053191693331397,0.0,0.00436,0.0,239.39,200000,173369.7377182661,-26630.262281733914,0.8668486885913305
2020-07-08,0,0.681851576170228,0.0,0.00444,0.0,246.95,200000,173369.7377182661,-26630.262281733914,0.8668486885913305
2020-07-09,2,1.253052840693844,0.0,0.0045,0.0,241.98,200000,173369.7377182661,-26630.262281733914,0.8668486885913305
2020-07-10,2,2.6172626330583513,0.0,0.00503,0.0,241.26,200000,173369.7377182661,-26630.262281733914,0.8668486885913305
2020-07-11,2,1.8002298546761484,0.0,0.0048,0.0,239.19,200000,173369.7377182661,-26630.262281733914,0.8668486885913305
2020-07-12,2,1.8280020016657292,0.0,0.005,0.0,242.79,200000,173369.7377182661,-26630.262281733914,0.8668486885913305
2020-07-13,2,1.7945600408144289,0.0,0.00504,0.0,239.5,200000,173369.7377182661,-26630.262281733914,0.8668486885913305
2020-07-14,1,1.0716644919746399,-18097049.866207317,0.00479,360.5259892660666,240.44,200000,173369.7377182661,-26630.262281733914,0.8668486885913305
2020-07-15,1,0.6487514658390923,-18097049.866207317,0.0046,360.5259892660666,238.61,200000,169271.5356833298,-30728.4643166702,0.846357678416649
2020-07-16,2,1.2268369997008315,0.0,0.00479,0.0,233.57,200000,175846.55126452397,-24153.448735476035,0.8792327563226199
2020-07-17,0,0.8934324600976598,0.0,0.00467,0.0,232.67,200000,175846.55126452397,-24153.448735476035,0.8792327563226199
2020-07-18,2,1.3128720260324098,0.0,0.00495,0.0,235.67,200000,175846.55126452397,-24153.448735476035,0.8792327563226199
2020-07-19,1,1.0866389761612085,-17690799.926008448,0.00497,367.7105751840658,239.11,200000,175846.55126452397,-24153.448735476035,0.8792327563226199
2020-07-20,2,2.7729448610964353,0.0,0.0058,0.0,236.01,200000,191669.8179861816,-8330.182013818412,0.958349089930908
2020-07-21,2,3.0165226957483537,0.0,0.0067,0.0,245.59,200000,191669.8179861816,-8330.182013818412,0.958349089930908
2020-07-22,2,1.501440715772206,0.0,0.00636,0.0,263.74,200000,191669.8179861816,-8330.182013818412,0.958349089930908
2020-07-23,0,0.9030816478537861,0.0,0.00629,0.0,275.3,200000,191669.8179861816,-8330.182013818412,0.958349089930908
2020-07-24,1,1.0367379050929448,-14631283.815739052,0.00655,343.309722346734,279.15,200000,191669.8179861816,-8330.182013818412,0.958349089930908
2020-07-25,0,-0.12932804708858625,0.0,0.00631,0.0,305.26,200000,179194.49301993096,-20805.50698006904,0.8959724650996548
2020-07-26,1,1.1076012583690107,-12042640.659941597,0.00744,288.0940402249694,311.0,200000,179194.49301993096,-20805.50698006904,0.8959724650996548
2020-07-27,2,1.250532736368202,0.0,0.00791,0.0,321.93,200000,181705.66627044464,-18294.333729555365,0.9085283313522232
2020-07-28,0,0.9205273379316601,0.0,0.0076,0.0,316.77,200000,181705.66627044464,-18294.333729555365,0.9085283313522232
2020-07-29,0,0.03411376184630186,0.0,0.00704,0.0,317.71,200000,181705.66627044464,-18294.333729555365,0.9085283313522232
2020-07-30,0,-0.42592823735830704,0.0,0.0071,0.0,334.87,200000,181705.66627044464,-18294.333729555365,0.9085283313522232
2020-07-31,-2,-1.2025485679314707,0.0,0.00675,0.0,346.33,200000,181705.66627044464,-18294.333729555365,0.9085283313522232
2020-08-01,-2,-2.1196085795383466,0.0,0.00646,0.0,387.0,200000,181705.66627044464,-18294.333729555365,0.9085283313522232
2020-08-02,-2,-1.9616822027882157,0.0,0.00605,0.0,372.42,200000,181705.66627044464,-18294.333729555365,0.9085283313522232
2020-08-03,-2,-1.4513990112643862,0.0,0.00668,0.0,385.94,200000,181705.66627044464,-18294.333729555365,0.9085283313522232
2020-08-04,-2,-1.219406064525871,0.0,0.00694,0.0,389.61,200000,181705.66627044464,-18294.333729555365,0.9085283313522232
2020-08-05,-2,-1.301790077408092,0.0,0.0069,0.0,400.72,200000,181705.66627044464,-18294.333729555365,0.9085283313522232
2020-08-06,0,-0.42652495157627174,0.0,0.00787,0.0,394.77,200000,181705.66627044464,-18294.333729555365,0.9085283313522232
2020-08-07,0,-0.5042628662978286,0.0,0.00744,0.0,379.34,200000,181705.66627044464,-18294.333729555365,0.9085283313522232
2020-08-08,0,-0.17812404399306944,0.0,0.00819,0.0,397.03,200000,181705.66627044464,-18294.333729555365,0.9085283313522232
2020-08-09,2,1.456918257408018,0.0,0.01013,0.0,390.14,200000,181705.66627044464,-18294.333729555365,0.9085283313522232
2020-08-10,2,1.9711014830430653,0.0,0.01097,0.0,395.44,200000,181705.66627044464,-18294.333729555365,0.9085283313522232
2020-08-11,2,1.6493114033404939,0.0,0.0103,0.0,379.0,200000,181705.66627044464,-18294.333729555365,0.9085283313522232
2020-08-12,2,1.6779270560512127,0.0,0.01085,0.0,387.18,200000,181705.66627044464,-18294.333729555365,0.9085283313522232
2020-08-13,0,0.7007047875937475,0.0,0.01036,0.0,424.54,200000,181705.66627044464,-18294.333729555365,0.9085283313522232
2020-08-14,2,1.869014280190907,0.0,0.01319,0.0,438.11,200000,181705.66627044464,-18294.333729555365,0.9085283313522232
2020-08-15,2,1.3819794212766432,0.0,0.01236,0.0,432.32,200000,181705.66627044464,-18294.333729555365,0.9085283313522232
2020-08-16,2,1.389774788642883,0.0,0.01265,0.0,433.62,200000,181705.66627044464,-18294.333729555365,0.9085283313522232
2020-08-17,0,0.9531309083655187,0.0,0.01181,0.0,430.89,200000,181705.66627044464,-18294.333729555365,0.9085283313522232
2020-08-18,0,0.7839846842951086,0.0,0.01135,0.0,421.95,200000,181705.66627044464,-18294.333729555365,0.9085283313522232
2020-08-19,0,0.5271407065412212,0.0,0.01055,0.0,407.46,200000,181705.66627044464,-18294.333729555365,0.9085283313522232
2020-08-20,1,1.1142365219242023,-7440854.474629182,0.01221,218.42773749873135,415.94,200000,181705.66627044464,-18294.333729555365,0.9085283313522232
2020-08-21,1,0.4711190383246388,-7440854.474629182,0.01029,218.42773749873135,387.97,200000,161309.80186131707,-38690.19813868293,0.8065490093065854
2020-08-22,1,0.32068038963314344,-7440854.474629182,0.01035,218.42773749873135,395.24,200000,163344.22278141062,-36655.777218589385,0.816721113907053
2020-08-23,1,0.5409457014337758,-7440854.474629182,0.01073,218.42773749873135,390.71,200000,165182.26983090045,-34817.73016909955,0.8259113491545023
2020-08-24,2,1.3872376233064736,0.0,0.01273,0.0,407.68,200000,187379.12370899133,-12620.876291008666,0.9368956185449566
2020-08-25,1,1.1697947870474077,-8021366.597131479,0.01168,244.6649827762141,382.93,200000,187379.12370899133,-12620.876291008666,0.9368956185449566
2020-08-26,2,1.5947549775442698,0.0,0.01244,0.0,385.81,200000,192770.72717241573,-7229.272827584267,0.9638536358620786
2020-08-27,2,1.2915714669428071,0.0,0.012,0.0,383.27,200000,192770.72717241573,-7229.272827584267,0.9638536358620786
2020-08-28,2,1.2275730801685159,0.0,0.01226,0.0,395.11,200000,192770.72717241573,-7229.272827584267,0.9638536358620786
2020-08-29,0,0.48903081313808416,0.0,0.01179,0.0,398.65,200000,192770.72717241573,-7229.272827584267,0.9638536358620786
2020-08-30,0,-0.8261708033740375,0.0,0.01146,0.0,428.94,200000,192770.72717241573,-7229.272827584267,0.9638536358620786
2020-08-31,-2,-1.3745360807516476,0.0,0.01098,0.0,433.79,200000,192770.72717241573,-7229.272827584267,0.9638536358620786
2020-09-01,-2,-2.367145878609778,0.0,0.01031,0.0,475.4,200000,192770.72717241573,-7229.272827584267,0.9638536358620786
2020-09-02,-2,-1.8462763309477295,0.0,0.01,0.0,439.5,200000,192770.72717241573,-7229.272827584267,0.9638536358620786
2020-09-03,-2,-2.187903882396243,0.0,0.00777,0.0,381.4,200000,192770.72717241573,-7229.272827584267,0.9638536358620786
2020-09-04,-2,-2.0241364501041113,0.0,0.00754,0.0,385.26,200000,192770.72717241573,-7229.272827584267,0.9638536358620786
2020-09-05,-2,-2.05116113517593,0.0,0.006,0.0,335.01,200000,192770.72717241573,-7229.272827584267,0.9638536358620786
2020-09-06,-2,-1.6555712560939067,0.0,0.00654,0.0,352.8,200000,192770.72717241573,-7229.272827584267,0.9638536358620786
2020-09-07,-2,-1.538620654035498,0.0,0.00641,0.0,353.59,200000,192770.72717241573,-7229.272827584267,0.9638536358620786
2020-09-08,-2,-1.3138747473052785,0.0,0.00625,0.0,337.39,200000,192770.72717241573,-7229.272827584267,0.9638536358620786
2020-09-09,0,-0.9815689112682404,0.0,0.00691,0.0,350.85,200000,192770.72717241573,-7229.272827584267,0.9638536358620786
2020-09-10,0,-0.9612459385096106,0.0,0.00711,0.0,367.93,200000,192770.72717241573,-7229.272827584267,0.9638536358620786
2020-09-11,0,-0.9202871381216473,0.0,0.00713,0.0,373.63,200000,192770.72717241573,-7229.272827584267,0.9638536358620786
2020-09-12,0,-0.8138316560856713,0.0,0.00745,0.0,387.78,200000,192770.72717241573,-7229.272827584267,0.9638536358620786
2020-09-13,0,-0.814944029675779,0.0,0.00687,0.0,366.42,200000,192770.72717241573,-7229.272827584267,0.9638536358620786
2020-09-14,0,-0.8661094916766138,0.0,0.0068,0.0,377.12,200000,192770.72717241573,-7229.272827584267,0.9638536358620786
2020-09-15,-1,-1.1387390198251093,16226492.186230281,0.00594,-264.75131458058524,364.06,200000,192770.72717241573,-7229.272827584267,0.9638536358620786
2020-09-16,-1,-1.1424162631657013,16226492.186230281,0.00586,-264.75131458058524,365.11,200000,191750.59667782692,-8249.403322173079,0.9587529833891346
2020-09-17,-2,-1.3874278898498957,0.0,0.00584,0.0,389.36,200000,201091.5846499276,1091.584649927594,1.005457923249638
2020-09-18,-2,-1.5569041080548958,0.0,0.00558,0.0,384.39,200000,201091.5846499276,1091.584649927594,1.005457923249638
2020-09-19,-2,-1.5611604765599316,0.0,0.00557,0.0,385.25,200000,201091.5846499276,1091.584649927594,1.005457923249638
2020-09-20,-2,-1.7332362316257819,0.0,0.00517,0.0,371.04,200000,201091.5846499276,1091.584649927594,1.005457923249638
2020-09-21,-2,-1.7393344969522047,0.0,0.00456,0.0,340.36,200000,201091.5846499276,1091.584649927594,1.005457923249638
2020-09-22,-2,-1.5964622024974924,0.0,0.00465,0.0,344.21,200000,201091.5846499276,1091.584649927594,1.005457923249638
2020-09-23,-2,-1.6694021193707445,0.0,0.00412,0.0,320.72,200000,201091.5846499276,1091.584649927594,1.005457923249638
2020-09-24,-2,-1.45065351685318,0.0,0.00452,0.0,348.97,200000,201091.5846499276,1091.584649927594,1.005457923249638
2020-09-25,0,-0.7267579455183666,0.0,0.00512,0.0,351.92,200000,201091.5846499276,1091.584649927594,1.005457923249638
2020-09-26,0,-0.423608931880126,0.0,0.00536,0.0,353.92,200000,201091.5846499276,1091.584649927594,1.005457923249638
2020-09-27,0,-0.6988230453699498,0.0,0.00511,0.0,357.49,200000,201091.5846499276,1091.584649927594,1.005457923249638
2020-09-28,0,-0.7669237367756592,0.0,0.00493,0.0,353.96,200000,201091.5846499276,1091.584649927594,1.005457923249638
2020-09-29,0,-0.7049785251011517,0.0,0.005,0.0,359.79,200000,201091.5846499276,1091.584649927594,1.005457923249638
2020-09-30,0,-0.2082463771549898,0.0,0.00533,0.0,359.83,200000,201091.5846499276,1091.584649927594,1.005457923249638
2020-10-01,0,-0.7240201240311903,0.0,0.00481,0.0,352.85,200000,201091.5846499276,1091.584649927594,1.005457923249638
2020-10-02,0,-0.5545711394305002,0.0,0.00478,0.0,345.6,200000,201091.5846499276,1091.584649927594,1.005457923249638
2020-10-03,0,-0.5969417886940276,0.0,0.00474,0.0,345.95,200000,201091.5846499276,1091.584649927594,1.005457923249638
2020-10-04,0,-0.9637646696583729,0.0,0.00469,0.0,352.37,200000,201091.5846499276,1091.584649927594,1.005457923249638
2020-10-05,-1,-1.165945860183364,21716153.84988419,0.00463,-284.3328780186748,353.62,200000,201091.58464992756,1091.584649927565,1.005457923249638
2020-10-06,-2,-2.634474121021223,0.0,0.00395,0.0,340.75,200000,212199.20512774843,12199.205127748428,1.060996025638742
2020-10-07,-2,-1.995969661366885,0.0,0.00405,0.0,341.58,200000,212199.20512774843,12199.205127748428,1.060996025638742
2020-10-08,-2,-1.3372095544366742,0.0,0.00432,0.0,350.95,200000,212199.20512774843,12199.205127748428,1.060996025638742
2020-10-09,-1,-1.160822297298817,23525410.768043064,0.00451,-290.66791563167556,365.02,200000,212199.20512774843,12199.205127748428,1.060996025638742
2020-10-10,-2,-1.5207667522329338,0.0,0.00438,0.0,370.52,200000,216856.18206356824,16856.182063568238,1.0842809103178412
2020-10-11,-2,-1.3069480497320736,0.0,0.00445,0.0,374.16,200000,216856.18206356824,16856.182063568238,1.0842809103178412
2020-10-12,-1,-1.1349100229489906,23469283.773113444,0.00462,-280.5311402855919,386.51,200000,216856.18206356824,16856.182063568238,1.0842809103178412
2020-10-13,-1,-0.25733103121470363,23469283.773113444,0.00492,-280.5311402855919,381.04,200000,222362.46185814007,22362.461858140072,1.1118123092907004
2020-10-14,-1,-0.41470920599371636,23469283.773113444,0.00482,-280.5311402855919,378.69,200000,219356.28530115756,19356.285301157564,1.0967814265057878
2020-10-15,-1,-1.0085279916616563,23469283.773113444,0.00452,-280.5311402855919,377.64,200000,212020.94247192368,12020.942471923685,1.0601047123596183
2020-10-16,-2,-1.5040629764469382,0.0,0.00414,0.0,365.5,200000,222227.4790172624,22227.479017262405,1.111137395086312
2020-10-17,0,-0.9881745286278805,0.0,0.00433,0.0,368.32,200000,222227.4790172624,22227.479017262405,1.111137395086312
2020-10-18,0,-0.4504331891498741,0.0,0.00462,0.0,378.11,200000,222227.4790172624,22227.479017262405,1.111137395086312
2020-10-19,-1,-1.0497111895521465,25368433.67776968,0.00438,-292.9442117285294,379.3,200000,222227.4790172624,22227.479017262405,1.111137395086312
2020-10-20,-2,-1.6249014392829726,0.0,0.00405,0.0,368.52,200000,227441.12352849287,27441.12352849287,1.1372056176424643
2020-10-21,-2,-1.5798420790858423,0.0,0.00425,0.0,390.38,200000,227441.12352849287,27441.12352849287,1.1372056176424643
2020-10-22,-2,-1.947706926744846,0.0,0.00431,0.0,413.98,200000,227441.12352849287,27441.12352849287,1.1372056176424643
2020-10-23,-2,-1.7970926512577767,0.0,0.00426,0.0,409.11,200000,227441.12352849287,27441.12352849287,1.1372056176424643
2020-10-24,-2,-1.4966985249692382,0.0,0.00435,0.0,412.14,200000,227441.12352849287,27441.12352849287,1.1372056176424643
2020-10-25,-2,-1.3099368845437807,0.0,0.00431,0.0,405.86,200000,227441.12352849287,27441.12352849287,1.1372056176424643
2020-10-26,-2,-1.438927031448419,0.0,0.00408,0.0,392.52,200000,227441.12352849287,27441.12352849287,1.1372056176424643
2020-10-27,-2,-1.7086498299432242,0.0,0.00402,0.0,403.45,200000,227441.12352849287,27441.12352849287,1.1372056176424643
2020-10-28,-2,-1.8859522640014654,0.0,0.0037,0.0,388.23,200000,227441.12352849287,27441.12352849287,1.1372056176424643
2020-10-29,-2,-1.7985585374579574,0.0,0.00362,0.0,387.13,200000,227441.12352849287,27441.12352849287,1.1372056176424643
2020-10-30,-2,-1.8000614951560525,0.0,0.00346,0.0,382.49,200000,227441.12352849287,27441.12352849287,1.1372056176424643
2020-10-31,-2,-1.7313780244706392,0.0,0.00341,0.0,386.46,200000,227441.12352849287,27441.12352849287,1.1372056176424643
2020-11-01,0,-0.6943242203381266,0.0,0.00395,0.0,396.67,200000,227441.12352849287,27441.12352849287,1.1372056176424643
2020-11-02,0,-0.9656538497194472,0.0,0.00366,0.0,383.02,200000,227441.12352849287,27441.12352849287,1.1372056176424643
2020-11-03,-2,-1.2178770265510825,0.0,0.00357,0.0,387.88,200000,227441.12352849287,27441.12352849287,1.1372056176424643
2020-11-04,-1,-1.172958439503783,30902326.566371314,0.00368,-282.5425768696028,402.49,200000,227441.12352849287,27441.12352849287,1.1372056176424643
2020-11-05,-2,-1.3592357409494082,0.0,0.00367,0.0,416.69,200000,231762.2513857049,31762.251385704905,1.1588112569285245
2020-11-06,0,-0.7642869603055316,0.0,0.00425,0.0,455.91,200000,231762.2513857049,31762.251385704905,1.1588112569285245
2020-11-07,-1,-1.1755413084762398,29866269.508467127,0.00388,-266.26485074527807,435.21,200000,231762.2513857049,31762.251385704905,1.1588112569285245
2020-11-08,-1,-0.8483897985357036,29866269.508467127,0.00415,-266.26485074527807,454.3,200000,244909.1401537184,44909.140153718414,1.224545700768592
2020-11-09,0,0.7475271717252175,0.0,0.00454,0.0,444.32,200000,214476.18630040612,14476.186300406116,1.0723809315020305
2020-11-10,2,1.3719594882609494,0.0,0.00477,0.0,450.34,200000,214476.18630040612,14476.186300406116,1.0723809315020305
2020-11-11,0,0.971690754549416,0.0,0.00478,0.0,463.09,200000,214476.18630040612,14476.186300406116,1.0723809315020305
2020-11-12,0,0.1492135898092809,0.0,0.00451,0.0,462.39,200000,214476.18630040612,14476.186300406116,1.0723809315020305
2020-11-13,0,0.06742266874854475,0.0,0.0046,0.0,476.43,200000,214476.18630040612,14476.186300406116,1.0723809315020305
2020-11-14,0,0.35337419309939133,0.0,0.0045,0.0,460.89,200000,214476.18630040612,14476.186300406116,1.0723809315020305
2020-11-15,0,-0.12576725280204676,0.0,0.00424,0.0,448.08,200000,214476.18630040612,14476.186300406116,1.0723809315020305
2020-11-16,0,0.055766647321068355,0.0,0.00439,0.0,460.55,200000,214476.18630040612,14476.186300406116,1.0723809315020305
2020-11-17,0,-0.04759012783403288,0.0,0.00457,0.0,482.15,200000,214476.18630040612,14476.186300406116,1.0723809315020305
2020-11-18,0,-0.6743402132284847,0.0,0.00438,0.0,478.41,200000,214476.18630040612,14476.186300406116,1.0723809315020305
2020-11-19,0,-0.34659232035117926,0.0,0.0044,0.0,471.25,200000,214476.18630040612,14476.186300406116,1.0723809315020305
2020-11-20,0,-0.9710748456140919,0.0,0.00462,0.0,510.12,200000,214476.18630040612,14476.186300406116,1.0723809315020305
2020-11-21,-1,-1.0241023639828768,21620583.296411905,0.00496,-194.1488062826162,552.35,200000,214476.18630040612,14476.186300406116,1.0723809315020305
2020-11-22,-1,-0.8711350203227085,21620583.296411905,0.00505,-194.1488062826162,560.03,200000,217913.10162933366,17913.101629333658,1.0895655081466682
2020-11-23,-1,-0.49306227180382955,21620583.296411905,0.0056,-194.1488062826162,608.58,200000,239230.34698738123,39230.34698738123,1.1961517349369062
2020-11-24,0,0.4784736797127922,0.0,0.00587,0.0,604.97,200000,205017.56568726254,5017.56568726254,1.0250878284363127
2020-11-25,2,2.581109026165662,0.0,0.00631,0.0,569.5,200000,205017.56568726254,5017.56568726254,1.0250878284363127
2020-11-26,2,1.2176728977326874,0.0,0.00539,0.0,519.83,200000,205017.56568726254,5017.56568726254,1.0250878284363127
2020-11-27,0,0.5418882669709792,0.0,0.00519,0.0,518.68,200000,205017.56568726254,5017.56568726254,1.0250878284363127
2020-11-28,2,1.3726122896565107,0.0,0.00569,0.0,537.52,200000,205017.56568726254,5017.56568726254,1.0250878284363127
2020-11-29,0,0.27106771475862756,0.0,0.00571,0.0,576.3,200000,205017.56568726254,5017.56568726254,1.0250878284363127
2020-11-30,0,-0.6401363294468476,0.0,0.00575,0.0,616.66,200000,205017.56568726254,5017.56568726254,1.0250878284363127
2020-12-01,0,-0.054940872095608016,0.0,0.00563,0.0,585.26,200000,205017.56568726254,5017.56568726254,1.0250878284363127
2020-12-02,0,-0.28255778498854633,0.0,0.00566,0.0,596.89,200000,205017.56568726254,5017.56568726254,1.0250878284363127
2020-12-03,0,-0.8721871529865407,0.0,0.00562,0.0,615.85,200000,205017.56568726254,5017.56568726254,1.0250878284363127
2020-12-04,0,-0.5290816723598586,0.0,0.00527,0.0,567.24,200000,205017.56568726254,5017.56568726254,1.0250878284363127
2020-12-05,-1,-1.0898839341610966,19232417.04383326,0.00533,-171.7640463197575,596.8,200000,205017.56568726254,5017.56568726254,1.0250878284363127
2020-12-06,-2,-1.6016301172615988,0.0,0.00512,0.0,601.54,200000,209870.53484602316,9870.534846023162,1.0493526742301158
2020-12-07,0,-0.5703478471508884,0.0,0.0054,0.0,591.28,200000,209870.53484602316,9870.534846023162,1.0493526742301158
2020-12-08,-2,-1.5073274935532774,0.0,0.00469,0.0,554.94,200000,209870.53484602316,9870.534846023162,1.0493526742301158
2020-12-09,0,-0.906306814877466,0.0,0.00505,0.0,573.09,200000,209870.53484602316,9870.534846023162,1.0493526742301158
2020-12-10,0,-0.7475119604496782,0.0,0.00498,0.0,558.99,200000,209870.53484602316,9870.534846023162,1.0493526742301158
2020-12-11,-1,-1.0756075325394905,22279249.983654264,0.00471,-192.74335988650807,544.43,200000,209870.53484602316,9870.534846023162,1.0493526742301158
2020-12-12,-1,-0.4173429297858962,22279249.983654264,0.00518,-192.74335988650807,568.04,200000,224892.45306526113,24892.45306526113,1.1244622653263057
2020-12-13,-1,-0.7832945313906808,22279249.983654264,0.00522,-192.74335988650807,590.7,200000,230151.18759963557,30151.187599635567,1.1507559379981778
2020-12-14,-1,-1.1028140833263738,22279249.983654264,0.005,-192.74335988650807,586.29,200000,224399.75438613212,24399.754386132117,1.1219987719306606
2020-12-15,-1,-0.21381483579051128,22279249.983654264,0.00536,-192.74335988650807,588.64,200000,232873.23127598097,32873.23127598097,1.1643661563799048
2020-12-16,-1,-0.5084458718915944,22279249.983654264,0.00566,-192.74335988650807,637.18,200000,248912.76895996835,48912.76895996835,1.2445638447998417
2020-12-17,-2,-1.396336569268886,0.0,0.00535,0.0,642.7,200000,214552.70483253163,14552.704832531628,1.072763524162658
2020-12-18,0,-0.5784222092421327,0.0,0.00572,0.0,653.85,200000,214552.70483253163,14552.704832531628,1.072763524162658
2020-12-19,-1,-1.050828445259146,19088318.935278613,0.00562,-163.0265374166312,658.03,200000,214552.70483253163,14552.704832531628,1.072763524162658
2020-12-20,0,0.2737167941587962,0.0,0.00574,0.0,638.18,200000,209026.02979257802,9026.029792578018,1.0451301489628901
2020-12-21,0,-0.43637048520083255,0.0,0.0053,0.0,607.58,200000,209026.02979257802,9026.029792578018,1.0451301489628901
2020-12-22,0,-0.309147647756954,0.0,0.00556,0.0,636.45,200000,209026.02979257802,9026.029792578018,1.0451301489628901
2020-12-23,-2,-2.8536474081623013,0.0,0.00455,0.0,585.56,200000,209026.02979257802,9026.029792578018,1.0451301489628901
2020-12-24,-2,-2.235632815352184,0.0,0.0048,0.0,612.31,200000,209026.02979257802,9026.029792578018,1.0451301489628901
2020-12-25,-2,-2.206957661985131,0.0,0.0048,0.0,626.82,200000,209026.02979257802,9026.029792578018,1.0451301489628901
2020-12-26,-2,-2.08427790596327,0.0,0.0048,0.0,637.44,200000,209026.02979257802,9026.029792578018,1.0451301489628901
2020-12-27,-2,-2.183138611042732,0.0,0.00497,0.0,685.11,200000,209026.02979257802,9026.029792578018,1.0451301489628901
2020-12-28,-2,-2.3083087449067805,0.0,0.00501,0.0,730.41,200000,209026.02979257802,9026.029792578018,1.0451301489628901
2020-12-29,-2,-2.449694611009848,0.0,0.00461,0.0,732.0,200000,209026.02979257802,9026.029792578018,1.0451301489628901
2020-12-30,-2,-2.483392001613344,0.0,0.00428,0.0,752.17,200000,209026.02979257802,9026.029792578018,1.0451301489628901
2020-12-31,-2,-1.8323934955623926,0.0,0.00443,0.0,736.42,200000,209026.02979257802,9026.029792578018,1.0451301489628901
2021-01-01,-1,-1.1838465662738242,21819001.022189774,0.00479,-143.38260539200863,728.91,200000,209026.02979257802,9026.029792578018,1.0451301489628901
2021-01-02,-2,-1.3667514487986825,0.0,0.0048,0.0,774.56,200000,215353.25571850134,15353.255718501343,1.0767662785925067
2021-01-03,-2,-1.7249351319892126,0.0,0.00538,0.0,978.28,200000,215353.25571850134,15353.255718501343,1.0767662785925067
2021-01-04,-2,-1.5832714160009926,0.0,0.00566,0.0,1041.43,200000,215353.25571850134,15353.255718501343,1.0767662785925067
2021-01-05,-2,-1.4544675592296294,0.0,0.00592,0.0,1099.56,200000,215353.25571850134,15353.255718501343,1.0767662785925067
2021-01-06,0,-0.9959058601299744,0.0,0.00704,0.0,1208.42,200000,215353.25571850134,15353.255718501343,1.0767662785925067
2021-01-07,-1,-1.1338790170964936,15952093.016185286,0.00675,-87.90861712610374,1224.87,200000,215353.25571850134,15353.255718501343,1.0767662785925067
2021-01-08,-1,-1.154831160126266,15952093.016185286,0.0065,-87.90861712610374,1216.93,200000,210667.23804447378,10667.23804447378,1.0533361902223688
2021-01-09,-1,-0.7683426519329798,15952093.016185286,0.00731,-87.90861712610374,1276.0,200000,228781.1954012228,28781.195401222794,1.143905977006114
2021-01-10,-1,-0.6749040737119973,15952093.016185286,0.00722,-87.90861712610374,1254.25,200000,225433.49460727337,25433.494607273373,1.1271674730363668
2021-01-11,-1,-0.7399698371027551,15952093.016185286,0.00613,-87.90861712610374,1087.01,200000,193343.87609146183,-6656.123908538168,0.9667193804573092
2021-01-12,-1,-0.7431751328169132,15952093.016185286,0.00585,-87.90861712610374,1050.16,200000,185637.85750583303,-14362.142494166968,0.9281892875291652
2021-01-13,-1,-0.5595307024181414,15952093.016185286,0.0064,-87.90861712610374,1129.89,200000,201420.4627081992,1420.462708199193,1.007102313540996
2021-01-14,-2,-1.2776741037040016,0.0,0.00629,0.0,1231.62,200000,223284.6016715478,23284.601671547804,1.116423008357739
2021-01-15,0,-0.8554817616182702,0.0,0.00627,0.0,1168.53,200000,223284.6016715478,23284.601671547804,1.116423008357739
2021-01-16,0,-0.7227911471571489,0.0,0.00666,0.0,1227.83,200000,223284.6016715478,23284.601671547804,1.116423008357739
2021-01-17,0,0.6262902471678131,0.0,0.0073,0.0,1232.45,200000,223284.6016715478,23284.601671547804,1.116423008357739
2021-01-18,0,0.6958759222278172,0.0,0.00744,0.0,1258.45,200000,223284.6016715478,23284.601671547804,1.116423008357739
2021-01-19,0,0.5504781302104831,0.0,0.00802,0.0,1365.36,200000,223284.6016715478,23284.601671547804,1.116423008357739
2021-01-20,0,-0.015778862173411595,0.0,0.0078,0.0,1376.99,200000,223284.6016715478,23284.601671547804,1.116423008357739
2021-01-21,2,1.4438403126554036,0.0,0.0067,0.0,1110.96,200000,223284.6016715478,23284.601671547804,1.116423008357739
2021-01-22,0,0.6185718072473845,0.0,0.00711,0.0,1232.62,200000,223284.6016715478,23284.601671547804,1.116423008357739
2021-01-23,2,2.0740891037913474,0.0,0.00767,0.0,1233.6,200000,223284.6016715478,23284.601671547804,1.116423008357739
2021-01-24,-1,-1.0568328922423924,-14945421.798631044,0.00747,80.1734284391307,1392.51,200000,223284.6016715478,23284.601671547804,1.116423008357739
2021-01-25,-1,-1.048391734770414,-14945421.798631044,0.00707,80.1734284391307,1317.88,200000,211323.08998768305,11323.089987683052,1.0566154499384153
2021-01-26,-2,-1.5264669282577323,0.0,0.00707,0.0,1365.97,200000,227134.96760022567,27134.967600225675,1.1356748380011283
2021-01-27,0,-0.26577159811640766,0.0,0.00687,0.0,1239.03,200000,227134.96760022567,27134.967600225675,1.1356748380011283
2021-01-28,2,1.2213846010802536,0.0,0.008,0.0,1329.69,200000,227134.96760022567,27134.967600225675,1.1356748380011283
2021-01-29,2,1.821437948167429,0.0,0.00866,0.0,1379.5,200000,227134.96760022567,27134.967600225675,1.1356748380011283
2021-01-30,2,2.0315607207859827,0.0,0.00892,0.0,1378.05,200000,227134.96760022567,27134.967600225675,1.1356748380011283
2021-01-31,2,1.9692210458559594,0.0,0.00865,0.0,1312.55,200000,227134.96760022567,27134.967600225675,1.1356748380011283
2021-02-01,0,0.30145520776693374,0.0,0.00812,0.0,1374.17,200000,227134.96760022567,27134.967600225675,1.1356748380011283
2021-02-02,0,0.17635984658968756,0.0,0.00887,0.0,1511.87,200000,227134.96760022567,27134.967600225675,1.1356748380011283
2021-02-03,0,0.7988089534528499,0.0,0.01025,0.0,1664.49,200000,227134.96760022567,27134.967600225675,1.1356748380011283
2021-02-04,2,1.683368456573816,0.0,0.01052,0.0,1595.67,200000,227134.96760022567,27134.967600225675,1.1356748380011283
2021-02-05,2,1.7729046399938608,0.0,0.01158,0.0,1719.19,200000,227134.96760022567,27134.967600225675,1.1356748380011283
2021-02-06,0,0.5908686297010687,0.0,0.01047,0.0,1676.35,200000,227134.96760022567,27134.967600225675,1.1356748380011283
2021-02-07,1,1.0791502581730734,-10836591.965659622,0.01048,70.46790422066793,1611.62,200000,227134.9676002257,27134.967600225704,1.1356748380011286
2021-02-08,2,2.085876385289685,0.0,0.01252,0.0,1750.15,200000,239479.69643848215,39479.69643848215,1.1973984821924106
2021-02-09,2,3.6349991231495458,0.0,0.01739,0.0,1769.13,200000,239479.69643848215,39479.69643848215,1.1973984821924106
2021-02-10,2,2.1704681531997023,0.0,0.01547,0.0,1740.78,200000,239479.69643848215,39479.69643848215,1.1973984821924106
2021-02-11,2,2.0195237918723072,0.0,0.01638,0.0,1785.62,200000,239479.69643848215,39479.69643848215,1.1973984821924106
2021-02-12,2,2.059881469550669,0.0,0.01798,0.0,1840.26,200000,239479.69643848215,39479.69643848215,1.1973984821924106
2021-02-13,2,2.498997126349741,0.0,0.02078,0.0,1814.96,200000,239479.69643848215,39479.69643848215,1.1973984821924106
2021-02-14,2,2.3373237553888084,0.0,0.02193,0.0,1800.42,200000,239479.69643848215,39479.69643848215,1.1973984821924106
2021-02-15,2,1.4684662317355164,0.0,0.01918,0.0,1779.25,200000,239479.69643848215,39479.69643848215,1.1973984821924106
2021-02-16,2,1.2233035128677232,0.0,0.0188,0.0,1781.99,200000,239479.69643848215,39479.69643848215,1.1973984821924106
2021-02-17,1,1.0531591480134437,-6207353.458747593,0.01929,64.72844088224159,1849.88,200000,239479.69643848215,39479.69643848215,1.1973984821924106
2021-02-18,2,1.2080304732555098,0.0,0.02143,0.0,1939.61,200000,246955.3498398385,46955.34983983851,1.2347767491991926
2021-02-19,0,0.982213381843171,0.0,0.02108,0.0,1955.0,200000,246955.3498398385,46955.34983983851,1.2347767491991926
2021-02-20,2,1.2061929975961456,0.0,0.02213,0.0,1913.0,200000,246955.3498398385,46955.34983983851,1.2347767491991926
2021-02-21,1,1.0691677303124671,-5554551.2784489095,0.02223,63.86126665731551,1933.53,200000,246955.3498398385,46955.34983983851,1.2347767491991926
2021-02-22,1,0.8651056773434329,-5554551.2784489095,0.01997,63.86126665731551,1777.58,200000,224442.89941533562,24442.899415335618,1.122214497076678
2021-02-23,1,0.36521530187907786,-5554551.2784489095,0.01633,63.86126665731551,1577.89,200000,191471.87642298226,-8528.123577017745,0.9573593821149112
2021-02-24,1,0.3809446386794194,-5554551.2784489095,0.01709,63.86126665731551,1623.39,200000,198599.0230275113,-1400.9769724886864,0.9929951151375566
2021-02-25,1,0.919122532454389,-5554551.2784489095,0.01726,63.86126665731551,1481.75,200000,190497.98693550544,-9502.01306449456,0.9524899346775272
2021-02-26,1,1.1160894213556012,-5554551.2784489095,0.0174,63.86126665731551,1444.59,200000,188902.53944550242,-11097.460554497578,0.9445126972275121
2021-02-27,2,2.6821635799323027,0.0,0.02175,0.0,1458.13,200000,274648.8113950708,74648.8113950708,1.373244056975354
2021-02-28,2,2.95172527333231,0.0,0.02342,0.0,1419.18,200000,274648.8113950708,74648.8113950708,1.373244056975354
2021-03-01,2,1.753028881693776,0.0,0.02334,0.0,1569.86,200000,274648.8113950708,74648.8113950708,1.373244056975354
2021-03-02,2,1.6750893139797094,0.0,0.02249,0.0,1486.78,200000,274648.8113950708,74648.8113950708,1.373244056975354
2021-03-03,2,1.7711187769864936,0.0,0.02477,0.0,1567.69,200000,274648.8113950708,74648.8113950708,1.373244056975354
2021-03-04,2,1.8778647069941088,0.0,0.02562,0.0,1539.23,200000,274648.8113950708,74648.8113950708,1.373244056975354
2021-03-05,2,2.307959619155413,0.0,0.02889,0.0,1528.31,200000,274648.8113950708,74648.8113950708,1.373244056975354
2021-03-06,2,1.5632723086034197,0.0,0.02892,0.0,1650.35,200000,274648.8113950708,74648.8113950708,1.373244056975354
2021-03-07,0,0.9939048348155587,0.0,0.028,0.0,1726.16,200000,274648.8113950708,74648.8113950708,1.373244056975354
2021-03-08,1,1.0219539869228476,-4511314.247619429,0.03044,74.91048653025638,1833.18,200000,274648.8113950708,74648.8113950708,1.373244056975354
2021-03-09,2,1.3042436129211143,0.0,0.03332,0.0,1870.51,200000,284844.98796604027,84844.98796604027,1.4242249398302014
2021-03-10,2,1.2144563836550368,0.0,0.0322,0.0,1795.12,200000,284844.98796604027,84844.98796604027,1.4242249398302014
2021-03-11,2,1.419254743762836,0.0,0.03468,0.0,1825.78,200000,284844.98796604027,84844.98796604027,1.4242249398302014
2021-03-12,2,2.418825431116098,0.0,0.04197,0.0,1766.1,200000,284844.98796604027,84844.98796604027,1.4242249398302014
2021-03-13,2,2.124649550940672,0.0,0.04653,0.0,1922.35,200000,284844.98796604027,84844.98796604027,1.4242249398302014
2021-03-14,2,2.6547231838676124,0.0,0.05433,0.0,1848.1,200000,284844.98796604027,84844.98796604027,1.4242249398302014
2021-03-15,2,2.619741532226115,0.0,0.05877,0.0,1793.48,200000,284844.98796604027,84844.98796604027,1.4242249398302014
2021-03-16,2,1.8398811461594498,0.0,0.05398,0.0,1805.12,200000,284844.98796604027,84844.98796604027,1.4242249398302014
2021-03-17,2,1.3374776330880962,0.0,0.0507,0.0,1823.58,200000,284844.98796604027,84844.98796604027,1.4242249398302014
2021-03-18,2,1.2910697076901856,0.0,0.0503,0.0,1776.08,200000,284844.98796604027,84844.98796604027,1.4242249398302014
2021-03-19,2,1.4491583601973217,0.0,0.05486,0.0,1809.1,200000,284844.98796604027,84844.98796604027,1.4242249398302014
2021-03-20,2,1.6593649797992118,0.0,0.0598,0.0,1806.1,200000,284844.98796604027,84844.98796604027,1.4242249398302014
2021-03-21,2,2.4293258892254745,0.0,0.07533,0.0,1782.98,200000,284844.98796604027,84844.98796604027,1.4242249398302014
2021-03-22,2,2.3507118179165953,0.0,0.07739,0.0,1680.97,200000,284844.98796604027,84844.98796604027,1.4242249398302014
2021-03-23,2,1.940143612753005,0.0,0.07573,0.0,1668.08,200000,284844.98796604027,84844.98796604027,1.4242249398302014
2021-03-24,2,1.731932282483404,0.0,0.07258,0.0,1581.84,200000,284844.98796604027,84844.98796604027,1.4242249398302014
2021-03-25,2,1.273743718192168,0.0,0.06771,0.0,1585.74,200000,284844.98796604027,84844.98796604027,1.4242249398302014
2021-03-26,1,1.0117349553690944,-2042192.3427447684,0.06974,83.83514279332965,1698.84,200000,284844.98796604027,84844.98796604027,1.4242249398302014
2021-03-27,2,1.9320791554558288,0.0,0.09207,0.0,1712.63,200000,329291.05636041093,129291.05636041093,1.6464552818020546
2021-03-28,2,1.6229816567020958,0.0,0.08853,0.0,1687.01,200000,329291.05636041093,129291.05636041093,1.6464552818020546
2021-03-29,1,1.1097474874277602,-1893347.8401587566,0.08696,90.62690763686905,1816.74,200000,329291.05636041093,129291.05636041093,1.6464552818020546
2021-03-30,2,1.2014975367092586,0.0,0.09202,0.0,1840.46,200000,336721.72618246777,136721.72618246777,1.6836086309123388
2021-03-31,0,0.509555646774852,0.0,0.08345,0.0,1919.37,200000,336721.72618246777,136721.72618246777,1.6836086309123388
2021-04-01,0,0.1090846610396293,0.0,0.0794,0.0,1968.05,200000,336721.72618246777,136721.72618246777,1.6836086309123388
2021-04-02,0,-0.30364897238742244,0.0,0.07996,0.0,2133.69,200000,336721.72618246777,136721.72618246777,1.6836086309123388
2021-04-03,0,-0.37136800217230276,0.0,0.0752,0.0,2008.52,200000,336721.72618246777,136721.72618246777,1.6836086309123388
2021-04-04,0,-0.4750105911790076,0.0,0.07657,0.0,2075.69,200000,336721.72618246777,136721.72618246777,1.6836086309123388
2021-04-05,0,-0.724523198540192,0.0,0.07465,0.0,2107.38,200000,336721.72618246777,136721.72618246777,1.6836086309123388
2021-04-06,-1,-1.1853732972200621,2443553.8910193597,0.0689,-79.70839220117028,2112.21,200000,336721.72618246777,136721.72618246777,1.6836086309123388
2021-04-07,-2,-1.4210000352459309,0.0,0.06177,0.0,1963.47,200000,342288.4391694338,142288.43916943378,1.711442195847169
2021-04-08,-1,-1.0478821963141751,2379978.0223156293,0.07191,-82.26268209180512,2080.46,200000,342288.4391694338,142288.43916943378,1.711442195847169
2021-04-09,-2,-1.3196360759212244,0.0,0.0676,0.0,2066.87,200000,351428.1945959865,151428.1945959865,1.7571409729799325
2021-04-10,-2,-1.4473285028095964,0.0,0.06543,0.0,2133.49,200000,351428.1945959865,151428.1945959865,1.7571409729799325
2021-04-11,-2,-1.4274344494260551,0.0,0.0635,0.0,2151.36,200000,351428.1945959865,151428.1945959865,1.7571409729799325
2021-04-12,-2,-1.3500526209908954,0.0,0.06171,0.0,2137.69,200000,351428.1945959865,151428.1945959865,1.7571409729799325
2021-04-13,-2,-1.4518801016354883,0.0,0.06128,0.0,2299.19,200000,351428.1945959865,151428.1945959865,1.7571409729799325
2021-04-14,0,-0.9354190639051724,0.0,0.07307,0.0,2432.6,200000,351428.1945959865,151428.1945959865,1.7571409729799325
2021-04-15,0,-0.9237522708518073,0.0,0.07392,0.0,2514.04,200000,351428.1945959865,151428.1945959865,1.7571409729799325
2021-04-16,-1,-1.006541750542932,2570798.7900218475,0.06835,-72.52910932896071,2422.67,200000,351428.1945959865,151428.1945959865,1.7571409729799325
2021-04-17,-1,-0.7015198504157023,2570798.7900218475,0.06977,-72.52910932896071,2317.6,200000,347458.0953606237,147458.09536062367,1.7372904768031183
2021-04-18,-1,-1.1047531053100406,2570798.7900218475,0.06052,-72.52910932896071,2235.64,200000,317733.7207523199,117733.7207523199,1.5886686037615996
2021-04-19,-2,-1.5537555143577595,0.0,0.05361,0.0,2161.12,200000,370351.78021591884,170351.78021591884,1.8517589010795943
2021-04-20,-2,-1.6809642336262998,0.0,0.0556,0.0,2330.03,200000,370351.78021591884,170351.78021591884,1.8517589010795943
2021-04-21,-2,-1.9155465626063604,0.0,0.05181,0.0,2357.06,200000,370351.78021591884,170351.78021591884,1.8517589010795943
2021-04-22,-2,-1.8518737994550898,0.0,0.0508,0.0,2397.94,200000,370351.78021591884,170351.78021591884,1.8517589010795943
2021-04-23,-2,-1.8053438945746936,0.0,0.04839,0.0,2367.39,200000,370351.78021591884,170351.78021591884,1.8517589010795943
2021-04-24,-2,-1.8378878234996567,0.0,0.04273,0.0,2213.35,200000,370351.78021591884,170351.78021591884,1.8517589010795943
2021-04-25,-2,-1.7561231762081553,0.0,0.0434,0.0,2320.49,200000,370351.78021591884,170351.78021591884,1.8517589010795943
2021-04-26,0,-0.6799152767780647,0.0,0.05946,0.0,2532.6,200000,370351.78021591884,170351.78021591884,1.8517589010795943
2021-04-27,0,-0.18953416119776265,0.0,0.06797,0.0,2666.13,200000,370351.78021591884,170351.78021591884,1.8517589010795943
2021-04-28,0,-0.689419009081839,0.0,0.06295,0.0,2748.24,200000,370351.78021591884,170351.78021591884,1.8517589010795943
2021-04-29,0,-0.8307249144487165,0.0,0.06065,0.0,2757.04,200000,370351.78021591884,170351.78021591884,1.8517589010795943
2021-04-30,0,-0.304455615478035,0.0,0.06589,0.0,2772.42,200000,370351.78021591884,170351.78021591884,1.8517589010795943
2021-05-01,0,-0.04454731988985487,0.0,0.07209,0.0,2944.77,200000,370351.78021591884,170351.78021591884,1.8517589010795943
2021-05-02,0,-0.13839086370669526,0.0,0.07056,0.0,2949.56,200000,370351.78021591884,170351.78021591884,1.8517589010795943
2021-05-03,-2,-1.2371705897131582,0.0,0.06767,0.0,3431.04,200000,370351.78021591884,170351.78021591884,1.8517589010795943
2021-05-04,-2,-1.5891647626183611,0.0,0.05819,0.0,3239.01,200000,370351.78021591884,170351.78021591884,1.8517589010795943
2021-05-05,-2,-1.5557014379427985,0.0,0.06199,0.0,3524.26,200000,370351.78021591884,170351.78021591884,1.8517589010795943
2021-05-06,-2,-1.6596618351123953,0.0,0.05798,0.0,3489.73,200000,370351.78021591884,170351.78021591884,1.8517589010795943
2021-05-07,-2,-1.6020531986755011,0.0,0.0579,0.0,3479.53,200000,370351.78021591884,170351.78021591884,1.8517589010795943
2021-05-08,-2,-2.022857569828968,0.0,0.05669,0.0,3910.26,200000,370351.78021591884,170351.78021591884,1.8517589010795943
2021-05-09,-2,-1.8436456930128302,0.0,0.05555,0.0,3923.95,200000,370351.78021591884,170351.78021591884,1.8517589010795943
2021-05-10,-2,-2.069896342448327,0.0,0.04735,0.0,3945.88,200000,370351.78021591884,170351.78021591884,1.8517589010795943
2021-05-11,-2,-1.7453457314634924,0.0,0.05076,0.0,4173.45,200000,370351.78021591884,170351.78021591884,1.8517589010795943
2021-05-12,-2,-1.7649573079218566,0.0,0.04163,0.0,3823.21,200000,370351.78021591884,170351.78021591884,1.8517589010795943
2021-05-13,-2,-1.4654927324953104,0.0,0.0423,0.0,3717.91,200000,370351.78021591884,170351.78021591884,1.8517589010795943
2021-05-14,-2,-1.2089871527986547,0.0,0.04888,0.0,4075.01,200000,370351.78021591884,170351.78021591884,1.8517589010795943
2021-05-15,0,-0.44766405481953686,0.0,0.05697,0.0,3646.68,200000,370351.78021591884,170351.78021591884,1.8517589010795943
2021-05-16,0,-0.5607662897489969,0.0,0.05263,0.0,3582.1,200000,370351.78021591884,170351.78021591884,1.8517589010795943
2021-05-17,0,-0.5495970458095375,0.0,0.04721,0.0,3282.51,200000,370351.78021591884,170351.78021591884,1.8517589010795943
2021-05-18,0,0.7761530449591673,0.0,0.06791,0.0,3375.07,200000,370351.78021591884,170351.78021591884,1.8517589010795943
2021-05-19,0,0.9145969941814424,0.0,0.0502,0.0,2438.92,200000,370351.78021591884,170351.78021591884,1.8517589010795943
2021-05-20,0,0.331902702221546,0.0,0.04892,0.0,2768.62,200000,370351.78021591884,170351.78021591884,1.8517589010795943
2021-05-21,0,-0.06496015047260797,0.0,0.03814,0.0,2430.98,200000,370351.78021591884,170351.78021591884,1.8517589010795943
2021-05-22,0,-0.11284629306628643,0.0,0.03476,0.0,2294.87,200000,370351.78021591884,170351.78021591884,1.8517589010795943
2021-05-23,0,-0.8657427854983731,0.0,0.02663,0.0,2096.39,200000,370351.78021591884,170351.78021591884,1.8517589010795943
2021-05-24,0,-0.39456349033827587,0.0,0.03666,0.0,2648.43,200000,370351.78021591884,170351.78021591884,1.8517589010795943
2021-05-25,0,-0.47016630847152563,0.0,0.0364,0.0,2705.11,200000,370351.78021591884,170351.78021591884,1.8517589010795943
2021-05-26,0,0.7167415749766202,0.0,0.04797,0.0,2884.94,200000,370351.78021591884,170351.78021591884,1.8517589010795943
2021-05-27,2,1.728602068894633,0.0,0.05445,0.0,2742.23,200000,370351.78021591884,170351.78021591884,1.8517589010795943
2021-05-28,2,1.3917944267546827,0.0,0.0467,0.0,2412.1,200000,370351.78021591884,170351.78021591884,1.8517589010795943
2021-05-29,1,1.1724790772699951,-4260835.023192808,0.04346,81.26240383192442,2278.74,200000,370351.78021591884,170351.78021591884,1.8517589010795943
2021-05-30,1,0.9288572600430588,-4260835.023192808,0.0444,81.26240383192442,2385.98,200000,383071.5453246557,183071.54532465572,1.9153577266232786
2021-05-31,1,0.3754155932671487,-4260835.023192808,0.04622,81.26240383192442,2706.15,200000,416844.0489017338,216844.04890173383,2.084220244508669
2021-06-01,0,0.15179534663386013,0.0,0.04387,0.0,2634.57,200000,343183.1214199142,143183.12141991418,1.715915607099571
2021-06-02,0,-0.11041666720772983,0.0,0.0438,0.0,2706.22,200000,343183.1214199142,143183.12141991418,1.715915607099571
2021-06-03,0,0.10509242969894295,0.0,0.04846,0.0,2857.25,200000,343183.1214199142,143183.12141991418,1.715915607099571
2021-06-04,0,-0.2998712854670529,0.0,0.04314,0.0,2689.51,200000,343183.1214199142,143183.12141991418,1.715915607099571
2021-06-05,0,-0.496544143470387,0.0,0.04112,0.0,2627.73,200000,343183.1214199142,143183.12141991418,1.715915607099571
2021-06-06,0,-0.7348533546274216,0.0,0.04114,0.0,2711.92,200000,343183.1214199142,143183.12141991418,1.715915607099571
2021-06-07,-1,-1.0220319501580495,4626356.449446133,0.03709,-66.19917081458964,2592.05,200000,343183.1214199141,143183.12141991412,1.7159156070995705
2021-06-08,-1,-0.9492960654373492,4626356.449446133,0.03589,-66.19917081458964,2507.23,200000,332016.4800120853,132016.4800120853,1.6600824000604264
2021-06-09,-1,-0.5002031574922803,4626356.449446133,0.0394,-66.19917081458964,2610.18,200000,355070.19578500325,155070.19578500325,1.7753509789250161
2021-06-10,-1,-0.8291641059432089,4626356.449446133,0.03544,-66.19917081458964,2471.09,200000,327542.1815765953,127542.18157659529,1.6377109078829766
2021-06-11,-1,-0.7095867235479533,4626356.449446133,0.03423,-66.19917081458964,2354.01,200000,314193.6913537933,114193.69135379331,1.5709684567689666
2021-06-12,-1,-1.1499555885191137,4626356.449446133,0.03268,-66.19917081458964,2370.74,200000,308130.3509848799,108130.35098487989,1.5406517549243994
2021-06-13,-1,-1.0639720748542347,4626356.449446133,0.03505,-66.19917081458964,2509.33,200000,328269.35885326116,128269.35885326116,1.6413467942663058
2021-06-14,-1,-0.8470038440487765,4626356.449446133,0.03741,-66.19917081458964,2580.77,200000,343916.8288369484,143916.82883694838,1.719584144184742
2021-06-15,-1,-0.6471510878589214,4626356.449446133,0.03757,-66.19917081458964,2543.54,200000,342192.45073943253,142192.45073943253,1.7109622536971627
2021-06-16,0,0.31036971358282156,0.0,0.03875,0.0,2367.89,200000,320664.1635840351,120664.16358403512,1.6033208179201757
2021-06-17,0,0.04914082515333812,0.0,0.03733,0.0,2373.28,200000,320664.1635840351,120664.16358403512,1.6033208179201757
2021-06-18,0,0.15498486322036736,0.0,0.03503,0.0,2234.09,200000,320664.1635840351,120664.16358403512,1.6033208179201757
2021-06-19,0,0.914049531528062,0.0,0.03531,0.0,2164.67,200000,320664.1635840351,120664.16358403512,1.6033208179201757
2021-06-20,0,0.45586853165605656,0.0,0.03531,0.0,2243.47,200000,320664.1635840351,120664.16358403512,1.6033208179201757
2021-06-21,-1,-1.046603503847767,5982540.365373789,0.0268,-85.03470280511569,1885.49,200000,320664.1635840351,120664.16358403512,1.6033208179201757
2021-06-22,-2,-1.8471903975272532,0.0,0.0248,0.0,1879.28,200000,332101.1788103629,132101.17881036288,1.6605058940518145
2021-06-23,0,-0.20637931427851722,0.0,0.02901,0.0,1968.14,200000,332101.1788103629,132101.17881036288,1.6605058940518145
2021-06-24,0,-0.5108430978872642,0.0,0.02866,0.0,1989.52,200000,332101.1788103629,132101.17881036288,1.6605058940518145
2021-06-25,0,-0.708978913255957,0.0,0.02563,0.0,1808.82,200000,332101.1788103629,132101.17881036288,1.6605058940518145
2021-06-26,-1,-1.1625296226206527,6634062.700966098,0.02503,-90.75588061322524,1829.64,200000,332101.1788103629,132101.17881036288,1.6605058940518145
2021-06-27,-2,-1.4116866037494802,0.0,0.02646,0.0,1982.28,200000,336467.44676478405,136467.44676478405,1.6823372338239202
2021-06-28,-2,-1.7409546633358068,0.0,0.02673,0.0,2084.41,200000,336467.44676478405,136467.44676478405,1.6823372338239202
2021-06-29,0,-0.5287287037303958,0.0,0.03028,0.0,2165.33,200000,336467.44676478405,136467.44676478405,1.6823372338239202
2021-06-30,-2,-1.441999713891396,0.0,0.02937,0.0,2275.68,200000,336467.44676478405,136467.44676478405,1.6823372338239202
2021-07-01,-2,-1.4349345530958522,0.0,0.02681,0.0,2106.41,200000,336467.44676478405,136467.44676478405,1.6823372338239202
2021-07-02,-2,-1.5807573736321114,0.0,0.02664,0.0,2154.13,200000,336467.44676478405,136467.44676478405,1.6823372338239202
2021-07-03,-2,-1.2112704553238216,0.0,0.02826,0.0,2226.99,200000,336467.44676478405,136467.44676478405,1.6823372338239202
2021-07-04,-2,-1.2076123172951334,0.0,0.02911,0.0,2322.69,200000,336467.44676478405,136467.44676478405,1.6823372338239202
2021-07-05,-2,-1.2421170162460566,0.0,0.02702,0.0,2196.53,200000,336467.44676478405,136467.44676478405,1.6823372338239202
2021-07-06,0,-0.9526605346295617,0.0,0.02924,0.0,2322.5,200000,336467.44676478405,136467.44676478405,1.6823372338239202
2021-07-07,0,-0.024037580612845853,0.0,0.03168,0.0,2316.57,200000,336467.44676478405,136467.44676478405,1.6823372338239202
2021-07-08,0,-0.07030090872168789,0.0,0.02861,0.0,2116.33,200000,336467.44676478405,136467.44676478405,1.6823372338239202
2021-07-09,0,-0.18933729690922835,0.0,0.0285,0.0,2146.99,200000,336467.44676478405,136467.44676478405,1.6823372338239202
2021-07-10,0,0.005312479555268091,0.0,0.02813,0.0,2110.69,200000,336467.44676478405,136467.44676478405,1.6823372338239202
2021-07-11,2,1.2415345392634276,0.0,0.03042,0.0,2140.45,200000,336467.44676478405,136467.44676478405,1.6823372338239202
2021-07-12,1,1.0391604584098988,-5857720.173481617,0.02872,82.80930279998427,2031.58,200000,336467.44676478405,136467.44676478405,1.6823372338239202
2021-07-13,2,1.2805128181858747,0.0,0.02762,0.0,1940.15,200000,337595.2091289568,137595.20912895678,1.6879760456447839
2021-07-14,0,0.418282792404645,0.0,0.02708,0.0,1994.58,200000,337595.2091289568,137595.20912895678,1.6879760456447839
2021-07-15,0,-0.420723812749158,0.0,0.02492,0.0,1919.51,200000,337595.2091289568,137595.20912895678,1.6879760456447839
2021-07-16,-2,-1.5614025680329324,0.0,0.02277,0.0,1876.26,200000,337595.2091289568,137595.20912895678,1.6879760456447839
2021-07-17,-2,-1.2700735316738445,0.0,0.02324,0.0,1899.59,200000,337595.2091289568,137595.20912895678,1.6879760456447839
2021-07-18,0,0.9395840632641741,0.0,0.02615,0.0,1891.64,200000,337595.2091289568,137595.20912895678,1.6879760456447839
2021-07-19,-1,-1.1695379159647614,7576194.100739604,0.02228,-92.81070008438768,1818.73,200000,337595.2091289568,137595.20912895678,1.6879760456447839
2021-07-20,-2,-1.7989461015863384,0.0,0.02074,0.0,1786.03,200000,346227.63815133634,146227.63815133634,1.7311381907566816
2021-07-21,-2,-1.6402175539150023,0.0,0.0231,0.0,1995.5,200000,346227.63815133634,146227.63815133634,1.7311381907566816
2021-07-22,0,-0.6420029103868794,0.0,0.02514,0.0,2024.56,200000,346227.63815133634,146227.63815133634,1.7311381907566816
2021-07-23,-1,-1.125502220327404,6823564.015595907,0.02537,-81.49408924357687,2124.25,200000,346227.63815133634,146227.63815133634,1.7311381907566816
2021-07-24,-1,-1.1545753220821817,6823564.015595907,0.02589,-81.49408924357687,2184.75,200000,354706.2838386826,154706.28383868258,1.7735314191934128
2021-07-25,0,-0.16164687011245824,0.0,0.02795,0.0,2189.79,200000,333963.96560012293,133963.96560012293,1.6698198280006147
2021-07-26,0,-0.9134156110707174,0.0,0.02686,0.0,2228.08,200000,333963.96560012293,133963.96560012293,1.6698198280006147
2021-07-27,0,-0.6657341676363769,0.0,0.02808,0.0,2299.49,200000,333963.96560012293,133963.96560012293,1.6698198280006147
2021-07-28,0,-0.7318863371185532,0.0,0.0278,0.0,2300.9,200000,333963.96560012293,133963.96560012293,1.6698198280006147
2021-07-29,0,-0.07633747663997226,0.0,0.03011,0.0,2382.92,200000,333963.96560012293,133963.96560012293,1.6698198280006147
2021-07-30,0,-0.5760064867718633,0.0,0.02988,0.0,2461.81,200000,333963.96560012293,133963.96560012293,1.6698198280006147
2021-07-31,0,0.47100240494577617,0.0,0.0328,0.0,2531.05,200000,333963.96560012293,133963.96560012293,1.6698198280006147
2021-08-01,0,-0.50334887820354,0.0,0.03097,0.0,2555.69,200000,333963.96560012293,133963.96560012293,1.6698198280006147
2021-08-02,0,-0.4820953154062983,0.0,0.03151,0.0,2606.93,200000,333963.96560012293,133963.96560012293,1.6698198280006147
2021-08-03,0,-0.7620776703531406,0.0,0.02982,0.0,2509.04,200000,333963.96560012293,133963.96560012293,1.6698198280006147
2021-08-04,-2,-1.5055675492058025,0.0,0.03106,0.0,2724.78,200000,333963.96560012293,133963.96560012293,1.6698198280006147
2021-08-05,0,-0.2030838554972906,0.0,0.0342,0.0,2826.99,200000,333963.96560012293,133963.96560012293,1.6698198280006147
2021-08-06,0,-0.17280251549879183,0.0,0.03501,0.0,2891.58,200000,333963.96560012293,133963.96560012293,1.6698198280006147
2021-08-07,0,-0.27482710422986717,0.0,0.03794,0.0,3160.31,200000,333963.96560012293,133963.96560012293,1.6698198280006147
2021-08-08,0,-0.3897901514698807,0.0,0.03598,0.0,3011.85,200000,333963.96560012293,133963.96560012293,1.6698198280006147
2021-08-09,2,2.2190769033643205,0.0,0.04145,0.0,3160.52,200000,333963.96560012293,133963.96560012293,1.6698198280006147
2021-08-10,2,2.3215316964088863,0.0,0.04202,0.0,3141.66,200000,333963.96560012293,133963.96560012293,1.6698198280006147
2021-08-11,2,3.057823796132761,0.0,0.04574,0.0,3160.5,200000,333963.96560012293,133963.96560012293,1.6698198280006147
2021-08-12,2,2.2217131115061903,0.0,0.04343,0.0,3045.96,200000,333963.96560012293,133963.96560012293,1.6698198280006147
2021-08-13,2,1.6078850133050078,0.0,0.04635,0.0,3322.32,200000,333963.96560012293,133963.96560012293,1.6698198280006147
2021-08-14,2,2.665409656752888,0.0,0.05102,0.0,3263.16,200000,333963.96560012293,133963.96560012293,1.6698198280006147
2021-08-15,2,1.6697117293645496,0.0,0.04903,0.0,3307.09,200000,333963.96560012293,133963.96560012293,1.6698198280006147
2021-08-16,2,1.2879796518570392,0.0,0.0458,0.0,3146.53,200000,333963.96560012293,133963.96560012293,1.6698198280006147
2021-08-17,0,0.6498430909975509,0.0,0.04175,0.0,3011.72,200000,333963.96560012293,133963.96560012293,1.6698198280006147
2021-08-18,0,0.5554180477776268,0.0,0.04163,0.0,3014.55,200000,333963.96560012293,133963.96560012293,1.6698198280006147
2021-08-19,0,0.7092751562646594,0.0,0.04487,0.0,3184.12,200000,333963.96560012293,133963.96560012293,1.6698198280006147
2021-08-20,0,0.6375771170967962,0.0,0.04621,0.0,3284.82,200000,333963.96560012293,133963.96560012293,1.6698198280006147
2021-08-21,0,0.7297271369513779,0.0,0.04603,0.0,3223.43,200000,333963.96560012293,133963.96560012293,1.6698198280006147
2021-08-22,2,1.7789485071643125,0.0,0.05145,0.0,3238.0,200000,333963.96560012293,133963.96560012293,1.6698198280006147
2021-08-23,0,0.9024524975236394,0.0,0.04939,0.0,3321.28,200000,333963.96560012293,133963.96560012293,1.6698198280006147
2021-08-24,0,-0.0037420007411018653,0.0,0.04391,0.0,3170.62,200000,333963.96560012293,133963.96560012293,1.6698198280006147
2021-08-25,0,0.3017009689241516,0.0,0.04609,0.0,3226.87,200000,333963.96560012293,133963.96560012293,1.6698198280006147
2021-08-26,0,-0.43231801604544795,0.0,0.04212,0.0,3093.2,200000,333963.96560012293,133963.96560012293,1.6698198280006147
2021-08-27,0,-0.22990576594875228,0.0,0.04563,0.0,3273.45,200000,333963.96560012293,133963.96560012293,1.6698198280006147
2021-08-28,0,-0.3814292083987273,0.0,0.04535,0.0,3244.48,200000,333963.96560012293,133963.96560012293,1.6698198280006147
2021-08-29,0,-0.9035593357592301,0.0,0.04412,0.0,3223.47,200000,333963.96560012293,133963.96560012293,1.6698198280006147
2021-08-30,0,-0.26327142752780774,0.0,0.04568,0.0,3229.64,200000,333963.96560012293,133963.96560012293,1.6698198280006147
2021-08-31,0,-0.4101876427230859,0.0,0.04812,0.0,3429.2,200000,333963.96560012293,133963.96560012293,1.6698198280006147
2021-09-01,2,1.413107512923394,0.0,0.05832,0.0,3826.82,200000,333963.96560012293,133963.96560012293,1.6698198280006147
2021-09-02,0,-0.3133959041350932,0.0,0.05353,0.0,3785.82,200000,333963.96560012293,133963.96560012293,1.6698198280006147
2021-09-03,-1,-1.1085871465173776,3119409.3555027363,0.05353,-42.40155374026156,3938.11,200000,333963.96560012293,133963.96560012293,1.6698198280006147
2021-09-04,-1,-0.41377144346248584,3119409.3555027363,0.05424,-42.40155374026156,3885.52,200000,333948.84853132954,133948.84853132954,1.6697442426566478
2021-09-05,0,0.7721456955082201,0.0,0.05783,0.0,3950.29,200000,321066.9562960175,121066.95629601751,1.6053347814800876
2021-09-06,0,0.6535839145687131,0.0,0.05737,0.0,3926.77,200000,321066.9562960175,121066.95629601751,1.6053347814800876
2021-09-07,-2,-1.8558648495787426,0.0,0.04477,0.0,3434.57,200000,321066.9562960175,121066.95629601751,1.6053347814800876
2021-09-08,2,2.898130709611551,0.0,0.05883,0.0,3499.0,200000,321066.9562960175,121066.95629601751,1.6053347814800876
2021-09-09,2,3.2642365019444095,0.0,0.06483,0.0,3424.93,200000,321066.9562960175,121066.95629601751,1.6053347814800876
2021-09-10,2,1.9193531814351117,0.0,0.0565,0.0,3208.86,200000,321066.9562960175,121066.95629601751,1.6053347814800876
2021-09-11,2,2.6206802200652053,0.0,0.06478,0.0,3267.21,200000,321066.9562960175,121066.95629601751,1.6053347814800876
2021-09-12,2,3.313137722768244,0.0,0.08624,0.0,3404.21,200000,321066.9562960175,121066.95629601751,1.6053347814800876
2021-09-13,2,2.3360766190426068,0.0,0.07966,0.0,3285.35,200000,321066.9562960175,121066.95629601751,1.6053347814800876
2021-09-14,2,2.623072904810168,0.0,0.09757,0.0,3434.37,200000,321066.9562960175,121066.95629601751,1.6053347814800876
2021-09-15,2,1.7678863501949218,0.0,0.0935,0.0,3613.55,200000,321066.9562960175,121066.95629601751,1.6053347814800876
2021-09-16,2,2.034267816363017,0.0,0.104,0.0,3567.98,200000,321066.9562960175,121066.95629601751,1.6053347814800876
2021-09-17,2,2.4449595781363014,0.0,0.11953,0.0,3399.81,200000,321066.9562960175,121066.95629601751,1.6053347814800876
2021-09-18,2,1.793666148757203,0.0,0.11271,0.0,3435.64,200000,321066.9562960175,121066.95629601751,1.6053347814800876
2021-09-19,2,1.3300425266439897,0.0,0.10201,0.0,3328.62,200000,321066.9562960175,121066.95629601751,1.6053347814800876
2021-09-20,1,1.097941502202978,-1808624.13415963,0.08876,53.919509803582045,2977.28,200000,321066.9562960175,121066.95629601751,1.6053347814800876
2021-09-21,1,1.0268987686817665,-1808624.13415963,0.08324,53.919509803582045,2765.9,200000,299685.8450931752,99685.84509317519,1.498429225465876
2021-09-22,2,1.5616035686687038,0.0,0.10953,0.0,3076.92,200000,353259.5396056842,153259.53960568417,1.7662976980284208
2021-09-23,2,2.2120188658130533,0.0,0.13922,0.0,3152.5,200000,353259.5396056842,153259.53960568417,1.7662976980284208
2021-09-24,2,2.940215488113896,0.0,0.17854,0.0,2928.53,200000,353259.5396056842,153259.53960568417,1.7662976980284208
2021-09-25,2,2.0670526345587414,0.0,0.16216,0.0,2921.73,200000,353259.5396056842,153259.53960568417,1.7662976980284208
2021-09-26,2,1.7564263171513108,0.0,0.16772,0.0,3059.37,200000,353259.5396056842,153259.53960568417,1.7662976980284208
2021-09-27,2,1.477253483799994,0.0,0.15589,0.0,2925.59,200000,353259.5396056842,153259.53960568417,1.7662976980284208
2021-09-28,2,1.450536146747086,0.0,0.1548,0.0,2804.91,200000,353259.5396056842,153259.53960568417,1.7662976980284208
2021-09-29,1,1.0645093333298685,-1205499.3844037815,0.14652,61.96557378759217,2850.45,200000,353259.5396056842,153259.53960568417,1.7662976980284208
2021-09-30,1,0.595886811969598,-1205499.3844037815,0.13829,61.96557378759217,3000.61,200000,352643.03023198585,152643.03023198585,1.7632151511599292
2021-10-01,1,0.3375685604104249,-1205499.3844037815,0.14468,61.96557378759217,3309.91,200000,379512.1232708283,179512.12327082828,1.8975606163541414
2021-10-02,0,0.16537924680034188,0.0,0.14363,0.0,3387.76,200000,316480.92393294605,116480.92393294605,1.5824046196647301
2021-10-03,0,0.06375801566816039,0.0,0.14375,0.0,3417.73,200000,316480.92393294605,116480.92393294605,1.5824046196647301
2021-10-04,0,0.008109958458308005,0.0,0.14266,0.0,3386.31,200000,316480.92393294605,116480.92393294605,1.5824046196647301
2021-10-05,0,-0.3087964206050589,0.0,0.13944,0.0,3515.27,200000,316480.92393294605,116480.92393294605,1.5824046196647301
2021-10-06,0,-0.6826833613783339,0.0,0.13086,0.0,3574.89,200000,316480.92393294605,116480.92393294605,1.5824046196647301
2021-10-07,0,-0.6415463381120695,0.0,0.13326,0.0,3587.47,200000,316480.92393294605,116480.92393294605,1.5824046196647301
2021-10-08,0,0.5617648528841854,0.0,0.17528,0.0,3563.13,200000,316480.92393294605,116480.92393294605,1.5824046196647301
2021-10-09,0,-0.028999257802388802,0.0,0.15895,0.0,3574.82,200000,316480.92393294605,116480.92393294605,1.5824046196647301
2021-10-10,0,-0.10323812565172637,0.0,0.15241,0.0,3414.22,200000,316480.92393294605,116480.92393294605,1.5824046196647301
2021-10-11,0,-0.6567645716423338,0.0,0.14645,0.0,3542.12,200000,316480.92393294605,116480.92393294605,1.5824046196647301
2021-10-12,0,-0.662982709359752,0.0,0.14611,0.0,3491.46,200000,316480.92393294605,116480.92393294605,1.5824046196647301
2021-10-13,0,-0.9753068248269987,0.0,0.14189,0.0,3607.42,200000,316480.92393294605,116480.92393294605,1.5824046196647301
2021-10-14,-1,-1.1688200827225321,1108514.6197301089,0.14275,-41.743069300698274,3790.82,200000,316480.92393294605,116480.92393294605,1.5824046196647301
2021-10-15,-2,-1.2709941835540646,0.0,0.14075,0.0,3868.99,200000,321961.0088996418,121961.0088996418,1.609805044498209
2021-10-16,-2,-1.2053071199676035,0.0,0.13886,0.0,3829.96,200000,321961.0088996418,121961.0088996418,1.609805044498209
2021-10-17,-2,-1.3547648702281565,0.0,0.13406,0.0,3846.85,200000,321961.0088996418,121961.0088996418,1.609805044498209
2021-10-18,-2,-1.3066394554676124,0.0,0.13136,0.0,3744.96,200000,321961.0088996418,121961.0088996418,1.609805044498209
2021-10-19,-2,-1.2248429331721626,0.0,0.13676,0.0,3877.03,200000,321961.0088996418,121961.0088996418,1.609805044498209
2021-10-20,-2,-1.5055127355795757,0.0,0.13912,0.0,4161.15,200000,321961.0088996418,121961.0088996418,1.609805044498209
2021-10-21,-2,-1.387823829589386,0.0,0.13466,0.0,4052.99,200000,321961.0088996418,121961.0088996418,1.609805044498209
2021-10-22,0,-0.8018662372559314,0.0,0.14049,0.0,3972.2,200000,321961.0088996418,121961.0088996418,1.609805044498209
2021-10-23,-2,-1.2633782848146102,0.0,0.13654,0.0,4167.12,200000,321961.0088996418,121961.0088996418,1.609805044498209
2021-10-24,0,-0.8289765526490696,0.0,0.14,0.0,4082.33,200000,321961.0088996418,121961.0088996418,1.609805044498209
2021-10-25,0,-0.7643821644540593,0.0,0.14462,0.0,4220.37,200000,321961.0088996418,121961.0088996418,1.609805044498209
2021-10-26,0,-0.4906115976454695,0.0,0.14632,0.0,4131.52,200000,321961.0088996418,121961.0088996418,1.609805044498209
2021-10-27,-2,-1.2875377179142895,0.0,0.12265,0.0,3922.0,200000,321961.0088996418,121961.0088996418,1.609805044498209
2021-10-28,-2,-1.7306641925299784,0.0,0.12501,0.0,4286.02,200000,321961.0088996418,121961.0088996418,1.609805044498209
2021-10-29,-2,-1.7556450697553856,0.0,0.12577,0.0,4418.89,200000,321961.0088996418,121961.0088996418,1.609805044498209
2021-10-30,-2,-1.8297392630330545,0.0,0.12012,0.0,4322.68,200000,321961.0088996418,121961.0088996418,1.609805044498209
2021-10-31,-2,-1.527771412190276,0.0,0.12188,0.0,4287.21,200000,321961.0088996418,121961.0088996418,1.609805044498209
2021-11-01,-2,-1.5931230590734202,0.0,0.12044,0.0,4319.43,200000,321961.0088996418,121961.0088996418,1.609805044498209
2021-11-02,-2,-1.7285018664336385,0.0,0.12307,0.0,4589.89,200000,321961.0088996418,121961.0088996418,1.609805044498209
2021-11-03,-2,-1.7174768462122278,0.0,0.12021,0.0,4603.35,200000,321961.0088996418,121961.0088996418,1.609805044498209
2021-11-04,-2,-1.7145294847193486,0.0,0.1146,0.0,4532.32,200000,321961.0088996418,121961.0088996418,1.609805044498209
2021-11-05,-2,-1.2809347121816872,0.0,0.11803,0.0,4474.24,200000,321961.0088996418,121961.0088996418,1.609805044498209
2021-11-06,-2,-1.5023943248521754,0.0,0.11233,0.0,4518.0,200000,321961.0088996418,121961.0088996418,1.609805044498209
2021-11-07,-2,-1.4130477393149214,0.0,0.11337,0.0,4612.59,200000,321961.0088996418,121961.0088996418,1.609805044498209
2021-11-08,-2,-1.522311533551153,0.0,0.11285,0.0,4807.98,200000,321961.0088996418,121961.0088996418,1.609805044498209
2021-11-09,-1,-1.1321048049069837,1386926.031272688,0.11607,-34.017176412004424,4732.33,200000,321961.0088996418,121961.0088996418,1.609805044498209
2021-11-10,0,0.07770394661488221,0.0,0.13475,0.0,4628.78,200000,292530.75201800495,92530.75201800495,1.4626537600900247
2021-11-11,0,-0.33869077823416704,0.0,0.1284,0.0,4719.0,200000,292530.75201800495,92530.75201800495,1.4626537600900247
2021-11-12,0,-0.7747493045966519,0.0,0.11838,0.0,4665.46,200000,292530.75201800495,92530.75201800495,1.4626537600900247
2021-11-13,0,-0.6921651027040185,0.0,0.11803,0.0,4644.28,200000,292530.75201800495,92530.75201800495,1.4626537600900247
2021-11-14,0,-0.3972873464149368,0.0,0.12073,0.0,4626.5,200000,292530.75201800495,92530.75201800495,1.4626537600900247
2021-11-15,0,-0.3933840915833698,0.0,0.11841,0.0,4563.78,200000,292530.75201800495,92530.75201800495,1.4626537600900247
2021-11-16,0,-0.9739464908143957,0.0,0.10426,0.0,4209.76,200000,292530.75201800495,92530.75201800495,1.4626537600900247
2021-11-17,0,0.5964482133036237,0.0,0.11665,0.0,4287.8,200000,292530.75201800495,92530.75201800495,1.4626537600900247
2021-11-18,0,0.3448692419465374,0.0,0.10672,0.0,3996.9,200000,292530.75201800495,92530.75201800495,1.4626537600900247
2021-11-19,0,-0.3585076701214452,0.0,0.10986,0.0,4294.76,200000,292530.75201800495,92530.75201800495,1.4626537600900247
2021-11-20,0,0.6630352886018137,0.0,0.11862,0.0,4412.17,200000,292530.75201800495,92530.75201800495,1.4626537600900247
2021-11-21,2,3.52738910094172,0.0,0.14561,0.0,4258.31,200000,292530.75201800495,92530.75201800495,1.4626537600900247
2021-11-22,2,1.9869510266383374,0.0,0.129,0.0,4085.97,200000,292530.75201800495,92530.75201800495,1.4626537600900247
2021-11-23,2,1.5301180113429171,0.0,0.13424,0.0,4339.44,200000,292530.75201800495,92530.75201800495,1.4626537600900247
2021-11-24,0,0.7355786847140374,0.0,0.12376,0.0,4269.36,200000,292530.75201800495,92530.75201800495,1.4626537600900247
2021-11-25,0,0.2595899679185764,0.0,0.12563,0.0,4524.85,200000,292530.75201800495,92530.75201800495,1.4626537600900247
2021-11-26,0,0.04425541210309149,0.0,0.11032,0.0,4041.2,200000,292530.75201800495,92530.75201800495,1.4626537600900247
2021-11-27,0,-0.1012496556856205,0.0,0.11074,0.0,4095.29,200000,292530.75201800495,92530.75201800495,1.4626537600900247
2021-11-28,0,-0.602218535494249,0.0,0.11143,0.0,4294.78,200000,292530.75201800495,92530.75201800495,1.4626537600900247
2021-11-29,0,-0.8512107398749419,0.0,0.11297,0.0,4444.53,200000,292530.75201800495,92530.75201800495,1.4626537600900247
2021-11-30,-2,-1.2505052269316834,0.0,0.11161,0.0,4630.26,200000,292530.75201800495,92530.75201800495,1.4626537600900247
2021-12-01,-1,-1.1115034590953146,1318775.3674961904,0.11091,-31.91511493884997,4582.95,200000,292530.75201800495,92530.75201800495,1.4626537600900247
2021-12-02,-1,-1.1956228626123695,1318775.3674961904,0.10743,-31.91511493884997,4511.21,200000,285651.82339340507,85651.82339340507,1.4282591169670253
2021-12-03,-1,-1.0605546772002,1318775.3674961904,0.10135,-31.91511493884997,4215.73,200000,268203.39099689684,68203.39099689684,1.3410169549844841
2021-12-04,-2,-2.0399771286058375,0.0,0.0837,0.0,4117.25,200000,313551.76074055384,113551.76074055384,1.5677588037027692
2021-12-05,-2,-2.3388736342092256,0.0,0.07372,0.0,4196.44,200000,313551.76074055384,113551.76074055384,1.5677588037027692
2021-12-06,-2,-2.1383109443578943,0.0,0.07261,0.0,4347.59,200000,313551.76074055384,113551.76074055384,1.5677588037027692
2021-12-07,-2,-1.5313057447280811,0.0,0.07923,0.0,4306.4,200000,313551.76074055384,113551.76074055384,1.5677588037027692
2021-12-08,-2,-1.5525344506600312,0.0,0.07687,0.0,4436.91,200000,313551.76074055384,113551.76074055384,1.5677588037027692
2021-12-09,-2,-1.535343425760878,0.0,0.06738,0.0,4105.64,200000,313551.76074055384,113551.76074055384,1.5677588037027692
2021-12-10,-2,-1.3192273571115922,0.0,0.06517,0.0,3897.94,200000,313551.76074055384,113551.76074055384,1.5677588037027692
2021-12-11,-2,-1.2020900457781165,0.0,0.06919,0.0,4089.37,200000,313551.76074055384,113551.76074055384,1.5677588037027692
2021-12-12,-1,-1.0988717085153645,2235185.0637336317,0.07014,-37.96026159086608,4130.0,200000,313551.76074055384,113551.76074055384,1.5677588037027692
2021-12-13,-1,-1.1935837622066776,2235185.0637336317,0.06081,-37.96026159086608,3781.93,200000,279484.6558439863,79484.65584398631,1.3974232792199315
2021-12-14,-1,-1.0628432855769177,2235185.0637336317,0.06274,-37.96026159086608,3858.99,200000,286723.7807751844,86723.7807751844,1.433618903875922
2021-12-15,-1,-0.8519703932202743,2235185.0637336317,0.06763,-37.96026159086608,4019.08,200000,303730.89401492354,103730.89401492354,1.5186544700746176
2021-12-16,0,-0.19450136612926064,0.0,0.07623,0.0,3958.11,200000,293414.49433756206,93414.49433756206,1.4670724716878103
2021-12-17,0,-0.2891665517360562,0.0,0.07197,0.0,3875.42,200000,293414.49433756206,93414.49433756206,1.4670724716878103
2021-12-18,0,-0.4852231148325102,0.0,0.06974,0.0,3959.93,200000,293414.49433756206,93414.49433756206,1.4670724716878103
2021-12-19,0,-0.10816741094948283,0.0,0.07268,0.0,3924.14,200000,293414.49433756206,93414.49433756206,1.4670724716878103
2021-12-20,0,-0.2987385391542192,0.0,0.06997,0.0,3944.73,200000,293414.49433756206,93414.49433756206,1.4670724716878103
2021-12-21,0,-0.0823964885207809,0.0,0.07234,0.0,4014.15,200000,293414.49433756206,93414.49433756206,1.4670724716878103
2021-12-22,0,0.035782900289966973,0.0,0.07154,0.0,3979.51,200000,293414.49433756206,93414.49433756206,1.4670724716878103
2021-12-23,1,1.1184096575978213,-1888853.4462312479,0.07767,35.68295236154532,4111.41,200000,293414.49433756206,93414.49433756206,1.4670724716878103
2021-12-24,2,1.6462791617308603,0.0,0.07778,0.0,4046.36,200000,295943.44426776597,95943.44426776597,1.4797172213388299
2021-12-25,2,2.78309183316084,0.0,0.08772,0.0,4094.83,200000,295943.44426776597,95943.44426776597,1.4797172213388299
2021-12-26,2,2.2709319987305996,0.0,0.08723,0.0,4063.56,200000,295943.44426776597,95943.44426776597,1.4797172213388299
2021-12-27,2,2.0152554208570908,0.0,0.08741,0.0,4037.23,200000,295943.44426776597,95943.44426776597,1.4797172213388299
2021-12-28,1,1.0851341626139288,-1926464.290247142,0.07681,39.01436217358987,3792.75,200000,295943.44426776597,95943.44426776597,1.4797172213388299
2021-12-29,1,0.8904300524226969,-1926464.290247142,0.07287,39.01436217358987,3630.19,200000,282011.00024925347,82011.00024925347,1.4100550012462674
2021-12-30,1,0.8900393044560414,-1926464.290247142,0.07506,39.01436217358987,3709.27,200000,289315.2128055822,89315.21280558221,1.446576064027911
2021-12-31,1,0.6067722654131305,-1926464.290247142,0.07306,39.01436217358987,3676.23,200000,284173.2496988725,84173.2496988725,1.4208662484943626
2022-01-01,1,1.1421050038537166,-1926464.290247142,0.07902,39.01436217358987,3765.54,200000,299139.34955446876,99139.34955446876,1.4956967477723437
2022-01-02,1,0.7906981265027732,-1926464.290247142,0.07853,39.01436217358987,3828.27,200000,300642.75299139693,100642.75299139693,1.5032137649569846
2022-01-03,1,0.6923664632082579,-1926464.290247142,0.07707,39.01436217358987,3765.89,200000,295396.3992152476,95396.3992152476,1.476981996076238
2022-01-04,2,1.256518161589677,0.0,0.08097,0.0,3785.11,200000,304255.6054422003,104255.60544220032,1.5212780272110016
2022-01-05,2,1.4327361706034891,0.0,0.07744,0.0,3540.63,200000,304255.6054422003,104255.60544220032,1.5212780272110016
2022-01-06,2,1.3793847015604819,0.0,0.07507,0.0,3406.81,200000,304255.6054422003,104255.60544220032,1.5212780272110016
2022-01-07,0,0.956110732711969,0.0,0.0689,0.0,3199.24,200000,304255.6054422003,104255.60544220032,1.5212780272110016
2022-01-08,0,0.48496583146894845,0.0,0.06464,0.0,3080.95,200000,304255.6054422003,104255.60544220032,1.5212780272110016
2022-01-09,0,0.8386869879933249,0.0,0.0679,0.0,3151.97,200000,304255.6054422003,104255.60544220032,1.5212780272110016
2022-01-10,0,-0.041358738519581516,0.0,0.06352,0.0,3082.68,200000,304255.6054422003,104255.60544220032,1.5212780272110016
2022-01-11,0,0.06311256504470462,0.0,0.06754,0.0,3239.72,200000,304255.6054422003,104255.60544220032,1.5212780272110016
2022-01-12,2,1.7426978153751187,0.0,0.07543,0.0,3371.26,200000,304255.6054422003,104255.60544220032,1.5212780272110016
2022-01-13,2,3.050830578708283,0.0,0.07864,0.0,3240.61,200000,304255.6054422003,104255.60544220032,1.5212780272110016
2022-01-14,2,3.0347347996312375,0.0,0.08521,0.0,3307.42,200000,304255.6054422003,104255.60544220032,1.5212780272110016
2022-01-15,2,3.3164587173210975,0.0,0.09778,0.0,3326.04,200000,304255.6054422003,104255.60544220032,1.5212780272110016
2022-01-16,2,2.0905424723772676,0.0,0.0924,0.0,3346.88,200000,304255.6054422003,104255.60544220032,1.5212780272110016
2022-01-17,2,1.4386744645305085,0.0,0.08469,0.0,3209.67,200000,304255.6054422003,104255.60544220032,1.5212780272110016
2022-01-18,1,1.0724714346653432,-1873495.1074027114,0.0812,48.143995038087304,3159.85,200000,304255.6054422003,104255.60544220032,1.5212780272110016
2022-01-19,1,0.4424896712523673,-1873495.1074027114,0.07439,48.143995038087304,3084.02,200000,287846.3446170497,87846.34461704968,1.4392317230852485
2022-01-20,0,-0.08570861182653602,0.0,0.06854,0.0,3001.48,200000,288161.7218766639,88161.72187666391,1.4408086093833194
2022-01-21,0,0.5989269048288854,0.0,0.06374,0.0,2568.15,200000,288161.7218766639,88161.72187666391,1.4408086093833194
2022-01-22,0,-0.5724530368718044,0.0,0.05272,0.0,2412.18,200000,288161.7218766639,88161.72187666391,1.4408086093833194
2022-01-23,-1,-1.0338806982572533,2741264.477517731,0.05256,-56.74686627399338,2539.01,200000,288161.7218766639,88161.72187666391,1.4408086093833194
2022-01-24,-1,-1.0932758784089822,2741264.477517731,0.04989,-56.74686627399338,2439.29,200000,275183.74821684894,75183.74821684894,1.3759187410842446
2022-01-25,-1,-1.039167091592079,2741264.477517731,0.05031,-56.74686627399338,2458.83,200000,277443.9130644002,77443.9130644002,1.387219565322001
2022-01-26,-1,-0.958244038192396,2741264.477517731,0.05061,-56.74686627399338,2462.99,200000,278502.3593713553,78502.35937135533,1.3925117968567766
2022-01-27,-1,-1.0133687254436334,2741264.477517731,0.04917,-56.74686627399338,2424.25,200000,272356.56492427527,72356.56492427527,1.3617828246213763
2022-01-28,-1,-1.1079625429919089,2741264.477517731,0.05067,-56.74686627399338,2544.99,200000,283320.07827447384,83320.07827447384,1.4166003913723693
2022-01-29,-1,-1.1317993866874851,2741264.477517731,0.05113,-56.74686627399338,2601.43,200000,287783.8530666362,87783.85306663619,1.438919265333181
2022-01-30,-2,-1.2797669633596511,0.0,0.04953,0.0,2601.68,200000,300024.0793529338,100024.0793529338,1.500120396764669
2022-01-31,-2,-1.3484275908394459,0.0,0.04985,0.0,2686.94,200000,300024.0793529338,100024.0793529338,1.500120396764669
