date,statusList,zscore,DASHUSDT_position,DASHUSDT_price,THETAUSDT_position,THETAUSDT_price,init,total_asset,pnl,return
2020-01-01,0,,0.0,41.84,0.0,0.08656,200000,200000.0,0.0,1.0
2020-01-02,0,,0.0,40.04,0.0,0.08443,200000,200000.0,0.0,1.0
2020-01-03,0,,0.0,43.92,0.0,0.08771,200000,200000.0,0.0,1.0
2020-01-04,0,,0.0,46.19,0.0,0.09394,200000,200000.0,0.0,1.0
2020-01-05,0,,0.0,51.17,0.0,0.09421,200000,200000.0,0.0,1.0
2020-01-06,0,,0.0,56.57,0.0,0.09987,200000,200000.0,0.0,1.0
2020-01-07,0,,0.0,54.62,0.0,0.09608,200000,200000.0,0.0,1.0
2020-01-08,0,,0.0,52.42,0.0,0.09873,200000,200000.0,0.0,1.0
2020-01-09,0,,0.0,50.54,0.0,0.09294,200000,200000.0,0.0,1.0
2020-01-10,0,,0.0,56.88,0.0,0.09509,200000,200000.0,0.0,1.0
2020-01-11,0,,0.0,63.46,0.0,0.09437,200000,200000.0,0.0,1.0
2020-01-12,0,,0.0,66.19,0.0,0.09589,200000,200000.0,0.0,1.0
2020-01-13,0,,0.0,69.43,0.0,0.09703,200000,200000.0,0.0,1.0
2020-01-14,0,,0.0,89.28,0.0,0.10598,200000,200000.0,0.0,1.0
2020-01-15,0,,0.0,133.6,0.0,0.10438,200000,200000.0,0.0,1.0
2020-01-16,0,,0.0,127.45,0.0,0.10368,200000,200000.0,0.0,1.0
2020-01-17,0,,0.0,113.04,0.0,0.11193,200000,200000.0,0.0,1.0
2020-01-18,0,,0.0,101.15,0.0,0.10876,200000,200000.0,0.0,1.0
2020-01-19,0,,0.0,104.92,0.0,0.1126,200000,200000.0,0.0,1.0
2020-01-20,1,1.0643100578771563,-909.835319807115,109.91,909256.2284051647,0.10998,200000,200000.0,0.0,1.0
2020-01-21,1,0.9376870460344663,-909.835319807115,110.5,909256.2284051647,0.11136,200000,201791.57643388532,1791.5764338853187,1.0089578821694265
2020-01-22,1,0.5244485110621392,-909.835319807115,107.8,909256.2284051647,0.119,200000,206281.7386554216,6281.738655421592,1.031408693277108
2020-01-23,1,0.6129570284544326,-909.835319807115,102.72,909256.2284051647,0.10858,200000,192185.32533081964,-7814.674669180356,0.9609266266540982
2020-01-24,1,0.5713620325767895,-909.835319807115,100.11,909256.2284051647,0.10494,200000,186500.96247472827,-13499.037525271735,0.9325048123736414
2020-01-25,1,0.6684144801229068,-909.835319807115,101.31,909256.2284051647,0.10189,200000,184819.53336186105,-15180.466638138954,0.9240976668093053
2020-01-26,1,0.9799590356642959,-909.835319807115,111.01,909256.2284051647,0.10222,200000,193944.99051936378,-6055.009480636218,0.9697249525968189
2020-01-27,1,0.8581137851093085,-909.835319807115,112.78,909256.2284051647,0.10459,200000,197710.3362967426,-2289.6637032573926,0.9885516814837131
2020-01-28,1,0.6977300232490512,-909.835319807115,115.91,909256.2284051647,0.10936,200000,204895.2730572315,4895.273057231505,1.0244763652861575
2020-01-29,1,1.180370784705897,-909.835319807115,121.97,909256.2284051647,0.10434,200000,205844.4088286687,5844.408828668704,1.0292220441433435
2020-01-30,1,1.1111208191413076,-909.835319807115,121.9,909256.2284051647,0.10431,200000,205753.44266943005,5753.442669430049,1.0287672133471502
2020-01-31,1,0.5626606808871409,-909.835319807115,115.85,909256.2284051647,0.10638,200000,202131.09937739567,2131.0993773956725,1.0106554968869783
2020-02-01,1,0.6265376108445391,-909.835319807115,116.7,909256.2284051647,0.10527,200000,201895.184985702,1895.1849857020134,1.0094759249285101
2020-02-02,1,0.361462754945497,-909.835319807115,114.29,909256.2284051647,0.10545,200000,199866.1479860798,-133.852013920201,0.999330739930399
2020-02-03,0,0.10736197111819092,0.0,115.34,0.0,0.10829,200000,206477.04881255736,6477.048812557361,1.0323852440627868
2020-02-04,-2,-1.3623920176208153,0.0,110.87,0.0,0.122,200000,206477.04881255736,6477.048812557361,1.0323852440627868
2020-02-05,0,-0.2020961560550756,0.0,122.98,0.0,0.122,200000,206477.04881255736,6477.048812557361,1.0323852440627868
2020-02-06,0,-0.6577559599576042,0.0,120.32,0.0,0.12425,200000,206477.04881255736,6477.048812557361,1.0323852440627868
2020-02-07,0,-0.8689972849650346,0.0,118.68,0.0,0.1245,200000,206477.04881255736,6477.048812557361,1.0323852440627868
2020-02-08,0,0.6813394666616138,0.0,126.29,0.0,0.1164,200000,206477.04881255736,6477.048812557361,1.0323852440627868
2020-02-09,0,0.160727565729217,0.0,128.51,0.0,0.12284,200000,206477.04881255736,6477.048812557361,1.0323852440627868
2020-02-10,0,-0.7094334856057463,0.0,127.58,0.0,0.13064,200000,206477.04881255736,6477.048812557361,1.0323852440627868
2020-02-11,0,-0.40168746915790765,0.0,129.2,0.0,0.12814,200000,206477.04881255736,6477.048812557361,1.0323852440627868
2020-02-12,-1,-1.0089515258304906,773.1485389521357,133.53,-746644.4232753213,0.13827,200000,206477.04881255736,6477.048812557361,1.0323852440627868
2020-02-13,-2,-2.8415184253198844,0.0,131.18,0.0,0.17192,200000,233418.53272230944,33418.532722309435,1.1670926636115473
2020-02-14,-2,-1.749620942154134,0.0,133.34,0.0,0.15827,200000,233418.53272230944,33418.532722309435,1.1670926636115473
2020-02-15,-2,-1.6918749437736382,0.0,120.73,0.0,0.14694,200000,233418.53272230944,33418.532722309435,1.1670926636115473
2020-02-16,-2,-1.4819315141333094,0.0,110.73,0.0,0.13454,200000,233418.53272230944,33418.532722309435,1.1670926636115473
2020-02-17,-2,-1.2306066051074878,0.0,114.66,0.0,0.13716,200000,233418.53272230944,33418.532722309435,1.1670926636115473
2020-02-18,-2,-1.26563099405981,0.0,115.56,0.0,0.14134,200000,233418.53272230944,33418.532722309435,1.1670926636115473
2020-02-19,-1,-1.0899542646021314,1112.8946921059855,104.87,-921582.9624222578,0.12664,200000,233418.5327223094,33418.53272230941,1.167092663611547
2020-02-20,-2,-1.2824470970503214,0.0,104.82,0.0,0.13247,200000,238847.00612783653,38847.00612783653,1.1942350306391827
2020-02-21,0,-0.7639704892722557,0.0,107.39,0.0,0.12776,200000,238847.00612783653,38847.00612783653,1.1942350306391827
2020-02-22,0,-0.9814727367464168,0.0,103.79,0.0,0.12846,200000,238847.00612783653,38847.00612783653,1.1942350306391827
2020-02-23,-2,-1.294461220111895,0.0,108.09,0.0,0.14149,200000,238847.00612783653,38847.00612783653,1.1942350306391827
2020-02-24,-2,-1.7052160430567629,0.0,103.41,0.0,0.14836,200000,238847.00612783653,38847.00612783653,1.1942350306391827
2020-02-25,-2,-1.4300886748690078,0.0,95.52,0.0,0.13481,200000,238847.00612783653,38847.00612783653,1.1942350306391827
2020-02-26,-2,-1.255651604443553,0.0,84.29,0.0,0.11839,200000,238847.00612783653,38847.00612783653,1.1942350306391827
2020-02-27,0,-0.9348375855689132,0.0,89.88,0.0,0.12192,200000,238847.00612783653,38847.00612783653,1.1942350306391827
2020-02-28,0,-0.9554885895417106,0.0,88.09,0.0,0.12082,200000,238847.00612783653,38847.00612783653,1.1942350306391827
2020-02-29,0,-0.912440693023371,0.0,85.35,0.0,0.11712,200000,238847.00612783653,38847.00612783653,1.1942350306391827
2020-03-01,0,-0.9130394108180078,0.0,84.59,0.0,0.11707,200000,238847.00612783653,38847.00612783653,1.1942350306391827
2020-03-02,-1,-1.1690458796905752,1323.105507023247,90.26,-930089.5877252202,0.1284,200000,238847.00612783653,38847.00612783653,1.1942350306391827
2020-03-03,-2,-1.6781652973398504,0.0,88.56,0.0,0.1317,200000,244165.58112926933,44165.581129269325,1.2208279056463467
2020-03-04,-2,-1.675123509540276,0.0,86.88,0.0,0.13182,200000,244165.58112926933,44165.581129269325,1.2208279056463467
2020-03-05,-2,-1.7894306979005155,0.0,89.87,0.0,0.14123,200000,244165.58112926933,44165.581129269325,1.2208279056463467
2020-03-06,0,-0.7650777059383526,0.0,93.94,0.0,0.13477,200000,244165.58112926933,44165.581129269325,1.2208279056463467
2020-03-07,-2,-1.367311172474504,0.0,88.12,0.0,0.13575,200000,244165.58112926933,44165.581129269325,1.2208279056463467
2020-03-08,0,-0.9797392290600704,0.0,73.7,0.0,0.11028,200000,244165.58112926933,44165.581129269325,1.2208279056463467
2020-03-09,0,-0.7283326710951086,0.0,73.65,0.0,0.10849,200000,244165.58112926933,44165.581129269325,1.2208279056463467
2020-03-10,0,-0.6921035110887334,0.0,74.6,0.0,0.11022,200000,244165.58112926933,44165.581129269325,1.2208279056463467
2020-03-11,0,0.3785732856704419,0.0,72.24,0.0,0.09894,200000,244165.58112926933,44165.581129269325,1.2208279056463467
2020-03-12,2,2.7633387252411494,0.0,44.4,0.0,0.05167,200000,244165.58112926933,44165.581129269325,1.2208279056463467
2020-03-13,2,2.126258694729983,0.0,51.16,0.0,0.06151,200000,244165.58112926933,44165.581129269325,1.2208279056463467
2020-03-14,0,0.7416708758912297,0.0,45.97,0.0,0.061,200000,244165.58112926933,44165.581129269325,1.2208279056463467
2020-03-15,0,0.8399290558256938,0.0,47.31,0.0,0.06199,200000,244165.58112926933,44165.581129269325,1.2208279056463467
2020-03-16,2,1.5167029559575667,0.0,43.12,0.0,0.05307,200000,244165.58112926933,44165.581129269325,1.2208279056463467
2020-03-17,2,1.2449381904770782,0.0,45.57,0.0,0.05667,200000,244165.58112926933,44165.581129269325,1.2208279056463467
2020-03-18,2,3.4142774345731537,0.0,62.64,0.0,0.05667,200000,244165.58112926933,44165.581129269325,1.2208279056463467
2020-03-19,2,2.007796495783742,0.0,65.47,0.0,0.06557,200000,244165.58112926933,44165.581129269325,1.2208279056463467
2020-03-20,2,1.703897611626007,0.0,71.78,0.0,0.07224,200000,244165.58112926933,44165.581129269325,1.2208279056463467
2020-03-21,2,1.4199553673043879,0.0,71.37,0.0,0.07283,200000,244165.58112926933,44165.581129269325,1.2208279056463467
2020-03-22,2,1.29895090554952,0.0,62.44,0.0,0.06342,200000,244165.58112926933,44165.581129269325,1.2208279056463467
2020-03-23,2,1.352713964351805,0.0,70.87,0.0,0.06977,200000,244165.58112926933,44165.581129269325,1.2208279056463467
2020-03-24,0,0.9837828041540525,0.0,69.53,0.0,0.07122,200000,244165.58112926933,44165.581129269325,1.2208279056463467
2020-03-25,0,0.8760698758478623,0.0,67.72,0.0,0.06956,200000,244165.58112926933,44165.581129269325,1.2208279056463467
2020-03-26,0,0.5944409325040861,0.0,68.23,0.0,0.07231,200000,244165.58112926933,44165.581129269325,1.2208279056463467
2020-03-27,0,0.5038950913248484,0.0,67.59,0.0,0.0718,200000,244165.58112926933,44165.581129269325,1.2208279056463467
2020-03-28,0,0.3541954327775706,0.0,65.21,0.0,0.07,200000,244165.58112926933,44165.581129269325,1.2208279056463467
2020-03-29,0,0.21857067682396983,0.0,60.46,0.0,0.06537,200000,244165.58112926933,44165.581129269325,1.2208279056463467
2020-03-30,0,-0.05567629298314718,0.0,65.81,0.0,0.07265,200000,244165.58112926933,44165.581129269325,1.2208279056463467
2020-03-31,0,-0.46990046658837364,0.0,64.97,0.0,0.07421,200000,244165.58112926933,44165.581129269325,1.2208279056463467
2020-04-01,0,-0.31670942570446575,0.0,66.03,0.0,0.07407,200000,244165.58112926933,44165.581129269325,1.2208279056463467
2020-04-02,0,-0.6420332489610462,0.0,67.51,0.0,0.07811,200000,244165.58112926933,44165.581129269325,1.2208279056463467
2020-04-03,0,-0.5145429360250674,0.0,67.4,0.0,0.076,200000,244165.58112926933,44165.581129269325,1.2208279056463467
2020-04-04,0,-0.8795813906721246,0.0,68.46,0.0,0.0787,200000,244165.58112926933,44165.581129269325,1.2208279056463467
2020-04-05,-2,-1.4143102854338239,0.0,66.89,0.0,0.08015,200000,244165.58112926933,44165.581129269325,1.2208279056463467
2020-04-06,-2,-1.4308848109164014,0.0,73.19,0.0,0.08718,200000,244165.58112926933,44165.581129269325,1.2208279056463467
2020-04-07,-2,-1.2524158873254443,0.0,72.22,0.0,0.08479,200000,244165.58112926933,44165.581129269325,1.2208279056463467
2020-04-08,0,-0.9990404543184688,0.0,75.52,0.0,0.08775,200000,244165.58112926933,44165.581129269325,1.2208279056463467
2020-04-09,0,0.6807471715462458,0.0,82.83,0.0,0.08698,200000,244165.58112926933,44165.581129269325,1.2208279056463467
2020-04-10,0,0.3417466601699183,0.0,74.1,0.0,0.07962,200000,244165.58112926933,44165.581129269325,1.2208279056463467
2020-04-11,0,0.7555675558407505,0.0,74.97,0.0,0.07899,200000,244165.58112926933,44165.581129269325,1.2208279056463467
2020-04-12,0,0.7069266371493843,0.0,74.1,0.0,0.07894,200000,244165.58112926933,44165.581129269325,1.2208279056463467
2020-04-13,0,0.9842551602712505,0.0,73.13,0.0,0.07716,200000,244165.58112926933,44165.581129269325,1.2208279056463467
2020-04-14,0,0.5916764022642185,0.0,72.32,0.0,0.07801,200000,244165.58112926933,44165.581129269325,1.2208279056463467
2020-04-15,1,1.143516748889682,-1726.772143771353,70.7,1640236.3370231716,0.07443,200000,244165.58112926933,44165.581129269325,1.2208279056463467
2020-04-16,2,1.428326417326791,0.0,76.09,0.0,0.07888,200000,246173.83128444376,46173.83128444376,1.2308691564222187
2020-04-17,2,1.680194130879624,0.0,76.31,0.0,0.07762,200000,246173.83128444376,46173.83128444376,1.2308691564222187
2020-04-18,2,1.5748405206686933,0.0,80.16,0.0,0.08125,200000,246173.83128444376,46173.83128444376,1.2308691564222187
2020-04-19,2,1.3229610908486495,0.0,80.23,0.0,0.08174,200000,246173.83128444376,46173.83128444376,1.2308691564222187
2020-04-20,0,-0.4486315569618774,0.0,74.29,0.0,0.08323,200000,246173.83128444376,46173.83128444376,1.2308691564222187
2020-04-21,0,-0.8944054418469745,0.0,74.48,0.0,0.08578,200000,246173.83128444376,46173.83128444376,1.2308691564222187
2020-04-22,0,-0.6757421007002574,0.0,80.8,0.0,0.09174,200000,246173.83128444376,46173.83128444376,1.2308691564222187
2020-04-23,-2,-1.8726086388593803,0.0,81.26,0.0,0.10075,200000,246173.83128444376,46173.83128444376,1.2308691564222187
2020-04-24,-2,-1.7690570244713173,0.0,81.37,0.0,0.10163,200000,246173.83128444376,46173.83128444376,1.2308691564222187
2020-04-25,-2,-1.6380592568826002,0.0,85.78,0.0,0.10681,200000,246173.83128444376,46173.83128444376,1.2308691564222187
2020-04-26,-2,-2.145110242913431,0.0,84.12,0.0,0.11209,200000,246173.83128444376,46173.83128444376,1.2308691564222187
2020-04-27,-2,-1.7056187031629086,0.0,82.75,0.0,0.10775,200000,246173.83128444376,46173.83128444376,1.2308691564222187
2020-04-28,-2,-1.679872244667331,0.0,82.21,0.0,0.109,200000,246173.83128444376,46173.83128444376,1.2308691564222187
2020-04-29,-2,-1.6828819539675859,0.0,85.36,0.0,0.11645,200000,246173.83128444376,46173.83128444376,1.2308691564222187
2020-04-30,-2,-1.9963231671765973,0.0,80.74,0.0,0.12033,200000,246173.83128444376,46173.83128444376,1.2308691564222187
2020-05-01,-2,-1.8710444795161723,0.0,82.95,0.0,0.12735,200000,246173.83128444376,46173.83128444376,1.2308691564222187
2020-05-02,-2,-1.988223507951922,0.0,83.26,0.0,0.13928,200000,246173.83128444376,46173.83128444376,1.2308691564222187
2020-05-03,-2,-1.9410179790759023,0.0,81.07,0.0,0.14434,200000,246173.83128444376,46173.83128444376,1.2308691564222187
2020-05-04,-2,-1.7897834234349066,0.0,79.54,0.0,0.14639,200000,246173.83128444376,46173.83128444376,1.2308691564222187
2020-05-05,-2,-1.7638809022099784,0.0,79.37,0.0,0.15591,200000,246173.83128444376,46173.83128444376,1.2308691564222187
2020-05-06,-2,-1.6230288680629121,0.0,77.11,0.0,0.15461,200000,246173.83128444376,46173.83128444376,1.2308691564222187
2020-05-07,-2,-1.5739983403967597,0.0,78.76,0.0,0.16445,200000,246173.83128444376,46173.83128444376,1.2308691564222187
2020-05-08,-2,-1.3154909406326325,0.0,81.8,0.0,0.16302,200000,246173.83128444376,46173.83128444376,1.2308691564222187
2020-05-09,-2,-1.2082458061462342,0.0,79.59,0.0,0.15758,200000,246173.83128444376,46173.83128444376,1.2308691564222187
2020-05-10,-1,-1.0873820744829312,1707.1694263831052,72.1,-867358.999663321,0.14191,200000,246173.83128444376,46173.83128444376,1.2308691564222187
2020-05-11,-2,-1.21467280931378,0.0,69.73,0.0,0.14692,200000,254565.29141328495,54565.291413284955,1.2728264570664247
2020-05-12,-2,-1.554653139564698,0.0,73.31,0.0,0.17894,200000,254565.29141328495,54565.291413284955,1.2728264570664247
2020-05-13,-2,-1.2785306691150589,0.0,73.81,0.0,0.17177,200000,254565.29141328495,54565.291413284955,1.2728264570664247
2020-05-14,-1,-1.0769700333604602,1707.1170293272864,74.56,-757229.1374064042,0.16809,200000,254565.29141328495,54565.291413284955,1.2728264570664247
2020-05-15,-2,-1.4757466418303518,0.0,72.44,0.0,0.19186,200000,276183.7161116091,76183.71611160907,1.3809185805580453
2020-05-16,-1,-1.1759403467330962,1873.4480810718294,73.71,-752339.1885361185,0.18355,200000,276183.7161116091,76183.71611160907,1.3809185805580453
2020-05-17,-1,-1.1924500247692602,1873.4480810718294,75.03,-752339.1885361185,0.19206,200000,285059.07407306624,85059.07407306624,1.425295370365331
2020-05-18,-1,-1.1281149030718354,1873.4480810718294,76.2,-752339.1885361185,0.1944,200000,289011.4820290948,89011.48202909483,1.445057410145474
2020-05-19,-2,-1.4751085851358305,0.0,77.15,0.0,0.218,200000,295657.13975779124,95657.13975779124,1.478285698788956
2020-05-20,-2,-2.080959413635451,0.0,78.35,0.0,0.27895,200000,295657.13975779124,95657.13975779124,1.478285698788956
2020-05-21,-2,-1.9546077544768627,0.0,73.09,0.0,0.264,200000,295657.13975779124,95657.13975779124,1.478285698788956
2020-05-22,-2,-1.7449801077948592,0.0,74.77,0.0,0.26799,200000,295657.13975779124,95657.13975779124,1.478285698788956
2020-05-23,-2,-1.8759460607027552,0.0,73.87,0.0,0.3017,200000,295657.13975779124,95657.13975779124,1.478285698788956
2020-05-24,-2,-1.9599794692976906,0.0,71.67,0.0,0.34231,200000,295657.13975779124,95657.13975779124,1.478285698788956
2020-05-25,-2,-1.7230001372099435,0.0,73.6,0.0,0.35327,200000,295657.13975779124,95657.13975779124,1.478285698788956
2020-05-26,-2,-1.7446647292361377,0.0,72.61,0.0,0.40301,200000,295657.13975779124,95657.13975779124,1.478285698788956
2020-05-27,-1,-1.1785952808763072,2008.5403516154297,73.6,-456232.8556227876,0.32402,200000,295657.13975779124,95657.13975779124,1.478285698788956
2020-05-28,-1,-0.95462793218447,2008.5403516154297,75.06,-456232.8556227876,0.31117,200000,292727.016476397,92727.016476397,1.463635082381985
2020-05-29,-1,-0.8863420553813991,2008.5403516154297,74.16,-456232.8556227876,0.30948,200000,290148.29663394054,90148.29663394054,1.4507414831697028
2020-05-30,-1,-0.4493223530377214,2008.5403516154297,79.01,-456232.8556227876,0.2865,200000,289405.48631706374,89405.48631706374,1.4470274315853187
2020-05-31,0,0.006928883951453114,0.0,76.33,0.0,0.24692,200000,254998.27142936422,54998.27142936422,1.274991357146821
2020-06-01,0,-0.09367125264757063,0.0,80.06,0.0,0.27108,200000,254998.27142936422,54998.27142936422,1.274991357146821
2020-06-02,0,0.1423820355707335,0.0,78.26,0.0,0.25468,200000,254998.27142936422,54998.27142936422,1.274991357146821
2020-06-03,0,-0.08264896965073168,0.0,78.2,0.0,0.27607,200000,254998.27142936422,54998.27142936422,1.274991357146821
2020-06-04,0,-0.12402472589745582,0.0,78.6,0.0,0.28491,200000,254998.27142936422,54998.27142936422,1.274991357146821
2020-06-05,0,0.028171454723722705,0.0,77.81,0.0,0.27883,200000,254998.27142936422,54998.27142936422,1.274991357146821
2020-06-06,0,0.3443277584264818,0.0,78.3,0.0,0.27058,200000,254998.27142936422,54998.27142936422,1.274991357146821
2020-06-07,0,0.6500603111310521,0.0,77.99,0.0,0.26517,200000,254998.27142936422,54998.27142936422,1.274991357146821
2020-06-08,1,1.089257471462557,-1639.438545900503,77.77,500153.52155453525,0.25492,200000,254998.27142936422,54998.27142936422,1.274991357146821
2020-06-09,1,1.070769178640115,-1639.438545900503,77.42,500153.52155453525,0.25235,200000,253139.07338790392,53139.07338790392,1.2656953669395197
2020-06-10,2,1.4495365440875656,0.0,78.21,0.0,0.2392,200000,263582.03774839774,63582.037748397735,1.3179101887419886
2020-06-11,2,1.821446149869266,0.0,72.24,0.0,0.20451,200000,263582.03774839774,63582.037748397735,1.3179101887419886
2020-06-12,0,0.3450599039698035,0.0,73.27,0.0,0.25264,200000,263582.03774839774,63582.037748397735,1.3179101887419886
2020-06-13,0,0.3817517225051018,0.0,74.18,0.0,0.25154,200000,263582.03774839774,63582.037748397735,1.3179101887419886
2020-06-14,0,0.7565456510447246,0.0,72.56,0.0,0.23149,200000,263582.03774839774,63582.037748397735,1.3179101887419886
2020-06-15,0,0.5178929760936669,0.0,71.77,0.0,0.23446,200000,263582.03774839774,63582.037748397735,1.3179101887419886
2020-06-16,0,0.5907668545408613,0.0,72.63,0.0,0.23414,200000,263582.03774839774,63582.037748397735,1.3179101887419886
2020-06-17,0,0.4481981565362332,0.0,72.42,0.0,0.23479,200000,263582.03774839774,63582.037748397735,1.3179101887419886
2020-06-18,0,0.9639040032067254,0.0,71.46,0.0,0.22312,200000,263582.03774839774,63582.037748397735,1.3179101887419886
2020-06-19,0,0.493713120816943,0.0,70.1,0.0,0.22406,200000,263582.03774839774,63582.037748397735,1.3179101887419886
2020-06-20,0,0.8874188049877734,0.0,71.01,0.0,0.22138,200000,263582.03774839774,63582.037748397735,1.3179101887419886
2020-06-21,0,0.6689089250951213,0.0,70.14,0.0,0.22057,200000,263582.03774839774,63582.037748397735,1.3179101887419886
2020-06-22,0,-0.35602369855895905,0.0,72.33,0.0,0.24201,200000,263582.03774839774,63582.037748397735,1.3179101887419886
2020-06-23,-1,-1.005476687346908,1780.7190768031194,74.01,-511869.41730764316,0.25747,200000,263582.03774839774,63582.037748397735,1.3179101887419886
2020-06-24,-1,-0.658025381854314,1780.7190768031194,72.42,-511869.41730764316,0.24508,200000,254408.6323358391,54408.632335839095,1.2720431616791954
2020-06-25,-1,-0.44576019310126663,1780.7190768031194,71.11,-511869.41730764316,0.23649,200000,247678.93205055437,47678.93205055437,1.2383946602527718
2020-06-26,0,-0.19200081509243094,0.0,70.68,0.0,0.2313,200000,256116.20962321112,56116.20962321112,1.2805810481160556
2020-06-27,0,0.6196048918956287,0.0,66.92,0.0,0.20986,200000,256116.20962321112,56116.20962321112,1.2805810481160556
2020-06-28,0,-0.5292238416989758,0.0,67.7,0.0,0.22443,200000,256116.20962321112,56116.20962321112,1.2805810481160556
2020-06-29,0,-0.2979059024698556,0.0,68.93,0.0,0.226,200000,256116.20962321112,56116.20962321112,1.2805810481160556
2020-06-30,0,-0.08908867946098732,0.0,68.11,0.0,0.22173,200000,256116.20962321112,56116.20962321112,1.2805810481160556
2020-07-01,0,0.19376612946296198,0.0,68.31,0.0,0.22173,200000,256116.20962321112,56116.20962321112,1.2805810481160556
2020-07-02,0,-0.2853422445556916,0.0,66.62,0.0,0.21889,200000,256116.20962321112,56116.20962321112,1.2805810481160556
2020-07-03,0,0.0047452299169600445,0.0,66.46,0.0,0.21607,200000,256116.20962321112,56116.20962321112,1.2805810481160556
2020-07-04,0,-0.4565864707656103,0.0,67.63,0.0,0.22307,200000,256116.20962321112,56116.20962321112,1.2805810481160556
2020-07-05,0,0.4781746331868023,0.0,67.24,0.0,0.21596,200000,256116.20962321112,56116.20962321112,1.2805810481160556
2020-07-06,0,-0.22061937017441416,0.0,70.26,0.0,0.23023,200000,256116.20962321112,56116.20962321112,1.2805810481160556
2020-07-07,-2,-2.923271686025296,0.0,69.92,0.0,0.25795,200000,256116.20962321112,56116.20962321112,1.2805810481160556
2020-07-08,-2,-1.2093750741015834,0.0,72.7,0.0,0.25102,200000,256116.20962321112,56116.20962321112,1.2805810481160556
2020-07-09,0,-0.41958340513082754,0.0,71.86,0.0,0.24106,200000,256116.20962321112,56116.20962321112,1.2805810481160556
2020-07-10,0,-0.5989920741782511,0.0,71.75,0.0,0.24307,200000,256116.20962321112,56116.20962321112,1.2805810481160556
2020-07-11,-2,-1.2544341920650857,0.0,72.68,0.0,0.25334,200000,256116.20962321112,56116.20962321112,1.2805810481160556
2020-07-12,-2,-2.8783755702261273,0.0,72.05,0.0,0.2805,200000,256116.20962321112,56116.20962321112,1.2805810481160556
2020-07-13,0,-0.3900143395323404,0.0,71.84,0.0,0.24542,200000,256116.20962321112,56116.20962321112,1.2805810481160556
2020-07-14,0,-0.04715979993672511,0.0,71.82,0.0,0.24127,200000,256116.20962321112,56116.20962321112,1.2805810481160556
2020-07-15,0,0.10876458830525863,0.0,71.12,0.0,0.2372,200000,256116.20962321112,56116.20962321112,1.2805810481160556
2020-07-16,0,-0.1798944589510729,0.0,69.28,0.0,0.23464,200000,256116.20962321112,56116.20962321112,1.2805810481160556
2020-07-17,0,-0.5978319761618921,0.0,69.58,0.0,0.24131,200000,256116.20962321112,56116.20962321112,1.2805810481160556
2020-07-18,-2,-1.2409286982743022,0.0,69.2,0.0,0.24894,200000,256116.20962321112,56116.20962321112,1.2805810481160556
2020-07-19,0,-0.20145467580968748,0.0,70.35,0.0,0.2412,200000,256116.20962321112,56116.20962321112,1.2805810481160556
2020-07-20,0,-0.13545970137915342,0.0,68.86,0.0,0.23595,200000,256116.20962321112,56116.20962321112,1.2805810481160556
2020-07-21,0,0.291114137130095,0.0,71.09,0.0,0.23951,200000,256116.20962321112,56116.20962321112,1.2805810481160556
2020-07-22,0,-0.4190219354105671,0.0,73.38,0.0,0.25576,200000,256116.20962321112,56116.20962321112,1.2805810481160556
2020-07-23,0,-0.627273222355211,0.0,73.35,0.0,0.2589,200000,256116.20962321112,56116.20962321112,1.2805810481160556
2020-07-24,0,-0.272088207692817,0.0,71.94,0.0,0.25072,200000,256116.20962321112,56116.20962321112,1.2805810481160556
2020-07-25,0,-0.051044668074952816,0.0,74.65,0.0,0.25877,200000,256116.20962321112,56116.20962321112,1.2805810481160556
2020-07-26,1,1.088733255281735,-1700.638842119596,75.3,510537.43496234727,0.25083,200000,256116.20962321112,56116.20962321112,1.2805810481160556
2020-07-27,2,2.440915537650062,0.0,77.55,0.0,0.2424,200000,264246.4775947128,64246.47759471281,1.3212323879735641
2020-07-28,2,1.9154347462581411,0.0,79.82,0.0,0.25112,200000,264246.4775947128,64246.47759471281,1.3212323879735641
2020-07-29,2,2.2248644104897712,0.0,81.38,0.0,0.24783,200000,264246.4775947128,64246.47759471281,1.3212323879735641
2020-07-30,2,1.2466194653690454,0.0,81.15,0.0,0.25745,200000,264246.4775947128,64246.47759471281,1.3212323879735641
2020-07-31,0,0.6171348782417967,0.0,82.45,0.0,0.26938,200000,264246.4775947128,64246.47759471281,1.3212323879735641
2020-08-01,0,-0.2795090039366716,0.0,93.13,0.0,0.31647,200000,264246.4775947128,64246.47759471281,1.3212323879735641
2020-08-02,0,0.4578337592248494,0.0,85.29,0.0,0.27995,200000,264246.4775947128,64246.47759471281,1.3212323879735641
2020-08-03,0,0.5081488971597122,0.0,87.72,0.0,0.28687,200000,264246.4775947128,64246.47759471281,1.3212323879735641
2020-08-04,-2,-2.241141922442882,0.0,86.88,0.0,0.33185,200000,264246.4775947128,64246.47759471281,1.3212323879735641
2020-08-05,0,-0.20395283788686447,0.0,92.2,0.0,0.31382,200000,264246.4775947128,64246.47759471281,1.3212323879735641
2020-08-06,1,1.1217283548551318,-1315.7064210053416,100.42,416542.8884812144,0.31719,200000,264246.4775947128,64246.47759471281,1.3212323879735641
2020-08-07,1,0.8505682510865004,-1315.7064210053416,96.53,416542.8884812144,0.30778,200000,255208.71103639377,55208.71103639377,1.2760435551819689
2020-08-08,0,-0.19235183779470588,0.0,98.36,0.0,0.33064,200000,255933.6205173695,55933.620517369505,1.2796681025868475
2020-08-09,0,0.18590261792718457,0.0,97.72,0.0,0.32145,200000,255933.6205173695,55933.620517369505,1.2796681025868475
2020-08-10,-2,-2.300906132002196,0.0,95.54,0.0,0.37231,200000,255933.6205173695,55933.620517369505,1.2796681025868475
2020-08-11,-2,-2.2519724037083964,0.0,88.55,0.0,0.35598,200000,255933.6205173695,55933.620517369505,1.2796681025868475
2020-08-12,-2,-2.5376591904429366,0.0,91.7,0.0,0.40377,200000,255933.6205173695,55933.620517369505,1.2796681025868475
2020-08-13,-2,-1.9388476238840955,0.0,92.77,0.0,0.39628,200000,255933.6205173695,55933.620517369505,1.2796681025868475
2020-08-14,-2,-1.8113086886539171,0.0,92.0,0.0,0.40127,200000,255933.6205173695,55933.620517369505,1.2796681025868475
2020-08-15,-2,-1.2123613158365165,0.0,93.95,0.0,0.38413,200000,255933.6205173695,55933.620517369505,1.2796681025868475
2020-08-16,-2,-1.2178051588173513,0.0,95.06,0.0,0.39647,200000,255933.6205173695,55933.620517369505,1.2796681025868475
2020-08-17,0,-0.770005062377019,0.0,97.62,0.0,0.38679,200000,255933.6205173695,55933.620517369505,1.2796681025868475
2020-08-18,-2,-1.7107593556427474,0.0,92.66,0.0,0.43526,200000,255933.6205173695,55933.620517369505,1.2796681025868475
2020-08-19,-2,-1.4300501030873598,0.0,87.72,0.0,0.40443,200000,255933.6205173695,55933.620517369505,1.2796681025868475
2020-08-20,-2,-1.643187230709129,0.0,91.5,0.0,0.45499,200000,255933.6205173695,55933.620517369505,1.2796681025868475
2020-08-21,-2,-1.347456608386918,0.0,86.75,0.0,0.42093,200000,255933.6205173695,55933.620517369505,1.2796681025868475
2020-08-22,-2,-1.3035755747057596,0.0,90.82,0.0,0.44905,200000,255933.6205173695,55933.620517369505,1.2796681025868475
2020-08-23,-2,-1.4787492796285815,0.0,91.41,0.0,0.48402,200000,255933.6205173695,55933.620517369505,1.2796681025868475
2020-08-24,-2,-1.7601554875617769,0.0,91.82,0.0,0.55199,200000,255933.6205173695,55933.620517369505,1.2796681025868475
2020-08-25,-2,-1.5588454492637742,0.0,84.5,0.0,0.50751,200000,255933.6205173695,55933.620517369505,1.2796681025868475
2020-08-26,-2,-1.310081156654937,0.0,85.8,0.0,0.49529,200000,255933.6205173695,55933.620517369505,1.2796681025868475
2020-08-27,0,-0.9604794382148448,0.0,83.35,0.0,0.44932,200000,255933.6205173695,55933.620517369505,1.2796681025868475
2020-08-28,-1,-1.0570168287870771,1505.6690229284004,84.99,-269727.4840517774,0.47443,200000,255933.62051736948,55933.620517369476,1.2796681025868475
2020-08-29,-2,-1.35938868275423,0.0,85.0,0.0,0.50518,200000,264212.6839617324,64212.68396173237,1.321063419808662
2020-08-30,0,-0.9778204213890045,0.0,88.27,0.0,0.49811,200000,264212.6839617324,64212.68396173237,1.321063419808662
2020-08-31,0,-0.7744224147856693,0.0,86.1,0.0,0.47619,200000,264212.6839617324,64212.68396173237,1.321063419808662
2020-09-01,0,-0.6545961813356195,0.0,89.05,0.0,0.489,200000,264212.6839617324,64212.68396173237,1.321063419808662
2020-09-02,0,-0.8118931017800295,0.0,83.27,0.0,0.47499,200000,264212.6839617324,64212.68396173237,1.321063419808662
2020-09-03,-1,-1.0554224473662066,1983.5787084214144,66.6,-328704.5085366166,0.4019,200000,264212.6839617324,64212.68396173237,1.321063419808662
2020-09-04,-1,-0.7842687784501711,1983.5787084214144,72.62,-328704.5085366166,0.42422,200000,283490.5124169666,83490.51241696661,1.417452562084833
2020-09-05,-1,-0.6493522981145075,1983.5787084214144,68.02,-328704.5085366166,0.39346,200000,264255.09967564174,64255.099675641744,1.3212754983782087
2020-09-06,-1,-1.1064423986085061,1983.5787084214144,70.12,-328704.5085366166,0.42602,200000,279123.233761279,79123.23376127903,1.395616168806395
2020-09-07,0,0.1080730668337749,0.0,76.05,0.0,0.41567,200000,249994.1262496992,49994.12624969921,1.249970631248496
2020-09-08,0,0.6190173956748146,0.0,74.74,0.0,0.3984,200000,249994.1262496992,49994.12624969921,1.249970631248496
2020-09-09,-2,-1.5868980671671276,0.0,75.5,0.0,0.47727,200000,249994.1262496992,49994.12624969921,1.249970631248496
2020-09-10,-2,-1.5475311177138575,0.0,77.01,0.0,0.48698,200000,249994.1262496992,49994.12624969921,1.249970631248496
2020-09-11,-2,-1.850697750647676,0.0,77.09,0.0,0.50008,200000,249994.1262496992,49994.12624969921,1.249970631248496
2020-09-12,-2,-2.3211872767991966,0.0,79.34,0.0,0.54873,200000,249994.1262496992,49994.12624969921,1.249970631248496
2020-09-13,-2,-2.27017890095559,0.0,75.53,0.0,0.54238,200000,249994.1262496992,49994.12624969921,1.249970631248496
2020-09-14,-2,-1.7999479883476768,0.0,75.13,0.0,0.52979,200000,249994.1262496992,49994.12624969921,1.249970631248496
2020-09-15,-2,-1.8607309790537463,0.0,72.95,0.0,0.53596,200000,249994.1262496992,49994.12624969921,1.249970631248496
2020-09-16,-2,-1.5184287577012299,0.0,73.01,0.0,0.52668,200000,249994.1262496992,49994.12624969921,1.249970631248496
2020-09-17,-2,-1.7157423922988042,0.0,73.32,0.0,0.55972,200000,249994.1262496992,49994.12624969921,1.249970631248496
2020-09-18,-2,-1.7370703633746478,0.0,72.24,0.0,0.57489,200000,249994.1262496992,49994.12624969921,1.249970631248496
2020-09-19,-2,-1.5225509934469106,0.0,72.85,0.0,0.57862,200000,249994.1262496992,49994.12624969921,1.249970631248496
2020-09-20,-2,-1.3199871491907857,0.0,70.77,0.0,0.55705,200000,249994.1262496992,49994.12624969921,1.249970631248496
2020-09-21,-2,-1.6132592220906767,0.0,66.81,0.0,0.57114,200000,249994.1262496992,49994.12624969921,1.249970631248496
2020-09-22,-2,-1.3808148862038838,0.0,68.12,0.0,0.57472,200000,249994.1262496992,49994.12624969921,1.249970631248496
2020-09-23,-2,-1.3028438195066858,0.0,64.86,0.0,0.55482,200000,249994.1262496992,49994.12624969921,1.249970631248496
2020-09-24,-2,-1.587083744336013,0.0,67.79,0.0,0.63897,200000,249994.1262496992,49994.12624969921,1.249970631248496
2020-09-25,-2,-1.5397335549363866,0.0,68.55,0.0,0.66533,200000,249994.1262496992,49994.12624969921,1.249970631248496
2020-09-26,-2,-1.5160893210616206,0.0,69.04,0.0,0.6965,200000,249994.1262496992,49994.12624969921,1.249970631248496
2020-09-27,-2,-1.6891652401453883,0.0,68.78,0.0,0.74923,200000,249994.1262496992,49994.12624969921,1.249970631248496
2020-09-28,-2,-1.5750659168902243,0.0,67.35,0.0,0.71583,200000,249994.1262496992,49994.12624969921,1.249970631248496
2020-09-29,-2,-1.6809729968474496,0.0,68.45,0.0,0.77833,200000,249994.1262496992,49994.12624969921,1.249970631248496
2020-09-30,-2,-1.3529917728128371,0.0,69.17,0.0,0.74859,200000,249994.1262496992,49994.12624969921,1.249970631248496
2020-10-01,-2,-1.2024102215711918,0.0,68.06,0.0,0.7277,200000,249994.1262496992,49994.12624969921,1.249970631248496
2020-10-02,-1,-1.0609738172742047,1895.3307524617073,65.95,-178817.57764420132,0.69902,200000,249994.1262496992,49994.12624969921,1.249970631248496
2020-10-03,-2,-1.3099779281740238,0.0,65.6,0.0,0.75199,200000,260129.4591008742,60129.4591008742,1.3006472955043709
2020-10-04,-2,-1.2713451132774891,0.0,66.39,0.0,0.7724,200000,260129.4591008742,60129.4591008742,1.3006472955043709
2020-10-05,0,-0.9354796377076856,0.0,67.15,0.0,0.7428,200000,260129.4591008742,60129.4591008742,1.3006472955043709
2020-10-06,0,-0.5869095828592318,0.0,65.28,0.0,0.68625,200000,260129.4591008742,60129.4591008742,1.3006472955043709
2020-10-07,0,-0.8988564075585164,0.0,65.94,0.0,0.73954,200000,260129.4591008742,60129.4591008742,1.3006472955043709
2020-10-08,0,-0.6126928056137759,0.0,66.34,0.0,0.71955,200000,260129.4591008742,60129.4591008742,1.3006472955043709
2020-10-09,0,-0.3953832443053828,0.0,67.27,0.0,0.71524,200000,260129.4591008742,60129.4591008742,1.3006472955043709
2020-10-10,0,-0.8071157389007108,0.0,67.92,0.0,0.76602,200000,260129.4591008742,60129.4591008742,1.3006472955043709
2020-10-11,0,0.045753004545031055,0.0,71.71,0.0,0.74501,200000,260129.4591008742,60129.4591008742,1.3006472955043709
2020-10-12,0,0.39984647525688116,0.0,71.66,0.0,0.73336,200000,260129.4591008742,60129.4591008742,1.3006472955043709
2020-10-13,0,0.15475761161627818,0.0,71.23,0.0,0.754,200000,260129.4591008742,60129.4591008742,1.3006472955043709
2020-10-14,0,0.5313532950431437,0.0,70.05,0.0,0.73438,200000,260129.4591008742,60129.4591008742,1.3006472955043709
2020-10-15,2,1.9218317021543463,0.0,69.27,0.0,0.6885,200000,260129.4591008742,60129.4591008742,1.3006472955043709
2020-10-16,2,1.6918412505938707,0.0,66.06,0.0,0.66165,200000,260129.4591008742,60129.4591008742,1.3006472955043709
2020-10-17,2,2.6994316577499204,0.0,67.33,0.0,0.62437,200000,260129.4591008742,60129.4591008742,1.3006472955043709
2020-10-18,1,1.1662658538356192,-1932.8983437425634,67.29,194175.73048450667,0.66983,200000,260129.4591008742,60129.4591008742,1.3006472955043709
2020-10-19,2,3.0694080320357826,0.0,74.93,0.0,0.63118,200000,282401.69443029363,82401.69443029363,1.4120084721514683
2020-10-20,2,2.353493079216641,0.0,70.65,0.0,0.5984,200000,282401.69443029363,82401.69443029363,1.4120084721514683
2020-10-21,2,1.9112097759492839,0.0,74.73,0.0,0.6373,200000,282401.69443029363,82401.69443029363,1.4120084721514683
2020-10-22,2,1.4495580516151563,0.0,74.98,0.0,0.65472,200000,282401.69443029363,82401.69443029363,1.4120084721514683
2020-10-23,1,1.0921457026539274,-1957.5883434790908,72.13,219150.48224479955,0.64431,200000,282401.69443029363,82401.69443029363,1.4120084721514683
2020-10-24,0,0.04488006146813573,0.0,73.31,0.0,0.72109,200000,267885.2746488432,67885.27464884322,1.339426373244216
2020-10-25,0,0.04476598787414005,0.0,71.06,0.0,0.69502,200000,267885.2746488432,67885.27464884322,1.339426373244216
2020-10-26,0,0.35756538736859667,0.0,69.19,0.0,0.65423,200000,267885.2746488432,67885.27464884322,1.339426373244216
2020-10-27,0,0.45386523529419975,0.0,70.75,0.0,0.65889,200000,267885.2746488432,67885.27464884322,1.339426373244216
2020-10-28,0,0.5466768937418229,0.0,67.91,0.0,0.62367,200000,267885.2746488432,67885.27464884322,1.339426373244216
2020-10-29,0,0.9165389065239797,0.0,67.1,0.0,0.59395,200000,267885.2746488432,67885.27464884322,1.339426373244216
2020-10-30,0,0.97815301093158,0.0,69.69,0.0,0.61076,200000,267885.2746488432,67885.27464884322,1.339426373244216
2020-10-31,0,0.965912183817062,0.0,70.08,0.0,0.61054,200000,267885.2746488432,67885.27464884322,1.339426373244216
2020-11-01,0,0.5962837926609522,0.0,68.79,0.0,0.61157,200000,267885.2746488432,67885.27464884322,1.339426373244216
2020-11-02,0,0.22638698344347705,0.0,64.95,0.0,0.58875,200000,267885.2746488432,67885.27464884322,1.339426373244216
2020-11-03,0,0.1409524720661147,0.0,64.32,0.0,0.58275,200000,267885.2746488432,67885.27464884322,1.339426373244216
2020-11-04,0,-0.0754417702771281,0.0,64.75,0.0,0.5912,200000,267885.2746488432,67885.27464884322,1.339426373244216
2020-11-05,0,-0.484262175727087,0.0,67.78,0.0,0.62873,200000,267885.2746488432,67885.27464884322,1.339426373244216
2020-11-06,-2,-1.2250846720692434,0.0,70.09,0.0,0.67759,200000,267885.2746488432,67885.27464884322,1.339426373244216
2020-11-07,-1,-1.1651205713985087,2012.0570425780625,66.57,-209875.64607399187,0.6382,200000,267885.2746488432,67885.27464884322,1.339426373244216
2020-11-08,-2,-1.4025961583116557,0.0,68.06,0.0,0.66452,200000,270411.2366600693,70411.23666006932,1.3520561833003466
2020-11-09,0,-0.6342198662444235,0.0,68.09,0.0,0.64278,200000,270411.2366600693,70411.23666006932,1.3520561833003466
2020-11-10,0,-0.20971853370496987,0.0,68.86,0.0,0.64041,200000,270411.2366600693,70411.23666006932,1.3520561833003466
2020-11-11,1,1.1982451313664089,-1950.7375318140912,69.31,221169.9573546337,0.61132,200000,270411.2366600693,70411.23666006932,1.3520561833003466
2020-11-12,2,3.2109764437002855,0.0,77.69,0.0,0.60069,200000,289109.4538233512,89109.45382335118,1.445547269116756
2020-11-13,2,1.9114840941726154,0.0,77.74,0.0,0.63125,200000,289109.4538233512,89109.45382335118,1.445547269116756
2020-11-14,2,2.0123814279035983,0.0,77.29,0.0,0.61226,200000,289109.4538233512,89109.45382335118,1.445547269116756
2020-11-15,2,1.5334562796287623,0.0,74.98,0.0,0.60341,200000,289109.4538233512,89109.45382335118,1.445547269116756
2020-11-16,2,1.9387781743461727,0.0,80.66,0.0,0.61961,200000,289109.4538233512,89109.45382335118,1.445547269116756
2020-11-17,2,1.4126228345698897,0.0,83.21,0.0,0.65411,200000,289109.4538233512,89109.45382335118,1.445547269116756
2020-11-18,2,1.3965159686312119,0.0,80.05,0.0,0.62259,200000,289109.4538233512,89109.45382335118,1.445547269116756
2020-11-19,2,1.5543052087477662,0.0,82.21,0.0,0.62245,200000,289109.4538233512,89109.45382335118,1.445547269116756
2020-11-20,1,1.187040539568252,-1734.1018103607917,83.36,224655.72602638215,0.64345,200000,289109.4538233512,89109.45382335118,1.445547269116756
2020-11-21,2,1.4756727861835106,0.0,94.57,0.0,0.70207,200000,295379.4164578292,95379.41645782918,1.4768970822891458
2020-11-22,2,1.6391629178547782,0.0,90.45,0.0,0.64934,200000,295379.4164578292,95379.41645782918,1.4768970822891458
2020-11-23,2,1.603060983031877,0.0,94.24,0.0,0.66535,200000,295379.4164578292,95379.41645782918,1.4768970822891458
2020-11-24,2,2.6128660324004795,0.0,114.5,0.0,0.69194,200000,295379.4164578292,95379.41645782918,1.4768970822891458
2020-11-25,2,1.3097659317765453,0.0,102.06,0.0,0.69374,200000,295379.4164578292,95379.41645782918,1.4768970822891458
2020-11-26,2,1.241116636237326,0.0,91.83,0.0,0.62041,200000,295379.4164578292,95379.41645782918,1.4768970822891458
2020-11-27,2,1.3609084745765334,0.0,92.32,0.0,0.60688,200000,295379.4164578292,95379.41645782918,1.4768970822891458
2020-11-28,2,2.3369773789853663,0.0,109.07,0.0,0.62438,200000,295379.4164578292,95379.41645782918,1.4768970822891458
2020-11-29,2,2.046544404278852,0.0,108.15,0.0,0.61777,200000,295379.4164578292,95379.41645782918,1.4768970822891458
2020-11-30,2,1.8413516869358186,0.0,112.83,0.0,0.6428,200000,295379.4164578292,95379.41645782918,1.4768970822891458
2020-12-01,2,1.3730250369661179,0.0,103.91,0.0,0.61372,200000,295379.4164578292,95379.41645782918,1.4768970822891458
2020-12-02,1,1.1029884264483905,-1403.4943288882885,105.23,233693.6425660853,0.63198,200000,295379.4164578292,95379.41645782918,1.4768970822891458
2020-12-03,1,0.7834328809071852,-1403.4943288882885,107.54,233693.6425660853,0.66365,200000,306022.56601762905,106022.56601762905,1.5301128300881452
2020-12-04,0,-0.014137940925052177,0.0,98.86,0.0,0.66648,200000,278376.7269142808,78376.72691428079,1.3918836345714038
2020-12-05,0,-0.569953481190884,0.0,102.99,0.0,0.73778,200000,278376.7269142808,78376.72691428079,1.3918836345714038
2020-12-06,0,-0.25237111879986635,0.0,102.09,0.0,0.69941,200000,278376.7269142808,78376.72691428079,1.3918836345714038
2020-12-07,0,-0.15248102525649485,0.0,101.53,0.0,0.68216,200000,278376.7269142808,78376.72691428079,1.3918836345714038
2020-12-08,-2,-1.5029693818022798,0.0,95.01,0.0,0.745,200000,278376.7269142808,78376.72691428079,1.3918836345714038
2020-12-09,-2,-1.2137893011438035,0.0,95.62,0.0,0.72396,200000,278376.7269142808,78376.72691428079,1.3918836345714038
2020-12-10,0,-0.9773502597736038,0.0,92.86,0.0,0.67992,200000,278376.7269142808,78376.72691428079,1.3918836345714038
2020-12-11,0,-0.9633107730396635,0.0,93.25,0.0,0.68052,200000,278376.7269142808,78376.72691428079,1.3918836345714038
2020-12-12,0,-0.959256818988789,0.0,94.74,0.0,0.69225,200000,278376.7269142808,78376.72691428079,1.3918836345714038
2020-12-13,-1,-1.1059637171451016,1425.964178436025,97.61,-190831.06673769557,0.72938,200000,278376.7269142808,78376.72691428079,1.3918836345714038
2020-12-14,-2,-1.2922587943983603,0.0,96.69,0.0,0.75209,200000,284022.387484055,84022.38748405501,1.420111937420275
2020-12-15,-2,-1.2677403737687374,0.0,96.96,0.0,0.76353,200000,284022.387484055,84022.38748405501,1.420111937420275
2020-12-16,-2,-1.3518703810182815,0.0,105.39,0.0,0.85623,200000,284022.387484055,84022.38748405501,1.420111937420275
2020-12-17,0,-0.7431640918515093,0.0,108.22,0.0,0.8154,200000,284022.387484055,84022.38748405501,1.420111937420275
2020-12-18,-2,-1.3748081179612355,0.0,108.05,0.0,0.90713,200000,284022.387484055,84022.38748405501,1.420111937420275
2020-12-19,-2,-1.2201615226344809,0.0,108.27,0.0,0.90017,200000,284022.387484055,84022.38748405501,1.420111937420275
2020-12-20,-1,-1.1984143262828952,1296.1956347392068,109.56,-155203.49042844537,0.915,200000,284022.387484055,84022.38748405501,1.420111937420275
2020-12-21,-2,-1.6163706045422326,0.0,103.9,0.0,0.92725,200000,293260.0975344274,93260.09753442742,1.466300487672137
2020-12-22,-2,-2.359196068229941,0.0,105.76,0.0,1.08618,200000,293260.0975344274,93260.09753442742,1.466300487672137
2020-12-23,-2,-2.6383601174120277,0.0,91.4,0.0,1.06912,200000,293260.0975344274,93260.09753442742,1.466300487672137
2020-12-24,-2,-2.286843475104139,0.0,98.54,0.0,1.18574,200000,293260.0975344274,93260.09753442742,1.466300487672137
2020-12-25,-2,-2.0363292073080577,0.0,103.12,0.0,1.28291,200000,293260.0975344274,93260.09753442742,1.466300487672137
2020-12-26,-2,-2.295290671799707,0.0,107.99,0.0,1.66866,200000,293260.0975344274,93260.09753442742,1.466300487672137
2020-12-27,-2,-1.4812014235045792,0.0,107.48,0.0,1.35045,200000,293260.0975344274,93260.09753442742,1.466300487672137
2020-12-28,-2,-1.686195230464898,0.0,107.11,0.0,1.55606,200000,293260.0975344274,93260.09753442742,1.466300487672137
2020-12-29,-2,-1.369089749976481,0.0,103.93,0.0,1.43206,200000,293260.0975344274,93260.09753442742,1.466300487672137
2020-12-30,-2,-1.5168918318731768,0.0,101.89,0.0,1.59692,200000,293260.0975344274,93260.09753442742,1.466300487672137
2020-12-31,-2,-1.678787371429835,0.0,99.45,0.0,1.86224,200000,293260.0975344274,93260.09753442742,1.466300487672137
2021-01-01,-2,-1.7492833611927923,0.0,87.97,0.0,1.96621,200000,293260.0975344274,93260.09753442742,1.466300487672137
2021-01-02,-2,-1.7880130105186698,0.0,87.02,0.0,2.40024,200000,293260.0975344274,93260.09753442742,1.466300487672137
2021-01-03,-2,-1.429831184613122,0.0,89.65,0.0,2.12597,200000,293260.0975344274,93260.09753442742,1.466300487672137
2021-01-04,-2,-1.208835953778189,0.0,89.01,0.0,1.96868,200000,293260.0975344274,93260.09753442742,1.466300487672137
2021-01-05,-1,-1.1999787564989586,1645.4948801168634,89.11,-68778.07843935481,2.13193,200000,293260.0975344274,93260.09753442742,1.466300487672137
2021-01-06,-1,-1.065606522608728,1645.4948801168634,94.22,-68778.07843935481,2.16676,200000,304064.1168438673,104064.11684386729,1.5203205842193364
2021-01-07,-1,-0.7660036145884813,1645.4948801168634,98.96,-68778.07843935481,1.98791,200000,299562.8032467426,99562.80324674258,1.497814016233713
2021-01-08,-1,-0.7553427636989262,1645.4948801168634,96.2,-68778.07843935481,1.99427,200000,295458.6659564944,95458.6659564944,1.477293329782472
2021-01-09,-1,-0.450794216759272,1645.4948801168634,109.94,-68778.07843935481,2.04103,200000,321283.82855712436,121283.82855712436,1.6064191427856218
2021-01-10,0,0.6913648377469696,0.0,146.54,0.0,1.98621,200000,188736.98497913312,-11263.015020866878,0.9436849248956656
2021-01-11,0,0.554889700365516,0.0,125.01,0.0,1.81684,200000,188736.98497913312,-11263.015020866878,0.9436849248956656
2021-01-12,0,0.7574269205949941,0.0,128.53,0.0,1.8215,200000,188736.98497913312,-11263.015020866878,0.9436849248956656
2021-01-13,0,0.37797741490963777,0.0,133.1,0.0,2.09522,200000,188736.98497913312,-11263.015020866878,0.9436849248956656
2021-01-14,0,0.2630848617956729,0.0,132.99,0.0,2.19146,200000,188736.98497913312,-11263.015020866878,0.9436849248956656
2021-01-15,0,0.2649257024532353,0.0,124.3,0.0,2.05549,200000,188736.98497913312,-11263.015020866878,0.9436849248956656
2021-01-16,0,0.42034699667623854,0.0,124.85,0.0,2.04406,200000,188736.98497913312,-11263.015020866878,0.9436849248956656
2021-01-17,0,0.5306353749888082,0.0,124.26,0.0,2.00854,200000,188736.98497913312,-11263.015020866878,0.9436849248956656
2021-01-18,0,0.7201908157301341,0.0,129.3,0.0,2.04695,200000,188736.98497913312,-11263.015020866878,0.9436849248956656
2021-01-19,0,0.6500967200633907,0.0,124.46,0.0,1.998,200000,188736.98497913312,-11263.015020866878,0.9436849248956656
2021-01-20,0,0.37038784165453364,0.0,121.13,0.0,2.03281,200000,188736.98497913312,-11263.015020866878,0.9436849248956656
2021-01-21,0,0.10279242411385843,0.0,99.77,0.0,1.7418,200000,188736.98497913312,-11263.015020866878,0.9436849248956656
2021-01-22,0,-0.20670444954801453,0.0,104.72,0.0,1.89757,200000,188736.98497913312,-11263.015020866878,0.9436849248956656
2021-01-23,0,-0.3602801087035004,0.0,105.29,0.0,1.9288,200000,188736.98497913312,-11263.015020866878,0.9436849248956656
2021-01-24,0,-0.45486509280563375,0.0,106.16,0.0,1.95055,200000,188736.98497913312,-11263.015020866878,0.9436849248956656
2021-01-25,-1,-1.0560239469059316,898.7475475196816,105.0,-45472.436377357655,2.07529,200000,188736.98497913312,-11263.015020866878,0.9436849248956656
2021-01-26,-2,-1.740595400871663,0.0,104.97,0.0,2.287,200000,198390.91691100912,-1609.083088990883,0.9919545845550456
2021-01-27,-2,-1.3766866714447397,0.0,96.45,0.0,1.99307,200000,198390.91691100912,-1609.083088990883,0.9919545845550456
2021-01-28,-1,-1.0060747552388383,966.0640675448437,102.68,-49798.66684848592,1.99193,200000,198390.91691100912,-1609.083088990883,0.9919545845550456
2021-01-29,-1,-1.0614152032968578,966.0640675448437,104.56,-49798.66684848592,2.05641,200000,203418.13539638382,3418.135396383819,1.017090676981919
2021-01-30,-1,-0.7732704658374676,966.0640675448437,105.17,-49798.66684848592,2.00197,200000,201296.39505435457,1296.3950543545652,1.0064819752717729
2021-01-31,-1,-0.5349129913830171,966.0640675448437,102.42,-49798.66684848592,1.91015,200000,194067.20527857827,-5932.794721421727,0.9703360263928914
2021-02-01,-1,-0.961714560316659,966.0640675448437,103.54,-49798.66684848592,2.04053,200000,201641.9472179341,1641.9472179340955,1.0082097360896705
2021-02-02,-1,-0.8266702169313962,966.0640675448437,109.85,-49798.66684848592,2.1533,200000,213353.60714464582,13353.607144645823,1.0667680357232292
2021-02-03,-1,-0.30135155227851473,966.0640675448437,116.84,-49798.66684848592,2.18751,200000,221810.00736967096,21810.00736967096,1.109050036848355
2021-02-04,-1,-0.48566270649971655,966.0640675448437,111.0,-49798.66684848592,2.129,200000,213254.47321790416,13254.47321790416,1.0662723660895208
2021-02-05,-1,-0.9168203838508259,966.0640675448437,120.42,-49798.66684848592,2.42866,200000,237277.4652419939,37277.465241993894,1.1863873262099696
2021-02-06,-1,-0.2888973731790402,966.0640675448437,118.94,-49798.66684848592,2.27908,200000,228398.805834831,28398.805834831,1.141994029174155
2021-02-07,-1,-0.32811171515724047,966.0640675448437,118.31,-49798.66684848592,2.29069,200000,228368.34799438866,28368.347994388663,1.1418417399719434
2021-02-08,-2,-2.362307499914998,0.0,126.16,0.0,2.90949,200000,221400.99735855294,21400.997358552937,1.1070049867927647
2021-02-09,-2,-1.2326092704957743,0.0,137.36,0.0,2.90652,200000,221400.99735855294,21400.997358552937,1.1070049867927647
2021-02-10,0,-0.5182740708067259,0.0,139.75,0.0,2.83099,200000,221400.99735855294,21400.997358552937,1.1070049867927647
2021-02-11,2,1.714949254334887,0.0,164.6,0.0,2.92562,200000,221400.99735855294,21400.997358552937,1.1070049867927647
2021-02-12,2,1.7188086290118263,0.0,169.76,0.0,2.99681,200000,221400.99735855294,21400.997358552937,1.1070049867927647
2021-02-13,2,3.82311288960872,0.0,267.61,0.0,3.34869,200000,221400.99735855294,21400.997358552937,1.1070049867927647
2021-02-14,2,2.244465771850567,0.0,230.69,0.0,3.18318,200000,221400.99735855294,21400.997358552937,1.1070049867927647
2021-02-15,2,2.224638223681959,0.0,259.69,0.0,3.38903,200000,221400.99735855294,21400.997358552937,1.1070049867927647
2021-02-16,2,1.6311501393208863,0.0,249.46,0.0,3.40843,200000,221400.99735855294,21400.997358552937,1.1070049867927647
2021-02-17,2,1.6393041896813827,0.0,265.96,0.0,3.50799,200000,221400.99735855294,21400.997358552937,1.1070049867927647
2021-02-18,2,1.6576464185460158,0.0,281.15,0.0,3.56669,200000,221400.99735855294,21400.997358552937,1.1070049867927647
2021-02-19,2,1.9767209956344887,0.0,323.84,0.0,3.70937,200000,221400.99735855294,21400.997358552937,1.1070049867927647
2021-02-20,2,1.3256043657107333,0.0,297.28,0.0,3.68594,200000,221400.99735855294,21400.997358552937,1.1070049867927647
2021-02-21,2,1.4204754467699028,0.0,301.52,0.0,3.56677,200000,221400.99735855294,21400.997358552937,1.1070049867927647
2021-02-22,1,1.0926818711466844,-407.43650599660094,271.7,33184.995377286956,3.33586,200000,221400.99735855294,21400.997358552937,1.1070049867927647
2021-02-23,1,0.6223061742528878,-407.43650599660094,230.91,33184.995377286956,3.05975,200000,195618.9532053289,-4381.0467946711,0.9780947660266445
2021-02-24,1,0.29595426780691525,-407.43650599660094,237.4,33184.995377286956,3.32063,200000,206920.51772327343,6920.517723273428,1.0346025886163672
2021-02-25,1,0.3328528108798782,-407.43650599660094,218.5,33184.995377286956,2.99269,200000,188337.28037591022,-11662.719624089776,0.9416864018795511
2021-02-26,0,-0.11114894610028338,0.0,206.7,0.0,3.05508,200000,204235.3074708085,4235.307470808504,1.0211765373540425
2021-02-27,0,-0.2467514692574161,0.0,210.69,0.0,3.15641,200000,204235.3074708085,4235.307470808504,1.0211765373540425
2021-02-28,0,-0.7165198003526669,0.0,196.77,0.0,3.13475,200000,204235.3074708085,4235.307470808504,1.0211765373540425
2021-03-01,0,-0.34395532052766586,0.0,224.94,0.0,3.28194,200000,204235.3074708085,4235.307470808504,1.0211765373540425
2021-03-02,-2,-1.5632247718952852,0.0,216.04,0.0,3.70038,200000,204235.3074708085,4235.307470808504,1.0211765373540425
2021-03-03,-2,-1.8414387833865056,0.0,222.59,0.0,3.99035,200000,204235.3074708085,4235.307470808504,1.0211765373540425
2021-03-04,-2,-2.439154392115877,0.0,211.18,0.0,4.45092,200000,204235.3074708085,4235.307470808504,1.0211765373540425
2021-03-05,-2,-1.875187632841041,0.0,205.7,0.0,4.12896,200000,204235.3074708085,4235.307470808504,1.0211765373540425
2021-03-06,-2,-1.6117288499336426,0.0,208.61,0.0,4.15675,200000,204235.3074708085,4235.307470808504,1.0211765373540425
2021-03-07,-2,-1.471233019684379,0.0,214.79,0.0,4.33521,200000,204235.3074708085,4235.307470808504,1.0211765373540425
2021-03-08,-2,-1.6461689704564906,0.0,218.23,0.0,4.92836,200000,204235.3074708085,4235.307470808504,1.0211765373540425
2021-03-09,-2,-1.3817814397106842,0.0,244.2,0.0,5.36426,200000,204235.3074708085,4235.307470808504,1.0211765373540425
2021-03-10,-2,-1.7740506757741314,0.0,234.41,0.0,6.49261,200000,204235.3074708085,4235.307470808504,1.0211765373540425
2021-03-11,-2,-1.7458580312491419,0.0,235.39,0.0,7.03079,200000,204235.3074708085,4235.307470808504,1.0211765373540425
2021-03-12,-2,-1.6146607141720764,0.0,224.69,0.0,6.92649,200000,204235.3074708085,4235.307470808504,1.0211765373540425
2021-03-13,-2,-1.3073350905119459,0.0,243.04,0.0,6.83,200000,204235.3074708085,4235.307470808504,1.0211765373540425
2021-03-14,-2,-1.4540483508038762,0.0,231.17,0.0,7.33788,200000,204235.3074708085,4235.307470808504,1.0211765373540425
2021-03-15,-2,-1.2524846199344843,0.0,221.42,0.0,6.75292,200000,204235.3074708085,4235.307470808504,1.0211765373540425
2021-03-16,-2,-1.2048445596776958,0.0,223.59,0.0,7.02166,200000,204235.3074708085,4235.307470808504,1.0211765373540425
2021-03-17,-2,-1.295039659391778,0.0,229.47,0.0,7.87,200000,204235.3074708085,4235.307470808504,1.0211765373540425
2021-03-18,-2,-1.3430327258586814,0.0,225.83,0.0,8.40472,200000,204235.3074708085,4235.307470808504,1.0211765373540425
2021-03-19,-1,-1.19964168552825,452.40853152314486,225.72,-12437.855423709721,8.21023,200000,204235.3074708085,4235.307470808504,1.0211765373540425
2021-03-20,-1,-1.1160524206056956,452.40853152314486,227.11,-12437.855423709721,8.30181,200000,206003.21412932902,6003.214129329019,1.030016070646645
2021-03-21,-2,-1.4522637282903132,0.0,221.01,0.0,9.62516,200000,223964.84642895212,23964.84642895212,1.1198242321447607
2021-03-22,-2,-1.5485319680386154,0.0,206.6,0.0,10.00622,200000,223964.84642895212,23964.84642895212,1.1198242321447607
2021-03-23,-2,-1.8187415018436697,0.0,206.62,0.0,12.9,200000,223964.84642895212,23964.84642895212,1.1198242321447607
2021-03-24,-2,-1.5365539240405097,0.0,190.75,0.0,11.2236,200000,223964.84642895212,23964.84642895212,1.1198242321447607
2021-03-25,-2,-1.613857099355841,0.0,189.1,0.0,13.12322,200000,223964.84642895212,23964.84642895212,1.1198242321447607
2021-03-26,-2,-1.348450267274297,0.0,203.51,0.0,12.61731,200000,223964.84642895212,23964.84642895212,1.1198242321447607
2021-03-27,-1,-1.1885694538879876,555.3581790045431,201.64,-9478.990431867616,11.81375,200000,223964.84642895212,23964.84642895212,1.1198242321447607
2021-03-28,-2,-1.2005831519774683,0.0,207.72,0.0,12.86302,200000,230534.2889910502,30534.288991050213,1.152671444955251
2021-03-29,-1,-1.1333367834005768,536.1761303168904,214.98,-8777.029190647942,13.13282,200000,230534.2889910502,30534.288991050213,1.152671444955251
2021-03-30,-1,-0.9848284337529205,536.1761303168904,216.3,-8777.029190647942,12.88211,200000,229041.55249468115,29041.55249468115,1.1452077624734058
2021-03-31,-1,-0.734457020828001,536.1761303168904,222.44,-8777.029190647942,12.32709,200000,227462.24719343343,27462.24719343343,1.137311235967167
2021-04-01,-1,-0.3560820685465271,536.1761303168904,233.44,-8777.029190647942,11.51814,200000,226260.00686314458,26260.006863144576,1.131300034315723
2021-04-02,0,-0.18011322456779677,0.0,243.59,0.0,11.67188,200000,202371.57687689876,2371.576876898762,1.0118578843844939
2021-04-03,0,-0.3149309768650416,0.0,222.84,0.0,11.39042,200000,202371.57687689876,2371.576876898762,1.0118578843844939
2021-04-04,0,0.4016766711517254,0.0,270.78,0.0,11.78727,200000,202371.57687689876,2371.576876898762,1.0118578843844939
2021-04-05,0,0.6832238754755589,0.0,273.66,0.0,11.60442,200000,202371.57687689876,2371.576876898762,1.0118578843844939
2021-04-06,0,0.8110793074325356,0.0,275.99,0.0,11.71977,200000,202371.57687689876,2371.576876898762,1.0118578843844939
2021-04-07,0,0.1921105861317443,0.0,253.45,0.0,12.2877,200000,202371.57687689876,2371.576876898762,1.0118578843844939
2021-04-08,0,0.3494290786681089,0.0,267.79,0.0,12.91336,200000,202371.57687689876,2371.576876898762,1.0118578843844939
2021-04-09,0,0.6064658583222746,0.0,265.1,0.0,12.63749,200000,202371.57687689876,2371.576876898762,1.0118578843844939
2021-04-10,2,1.2778450019229632,0.0,283.32,0.0,12.37453,200000,202371.57687689876,2371.576876898762,1.0118578843844939
2021-04-11,2,1.375229098204952,0.0,286.79,0.0,12.19659,200000,202371.57687689876,2371.576876898762,1.0118578843844939
2021-04-12,1,1.1248021587325707,-360.75937121523594,280.48,8339.813402482958,12.13286,200000,202371.57687689876,2371.576876898762,1.0118578843844939
2021-04-13,1,1.1837380916138565,-360.75937121523594,294.31,8339.813402482958,12.42308,200000,209781.2596264741,9781.259626474086,1.0489062981323705
2021-04-14,2,1.5340496982755027,0.0,305.36,0.0,12.14722,200000,211227.5103122742,11227.510312274186,1.056137551561371
2021-04-15,2,1.6396788155588398,0.0,326.8,0.0,12.5658,200000,211227.5103122742,11227.510312274186,1.056137551561371
2021-04-16,2,1.6473644030401453,0.0,378.47,0.0,14.20003,200000,211227.5103122742,11227.510312274186,1.056137551561371
2021-04-17,2,1.5665525089942038,0.0,356.64,0.0,13.28915,200000,211227.5103122742,11227.510312274186,1.056137551561371
2021-04-18,2,1.4995039718722123,0.0,317.23,0.0,11.76513,200000,211227.5103122742,11227.510312274186,1.056137551561371
2021-04-19,2,1.5030249740190622,0.0,294.09,0.0,10.79894,200000,211227.5103122742,11227.510312274186,1.056137551561371
2021-04-20,2,1.3231163750574537,0.0,317.15,0.0,11.75186,200000,211227.5103122742,11227.510312274186,1.056137551561371
2021-04-21,1,1.1189372934413995,-358.474493096657,294.62,9589.40319697184,11.01359,200000,211227.5103122742,11227.510312274186,1.056137551561371
2021-04-22,2,1.4014418953898564,0.0,275.97,0.0,9.90408,200000,215181.49975709378,15181.499757093785,1.0759074987854689
2021-04-23,0,0.7575540167954605,0.0,262.52,0.0,9.94528,200000,215181.49975709378,15181.499757093785,1.0759074987854689
2021-04-24,2,1.439358898396116,0.0,246.17,0.0,8.66017,200000,215181.49975709378,15181.499757093785,1.0759074987854689
2021-04-25,0,0.7627213441333283,0.0,247.06,0.0,9.167,200000,215181.49975709378,15181.499757093785,1.0759074987854689
2021-04-26,0,0.29097578629490617,0.0,278.62,0.0,10.759,200000,215181.49975709378,15181.499757093785,1.0759074987854689
2021-04-27,0,0.244825345096745,0.0,292.8,0.0,11.265,200000,215181.49975709378,15181.499757093785,1.0759074987854689
2021-04-28,0,0.22645341466904972,0.0,288.78,0.0,11.041,200000,215181.49975709378,15181.499757093785,1.0759074987854689
2021-04-29,0,0.20421542322602382,0.0,286.63,0.0,10.896,200000,215181.49975709378,15181.499757093785,1.0759074987854689
2021-04-30,2,1.5620809318086295,0.0,319.62,0.0,11.184,200000,215181.49975709378,15181.499757093785,1.0759074987854689
2021-05-01,1,1.1180300540841748,-334.1535184748956,321.98,9367.936428258328,11.485,200000,215181.49975709378,15181.499757093785,1.0759074987854689
2021-05-02,2,1.6538714532684509,0.0,315.17,0.0,10.946,200000,217955.23203111097,17955.232031110965,1.089776160155555
2021-05-03,2,2.33469886830955,0.0,342.75,0.0,11.498,200000,217955.23203111097,17955.232031110965,1.089776160155555
2021-05-04,2,3.659822890077873,0.0,360.62,0.0,10.211,200000,217955.23203111097,17955.232031110965,1.089776160155555
2021-05-05,2,2.852914201682414,0.0,396.74,0.0,10.992,200000,217955.23203111097,17955.232031110965,1.089776160155555
2021-05-06,2,3.0232608389928615,0.0,443.11,0.0,10.868,200000,217955.23203111097,17955.232031110965,1.089776160155555
2021-05-07,2,1.414768023093067,0.0,404.11,0.0,11.507,200000,217955.23203111097,17955.232031110965,1.089776160155555
2021-05-08,0,0.8781340710921461,0.0,408.83,0.0,12.297,200000,217955.23203111097,17955.232031110965,1.089776160155555
2021-05-09,0,0.9671410822567268,0.0,406.96,0.0,11.956,200000,217955.23203111097,17955.232031110965,1.089776160155555
2021-05-10,1,1.1603885941710133,-293.2422463621222,371.63,10387.724336627156,10.491,200000,217955.23203111097,17955.232031110965,1.089776160155555
2021-05-11,2,1.7676037370642126,0.0,426.74,0.0,10.842,200000,230469.7209859714,30469.72098597139,1.152348604929857
2021-05-12,2,1.5238418204342672,0.0,359.0,0.0,9.16,200000,230469.7209859714,30469.72098597139,1.152348604929857
2021-05-13,0,0.902378714700373,0.0,357.29,0.0,9.78,200000,230469.7209859714,30469.72098597139,1.152348604929857
2021-05-14,0,0.9168243094329229,0.0,371.01,0.0,10.005,200000,230469.7209859714,30469.72098597139,1.152348604929857
2021-05-15,0,0.6302479798387898,0.0,336.28,0.0,9.338,200000,230469.7209859714,30469.72098597139,1.152348604929857
2021-05-16,0,0.38392174156323483,0.0,331.6,0.0,9.433,200000,230469.7209859714,30469.72098597139,1.152348604929857
2021-05-17,0,-0.7175749319380761,0.0,294.45,0.0,9.688,200000,230469.7209859714,30469.72098597139,1.152348604929857
2021-05-18,0,-0.6478537943012028,0.0,304.52,0.0,9.775,200000,230469.7209859714,30469.72098597139,1.152348604929857
2021-05-19,0,-0.47435196341264196,0.0,189.04,0.0,5.844,200000,230469.7209859714,30469.72098597139,1.152348604929857
2021-05-20,0,-0.8675374849224067,0.0,226.94,0.0,7.287,200000,230469.7209859714,30469.72098597139,1.152348604929857
2021-05-21,-2,-1.3681802101641891,0.0,188.34,0.0,6.362,200000,230469.7209859714,30469.72098597139,1.152348604929857
2021-05-22,-2,-2.2111662920259754,0.0,178.31,0.0,6.884,200000,230469.7209859714,30469.72098597139,1.152348604929857
2021-05-23,-2,-2.0744806123791153,0.0,149.93,0.0,5.902,200000,230469.7209859714,30469.72098597139,1.152348604929857
2021-05-24,0,-0.917708034326484,0.0,201.48,0.0,6.756,200000,230469.7209859714,30469.72098597139,1.152348604929857
2021-05-25,-1,-1.1570583937280068,590.9480025281317,195.0,-16710.391602811153,6.896,200000,230469.7209859714,30469.72098597139,1.152348604929857
2021-05-26,-1,-1.1325777922411469,590.9480025281317,214.1,-16710.391602811153,7.647,200000,254306.33192796988,54306.33192796988,1.2715316596398494
2021-05-27,-2,-1.4269878329377992,0.0,205.1,0.0,7.879,200000,240927.46110600058,40927.461106000585,1.204637305530003
2021-05-28,0,-0.9042349969842927,0.0,183.22,0.0,6.557,200000,240927.46110600058,40927.461106000585,1.204637305530003
2021-05-29,0,-0.8465022565081288,0.0,176.53,0.0,6.342,200000,240927.46110600058,40927.461106000585,1.204637305530003
2021-05-30,0,-0.7477256766768686,0.0,181.8,0.0,6.512,200000,240927.46110600058,40927.461106000585,1.204637305530003
2021-05-31,0,-0.7071950984264661,0.0,197.42,0.0,7.106,200000,240927.46110600058,40927.461106000585,1.204637305530003
2021-06-01,-2,-1.202407707763544,0.0,191.5,0.0,7.504,200000,240927.46110600058,40927.461106000585,1.204637305530003
2021-06-02,-1,-1.1272034518926277,595.1177282531385,202.42,-15164.115125000037,7.944,200000,240927.46110600058,40927.461106000585,1.204637305530003
2021-06-03,-2,-1.9731000862893449,0.0,210.25,0.0,9.573,200000,260970.03283240355,60970.03283240355,1.3048501641620178
2021-06-04,-2,-1.9225272686780397,0.0,191.25,0.0,8.841,200000,260970.03283240355,60970.03283240355,1.3048501641620178
2021-06-05,-2,-2.033558845257326,0.0,185.23,0.0,8.95,200000,260970.03283240355,60970.03283240355,1.3048501641620178
2021-06-06,-2,-1.6978826573502164,0.0,185.45,0.0,8.844,200000,260970.03283240355,60970.03283240355,1.3048501641620178
2021-06-07,-2,-1.7902190320255424,0.0,172.58,0.0,8.729,200000,260970.03283240355,60970.03283240355,1.3048501641620178
2021-06-08,-2,-1.8774324867234595,0.0,166.22,0.0,8.92,200000,260970.03283240355,60970.03283240355,1.3048501641620178
2021-06-09,-2,-1.6377618869180721,0.0,176.76,0.0,9.385,200000,260970.03283240355,60970.03283240355,1.3048501641620178
2021-06-10,-2,-1.322941565811485,0.0,170.04,0.0,8.732,200000,260970.03283240355,60970.03283240355,1.3048501641620178
2021-06-11,0,-0.8671345371115274,0.0,165.71,0.0,7.943,200000,260970.03283240355,60970.03283240355,1.3048501641620178
2021-06-12,0,-0.7767229437221799,0.0,163.5,0.0,7.808,200000,260970.03283240355,60970.03283240355,1.3048501641620178
2021-06-13,-1,-1.015549265101733,756.2156848229602,172.55,-14876.868819541873,8.771,200000,260970.03283240355,60970.03283240355,1.3048501641620178
2021-06-14,-1,-0.9331771136226665,756.2156848229602,177.91,-14876.868819541873,9.062,200000,269352.5177295413,69352.51772954129,1.3467625886477064
2021-06-15,-1,-0.9381097989075752,756.2156848229602,171.94,-14876.868819541873,8.915,200000,262651.0103746755,62651.010374675505,1.3132550518733774
2021-06-16,-1,-1.0957364263897058,756.2156848229602,164.5,-14876.868819541873,8.973,200000,257887.62407112616,57887.62407112616,1.2894381203556309
2021-06-17,-2,-1.3028701981976638,0.0,163.93,0.0,9.519,200000,278616.50991259475,78616.50991259475,1.3930825495629737
2021-06-18,-2,-1.2134642719140891,0.0,155.32,0.0,9.011,200000,278616.50991259475,78616.50991259475,1.3930825495629737
2021-06-19,-1,-1.197654309034266,922.9379551894618,150.94,-15810.720117614048,8.811,200000,278616.50991259475,78616.50991259475,1.3930825495629737
2021-06-20,-1,-1.0257040158576585,922.9379551894618,153.28,-15810.720117614048,8.7,200000,279021.1947946829,79021.1947946829,1.3951059739734144
2021-06-21,-1,-0.4157254681110068,922.9379551894618,123.09,-15810.720117614048,6.518,200000,216658.7066308792,16658.7066308792,1.083293533154396
2021-06-22,-1,-0.6500778349561347,922.9379551894618,119.37,-15810.720117614048,6.488,200000,212751.055834046,12751.055834046012,1.06375527917023
2021-06-23,-1,-0.5617180261951404,922.9379551894618,127.43,-15810.720117614048,6.918,200000,226988.54540344712,26988.54540344712,1.1349427270172356
2021-06-24,-1,-0.8042413355219751,922.9379551894618,131.43,-15810.720117614048,7.304,200000,236783.235189604,36783.23518960399,1.18391617594802
2021-06-25,-1,-0.7671329724362809,922.9379551894618,119.77,-15810.720117614048,6.677,200000,216108.45711835084,16108.457118350838,1.0805422855917541
2021-06-26,0,0.17979439816752973,0.0,124.32,0.0,6.557,200000,267547.7551346362,67547.75513463619,1.337738775673181
2021-06-27,0,-0.2818270747020518,0.0,127.22,0.0,6.918,200000,267547.7551346362,67547.75513463619,1.337738775673181
2021-06-28,0,0.3408489085334968,0.0,132.23,0.0,6.929,200000,267547.7551346362,67547.75513463619,1.337738775673181
2021-06-29,0,0.9173280882018905,0.0,140.85,0.0,7.122,200000,267547.7551346362,67547.75513463619,1.337738775673181
2021-06-30,2,1.8266300350008602,0.0,145.62,0.0,6.917,200000,267547.7551346362,67547.75513463619,1.337738775673181
2021-07-01,2,2.3002672924398877,0.0,138.16,0.0,6.297,200000,267547.7551346362,67547.75513463619,1.337738775673181
2021-07-02,2,1.9732077104022523,0.0,135.35,0.0,6.243,200000,267547.7551346362,67547.75513463619,1.337738775673181
2021-07-03,2,1.9721568212464646,0.0,138.81,0.0,6.272,200000,267547.7551346362,67547.75513463619,1.337738775673181
2021-07-04,2,1.726917090155806,0.0,140.22,0.0,6.34,200000,267547.7551346362,67547.75513463619,1.337738775673181
2021-07-05,2,1.6227937137136257,0.0,132.52,0.0,5.938,200000,267547.7551346362,67547.75513463619,1.337738775673181
2021-07-06,2,1.314014782624473,0.0,134.94,0.0,6.123,200000,267547.7551346362,67547.75513463619,1.337738775673181
2021-07-07,0,0.8018112056862942,0.0,135.15,0.0,6.369,200000,267547.7551346362,67547.75513463619,1.337738775673181
2021-07-08,0,0.40463107117481945,0.0,126.48,0.0,6.137,200000,267547.7551346362,67547.75513463619,1.337738775673181
2021-07-09,0,0.6351529962789433,0.0,128.41,0.0,6.069,200000,267547.7551346362,67547.75513463619,1.337738775673181
2021-07-10,0,0.9077133476369077,0.0,128.42,0.0,5.9,200000,267547.7551346362,67547.75513463619,1.337738775673181
2021-07-11,0,0.7394191583596256,0.0,128.44,0.0,5.94,200000,267547.7551346362,67547.75513463619,1.337738775673181
2021-07-12,2,1.3119938366355899,0.0,126.62,0.0,5.56,200000,267547.7551346362,67547.75513463619,1.337738775673181
2021-07-13,2,1.5516939579758244,0.0,123.93,0.0,5.284,200000,267547.7551346362,67547.75513463619,1.337738775673181
2021-07-14,2,1.6420551739384244,0.0,123.25,0.0,5.166,200000,267547.7551346362,67547.75513463619,1.337738775673181
2021-07-15,2,2.184712096073232,0.0,122.87,0.0,4.876,200000,267547.7551346362,67547.75513463619,1.337738775673181
2021-07-16,2,2.2371957157292472,0.0,114.77,0.0,4.416,200000,267547.7551346362,67547.75513463619,1.337738775673181
2021-07-17,2,2.075003953247512,0.0,116.08,0.0,4.437,200000,267547.7551346362,67547.75513463619,1.337738775673181
2021-07-18,2,1.837679138499123,0.0,115.78,0.0,4.433,200000,267547.7551346362,67547.75513463619,1.337738775673181
2021-07-19,2,3.4634661692841995,0.0,137.98,0.0,4.071,200000,267547.7551346362,67547.75513463619,1.337738775673181
2021-07-20,2,2.662266044114021,0.0,125.26,0.0,3.658,200000,267547.7551346362,67547.75513463619,1.337738775673181
2021-07-21,2,1.6811512148761596,0.0,139.02,0.0,4.418,200000,267547.7551346362,67547.75513463619,1.337738775673181
2021-07-22,1,1.0619533165718182,-940.744567983953,142.2,27627.81445008635,4.842,200000,267547.7551346362,67547.75513463619,1.337738775673181
2021-07-23,1,0.772668968448694,-940.744567983953,142.76,27627.81445008635,5.013,200000,272798.928363672,72798.92836367199,1.36399464181836
2021-07-24,0,-0.05246185338493381,0.0,140.89,0.0,5.608,200000,245152.47388181105,45152.47388181105,1.2257623694090554
2021-07-25,0,-0.6185833209543302,0.0,139.6,0.0,6.127,200000,245152.47388181105,45152.47388181105,1.2257623694090554
2021-07-26,0,-0.0752985302415352,0.0,142.17,0.0,5.638,200000,245152.47388181105,45152.47388181105,1.2257623694090554
2021-07-27,0,-0.30555713282938196,0.0,146.04,0.0,5.968,200000,245152.47388181105,45152.47388181105,1.2257623694090554
2021-07-28,0,0.08446669283661651,0.0,152.63,0.0,5.805,200000,245152.47388181105,45152.47388181105,1.2257623694090554
2021-07-29,0,0.25744188628680176,0.0,164.24,0.0,6.036,200000,245152.47388181105,45152.47388181105,1.2257623694090554
2021-07-30,0,0.3108533682843901,0.0,165.36,0.0,5.98,200000,245152.47388181105,45152.47388181105,1.2257623694090554
2021-07-31,0,0.002809222519798985,0.0,163.77,0.0,6.102,200000,245152.47388181105,45152.47388181105,1.2257623694090554
2021-08-01,0,0.24623255641647404,0.0,160.19,0.0,5.75,200000,245152.47388181105,45152.47388181105,1.2257623694090554
2021-08-02,0,0.15455804004627305,0.0,161.75,0.0,5.825,200000,245152.47388181105,45152.47388181105,1.2257623694090554
2021-08-03,0,-0.3362715926801791,0.0,156.41,0.0,5.915,200000,245152.47388181105,45152.47388181105,1.2257623694090554
2021-08-04,0,-0.30300728422919276,0.0,161.58,0.0,6.069,200000,245152.47388181105,45152.47388181105,1.2257623694090554
2021-08-05,-2,-1.4159976342099923,0.0,164.41,0.0,7.135,200000,245152.47388181105,45152.47388181105,1.2257623694090554
2021-08-06,0,-0.9585958018658863,0.0,167.19,0.0,6.887,200000,245152.47388181105,45152.47388181105,1.2257623694090554
2021-08-07,0,-0.8295610986099987,0.0,170.34,0.0,6.936,200000,245152.47388181105,45152.47388181105,1.2257623694090554
2021-08-08,0,-0.5525615669727021,0.0,161.62,0.0,6.408,200000,245152.47388181105,45152.47388181105,1.2257623694090554
2021-08-09,0,0.048520425308862275,0.0,179.06,0.0,6.767,200000,245152.47388181105,45152.47388181105,1.2257623694090554
2021-08-10,0,-0.40391639789536055,0.0,175.82,0.0,6.938,200000,245152.47388181105,45152.47388181105,1.2257623694090554
2021-08-11,0,-0.3013877071807269,0.0,181.49,0.0,7.152,200000,245152.47388181105,45152.47388181105,1.2257623694090554
2021-08-12,0,0.5804059165747949,0.0,180.2,0.0,6.772,200000,245152.47388181105,45152.47388181105,1.2257623694090554
2021-08-13,2,1.6632941530646916,0.0,204.6,0.0,7.162,200000,245152.47388181105,45152.47388181105,1.2257623694090554
2021-08-14,0,0.9764313062636654,0.0,199.02,0.0,7.217,200000,245152.47388181105,45152.47388181105,1.2257623694090554
2021-08-15,2,1.6643185188362792,0.0,215.87,0.0,7.462,200000,245152.47388181105,45152.47388181105,1.2257623694090554
2021-08-16,0,-0.01785649120432067,0.0,200.98,0.0,7.605,200000,245152.47388181105,45152.47388181105,1.2257623694090554
2021-08-17,0,0.9030202534579244,0.0,194.76,0.0,6.98,200000,245152.47388181105,45152.47388181105,1.2257623694090554
2021-08-18,2,2.2312552304476796,0.0,209.79,0.0,6.843,200000,245152.47388181105,45152.47388181105,1.2257623694090554
2021-08-19,2,1.9734119727643245,0.0,220.09,0.0,7.151,200000,245152.47388181105,45152.47388181105,1.2257623694090554
2021-08-20,2,2.1242657610056814,0.0,232.73,0.0,7.276,200000,245152.47388181105,45152.47388181105,1.2257623694090554
2021-08-21,2,2.0375534594386133,0.0,237.27,0.0,7.264,200000,245152.47388181105,45152.47388181105,1.2257623694090554
2021-08-22,2,2.287618548141094,0.0,255.26,0.0,7.341,200000,245152.47388181105,45152.47388181105,1.2257623694090554
2021-08-23,2,1.8809313544983521,0.0,270.58,0.0,7.829,200000,245152.47388181105,45152.47388181105,1.2257623694090554
2021-08-24,2,1.7668057914222395,0.0,248.16,0.0,7.057,200000,245152.47388181105,45152.47388181105,1.2257623694090554
2021-08-25,2,1.8995475458192879,0.0,264.46,0.0,7.207,200000,245152.47388181105,45152.47388181105,1.2257623694090554
2021-08-26,2,1.4471324518265363,0.0,232.1,0.0,6.525,200000,245152.47388181105,45152.47388181105,1.2257623694090554
2021-08-27,1,1.1531812525830318,-505.88624408132694,242.3,17634.331310733065,6.951,200000,245152.47388181105,45152.47388181105,1.2257623694090554
2021-08-28,1,0.8885646350825578,-505.88624408132694,236.4,17634.331310733065,6.918,200000,241585.81210847705,41585.812108477054,1.2079290605423854
2021-08-29,1,0.4092823570542966,-505.88624408132694,225.3,17634.331310733065,6.914,200000,235899.93747393135,35899.93747393135,1.1794996873696568
2021-08-30,1,0.4192115085903188,-505.88624408132694,216.6,17634.331310733065,6.583,200000,225661.7634865712,25661.763486571203,1.128308817432856
2021-08-31,1,0.5395249256657341,-505.88624408132694,223.7,17634.331310733065,6.661,200000,230629.03366178577,30629.03366178577,1.1531451683089289
2021-09-01,1,0.4708104069752703,-505.88624408132694,238.9,17634.331310733065,7.109,200000,246218.68499903037,46218.684999030374,1.231093424995152
2021-09-02,1,0.5385945949301101,-505.88624408132694,239.0,17634.331310733065,7.024,200000,244770.3554620262,44770.3554620262,1.223851777310131
2021-09-03,1,0.4921961374537299,-505.88624408132694,247.5,17634.331310733065,7.256,200000,253161.55340080755,53161.55340080755,1.2658077670040377
2021-09-04,0,0.18796399261150687,0.0,251.8,0.0,7.517,200000,239977.36167870875,39977.36167870875,1.1998868083935437
2021-09-05,0,-0.5181629727923023,0.0,264.4,0.0,8.188,200000,239977.36167870875,39977.36167870875,1.1998868083935437
2021-09-06,-2,-2.7728275868228134,0.0,255.7,0.0,9.215,200000,239977.36167870875,39977.36167870875,1.1998868083935437
2021-09-07,-2,-1.7938635501734077,0.0,207.3,0.0,7.032,200000,239977.36167870875,39977.36167870875,1.1998868083935437
2021-09-08,-2,-1.6383803115386835,0.0,201.7,0.0,6.813,200000,239977.36167870875,39977.36167870875,1.1998868083935437
2021-09-09,-2,-1.7128966425575696,0.0,202.5,0.0,6.988,200000,239977.36167870875,39977.36167870875,1.1998868083935437
2021-09-10,-2,-1.220033092808282,0.0,192.9,0.0,6.455,200000,239977.36167870875,39977.36167870875,1.1998868083935437
2021-09-11,-1,-1.026508849143711,618.1797055092961,194.1,-18602.89625416347,6.45,200000,239977.36167870875,39977.36167870875,1.1998868083935437
2021-09-12,-1,-0.6390839948189575,618.1797055092961,203.5,-18602.89625416347,6.588,200000,248355.45059357068,48355.450593570684,1.2417772529678535
2021-09-13,0,-0.09742062197492571,0.0,196.6,0.0,6.125,200000,232385.97113233234,32385.971132332343,1.1619298556616617
2021-09-14,0,-0.12636936989191533,0.0,205.7,0.0,6.466,200000,232385.97113233234,32385.971132332343,1.1619298556616617
2021-09-15,0,-0.6784935716234013,0.0,209.0,0.0,6.867,200000,232385.97113233234,32385.971132332343,1.1619298556616617
2021-09-16,0,-0.17896166987459244,0.0,208.3,0.0,6.653,200000,232385.97113233234,32385.971132332343,1.1619298556616617
2021-09-17,0,0.008725008165320068,0.0,199.3,0.0,6.319,200000,232385.97113233234,32385.971132332343,1.1619298556616617
2021-09-18,0,-0.07814972816362378,0.0,199.4,0.0,6.367,200000,232385.97113233234,32385.971132332343,1.1619298556616617
2021-09-19,0,0.1291094032235323,0.0,192.9,0.0,6.099,200000,232385.97113233234,32385.971132332343,1.1619298556616617
2021-09-20,0,0.9192812937176376,0.0,170.1,0.0,5.157,200000,232385.97113233234,32385.971132332343,1.1619298556616617
2021-09-21,0,0.07399456093399215,0.0,157.4,0.0,5.016,200000,232385.97113233234,32385.971132332343,1.1619298556616617
2021-09-22,0,0.22702899763708073,0.0,175.5,0.0,5.575,200000,232385.97113233234,32385.971132332343,1.1619298556616617
2021-09-23,0,0.9341959362088692,0.0,184.7,0.0,5.707,200000,232385.97113233234,32385.971132332343,1.1619298556616617
2021-09-24,0,0.7467014986620458,0.0,165.5,0.0,5.181,200000,232385.97113233234,32385.971132332343,1.1619298556616617
2021-09-25,0,0.9817551627090159,0.0,164.4,0.0,5.098,200000,232385.97113233234,32385.971132332343,1.1619298556616617
2021-09-26,0,0.5635754237080866,0.0,162.0,0.0,5.099,200000,232385.97113233234,32385.971132332343,1.1619298556616617
2021-09-27,0,-0.0341069954826065,0.0,153.7,0.0,4.924,200000,232385.97113233234,32385.971132332343,1.1619298556616617
2021-09-28,0,0.07369934882427834,0.0,147.3,0.0,4.69,200000,232385.97113233234,32385.971132332343,1.1619298556616617
2021-09-29,0,0.19245459249001517,0.0,152.6,0.0,4.827,200000,232385.97113233234,32385.971132332343,1.1619298556616617
2021-09-30,2,1.7823423065348265,0.0,166.0,0.0,5.048,200000,232385.97113233234,32385.971132332343,1.1619298556616617
2021-10-01,-2,-2.6275357605047702,0.0,176.8,0.0,5.983,200000,232385.97113233234,32385.971132332343,1.1619298556616617
2021-10-02,-2,-2.34361173737695,0.0,177.8,0.0,6.051,200000,232385.97113233234,32385.971132332343,1.1619298556616617
2021-10-03,-2,-2.164371615629161,0.0,178.2,0.0,6.123,200000,232385.97113233234,32385.971132332343,1.1619298556616617
2021-10-04,-2,-1.9515564096870486,0.0,174.2,0.0,6.02,200000,232385.97113233234,32385.971132332343,1.1619298556616617
2021-10-05,-2,-2.6554580426158547,0.0,182.5,0.0,6.729,200000,232385.97113233234,32385.971132332343,1.1619298556616617
2021-10-06,-2,-1.339044822166495,0.0,185.1,0.0,6.417,200000,232385.97113233234,32385.971132332343,1.1619298556616617
2021-10-07,-1,-1.0923880634547476,614.1278306879819,189.2,-17842.90318890758,6.512,200000,232385.97113233234,32385.971132332343,1.1619298556616617
2021-10-08,-1,-0.8494332654166887,614.1278306879819,189.5,-17842.90318890758,6.463,200000,231695.90722528228,31695.90722528228,1.1584795361264115
2021-10-09,-2,-1.5064152998412406,0.0,193.7,0.0,6.94,200000,237259.15845908888,37259.15845908888,1.1862957922954445
2021-10-10,0,-0.8982683579010893,0.0,182.3,0.0,6.327,200000,237259.15845908888,37259.15845908888,1.1862957922954445
2021-10-11,0,-0.335880246329101,0.0,183.0,0.0,6.167,200000,237259.15845908888,37259.15845908888,1.1862957922954445
2021-10-12,0,0.22234687989890128,0.0,180.7,0.0,5.915,200000,237259.15845908888,37259.15845908888,1.1862957922954445
2021-10-13,0,0.016936822217502034,0.0,183.3,0.0,6.09,200000,237259.15845908888,37259.15845908888,1.1862957922954445
2021-10-14,0,0.49302749066699775,0.0,186.7,0.0,6.071,200000,237259.15845908888,37259.15845908888,1.1862957922954445
2021-10-15,0,0.6939982008098222,0.0,194.0,0.0,6.271,200000,237259.15845908888,37259.15845908888,1.1862957922954445
2021-10-16,0,0.7823373581655816,0.0,190.4,0.0,6.144,200000,237259.15845908888,37259.15845908888,1.1862957922954445
2021-10-17,0,0.9312423874142157,0.0,186.1,0.0,5.966,200000,237259.15845908888,37259.15845908888,1.1862957922954445
2021-10-18,2,1.4178614261472615,0.0,186.8,0.0,5.848,200000,237259.15845908888,37259.15845908888,1.1862957922954445
2021-10-19,2,1.8125384269117162,0.0,194.1,0.0,5.933,200000,237259.15845908888,37259.15845908888,1.1862957922954445
2021-10-20,2,1.656469614235155,0.0,201.7,0.0,6.23,200000,237259.15845908888,37259.15845908888,1.1862957922954445
2021-10-21,2,1.7189415247351307,0.0,196.7,0.0,5.986,200000,237259.15845908888,37259.15845908888,1.1862957922954445
2021-10-22,0,-0.5220998107002034,0.0,195.3,0.0,6.667,200000,237259.15845908888,37259.15845908888,1.1862957922954445
2021-10-23,0,0.047750338412537195,0.0,197.7,0.0,6.534,200000,237259.15845908888,37259.15845908888,1.1862957922954445
2021-10-24,0,0.7343554822273014,0.0,202.7,0.0,6.443,200000,237259.15845908888,37259.15845908888,1.1862957922954445
2021-10-25,0,0.12184203149214935,0.0,208.5,0.0,6.802,200000,237259.15845908888,37259.15845908888,1.1862957922954445
2021-10-26,-2,-1.5308132560629886,0.0,198.5,0.0,7.018,200000,237259.15845908888,37259.15845908888,1.1862957922954445
2021-10-27,-2,-1.329392060520021,0.0,175.4,0.0,6.155,200000,237259.15845908888,37259.15845908888,1.1862957922954445
2021-10-28,-2,-1.3028285498374534,0.0,183.5,0.0,6.455,200000,237259.15845908888,37259.15845908888,1.1862957922954445
2021-10-29,-2,-2.1778621135847245,0.0,187.7,0.0,6.999,200000,237259.15845908888,37259.15845908888,1.1862957922954445
2021-10-30,-2,-3.1960631839051183,0.0,183.7,0.0,8.208,200000,237259.15845908888,37259.15845908888,1.1862957922954445
2021-10-31,-2,-1.2680524235436534,0.0,192.7,0.0,7.22,200000,237259.15845908888,37259.15845908888,1.1862957922954445
2021-11-01,-2,-1.4207066739367544,0.0,189.1,0.0,7.311,200000,237259.15845908888,37259.15845908888,1.1862957922954445
2021-11-02,-1,-1.1548873395468737,592.8514704125159,200.1,-15568.186250596384,7.62,200000,237259.15845908888,37259.15845908888,1.1862957922954445
2021-11-03,-1,-0.7232212143823206,592.8514704125159,201.9,-15568.186250596384,7.408,200000,235025.83562070498,35025.83562070498,1.175129178103525
2021-11-04,-1,-1.1396893382438462,592.8514704125159,198.7,-15568.186250596384,7.715,200000,237908.144094318,37908.144094318006,1.18954072047159
2021-11-05,-1,-1.045174292028066,592.8514704125159,194.4,-15568.186250596384,7.562,200000,232976.95027520295,32976.95027520295,1.1648847513760148
2021-11-06,-1,-0.9865015650341771,592.8514704125159,191.1,-15568.186250596384,7.472,200000,229619.40366028796,29619.403660287964,1.1480970183014398
2021-11-07,-1,-0.75264585509453,592.8514704125159,193.9,-15568.186250596384,7.453,200000,230983.59223868168,30983.592238681682,1.1549179611934084
2021-11-08,-1,-0.35537127888174563,592.8514704125159,211.9,-15568.186250596384,7.869,200000,248131.28418635507,48131.28418635507,1.2406564209317754
2021-11-09,0,0.7758986651154048,0.0,234.5,0.0,7.911,200000,221395.41007582188,21395.410075821885,1.1069770503791094
2021-11-10,0,0.9355172853710205,0.0,217.0,0.0,7.324,200000,221395.41007582188,21395.410075821885,1.1069770503791094
2021-11-11,2,1.6241251793291482,0.0,231.7,0.0,7.36,200000,221395.41007582188,21395.410075821885,1.1069770503791094
2021-11-12,2,1.3165774261752503,0.0,221.3,0.0,7.176,200000,221395.41007582188,21395.410075821885,1.1069770503791094
2021-11-13,2,1.7105485696555331,0.0,228.9,0.0,7.186,200000,221395.41007582188,21395.410075821885,1.1069770503791094
2021-11-14,2,1.8264086265185993,0.0,229.0,0.0,7.047,200000,221395.41007582188,21395.410075821885,1.1069770503791094
2021-11-15,2,1.7662020473079232,0.0,224.5,0.0,6.798,200000,221395.41007582188,21395.410075821885,1.1069770503791094
2021-11-16,2,1.2045051165884642,0.0,198.5,0.0,6.252,200000,221395.41007582188,21395.410075821885,1.1069770503791094
2021-11-17,0,0.16876757676311302,0.0,189.3,0.0,6.589,200000,221395.41007582188,21395.410075821885,1.1069770503791094
2021-11-18,0,0.3546760882823638,0.0,175.7,0.0,5.976,200000,221395.41007582188,21395.410075821885,1.1069770503791094
2021-11-19,0,0.43146430280787684,0.0,189.3,0.0,6.342,200000,221395.41007582188,21395.410075821885,1.1069770503791094
2021-11-20,0,0.006759075722650018,0.0,193.7,0.0,6.711,200000,221395.41007582188,21395.410075821885,1.1069770503791094
2021-11-21,0,0.06080480214806894,0.0,207.2,0.0,7.106,200000,221395.41007582188,21395.410075821885,1.1069770503791094
2021-11-22,0,0.5087219511589544,0.0,198.0,0.0,6.509,200000,221395.41007582188,21395.410075821885,1.1069770503791094
2021-11-23,0,-0.8142578038209836,0.0,187.5,0.0,6.868,200000,221395.41007582188,21395.410075821885,1.1069770503791094
2021-11-24,0,0.6225310226104654,0.0,204.2,0.0,6.615,200000,221395.41007582188,21395.410075821885,1.1069770503791094
2021-11-25,0,-0.29260367526612285,0.0,214.7,0.0,7.393,200000,221395.41007582188,21395.410075821885,1.1069770503791094
2021-11-26,0,-0.9064639412090096,0.0,183.6,0.0,6.539,200000,221395.41007582188,21395.410075821885,1.1069770503791094
2021-11-27,-1,-1.1596181704300272,606.895312707845,182.4,-16921.079950765965,6.542,200000,221395.41007582188,21395.410075821885,1.1069770503791094
2021-11-28,-2,-1.671018425130708,0.0,178.6,0.0,6.608,200000,224818.40354086223,24818.40354086223,1.1240920177043112
2021-11-29,-2,-1.3542687234870638,0.0,181.9,0.0,6.657,200000,224818.40354086223,24818.40354086223,1.1240920177043112
2021-11-30,-2,-1.2851091759808322,0.0,180.0,0.0,6.614,200000,224818.40354086223,24818.40354086223,1.1240920177043112
2021-12-01,-1,-1.114431097158677,630.8036014053374,178.2,-17227.463872863005,6.525,200000,224818.40354086223,24818.40354086223,1.1240920177043112
2021-12-02,-1,-0.8673013839491079,630.8036014053374,176.0,-17227.463872863005,6.375,200000,220846.51603684103,20846.51603684103,1.1042325801842052
2021-12-03,-1,-0.993507959247093,630.8036014053374,167.2,-17227.463872863005,6.151,200000,211436.49243695274,11436.492436952743,1.0571824621847636
2021-12-04,-1,-0.5937706784271858,630.8036014053374,142.6,-17227.463872863005,5.131,200000,178346.7106920612,-21653.2893079388,0.891733553460306
2021-12-05,0,-0.13083626696545783,0.0,134.5,0.0,4.739,200000,221616.27044534218,21616.270445342176,1.1080813522267108
2021-12-06,0,0.30652380996070727,0.0,137.4,0.0,4.778,200000,221616.27044534218,21616.270445342176,1.1080813522267108
2021-12-07,0,0.9273074697370559,0.0,138.2,0.0,4.681,200000,221616.27044534218,21616.270445342176,1.1080813522267108
2021-12-08,2,1.2849059375298295,0.0,147.6,0.0,4.918,200000,221616.27044534218,21616.270445342176,1.1080813522267108
2021-12-09,2,1.839243442115247,0.0,136.0,0.0,4.405,200000,221616.27044534218,21616.270445342176,1.1080813522267108
2021-12-10,2,1.8060320352026171,0.0,133.0,0.0,4.265,200000,221616.27044534218,21616.270445342176,1.1080813522267108
2021-12-11,2,1.9048394295284277,0.0,140.6,0.0,4.427,200000,221616.27044534218,21616.270445342176,1.1080813522267108
2021-12-12,2,1.500775508141219,0.0,138.2,0.0,4.422,200000,221616.27044534218,21616.270445342176,1.1080813522267108
2021-12-13,2,1.8816589189302402,0.0,126.4,0.0,3.902,200000,221616.27044534218,21616.270445342176,1.1080813522267108
2021-12-14,2,1.8181430791949966,0.0,131.6,0.0,4.036,200000,221616.27044534218,21616.270445342176,1.1080813522267108
2021-12-15,0,0.6870745237970504,0.0,134.2,0.0,4.392,200000,221616.27044534218,21616.270445342176,1.1080813522267108
2021-12-16,0,0.6719722665668446,0.0,130.3,0.0,4.25,200000,221616.27044534218,21616.270445342176,1.1080813522267108
2021-12-17,1,1.1271670279644233,-863.6643431229235,128.3,27441.341065545093,4.038,200000,221616.27044534218,21616.270445342176,1.1080813522267108
2021-12-18,1,0.995710918357365,-863.6643431229235,129.6,27441.341065545093,4.087,200000,224083.65980361367,24083.65980361367,1.1204182990180684
2021-12-19,1,0.6597709931154715,-863.6643431229235,129.1,27441.341065545093,4.136,200000,224996.45334426392,24996.453344263922,1.1249822667213196
2021-12-20,1,0.8979473434889387,-863.6643431229235,127.2,27441.341065545093,3.998,200000,219568.58602528516,19568.586025285156,1.0978429301264259
2021-12-21,1,1.0312873697404459,-863.6643431229235,133.7,27441.341065545093,4.151,200000,229380.92943861254,29380.92943861254,1.1469046471930626
2021-12-22,0,-0.10082981725679484,0.0,135.1,0.0,4.437,200000,216540.09289342555,16540.09289342555,1.0827004644671279
2021-12-23,0,0.0011656873054143124,0.0,146.7,0.0,4.765,200000,216540.09289342555,16540.09289342555,1.0827004644671279
2021-12-24,0,0.619669169018222,0.0,149.4,0.0,4.715,200000,216540.09289342555,16540.09289342555,1.0827004644671279
2021-12-25,-1,-1.1535529362310817,721.8003096447518,150.0,-21584.93748937655,5.016,200000,216540.09289342555,16540.09289342555,1.0827004644671279
2021-12-26,-2,-3.0924520732765663,0.0,149.1,0.0,5.483,200000,227269.87897964468,27269.87897964468,1.1363493948982235
2021-12-27,-2,-2.3658450596834633,0.0,150.9,0.0,5.481,200000,227269.87897964468,27269.87897964468,1.1363493948982235
2021-12-28,-2,-2.4444724426958087,0.0,134.8,0.0,5.083,200000,227269.87897964468,27269.87897964468,1.1363493948982235
2021-12-29,-2,-1.7931581604342395,0.0,133.3,0.0,4.913,200000,227269.87897964468,27269.87897964468,1.1363493948982235
2021-12-30,-2,-1.351086906361375,0.0,133.1,0.0,4.812,200000,227269.87897964468,27269.87897964468,1.1363493948982235
2021-12-31,0,-0.9022356337132076,0.0,133.6,0.0,4.71,200000,227269.87897964468,27269.87897964468,1.1363493948982235
2022-01-01,-1,-1.0086975191268783,822.845325777135,138.1,-22993.71499187016,4.942,200000,227269.87897964468,27269.87897964468,1.1363493948982235
2022-01-02,-1,-0.3848810982012529,822.845325777135,142.0,-22993.71499187016,4.883,200000,229122.34656565517,29122.34656565517,1.1456117328282758
2022-01-03,0,-0.059825684297831756,0.0,139.1,0.0,4.703,200000,220951.53577081056,20951.53577081056,1.1047576788540527
2022-01-04,0,-0.5739160355802994,0.0,134.7,0.0,4.724,200000,220951.53577081056,20951.53577081056,1.1047576788540527
2022-01-05,0,-0.8717537704791304,0.0,122.6,0.0,4.411,200000,220951.53577081056,20951.53577081056,1.1047576788540527
2022-01-06,0,-0.5040437696284733,0.0,124.3,0.0,4.384,200000,220951.53577081056,20951.53577081056,1.1047576788540527
2022-01-07,2,1.5198081730471849,0.0,134.5,0.0,4.189,200000,220951.53577081056,20951.53577081056,1.1047576788540527
2022-01-08,2,2.6804227234672875,0.0,141.9,0.0,3.972,200000,220951.53577081056,20951.53577081056,1.1047576788540527
2022-01-09,2,2.7472854100414326,0.0,153.1,0.0,4.036,200000,220951.53577081056,20951.53577081056,1.1047576788540527
2022-01-10,2,2.3946023436989816,0.0,148.0,0.0,3.84,200000,220951.53577081056,20951.53577081056,1.1047576788540527
2022-01-11,1,1.1644770259674246,-779.6455037784424,141.7,26971.62301889777,4.096,200000,220951.53577081056,20951.53577081056,1.1047576788540527
2022-01-12,1,0.840321958562257,-779.6455037784424,143.6,26971.62301889777,4.272,200000,227179.86787931563,27179.86787931563,1.1358993393965782
2022-01-13,2,1.2510945571856067,0.0,141.4,0.0,3.979,200000,223873.3220128881,23873.322012888093,1.1193666100644404
2022-01-14,0,0.8160165182203212,0.0,141.1,0.0,4.136,200000,223873.3220128881,23873.322012888093,1.1193666100644404
2022-01-15,0,0.8441340927920303,0.0,141.5,0.0,4.092,200000,223873.3220128881,23873.322012888093,1.1193666100644404
2022-01-16,0,0.30120791373368877,0.0,137.4,0.0,4.205,200000,223873.3220128881,23873.322012888093,1.1193666100644404
2022-01-17,0,0.6513785191044593,0.0,135.8,0.0,3.957,200000,223873.3220128881,23873.322012888093,1.1193666100644404
2022-01-18,0,-0.3137023427762931,0.0,130.6,0.0,4.214,200000,223873.3220128881,23873.322012888093,1.1193666100644404
2022-01-19,0,-0.8543138593797671,0.0,126.7,0.0,4.334,200000,223873.3220128881,23873.322012888093,1.1193666100644404
2022-01-20,0,-0.7768261354639329,0.0,121.2,0.0,4.093,200000,223873.3220128881,23873.322012888093,1.1193666100644404
2022-01-21,0,-0.4329082559233704,0.0,105.7,0.0,3.411,200000,223873.3220128881,23873.322012888093,1.1193666100644404
2022-01-22,0,0.7707262485851735,0.0,97.0,0.0,2.758,200000,223873.3220128881,23873.322012888093,1.1193666100644404
2022-01-23,0,0.8677726419484347,0.0,99.6,0.0,2.784,200000,223873.3220128881,23873.322012888093,1.1193666100644404
2022-01-24,0,0.50255551309706,0.0,90.5,0.0,2.597,200000,223873.3220128881,23873.322012888093,1.1193666100644404
2022-01-25,0,0.24341491005727484,0.0,89.4,0.0,2.605,200000,223873.3220128881,23873.322012888093,1.1193666100644404
2022-01-26,0,-0.3331109320367099,0.0,93.0,0.0,2.812,200000,223873.3220128881,23873.322012888093,1.1193666100644404
2022-01-27,0,-0.8885845833564958,0.0,91.7,0.0,2.895,200000,223873.3220128881,23873.322012888093,1.1193666100644404
2022-01-28,0,-0.5124136621882868,0.0,95.5,0.0,2.943,200000,223873.3220128881,23873.322012888093,1.1193666100644404
2022-01-29,0,-0.49581510606072077,0.0,96.5,0.0,2.987,200000,223873.3220128881,23873.322012888093,1.1193666100644404
2022-01-30,0,-0.46261489339907425,0.0,92.8,0.0,2.88,200000,223873.3220128881,23873.322012888093,1.1193666100644404
2022-01-31,0,-0.5019170153280874,0.0,94.1,0.0,2.938,200000,223873.3220128881,23873.322012888093,1.1193666100644404
