date,statusList,zscore,ETHUSDT_position,ETHUSDT_price,ATOMUSDT_position,ATOMUSDT_price,init,total_asset,pnl,return
2020-01-01,0,,0.0,130.77,0.0,4.38,200000,200000.0,0.0,1.0
2020-01-02,0,,0.0,127.19,0.0,4.096,200000,200000.0,0.0,1.0
2020-01-03,0,,0.0,134.35,0.0,4.237,200000,200000.0,0.0,1.0
2020-01-04,0,,0.0,134.2,0.0,4.25,200000,200000.0,0.0,1.0
2020-01-05,0,,0.0,135.37,0.0,4.2,200000,200000.0,0.0,1.0
2020-01-06,0,,0.0,144.15,0.0,4.111,200000,200000.0,0.0,1.0
2020-01-07,0,,0.0,142.8,0.0,4.075,200000,200000.0,0.0,1.0
2020-01-08,0,,0.0,140.72,0.0,3.995,200000,200000.0,0.0,1.0
2020-01-09,0,,0.0,137.74,0.0,4.245,200000,200000.0,0.0,1.0
2020-01-10,0,,0.0,144.84,0.0,4.27,200000,200000.0,0.0,1.0
2020-01-11,0,,0.0,142.38,0.0,4.264,200000,200000.0,0.0,1.0
2020-01-12,0,,0.0,146.54,0.0,4.253,200000,200000.0,0.0,1.0
2020-01-13,0,,0.0,143.58,0.0,4.245,200000,200000.0,0.0,1.0
2020-01-14,0,,0.0,165.64,0.0,4.53,200000,200000.0,0.0,1.0
2020-01-15,0,,0.0,166.4,0.0,4.573,200000,200000.0,0.0,1.0
2020-01-16,0,,0.0,164.21,0.0,5.097,200000,200000.0,0.0,1.0
2020-01-17,0,,0.0,169.85,0.0,5.015,200000,200000.0,0.0,1.0
2020-01-18,0,,0.0,174.14,0.0,4.625,200000,200000.0,0.0,1.0
2020-01-19,0,,0.0,166.79,0.0,4.516,200000,200000.0,0.0,1.0
2020-01-20,2,1.3604563892067891,0.0,166.87,0.0,4.505,200000,200000.0,0.0,1.0
2020-01-21,1,1.0569439200534967,-590.0053100477904,169.49,21551.724137931036,4.64,200000,200000.0,0.0,1.0
2020-01-22,1,0.7662325167503613,-590.0053100477904,168.07,21551.724137931036,4.657,200000,199528.571770077,-471.4282299230108,0.997642858850385
2020-01-23,1,0.8830699455168112,-590.0053100477904,162.81,21551.724137931036,4.463,200000,192244.10935646697,-7755.890643533028,0.9612205467823348
2020-01-24,1,0.6681780990779846,-590.0053100477904,162.54,21551.724137931036,4.488,200000,192623.60102620235,-7376.398973797652,0.9631180051310118
2020-01-25,1,0.7743086068119971,-590.0053100477904,160.35,21551.724137931036,4.39,200000,189219.42043168045,-10780.579568319547,0.9460971021584023
2020-01-26,2,1.2445736319979737,0.0,167.86,0.0,4.478,200000,202529.67065496693,2529.6706549669325,1.0126483532748347
2020-01-27,2,1.224082931172097,0.0,170.08,0.0,4.515,200000,202529.67065496693,2529.6706549669325,1.0126483532748347
2020-01-28,2,1.4484815183151742,0.0,175.64,0.0,4.577,200000,202529.67065496693,2529.6706549669325,1.0126483532748347
2020-01-29,2,1.8375516284647129,0.0,173.72,0.0,4.401,200000,202529.67065496693,2529.6706549669325,1.0126483532748347
2020-01-30,2,2.467032664579637,0.0,184.69,0.0,4.41,200000,202529.67065496693,2529.6706549669325,1.0126483532748347
2020-01-31,2,1.7908898781356362,0.0,179.99,0.0,4.397,200000,202529.67065496693,2529.6706549669325,1.0126483532748347
2020-02-01,2,1.8741948060431337,0.0,183.6,0.0,4.388,200000,202529.67065496693,2529.6706549669325,1.0126483532748347
2020-02-02,2,1.950341790650057,0.0,188.44,0.0,4.403,200000,202529.67065496693,2529.6706549669325,1.0126483532748347
2020-02-03,2,2.1255960816434296,0.0,189.69,0.0,4.263,200000,202529.67065496693,2529.6706549669325,1.0126483532748347
2020-02-04,2,1.877839289413033,0.0,188.91,0.0,4.22,200000,202529.67065496693,2529.6706549669325,1.0126483532748347
2020-02-05,2,2.2203854573159707,0.0,203.78,0.0,4.33,200000,202529.67065496693,2529.6706549669325,1.0126483532748347
2020-02-06,2,1.8108323675337719,0.0,213.19,0.0,4.589,200000,202529.67065496693,2529.6706549669325,1.0126483532748347
2020-02-07,2,1.5482519099974925,0.0,223.33,0.0,4.825,200000,202529.67065496693,2529.6706549669325,1.0126483532748347
2020-02-08,2,1.758585296906916,0.0,223.05,0.0,4.629,200000,202529.67065496693,2529.6706549669325,1.0126483532748347
2020-02-09,2,1.520252413429709,0.0,228.49,0.0,4.757,200000,202529.67065496693,2529.6706549669325,1.0126483532748347
2020-02-10,1,1.099805401100987,-454.3265078176835,222.89,21216.181715374707,4.773,200000,202529.67065496693,2529.6706549669325,1.0126483532748347
2020-02-11,1,0.9305009244823839,-454.3265078176835,236.69,21216.181715374707,5.105,200000,215843.14879235538,15843.14879235538,1.0792157439617769
2020-02-12,2,1.950508250842666,0.0,265.74,0.0,5.109,200000,214868.92445858876,14868.924458588765,1.0743446222929438
2020-02-13,2,2.1594704824147533,0.0,268.32,0.0,4.906,200000,214868.92445858876,14868.924458588765,1.0743446222929438
2020-02-14,2,2.054966078849763,0.0,285.15,0.0,5.111,200000,214868.92445858876,14868.924458588765,1.0743446222929438
2020-02-15,2,2.041318104817336,0.0,264.88,0.0,4.608,200000,214868.92445858876,14868.924458588765,1.0743446222929438
2020-02-16,2,2.0097425149844583,0.0,258.85,0.0,4.382,200000,214868.92445858876,14868.924458588765,1.0743446222929438
2020-02-17,2,2.2058749465452263,0.0,267.85,0.0,4.27,200000,214868.92445858876,14868.924458588765,1.0743446222929438
2020-02-18,2,2.009194849281322,0.0,282.61,0.0,4.441,200000,214868.92445858876,14868.924458588765,1.0743446222929438
2020-02-19,2,1.6074433380444075,0.0,258.45,0.0,4.146,200000,214868.92445858876,14868.924458588765,1.0743446222929438
2020-02-20,0,0.8709090826306959,0.0,256.96,0.0,4.461,200000,214868.92445858876,14868.924458588765,1.0743446222929438
2020-02-21,0,0.23051458649300094,0.0,265.27,0.0,4.953,200000,214868.92445858876,14868.924458588765,1.0743446222929438
2020-02-22,0,-0.04287117684757441,0.0,261.57,0.0,5.011,200000,214868.92445858876,14868.924458588765,1.0743446222929438
2020-02-23,0,0.6703577636178962,0.0,274.48,0.0,4.794,200000,214868.92445858876,14868.924458588765,1.0743446222929438
2020-02-24,1,1.0802420302018791,-404.6190954703766,265.52,24455.830236579648,4.393,200000,214868.92445858876,14868.924458588765,1.0743446222929438
2020-02-25,1,1.0458043599983826,-404.6190954703766,246.67,24455.830236579648,4.051,200000,198877.96056806194,-1122.0394319380575,0.9943898028403098
2020-02-26,1,1.0450215154997666,-404.6190954703766,223.93,24455.830236579648,3.641,200000,179650.03194006794,-20349.968059932056,0.8982501597003397
2020-02-27,1,0.9883323675239096,-404.6190954703766,227.79,24455.830236579648,3.692,200000,182459.10899064917,-17540.89100935083,0.9122955449532458
2020-02-28,2,1.2555691906052813,0.0,226.76,0.0,3.548,200000,219851.06486806678,19851.06486806678,1.099255324340334
2020-02-29,1,1.0185528237349217,-506.07951951582976,217.21,31927.25310311745,3.443,200000,219851.06486806678,19851.06486806678,1.099255324340334
2020-03-01,2,1.322556746888565,0.0,217.81,0.0,3.347,200000,223219.72887767554,23219.728877675545,1.1160986443883778
2020-03-02,0,0.7788737723033868,0.0,231.97,0.0,3.709,200000,223219.72887767554,23219.728877675545,1.1160986443883778
2020-03-03,0,0.5226870135513726,0.0,223.91,0.0,3.623,200000,223219.72887767554,23219.728877675545,1.1160986443883778
2020-03-04,0,-0.060540645773344004,0.0,224.26,0.0,3.743,200000,223219.72887767554,23219.728877675545,1.1160986443883778
2020-03-05,0,0.12745474053666137,0.0,228.38,0.0,3.756,200000,223219.72887767554,23219.728877675545,1.1160986443883778
2020-03-06,0,0.8539274746261786,0.0,244.88,0.0,3.854,200000,223219.72887767554,23219.728877675545,1.1160986443883778
2020-03-07,2,1.3056197269228103,0.0,237.23,0.0,3.618,200000,223219.72887767554,23219.728877675545,1.1160986443883778
2020-03-08,1,1.0135434458191348,-559.6443084733379,199.43,36225.2075426283,3.081,200000,223219.72887767557,23219.728877675574,1.1160986443883778
2020-03-09,2,1.5221671582897796,0.0,202.81,0.0,3.026,200000,227103.71305516,27103.713055160013,1.1355185652758
2020-03-10,1,1.0566748283975016,-565.7790559421027,200.7,37084.21179868714,3.062,200000,227103.71305516,27103.713055160013,1.1355185652758
2020-03-11,1,0.828216572678234,-565.7790559421027,194.61,37084.21179868714,2.994,200000,221136.3922021619,21136.392202161893,1.1056819610108095
2020-03-12,2,1.2331651545187998,0.0,107.82,0.0,1.615,200000,228215.00881195778,28215.008811957785,1.141075044059789
2020-03-13,2,3.01477686287758,0.0,134.06,0.0,1.804,200000,228215.00881195778,28215.008811957785,1.141075044059789
2020-03-14,0,0.8075434724229216,0.0,122.54,0.0,1.837,200000,228215.00881195778,28215.008811957785,1.141075044059789
2020-03-15,0,0.060407047724020495,0.0,123.78,0.0,1.921,200000,228215.00881195778,28215.008811957785,1.141075044059789
2020-03-16,0,0.614800974794101,0.0,111.02,0.0,1.671,200000,228215.00881195778,28215.008811957785,1.141075044059789
2020-03-17,0,0.29024532723820806,0.0,115.67,0.0,1.763,200000,228215.00881195778,28215.008811957785,1.141075044059789
2020-03-18,0,0.10687988493741661,0.0,118.11,0.0,1.811,200000,228215.00881195778,28215.008811957785,1.141075044059789
2020-03-19,0,0.3166750894937337,0.0,136.3,0.0,2.067,200000,228215.00881195778,28215.008811957785,1.141075044059789
2020-03-20,-1,-1.0824441918376255,854.8659305212684,133.48,-52705.54476026739,2.165,200000,228215.00881195778,28215.008811957785,1.141075044059789
2020-03-21,-1,-1.1292948072185727,854.8659305212684,132.66,-52705.54476026739,2.168,200000,227672.13538321116,27672.135383211164,1.138360676916056
2020-03-22,-1,-0.31932907840669933,854.8659305212684,122.32,-52705.54476026739,1.917,200000,205603.72992679413,5603.729926794127,1.0280186496339707
2020-03-23,0,-0.1792348237340085,0.0,135.92,0.0,2.111,200000,223283.03652443143,23283.03652443143,1.116415182622157
2020-03-24,0,-0.2046865239081866,0.0,138.42,0.0,2.143,200000,223283.03652443143,23283.03652443143,1.116415182622157
2020-03-25,0,0.026182073026850144,0.0,136.1,0.0,2.079,200000,223283.03652443143,23283.03652443143,1.116415182622157
2020-03-26,0,-0.6610944146586788,0.0,138.4,0.0,2.173,200000,223283.03652443143,23283.03652443143,1.116415182622157
2020-03-27,0,0.19547551067400332,0.0,131.33,0.0,1.992,200000,223283.03652443143,23283.03652443143,1.116415182622157
2020-03-28,0,0.36397459326860104,0.0,130.98,0.0,1.971,200000,223283.03652443143,23283.03652443143,1.116415182622157
2020-03-29,0,0.6810409817660912,0.0,124.5,0.0,1.85,200000,223283.03652443143,23283.03652443143,1.116415182622157
2020-03-30,0,0.704435651898501,0.0,132.06,0.0,1.957,200000,223283.03652443143,23283.03652443143,1.116415182622157
2020-03-31,0,0.8499612956702378,0.0,132.72,0.0,1.95,200000,223283.03652443143,23283.03652443143,1.116415182622157
2020-04-01,1,1.0923557886583666,-822.7689458487414,135.69,56699.602977255316,1.969,200000,223283.03652443143,23283.03652443143,1.116415182622157
2020-04-02,2,2.371860637358109,0.0,141.28,0.0,1.982,200000,227145.2200930216,27145.220093021606,1.135726100465108
2020-04-03,2,2.056525665812986,0.0,141.31,0.0,1.978,200000,227145.2200930216,27145.220093021606,1.135726100465108
2020-04-04,2,1.7191149168766924,0.0,144.1,0.0,2.022,200000,227145.2200930216,27145.220093021606,1.135726100465108
2020-04-05,0,0.9099209516378132,0.0,142.68,0.0,2.064,200000,227145.2200930216,27145.220093021606,1.135726100465108
2020-04-06,2,1.4247488002984525,0.0,171.32,0.0,2.407,200000,227145.2200930216,27145.220093021606,1.135726100465108
2020-04-07,1,1.0029883863730855,-689.8658206068809,164.63,48411.17222783921,2.346,200000,227145.22009302158,27145.220093021577,1.1357261004651078
2020-04-08,1,0.7100534222163446,-689.8658206068809,173.11,48411.17222783921,2.493,200000,240111.72456926032,40111.72456926032,1.2005586228463017
2020-04-09,0,-0.4917922030167324,0.0,169.52,0.0,2.573,200000,219529.32786006975,19529.327860069752,1.0976466393003488
2020-04-10,0,0.26433439970064687,0.0,157.81,0.0,2.307,200000,219529.32786006975,19529.327860069752,1.0976466393003488
2020-04-11,0,0.28682576698468587,0.0,158.33,0.0,2.306,200000,219529.32786006975,19529.327860069752,1.0976466393003488
2020-04-12,0,0.34419958668674605,0.0,158.59,0.0,2.299,200000,219529.32786006975,19529.327860069752,1.0976466393003488
2020-04-13,0,0.35630615354764433,0.0,156.29,0.0,2.259,200000,219529.32786006975,19529.327860069752,1.0976466393003488
2020-04-14,0,-0.6692365575364747,0.0,158.45,0.0,2.361,200000,219529.32786006975,19529.327860069752,1.0976466393003488
2020-04-15,0,-0.7900628852167919,0.0,152.73,0.0,2.27,200000,219529.32786006975,19529.327860069752,1.0976466393003488
2020-04-16,2,1.2753331779736787,0.0,172.29,0.0,2.422,200000,219529.32786006975,19529.327860069752,1.0976466393003488
2020-04-17,2,1.6448321372267052,0.0,170.69,0.0,2.367,200000,219529.32786006975,19529.327860069752,1.0976466393003488
2020-04-18,2,2.4520917899318584,0.0,187.4,0.0,2.509,200000,219529.32786006975,19529.327860069752,1.0976466393003488
2020-04-19,2,2.317057693002048,0.0,180.03,0.0,2.382,200000,219529.32786006975,19529.327860069752,1.0976466393003488
2020-04-20,2,1.7692604974967194,0.0,170.2,0.0,2.271,200000,219529.32786006975,19529.327860069752,1.0976466393003488
2020-04-21,2,1.6219277157357264,0.0,170.74,0.0,2.271,200000,219529.32786006975,19529.327860069752,1.0976466393003488
2020-04-22,2,1.813628967953122,0.0,182.7,0.0,2.388,200000,219529.32786006975,19529.327860069752,1.0976466393003488
2020-04-23,2,1.58697196220598,0.0,185.51,0.0,2.427,200000,219529.32786006975,19529.327860069752,1.0976466393003488
2020-04-24,0,-0.8125231358641315,0.0,187.59,0.0,2.748,200000,219529.32786006975,19529.327860069752,1.0976466393003488
2020-04-25,0,-0.956720374699858,0.0,194.21,0.0,2.871,200000,219529.32786006975,19529.327860069752,1.0976466393003488
2020-04-26,0,-0.17518626243647506,0.0,197.38,0.0,2.808,200000,219529.32786006975,19529.327860069752,1.0976466393003488
2020-04-27,0,0.006640140588948804,0.0,196.34,0.0,2.767,200000,219529.32786006975,19529.327860069752,1.0976466393003488
2020-04-28,0,-0.20847898361099396,0.0,196.24,0.0,2.793,200000,219529.32786006975,19529.327860069752,1.0976466393003488
2020-04-29,0,0.6669003277931804,0.0,215.36,0.0,2.929,200000,219529.32786006975,19529.327860069752,1.0976466393003488
2020-04-30,1,1.1148109135517472,-532.6313273002469,206.08,40148.011678871575,2.734,200000,219529.32786006978,19529.32786006978,1.097646639300349
2020-05-01,1,0.8972554778017426,-532.6313273002469,212.02,40148.011678871575,2.828,200000,226467.07104204717,26467.071042047173,1.1323353552102358
2020-05-02,1,0.663753923226817,-532.6313273002469,213.9,40148.011678871575,2.873,200000,229275.07846292085,29275.07846292085,1.1463753923146043
2020-05-03,1,0.9350190436684535,-532.6313273002469,209.86,40148.011678871575,2.774,200000,223148.59474441956,23148.594744419563,1.1157429737220979
2020-05-04,1,0.5932482706155936,-532.6313273002469,206.48,40148.011678871575,2.761,200000,220826.3767063194,20826.376706319395,1.104131883531597
2020-05-05,1,0.8770180691615335,-532.6313273002469,205.29,40148.011678871575,2.707,200000,218024.55279617303,18024.552796173026,1.090122763980865
2020-05-06,1,0.8380338944491912,-532.6313273002469,198.97,40148.011678871575,2.619,200000,211125.29777989478,11125.297779894783,1.055626488899474
2020-05-07,2,1.3406077275472899,0.0,212.0,0.0,2.725,200000,223043.83742279705,23043.83742279705,1.1152191871139852
2020-05-08,0,0.45847365011216645,0.0,211.31,0.0,2.806,200000,223043.83742279705,23043.83742279705,1.1152191871139852
2020-05-09,0,0.8124602935262787,0.0,210.07,0.0,2.75,200000,223043.83742279705,23043.83742279705,1.1152191871139852
2020-05-10,0,0.20254412751184994,0.0,187.54,0.0,2.514,200000,223043.83742279705,23043.83742279705,1.1152191871139852
2020-05-11,1,1.150169320430212,-600.4518317525361,185.73,46583.92594461091,2.394,200000,223043.83742279705,23043.83742279705,1.1152191871139852
2020-05-12,1,0.7382358732926847,-600.4518317525361,189.76,46583.92594461091,2.486,200000,229749.379491664,29749.379491664004,1.14874689745832
2020-05-13,2,1.394779873634768,0.0,199.58,0.0,2.54,200000,224558.8421046565,24558.842104656505,1.1227942105232824
2020-05-14,2,1.8136352327860807,0.0,203.29,0.0,2.528,200000,224558.8421046565,24558.842104656505,1.1227942105232824
2020-05-15,2,1.2641368974452751,0.0,194.86,0.0,2.473,200000,224558.8421046565,24558.842104656505,1.1227942105232824
2020-05-16,1,1.0662643052467828,-560.1367974673398,200.45,43944.97888545137,2.555,200000,224558.8421046565,24558.842104656505,1.1227942105232824
2020-05-17,2,2.010608030533985,0.0,207.0,0.0,2.544,200000,228711.13289580756,28711.13289580756,1.143555664479038
2020-05-18,2,2.319443352135285,0.0,214.91,0.0,2.6,200000,228711.13289580756,28711.13289580756,1.143555664479038
2020-05-19,2,1.8000829649965295,0.0,214.58,0.0,2.617,200000,228711.13289580756,28711.13289580756,1.143555664479038
2020-05-20,0,0.05876953771915582,0.0,209.98,0.0,2.705,200000,228711.13289580756,28711.13289580756,1.143555664479038
2020-05-21,0,0.5647009837091805,0.0,198.74,0.0,2.513,200000,228711.13289580756,28711.13289580756,1.143555664479038
2020-05-22,0,0.15890614974974493,0.0,207.36,0.0,2.65,200000,228711.13289580756,28711.13289580756,1.143555664479038
2020-05-23,0,0.6978620681177794,0.0,206.6,0.0,2.592,200000,228711.13289580756,28711.13289580756,1.143555664479038
2020-05-24,0,0.7921130764491338,0.0,199.9,0.0,2.495,200000,228711.13289580756,28711.13289580756,1.143555664479038
2020-05-25,0,-0.13879053508288272,0.0,204.15,0.0,2.612,200000,228711.13289580756,28711.13289580756,1.143555664479038
2020-05-26,0,-0.3703898042201443,0.0,200.89,0.0,2.583,200000,228711.13289580756,28711.13289580756,1.143555664479038
2020-05-27,0,0.6710400068310002,0.0,208.29,0.0,2.601,200000,228711.13289580756,28711.13289580756,1.143555664479038
2020-05-28,2,1.6166734821900304,0.0,220.21,0.0,2.671,200000,228711.13289580756,28711.13289580756,1.143555664479038
2020-05-29,2,1.4436586298728107,0.0,220.67,0.0,2.677,200000,228711.13289580756,28711.13289580756,1.143555664479038
2020-05-30,2,2.731624508625773,0.0,243.66,0.0,2.817,200000,228711.13289580756,28711.13289580756,1.143555664479038
2020-05-31,2,1.7822611338224412,0.0,231.57,0.0,2.728,200000,228711.13289580756,28711.13289580756,1.143555664479038
2020-06-01,2,2.1294232330765515,0.0,248.23,0.0,2.862,200000,228711.13289580756,28711.13289580756,1.143555664479038
2020-06-02,2,1.6555647634171633,0.0,237.71,0.0,2.761,200000,228711.13289580756,28711.13289580756,1.143555664479038
2020-06-03,0,0.9151205090029795,0.0,244.52,0.0,2.906,200000,228711.13289580756,28711.13289580756,1.143555664479038
2020-06-04,-1,-1.0221624621294134,470.19269951031526,243.21,-36770.278600612146,3.11,200000,228711.13289580756,28711.13289580756,1.143555664479038
2020-06-05,-1,-1.185117678413065,470.19269951031526,240.03,-36770.278600612146,3.093,200000,226590.82537515432,26590.825375154323,1.1329541268757717
2020-06-06,-1,-0.6397453363124459,470.19269951031526,241.94,-36770.278600612146,3.056,200000,226128.39312299638,26128.39312299638,1.130641965614982
2020-06-07,0,-0.03801989464561756,0.0,244.56,0.0,3.02,200000,224767.04767741353,24767.04767741353,1.1238352383870676
2020-06-08,0,-0.8792859649473724,0.0,246.4,0.0,3.155,200000,224767.04767741353,24767.04767741353,1.1238352383870676
2020-06-09,0,-0.8594416270678275,0.0,243.8,0.0,3.117,200000,224767.04767741353,24767.04767741353,1.1238352383870676
2020-06-10,0,-0.44089556776356087,0.0,247.78,0.0,3.114,200000,224767.04767741353,24767.04767741353,1.1238352383870676
2020-06-11,0,0.7068538143611995,0.0,230.51,0.0,2.763,200000,224767.04767741353,24767.04767741353,1.1238352383870676
2020-06-12,0,0.5174413141974744,0.0,237.55,0.0,2.862,200000,224767.04767741353,24767.04767741353,1.1238352383870676
2020-06-13,0,0.4338166279259965,0.0,238.11,0.0,2.873,200000,224767.04767741353,24767.04767741353,1.1238352383870676
2020-06-14,0,0.7407200705861405,0.0,231.77,0.0,2.756,200000,224767.04767741353,24767.04767741353,1.1238352383870676
2020-06-15,1,1.043295410377403,-486.80379380883113,230.86,41546.58921948494,2.705,200000,224767.0476774135,24767.047677413502,1.1238352383870676
2020-06-16,1,1.1982051242251395,-486.80379380883113,235.3,41546.58921948494,2.729,200000,227925.57466319235,27925.574663192354,1.1396278733159617
2020-06-17,1,1.1758250733516111,-486.80379380883113,233.82,41546.58921948494,2.703,200000,226124.89372864866,26124.89372864866,1.1306244686432434
2020-06-18,2,1.335510725780929,0.0,231.27,0.0,2.643,200000,227542.5257644832,27542.5257644832,1.137712628822416
2020-06-19,2,1.4617068687887416,0.0,229.0,0.0,2.597,200000,227542.5257644832,27542.5257644832,1.137712628822416
2020-06-20,1,1.1578696308923784,-497.0565026092953,228.89,43424.14613826015,2.62,200000,227542.5257644832,27542.5257644832,1.137712628822416
2020-06-21,2,1.2285724053600815,0.0,228.04,0.0,2.599,200000,228031.93480616878,28031.934806168778,1.140159674030844
2020-06-22,2,1.7632630116510486,0.0,243.13,0.0,2.688,200000,228031.93480616878,28031.934806168778,1.140159674030844
2020-06-23,0,0.988321234567167,0.0,243.14,0.0,2.774,200000,228031.93480616878,28031.934806168778,1.140159674030844
2020-06-24,0,0.8327874740785525,0.0,234.58,0.0,2.685,200000,228031.93480616878,28031.934806168778,1.140159674030844
2020-06-25,1,1.055980415656924,-490.39125764767476,232.5,43451.20708959008,2.624,200000,228031.93480616878,28031.934806168778,1.140159674030844
2020-06-26,1,0.7061918491367087,-490.39125764767476,229.64,43451.20708959008,2.622,200000,226542.51339511725,26542.513395117247,1.1327125669755862
2020-06-27,2,1.4655842603126583,0.0,220.94,0.0,2.429,200000,230835.99725023174,30835.99725023174,1.1541799862511586
2020-06-28,1,1.098101613161527,-513.1285227631524,224.93,46093.449930158095,2.504,200000,230835.99725023174,30835.99725023174,1.1541799862511586
2020-06-29,0,-0.1347852127201501,0.0,227.93,0.0,2.646,200000,225830.11292843876,25830.112928438757,1.1291505646421938
2020-06-30,0,0.02070535674865138,0.0,225.6,0.0,2.595,200000,225830.11292843876,25830.112928438757,1.1291505646421938
2020-07-01,0,-0.08884897069189221,0.0,230.99,0.0,2.659,200000,225830.11292843876,25830.112928438757,1.1291505646421938
2020-07-02,-1,-1.015045067415585,498.6092752107188,226.46,-42465.23372103023,2.659,200000,225830.11292843876,25830.112928438757,1.1291505646421938
2020-07-03,-2,-1.9048371824111991,0.0,224.87,0.0,2.69,200000,227939.3239213757,27939.323921375704,1.1396966196068785
2020-07-04,-2,-2.257271703907466,0.0,229.17,0.0,2.779,200000,227939.3239213757,27939.323921375704,1.1396966196068785
2020-07-05,-2,-3.085960475928934,0.0,227.56,0.0,2.93,200000,227939.3239213757,27939.323921375704,1.1396966196068785
2020-07-06,-2,-1.951294668674654,0.0,241.6,0.0,3.021,200000,227939.3239213757,27939.323921375704,1.1396966196068785
2020-07-07,-2,-2.772937036169369,0.0,239.39,0.0,3.249,200000,227939.3239213757,27939.323921375704,1.1396966196068785
2020-07-08,-2,-2.720992918147022,0.0,246.95,0.0,3.554,200000,227939.3239213757,27939.323921375704,1.1396966196068785
2020-07-09,-2,-2.715019402488302,0.0,241.98,0.0,3.788,200000,227939.3239213757,27939.323921375704,1.1396966196068785
2020-07-10,-2,-2.5271985054189,0.0,241.26,0.0,4.053,200000,227939.3239213757,27939.323921375704,1.1396966196068785
2020-07-11,-2,-1.9798601459734326,0.0,239.19,0.0,3.921,200000,227939.3239213757,27939.323921375704,1.1396966196068785
2020-07-12,-2,-1.767544262837192,0.0,242.79,0.0,4.023,200000,227939.3239213757,27939.323921375704,1.1396966196068785
2020-07-13,-2,-1.442503255622025,0.0,239.5,0.0,3.872,200000,227939.3239213757,27939.323921375704,1.1396966196068785
2020-07-14,-2,-1.3730882339728283,0.0,240.44,0.0,3.959,200000,227939.3239213757,27939.323921375704,1.1396966196068785
2020-07-15,-2,-1.3628240782918413,0.0,238.61,0.0,4.047,200000,227939.3239213757,27939.323921375704,1.1396966196068785
2020-07-16,-2,-1.344355151315687,0.0,233.57,0.0,4.077,200000,227939.3239213757,27939.323921375704,1.1396966196068785
2020-07-17,-2,-1.3063410303518077,0.0,232.67,0.0,4.145,200000,227939.3239213757,27939.323921375704,1.1396966196068785
2020-07-18,-2,-1.343127147051562,0.0,235.67,0.0,4.36,200000,227939.3239213757,27939.323921375704,1.1396966196068785
2020-07-19,-1,-1.0073936948018607,476.6411357144739,239.11,-27122.718220058985,4.202,200000,227939.3239213757,27939.323921375704,1.1396966196068785
2020-07-20,-1,-0.6014903682917426,476.6411357144739,236.01,-27122.718220058985,3.881,200000,217755.3438520219,17755.343852021906,1.0887767192601094
2020-07-21,-1,-0.4873386337721394,476.6411357144739,245.59,-27122.718220058985,4.01,200000,225820.39658255415,25820.396582554153,1.1291019829127706
2020-07-22,0,0.05098623898125076,0.0,263.74,0.0,4.012,200000,211046.33628691698,11046.33628691698,1.0552316814345848
2020-07-23,0,0.5954227624801941,0.0,275.3,0.0,3.963,200000,211046.33628691698,11046.33628691698,1.0552316814345848
2020-07-24,2,1.2043612291247243,0.0,279.15,0.0,3.825,200000,211046.33628691698,11046.33628691698,1.0552316814345848
2020-07-25,2,1.866526780505662,0.0,305.26,0.0,3.917,200000,211046.33628691698,11046.33628691698,1.0552316814345848
2020-07-26,2,2.2942079037690495,0.0,311.0,0.0,3.81,200000,211046.33628691698,11046.33628691698,1.0552316814345848
2020-07-27,2,2.648727067729215,0.0,321.93,0.0,3.593,200000,211046.33628691698,11046.33628691698,1.0552316814345848
2020-07-28,2,1.829786045428086,0.0,316.77,0.0,3.751,200000,211046.33628691698,11046.33628691698,1.0552316814345848
2020-07-29,2,1.8151021040156183,0.0,317.71,0.0,3.634,200000,211046.33628691698,11046.33628691698,1.0552316814345848
2020-07-30,2,1.7853817545110633,0.0,334.87,0.0,3.703,200000,211046.33628691698,11046.33628691698,1.0552316814345848
2020-07-31,2,1.6191061352838259,0.0,346.33,0.0,3.793,200000,211046.33628691698,11046.33628691698,1.0552316814345848
2020-08-01,2,1.6392732073687741,0.0,387.0,0.0,4.084,200000,211046.33628691698,11046.33628691698,1.0552316814345848
2020-08-02,2,1.4755062685152152,0.0,372.42,0.0,3.912,200000,211046.33628691698,11046.33628691698,1.0552316814345848
2020-08-03,2,1.6333051694916574,0.0,385.94,0.0,3.82,200000,211046.33628691698,11046.33628691698,1.0552316814345848
2020-08-04,2,1.2333075043081068,0.0,389.61,0.0,4.021,200000,211046.33628691698,11046.33628691698,1.0552316814345848
2020-08-05,1,1.108708918798751,-263.33391930389917,400.72,25464.084976703303,4.144,200000,211046.33628691698,11046.33628691698,1.0552316814345848
2020-08-06,1,0.8905442916034778,-263.33391930389917,394.77,25464.084976703303,4.172,200000,210192.49384640646,10192.493846406462,1.0509624692320323
2020-08-07,1,0.8092918756880751,-263.33391930389917,379.34,25464.084976703303,4.015,200000,202131.39013020485,2131.390130204847,1.0106569506510243
2020-08-08,1,0.3884700631230279,-263.33391930389917,397.03,25464.084976703303,4.426,200000,217255.50608811592,17255.506088115915,1.0862775304405796
2020-08-09,0,-0.9948300674645967,0.0,390.14,0.0,5.273,200000,179511.3114819837,-20488.688518016308,0.8975565574099185
2020-08-10,-2,-1.3063877022767352,0.0,395.44,0.0,5.474,200000,179511.3114819837,-20488.688518016308,0.8975565574099185
2020-08-11,0,-0.982086008845997,0.0,379.0,0.0,4.916,200000,179511.3114819837,-20488.688518016308,0.8975565574099185
2020-08-12,-2,-2.066573192668482,0.0,387.18,0.0,5.902,200000,179511.3114819837,-20488.688518016308,0.8975565574099185
2020-08-13,-2,-1.5973145983495598,0.0,424.54,0.0,6.085,200000,179511.3114819837,-20488.688518016308,0.8975565574099185
2020-08-14,-2,-1.320677691115604,0.0,438.11,0.0,6.096,200000,179511.3114819837,-20488.688518016308,0.8975565574099185
2020-08-15,-2,-1.2830747010522896,0.0,432.32,0.0,6.077,200000,179511.3114819837,-20488.688518016308,0.8975565574099185
2020-08-16,-2,-1.2858750532472971,0.0,433.62,0.0,6.243,200000,179511.3114819837,-20488.688518016308,0.8975565574099185
2020-08-17,0,-0.9144218946286743,0.0,430.89,0.0,5.907,200000,179511.3114819837,-20488.688518016308,0.8975565574099185
2020-08-18,0,-0.8780191950567736,0.0,421.95,0.0,5.826,200000,179511.3114819837,-20488.688518016308,0.8975565574099185
2020-08-19,0,-0.8207710689483569,0.0,407.46,0.0,5.65,200000,179511.3114819837,-20488.688518016308,0.8975565574099185
2020-08-20,-1,-1.1832200523471976,215.78991138383384,415.94,-14253.716966967104,6.297,200000,179511.3114819837,-20488.688518016308,0.8975565574099185
2020-08-21,-1,-0.8426977110626294,215.78991138383384,387.97,-14253.716966967104,5.606,200000,163626.3492364036,-36373.65076359641,0.8181317461820179
2020-08-22,-2,-1.312579625464722,0.0,395.24,0.0,6.411,200000,185603.08638186334,-14396.913618136663,0.9280154319093167
2020-08-23,-2,-2.2377072742322004,0.0,390.71,0.0,8.532,200000,185603.08638186334,-14396.913618136663,0.9280154319093167
2020-08-24,-2,-1.7458784377813736,0.0,407.68,0.0,8.211,200000,185603.08638186334,-14396.913618136663,0.9280154319093167
2020-08-25,-2,-1.8411839427449737,0.0,382.93,0.0,8.378,200000,185603.08638186334,-14396.913618136663,0.9280154319093167
2020-08-26,-2,-1.4086982444650509,0.0,385.81,0.0,7.708,200000,185603.08638186334,-14396.913618136663,0.9280154319093167
2020-08-27,-1,-1.1545828624151497,242.13098648715442,383.27,-12728.232504585334,7.291,200000,185603.08638186334,-14396.913618136663,0.9280154319093167
2020-08-28,-1,-1.1217038994176327,242.13098648715442,395.11,-12728.232504585334,7.559,200000,191881.08357310013,-8118.916426899872,0.9594054178655006
2020-08-29,-1,-0.7930036857121646,242.13098648715442,398.65,-12728.232504585334,7.27,200000,189059.76807143947,-10940.231928560534,0.9452988403571974
2020-08-30,-1,-0.5849710800821828,242.13098648715442,428.94,-12728.232504585334,7.621,200000,200861.52526124485,861.525261244853,1.0043076263062243
2020-08-31,0,-0.1308847232327003,0.0,433.79,0.0,7.205,200000,172276.00094913796,-27723.99905086204,0.8613800047456898
2020-09-01,0,0.44894653437062515,0.0,475.4,0.0,7.218,200000,172276.00094913796,-27723.99905086204,0.8613800047456898
2020-09-02,0,0.5046488103067283,0.0,439.5,0.0,6.643,200000,172276.00094913796,-27723.99905086204,0.8613800047456898
2020-09-03,2,1.6184450275809672,0.0,381.4,0.0,4.899,200000,172276.00094913796,-27723.99905086204,0.8613800047456898
2020-09-04,0,0.8936469915195963,0.0,385.26,0.0,5.463,200000,172276.00094913796,-27723.99905086204,0.8613800047456898
2020-09-05,0,0.6635820485188948,0.0,335.01,0.0,4.918,200000,172276.00094913796,-27723.99905086204,0.8613800047456898
2020-09-06,0,0.7059844150745901,0.0,352.8,0.0,5.178,200000,172276.00094913796,-27723.99905086204,0.8613800047456898
2020-09-07,0,0.9207483221357132,0.0,353.59,0.0,5.053,200000,172276.00094913796,-27723.99905086204,0.8613800047456898
2020-09-08,0,0.7651436276883818,0.0,337.39,0.0,4.952,200000,172276.00094913796,-27723.99905086204,0.8613800047456898
2020-09-09,0,0.5332617853846893,0.0,350.85,0.0,5.32,200000,172276.00094913796,-27723.99905086204,0.8613800047456898
2020-09-10,0,0.8708975742051809,0.0,367.93,0.0,5.324,200000,172276.00094913796,-27723.99905086204,0.8613800047456898
2020-09-11,0,0.8952271040353702,0.0,373.63,0.0,5.342,200000,172276.00094913796,-27723.99905086204,0.8613800047456898
2020-09-12,0,0.7423218997743963,0.0,387.78,0.0,5.603,200000,172276.00094913796,-27723.99905086204,0.8613800047456898
2020-09-13,0,0.62861144607071,0.0,366.42,0.0,5.32,200000,172276.00094913796,-27723.99905086204,0.8613800047456898
2020-09-14,0,0.708777957655237,0.0,377.12,0.0,5.381,200000,172276.00094913796,-27723.99905086204,0.8613800047456898
2020-09-15,2,1.2546058134379858,0.0,364.06,0.0,4.866,200000,172276.00094913796,-27723.99905086204,0.8613800047456898
2020-09-16,0,0.6860559433100301,0.0,365.11,0.0,5.122,200000,172276.00094913796,-27723.99905086204,0.8613800047456898
2020-09-17,2,1.5182839917090118,0.0,389.36,0.0,5.062,200000,172276.00094913796,-27723.99905086204,0.8613800047456898
2020-09-18,2,1.5550252091965022,0.0,384.39,0.0,4.966,200000,172276.00094913796,-27723.99905086204,0.8613800047456898
2020-09-19,2,1.643513138954708,0.0,385.25,0.0,4.943,200000,172276.00094913796,-27723.99905086204,0.8613800047456898
2020-09-20,2,1.867553850749448,0.0,371.04,0.0,4.664,200000,172276.00094913796,-27723.99905086204,0.8613800047456898
2020-09-21,2,2.2496771026092293,0.0,340.36,0.0,4.081,200000,172276.00094913796,-27723.99905086204,0.8613800047456898
2020-09-22,2,1.6885679279202062,0.0,344.21,0.0,4.21,200000,172276.00094913796,-27723.99905086204,0.8613800047456898
2020-09-23,2,1.8285829704382783,0.0,320.72,0.0,3.839,200000,172276.00094913796,-27723.99905086204,0.8613800047456898
2020-09-24,0,0.7457831282402022,0.0,348.97,0.0,4.483,200000,172276.00094913796,-27723.99905086204,0.8613800047456898
2020-09-25,0,-0.07432404995319392,0.0,351.92,0.0,4.791,200000,172276.00094913796,-27723.99905086204,0.8613800047456898
2020-09-26,0,0.46621165538622455,0.0,353.92,0.0,4.607,200000,172276.00094913796,-27723.99905086204,0.8613800047456898
2020-09-27,0,0.19632645287828415,0.0,357.49,0.0,4.727,200000,172276.00094913796,-27723.99905086204,0.8613800047456898
2020-09-28,0,-0.29354274677813963,0.0,353.96,0.0,4.826,200000,172276.00094913796,-27723.99905086204,0.8613800047456898
2020-09-29,-2,-1.4459154252082191,0.0,359.79,0.0,5.309,200000,172276.00094913796,-27723.99905086204,0.8613800047456898
2020-09-30,-2,-1.5362332376115393,0.0,359.83,0.0,5.372,200000,172276.00094913796,-27723.99905086204,0.8613800047456898
2020-10-01,-1,-1.1693318324991608,244.12073253385,352.85,-16774.683636722293,5.135,200000,172276.00094913796,-27723.99905086204,0.8613800047456898
2020-10-02,-1,-0.8575067018780029,244.12073253385,345.6,-16774.683636722293,4.906,200000,166664.72308545813,-33335.27691454187,0.8333236154272906
2020-10-03,-1,-1.1339078084456624,244.12073253385,345.95,-16774.683636722293,5.01,200000,168494.73244006408,-31505.26755993592,0.8424736622003204
2020-10-04,-2,-1.5583483627236192,0.0,352.37,0.0,5.314,200000,175395.84727172749,-24604.152728272515,0.8769792363586374
2020-10-05,-2,-1.4574656824133492,0.0,353.62,0.0,5.366,200000,175395.84727172749,-24604.152728272515,0.8769792363586374
2020-10-06,0,-0.4026976106090626,0.0,340.75,0.0,4.736,200000,175395.84727172749,-24604.152728272515,0.8769792363586374
2020-10-07,0,-0.664619747105104,0.0,341.58,0.0,4.873,200000,175395.84727172749,-24604.152728272515,0.8769792363586374
2020-10-08,0,-0.6627629129382153,0.0,350.95,0.0,5.034,200000,175395.84727172749,-24604.152728272515,0.8769792363586374
2020-10-09,0,-0.41460516337887376,0.0,365.02,0.0,5.155,200000,175395.84727172749,-24604.152728272515,0.8769792363586374
2020-10-10,0,-0.9932777087593445,0.0,370.52,0.0,5.534,200000,175395.84727172749,-24604.152728272515,0.8769792363586374
2020-10-11,-2,-1.784752312499435,0.0,374.16,0.0,6.072,200000,175395.84727172749,-24604.152728272515,0.8769792363586374
2020-10-12,-1,-1.140825879148903,226.8969072879453,386.51,-14689.769453243509,5.97,200000,175395.84727172749,-24604.152728272515,0.8769792363586374
2020-10-13,-2,-1.4196017970024524,0.0,381.04,0.0,6.012,200000,177253.94367162877,-22746.056328371225,0.8862697183581438
2020-10-14,0,-0.7230163163836245,0.0,378.69,0.0,5.727,200000,177253.94367162877,-22746.056328371225,0.8862697183581438
2020-10-15,0,-0.803990708146583,0.0,377.64,0.0,5.769,200000,177253.94367162877,-22746.056328371225,0.8862697183581438
2020-10-16,0,-0.14336572177264878,0.0,365.5,0.0,5.403,200000,177253.94367162877,-22746.056328371225,0.8862697183581438
2020-10-17,0,-0.11656024124035741,0.0,368.32,0.0,5.466,200000,177253.94367162877,-22746.056328371225,0.8862697183581438
2020-10-18,0,-0.6603465231787979,0.0,378.11,0.0,5.762,200000,177253.94367162877,-22746.056328371225,0.8862697183581438
2020-10-19,0,0.5909485110457724,0.0,379.3,0.0,5.502,200000,177253.94367162877,-22746.056328371225,0.8862697183581438
2020-10-20,2,1.9235341106273474,0.0,368.52,0.0,5.024,200000,177253.94367162877,-22746.056328371225,0.8862697183581438
2020-10-21,2,1.9668708170694433,0.0,390.38,0.0,5.241,200000,177253.94367162877,-22746.056328371225,0.8862697183581438
2020-10-22,2,2.0836604327873816,0.0,413.98,0.0,5.444,200000,177253.94367162877,-22746.056328371225,0.8862697183581438
2020-10-23,2,1.8462779741866497,0.0,409.11,0.0,5.364,200000,177253.94367162877,-22746.056328371225,0.8862697183581438
2020-10-24,2,1.240211066722518,0.0,412.14,0.0,5.543,200000,177253.94367162877,-22746.056328371225,0.8862697183581438
2020-10-25,2,1.5670576525976108,0.0,405.86,0.0,5.292,200000,177253.94367162877,-22746.056328371225,0.8862697183581438
2020-10-26,2,1.3651702602729252,0.0,392.52,0.0,5.145,200000,177253.94367162877,-22746.056328371225,0.8862697183581438
2020-10-27,2,1.6148840588914743,0.0,403.45,0.0,5.138,200000,177253.94367162877,-22746.056328371225,0.8862697183581438
2020-10-28,2,1.7769105184393346,0.0,388.23,0.0,4.803,200000,177253.94367162877,-22746.056328371225,0.8862697183581438
2020-10-29,2,1.9158220263314896,0.0,387.13,0.0,4.633,200000,177253.94367162877,-22746.056328371225,0.8862697183581438
2020-10-30,2,1.5726974481426241,0.0,382.49,0.0,4.62,200000,177253.94367162877,-22746.056328371225,0.8862697183581438
2020-10-31,2,1.5504115891608445,0.0,386.46,0.0,4.616,200000,177253.94367162877,-22746.056328371225,0.8862697183581438
2020-11-01,2,1.384191282693767,0.0,396.67,0.0,4.743,200000,177253.94367162877,-22746.056328371225,0.8862697183581438
2020-11-02,2,1.216528992568628,0.0,383.02,0.0,4.603,200000,177253.94367162877,-22746.056328371225,0.8862697183581438
2020-11-03,2,1.5519736603727767,0.0,387.88,0.0,4.48,200000,177253.94367162877,-22746.056328371225,0.8862697183581438
2020-11-04,2,2.027783659258419,0.0,402.49,0.0,4.387,200000,177253.94367162877,-22746.056328371225,0.8862697183581438
2020-11-05,2,1.8681369211798748,0.0,416.69,0.0,4.504,200000,177253.94367162877,-22746.056328371225,0.8862697183581438
2020-11-06,2,1.773028669591606,0.0,455.91,0.0,4.88,200000,177253.94367162877,-22746.056328371225,0.8862697183581438
2020-11-07,2,1.7320007935992605,0.0,435.21,0.0,4.619,200000,177253.94367162877,-22746.056328371225,0.8862697183581438
2020-11-08,2,1.6113122314329271,0.0,454.3,0.0,4.809,200000,177253.94367162877,-22746.056328371225,0.8862697183581438
2020-11-09,0,0.3936437144656436,0.0,444.32,0.0,5.155,200000,177253.94367162877,-22746.056328371225,0.8862697183581438
2020-11-10,0,0.6618939176308378,0.0,450.34,0.0,5.084,200000,177253.94367162877,-22746.056328371225,0.8862697183581438
2020-11-11,1,1.0694808284189699,-191.38174401480143,463.09,17609.173819951196,5.033,200000,177253.94367162877,-22746.056328371225,0.8862697183581438
2020-11-12,1,0.9612117024807908,-191.38174401480143,462.39,17609.173819951196,5.03,200000,177067.14892935855,-22932.851070641453,0.8853357446467928
2020-11-13,1,0.805649692860512,-191.38174401480143,476.43,17609.173819951196,5.213,200000,182976.62742437742,-17023.372575622576,0.9148831371218871
2020-11-14,1,0.7244547984284314,-191.38174401480143,460.89,17609.173819951196,5.045,200000,177044.21392063564,-22955.786079364363,0.8852210696031781
2020-11-15,1,0.3998359040225689,-191.38174401480143,448.08,17609.173819951196,4.979,200000,173430.40830768924,-26569.591692310758,0.8671520415384462
2020-11-16,1,0.44488069377696804,-191.38174401480143,460.55,17609.173819951196,5.084,200000,177665.90190664868,-22334.09809335132,0.8883295095332434
2020-11-17,1,0.5166859774405175,-191.38174401480143,482.15,17609.173819951196,5.285,200000,185339.1915151786,-14660.808484821406,0.926695957575893
2020-11-18,1,1.036320490845436,-191.38174401480143,478.41,17609.173819951196,5.105,200000,181453.772504972,-18546.227495027997,0.90726886252486
2020-11-19,1,0.6415804593196559,-191.38174401480143,471.25,17609.173819951196,5.097,200000,179942.60582726644,-20057.394172733562,0.8997130291363322
2020-11-20,2,1.6940400962520996,0.0,510.12,0.0,5.268,200000,182116.47124495637,-17883.528755043633,0.9105823562247818
2020-11-21,0,0.6265463267417877,0.0,552.35,0.0,5.922,200000,182116.47124495637,-17883.528755043633,0.9105823562247818
2020-11-22,2,2.881702244050418,0.0,560.03,0.0,5.481,200000,182116.47124495637,-17883.528755043633,0.9105823562247818
2020-11-23,2,2.7642372370555695,0.0,608.58,0.0,5.811,200000,182116.47124495637,-17883.528755043633,0.9105823562247818
2020-11-24,2,1.7049066511559738,0.0,604.97,0.0,5.966,200000,182116.47124495637,-17883.528755043633,0.9105823562247818
2020-11-25,0,0.5739596741269949,0.0,569.5,0.0,5.904,200000,182116.47124495637,-17883.528755043633,0.9105823562247818
2020-11-26,0,0.7500443405213798,0.0,519.83,0.0,5.33,200000,182116.47124495637,-17883.528755043633,0.9105823562247818
2020-11-27,0,0.5265253541386732,0.0,518.68,0.0,5.368,200000,182116.47124495637,-17883.528755043633,0.9105823562247818
2020-11-28,0,0.9562852482010658,0.0,537.52,0.0,5.43,200000,182116.47124495637,-17883.528755043633,0.9105823562247818
2020-11-29,2,2.1122971612527106,0.0,576.3,0.0,5.429,200000,182116.47124495637,-17883.528755043633,0.9105823562247818
2020-11-30,2,2.413405072233524,0.0,616.66,0.0,5.571,200000,182116.47124495637,-17883.528755043633,0.9105823562247818
2020-12-01,2,2.089477548160542,0.0,585.26,0.0,5.256,200000,182116.47124495637,-17883.528755043633,0.9105823562247818
2020-12-02,2,1.449321967758514,0.0,596.89,0.0,5.51,200000,182116.47124495637,-17883.528755043633,0.9105823562247818
2020-12-03,2,1.7173086912263593,0.0,615.85,0.0,5.5,200000,182116.47124495637,-17883.528755043633,0.9105823562247818
2020-12-04,2,1.5627148573252119,0.0,567.24,0.0,5.049,200000,182116.47124495637,-17883.528755043633,0.9105823562247818
2020-12-05,2,1.5272476590503221,0.0,596.8,0.0,5.261,200000,182116.47124495637,-17883.528755043633,0.9105823562247818
2020-12-06,2,1.5897682583583814,0.0,601.54,0.0,5.213,200000,182116.47124495637,-17883.528755043633,0.9105823562247818
2020-12-07,2,1.49642489066255,0.0,591.28,0.0,5.1,200000,182116.47124495637,-17883.528755043633,0.9105823562247818
2020-12-08,2,1.4747416169740908,0.0,554.94,0.0,4.738,200000,182116.47124495637,-17883.528755043633,0.9105823562247818
2020-12-09,2,1.5751987597260348,0.0,573.09,0.0,4.804,200000,182116.47124495637,-17883.528755043633,0.9105823562247818
2020-12-10,2,1.4916726478757993,0.0,558.99,0.0,4.655,200000,182116.47124495637,-17883.528755043633,0.9105823562247818
2020-12-11,0,0.8847594476647881,0.0,544.43,0.0,4.707,200000,182116.47124495637,-17883.528755043633,0.9105823562247818
2020-12-12,0,0.3884969417371467,0.0,568.04,0.0,5.06,200000,182116.47124495637,-17883.528755043633,0.9105823562247818
2020-12-13,0,0.5199035662945348,0.0,590.7,0.0,5.195,200000,182116.47124495637,-17883.528755043633,0.9105823562247818
2020-12-14,0,0.25578230171839766,0.0,586.29,0.0,5.227,200000,182116.47124495637,-17883.528755043633,0.9105823562247818
2020-12-15,0,0.035826282433567044,0.0,588.64,0.0,5.291,200000,182116.47124495637,-17883.528755043633,0.9105823562247818
2020-12-16,0,0.6842619668639535,0.0,637.18,0.0,5.494,200000,182116.47124495637,-17883.528755043633,0.9105823562247818
2020-12-17,2,1.3998800646698664,0.0,642.7,0.0,5.354,200000,182116.47124495637,-17883.528755043633,0.9105823562247818
2020-12-18,2,2.0147543165698663,0.0,653.85,0.0,5.329,200000,182116.47124495637,-17883.528755043633,0.9105823562247818
2020-12-19,2,2.1455105559077996,0.0,658.03,0.0,5.289,200000,182116.47124495637,-17883.528755043633,0.9105823562247818
2020-12-20,2,2.2033428331363423,0.0,638.18,0.0,5.036,200000,182116.47124495637,-17883.528755043633,0.9105823562247818
2020-12-21,0,0.8851447294444805,0.0,607.58,0.0,5.031,200000,182116.47124495637,-17883.528755043633,0.9105823562247818
2020-12-22,2,2.1742448048623335,0.0,636.45,0.0,4.943,200000,182116.47124495637,-17883.528755043633,0.9105823562247818
2020-12-23,2,2.4105073907817607,0.0,585.56,0.0,4.395,200000,182116.47124495637,-17883.528755043633,0.9105823562247818
2020-12-24,0,0.7262677613797481,0.0,612.31,0.0,4.959,200000,182116.47124495637,-17883.528755043633,0.9105823562247818
2020-12-25,2,1.2814907779781572,0.0,626.82,0.0,4.909,200000,182116.47124495637,-17883.528755043633,0.9105823562247818
2020-12-26,2,1.7792808442821813,0.0,637.44,0.0,4.81,200000,182116.47124495637,-17883.528755043633,0.9105823562247818
2020-12-27,2,2.438631059084563,0.0,685.11,0.0,4.842,200000,182116.47124495637,-17883.528755043633,0.9105823562247818
2020-12-28,2,1.4891545829747685,0.0,730.41,0.0,5.391,200000,182116.47124495637,-17883.528755043633,0.9105823562247818
2020-12-29,0,0.7902523735673151,0.0,732.0,0.0,5.622,200000,182116.47124495637,-17883.528755043633,0.9105823562247818
2020-12-30,2,1.5602494709622345,0.0,752.17,0.0,5.424,200000,182116.47124495637,-17883.528755043633,0.9105823562247818
2020-12-31,-1,-1.1180145549205638,-123.64986776904237,736.42,14084.800560321451,6.465,200000,182116.47124495637,-17883.528755043633,0.9105823562247818
2021-01-01,0,-0.057943484528431254,0.0,728.91,0.0,5.861,200000,174537.8622134677,-25462.137786532287,0.8726893110673386
2021-01-02,2,1.784232886921473,0.0,774.56,0.0,5.42,200000,174537.8622134677,-25462.137786532287,0.8726893110673386
2021-01-03,2,3.078234994158154,0.0,978.28,0.0,5.829,200000,174537.8622134677,-25462.137786532287,0.8726893110673386
2021-01-04,2,2.648211018276327,0.0,1041.43,0.0,6.044,200000,174537.8622134677,-25462.137786532287,0.8726893110673386
2021-01-05,2,2.3827786661309416,0.0,1099.56,0.0,6.196,200000,174537.8622134677,-25462.137786532287,0.8726893110673386
2021-01-06,2,2.124185560438397,0.0,1208.42,0.0,6.682,200000,174537.8622134677,-25462.137786532287,0.8726893110673386
2021-01-07,2,2.2918581129188094,0.0,1224.87,0.0,6.264,200000,174537.8622134677,-25462.137786532287,0.8726893110673386
2021-01-08,2,2.199969823122882,0.0,1216.93,0.0,5.931,200000,174537.8622134677,-25462.137786532287,0.8726893110673386
2021-01-09,2,1.59686423241695,0.0,1276.0,0.0,6.54,200000,174537.8622134677,-25462.137786532287,0.8726893110673386
2021-01-10,2,1.4392565074837873,0.0,1254.25,0.0,6.409,200000,174537.8622134677,-25462.137786532287,0.8726893110673386
2021-01-11,1,1.1188270882113835,-80.2834666716349,1087.01,15240.819264186843,5.726,200000,174537.8622134677,-25462.137786532287,0.8726893110673386
2021-01-12,1,0.8339462883191315,-80.2834666716349,1050.16,15240.819264186843,5.711,200000,171350.8041776552,-28649.195822344802,0.856754020888276
2021-01-13,1,0.6611324644974235,-80.2834666716349,1129.89,15240.819264186843,6.242,200000,185844.68000466784,-14155.31999533216,0.9292234000233393
2021-01-14,1,0.8812354539251636,-80.2834666716349,1231.62,15240.819264186843,6.476,200000,197578.26877699298,-2421.731223007024,0.9878913438849649
2021-01-15,0,-0.6211965156816187,0.0,1168.53,0.0,7.896,200000,148009.99261325394,-51990.00738674606,0.7400499630662697
2021-01-16,-1,-1.027880921424527,60.27299895476326,1227.83,-8195.4591701691,9.03,200000,148009.99261325394,-51990.00738674606,0.7400499630662697
2021-01-17,-1,-0.7636598754460314,60.27299895476326,1232.45,-8195.4591701691,8.544,200000,144305.4607117228,-55694.539288277214,0.7215273035586139
2021-01-18,-2,-1.2110238626715122,0.0,1258.45,0.0,9.539,200000,150335.92210287516,-49664.07789712484,0.7516796105143758
2021-01-19,0,-0.4723536293014674,0.0,1365.36,0.0,8.891,200000,150335.92210287516,-49664.07789712484,0.7516796105143758
2021-01-20,0,-0.5670518253823558,0.0,1376.99,0.0,8.909,200000,150335.92210287516,-49664.07789712484,0.7516796105143758
2021-01-21,0,-0.6745988359664323,0.0,1110.96,0.0,7.177,200000,150335.92210287516,-49664.07789712484,0.7516796105143758
2021-01-22,0,-0.7380062274789148,0.0,1232.62,0.0,7.985,200000,150335.92210287516,-49664.07789712484,0.7516796105143758
2021-01-23,0,-0.952961503012267,0.0,1233.6,0.0,8.329,200000,150335.92210287516,-49664.07789712484,0.7516796105143758
2021-01-24,0,-0.020839599449250627,0.0,1392.51,0.0,8.24,200000,150335.92210287516,-49664.07789712484,0.7516796105143758
2021-01-25,0,0.05359887475484493,0.0,1317.88,0.0,7.738,200000,150335.92210287516,-49664.07789712484,0.7516796105143758
2021-01-26,0,0.3466941408454738,0.0,1365.97,0.0,7.732,200000,150335.92210287516,-49664.07789712484,0.7516796105143758
2021-01-27,0,0.4699765118840407,0.0,1239.03,0.0,6.953,200000,150335.92210287516,-49664.07789712484,0.7516796105143758
2021-01-28,0,-0.034155282935120886,0.0,1329.69,0.0,8.041,200000,150335.92210287516,-49664.07789712484,0.7516796105143758
2021-01-29,0,0.43086374857428933,0.0,1379.5,0.0,7.975,200000,150335.92210287516,-49664.07789712484,0.7516796105143758
2021-01-30,0,0.4346290381013632,0.0,1378.05,0.0,8.048,200000,150335.92210287516,-49664.07789712484,0.7516796105143758
2021-01-31,0,-0.0697093391959671,0.0,1312.55,0.0,8.145,200000,150335.92210287516,-49664.07789712484,0.7516796105143758
2021-02-01,0,-0.8032578708687651,0.0,1374.17,0.0,9.29,200000,150335.92210287516,-49664.07789712484,0.7516796105143758
2021-02-02,0,0.6695199390292443,0.0,1511.87,0.0,8.893,200000,150335.92210287516,-49664.07789712484,0.7516796105143758
2021-02-03,2,1.3928026151910886,0.0,1664.49,0.0,9.303,200000,150335.92210287516,-49664.07789712484,0.7516796105143758
2021-02-04,0,0.9658398602561553,0.0,1595.67,0.0,9.152,200000,150335.92210287516,-49664.07789712484,0.7516796105143758
2021-02-05,-2,-1.4497594147815827,0.0,1719.19,0.0,12.19,200000,150335.92210287516,-49664.07789712484,0.7516796105143758
2021-02-06,-2,-1.5542171366798136,0.0,1676.35,0.0,12.087,200000,150335.92210287516,-49664.07789712484,0.7516796105143758
2021-02-07,-2,-2.7016267105615666,0.0,1611.62,0.0,13.841,200000,150335.92210287516,-49664.07789712484,0.7516796105143758
2021-02-08,-2,-1.9375610841214286,0.0,1750.15,0.0,14.169,200000,150335.92210287516,-49664.07789712484,0.7516796105143758
2021-02-09,-2,-1.9339898842164953,0.0,1769.13,0.0,15.057,200000,150335.92210287516,-49664.07789712484,0.7516796105143758
2021-02-10,-2,-1.732280214159662,0.0,1740.78,0.0,14.965,200000,150335.92210287516,-49664.07789712484,0.7516796105143758
2021-02-11,-2,-2.0214224998988857,0.0,1785.62,0.0,17.652,200000,150335.92210287516,-49664.07789712484,0.7516796105143758
2021-02-12,-2,-2.124299633121179,0.0,1840.26,0.0,21.076,200000,150335.92210287516,-49664.07789712484,0.7516796105143758
2021-02-13,-2,-1.7596532542204617,0.0,1814.96,0.0,20.248,200000,150335.92210287516,-49664.07789712484,0.7516796105143758
2021-02-14,-2,-1.4284086009730128,0.0,1800.42,0.0,19.084,200000,150335.92210287516,-49664.07789712484,0.7516796105143758
2021-02-15,-2,-1.6605410364381272,0.0,1779.25,0.0,22.489,200000,150335.92210287516,-49664.07789712484,0.7516796105143758
2021-02-16,-2,-1.6686421733638217,0.0,1781.99,0.0,25.067,200000,150335.92210287516,-49664.07789712484,0.7516796105143758
2021-02-17,-2,-1.3298031108725552,0.0,1849.88,0.0,23.83,200000,150335.92210287516,-49664.07789712484,0.7516796105143758
2021-02-18,-1,-1.050991921814895,38.75416246123581,1939.61,-3255.151613175021,23.092,200000,150335.92210287516,-49664.07789712484,0.7516796105143758
2021-02-19,-1,-0.9212850059435174,38.75416246123581,1955.0,-3255.151613175021,22.898,200000,150300.84925019764,-49699.15074980236,0.7515042462509882
2021-02-20,-1,-0.7536149650070703,38.75416246123581,1913.0,-3255.151613175021,21.648,200000,144604.23491035693,-55395.76508964307,0.7230211745517847
2021-02-21,-1,-0.641446652675304,38.75416246123581,1933.53,-3255.151613175021,21.569,200000,145142.7008882453,-54857.29911175469,0.7257135044412266
2021-02-22,-1,-0.7350992894396359,38.75416246123581,1777.58,-3255.151613175021,21.152,200000,137741.5910297216,-62258.4089702784,0.6887079551486079
2021-02-23,-1,-0.8740738252131065,38.75416246123581,1577.89,-3255.151613175021,20.08,200000,126513.24979851377,-73486.75020148623,0.6325662489925689
2021-02-24,-1,-0.6627900201980652,38.75416246123581,1623.39,-3255.151613175021,19.42,200000,126128.16412580451,-73871.83587419549,0.6306408206290226
2021-02-25,-1,-0.5880030824262102,38.75416246123581,1481.75,-3255.151613175021,17.686,200000,114994.59165754958,-85005.40834245042,0.5749729582877479
2021-02-26,-1,-0.9623601587670879,38.75416246123581,1444.59,-3255.151613175021,18.86,200000,117376.03497435752,-82623.96502564248,0.5868801748717876
2021-02-27,-1,-0.9030709081533563,38.75416246123581,1458.13,-3255.151613175021,19.121,200000,118750.36090512134,-81249.63909487866,0.5937518045256067
2021-02-28,-1,-0.5580832284622319,38.75416246123581,1419.18,-3255.151613175021,17.649,200000,112449.30310266258,-87550.69689733742,0.562246515513313
2021-03-01,0,-0.1622555262473652,0.0,1569.86,0.0,18.701,200000,150371.9029394656,-49628.097060534405,0.7518595146973279
2021-03-02,0,-0.6961870994602051,0.0,1486.78,0.0,18.851,200000,150371.9029394656,-49628.097060534405,0.7518595146973279
2021-03-03,-2,-1.5314044468077082,0.0,1567.69,0.0,21.431,200000,150371.9029394656,-49628.097060534405,0.7518595146973279
2021-03-04,0,-0.06288373131177084,0.0,1539.23,0.0,18.855,200000,150371.9029394656,-49628.097060534405,0.7518595146973279
2021-03-05,0,0.043299614775202354,0.0,1528.31,0.0,18.671,200000,150371.9029394656,-49628.097060534405,0.7518595146973279
2021-03-06,2,1.2274554697438647,0.0,1650.35,0.0,18.91,200000,150371.9029394656,-49628.097060534405,0.7518595146973279
2021-03-07,2,1.3558721193404326,0.0,1726.16,0.0,19.458,200000,150371.9029394656,-49628.097060534405,0.7518595146973279
2021-03-08,2,2.21044907047629,0.0,1833.18,0.0,19.392,200000,150371.9029394656,-49628.097060534405,0.7518595146973279
2021-03-09,0,0.9825301511235337,0.0,1870.51,0.0,21.107,200000,150371.9029394656,-49628.097060534405,0.7518595146973279
2021-03-10,2,1.3869910723279024,0.0,1795.12,0.0,19.61,200000,150371.9029394656,-49628.097060534405,0.7518595146973279
2021-03-11,2,1.6815757226761978,0.0,1825.78,0.0,19.333,200000,150371.9029394656,-49628.097060534405,0.7518595146973279
2021-03-12,2,1.6364715186005596,0.0,1766.1,0.0,18.552,200000,150371.9029394656,-49628.097060534405,0.7518595146973279
2021-03-13,2,1.9757821194373657,0.0,1922.35,0.0,19.363,200000,150371.9029394656,-49628.097060534405,0.7518595146973279
2021-03-14,2,1.8041735907233964,0.0,1848.1,0.0,18.444,200000,150371.9029394656,-49628.097060534405,0.7518595146973279
2021-03-15,0,0.5004126132599483,0.0,1793.48,0.0,19.838,200000,150371.9029394656,-49628.097060534405,0.7518595146973279
2021-03-16,0,-0.0911377290013605,0.0,1805.12,0.0,21.008,200000,150371.9029394656,-49628.097060534405,0.7518595146973279
2021-03-17,0,0.06003646270427383,0.0,1823.58,0.0,20.896,200000,150371.9029394656,-49628.097060534405,0.7518595146973279
2021-03-18,0,-0.8865016776794812,0.0,1776.08,0.0,22.106,200000,150371.9029394656,-49628.097060534405,0.7518595146973279
2021-03-19,0,-0.796810675411159,0.0,1809.1,0.0,22.19,200000,150371.9029394656,-49628.097060534405,0.7518595146973279
2021-03-20,0,-0.17106449461073717,0.0,1806.1,0.0,20.915,200000,150371.9029394656,-49628.097060534405,0.7518595146973279
2021-03-21,0,-0.11650289674255034,0.0,1782.98,0.0,20.52,200000,150371.9029394656,-49628.097060534405,0.7518595146973279
2021-03-22,0,-0.07425480422663151,0.0,1680.97,0.0,19.179,200000,150371.9029394656,-49628.097060534405,0.7518595146973279
2021-03-23,0,0.026794181810945134,0.0,1668.08,0.0,18.724,200000,150371.9029394656,-49628.097060534405,0.7518595146973279
2021-03-24,0,0.2587318125425183,0.0,1581.84,0.0,17.424,200000,150371.9029394656,-49628.097060534405,0.7518595146973279
2021-03-25,0,0.546288855276103,0.0,1585.74,0.0,17.1,200000,150371.9029394656,-49628.097060534405,0.7518595146973279
2021-03-26,0,-0.07157324169337141,0.0,1698.84,0.0,18.94,200000,150371.9029394656,-49628.097060534405,0.7518595146973279
2021-03-27,0,0.2683482736358269,0.0,1712.63,0.0,18.704,200000,150371.9029394656,-49628.097060534405,0.7518595146973279
2021-03-28,0,-0.5125981939353699,0.0,1687.01,0.0,19.331,200000,150371.9029394656,-49628.097060534405,0.7518595146973279
2021-03-29,0,-0.05490394482526852,0.0,1816.74,0.0,20.273,200000,150371.9029394656,-49628.097060534405,0.7518595146973279
2021-03-30,0,0.4485524000780214,0.0,1840.46,0.0,19.968,200000,150371.9029394656,-49628.097060534405,0.7518595146973279
2021-03-31,2,1.8923124772147035,0.0,1919.37,0.0,19.081,200000,150371.9029394656,-49628.097060534405,0.7518595146973279
2021-04-01,2,1.787919597694643,0.0,1968.05,0.0,19.473,200000,150371.9029394656,-49628.097060534405,0.7518595146973279
2021-04-02,2,2.2013375121089007,0.0,2133.69,0.0,20.315,200000,150371.9029394656,-49628.097060534405,0.7518595146973279
2021-04-03,2,1.4615445501396098,0.0,2008.52,0.0,20.033,200000,150371.9029394656,-49628.097060534405,0.7518595146973279
2021-04-04,0,0.8077724419029471,0.0,2075.69,0.0,21.525,200000,150371.9029394656,-49628.097060534405,0.7518595146973279
2021-04-05,0,0.9918648533749695,0.0,2107.38,0.0,21.431,200000,150371.9029394656,-49628.097060534405,0.7518595146973279
2021-04-06,0,0.7907456208570212,0.0,2112.21,0.0,21.656,200000,150371.9029394656,-49628.097060534405,0.7518595146973279
2021-04-07,1,1.133690128576024,-38.2923861682291,1963.47,3844.2556227494015,19.558,200000,150371.9029394656,-49628.097060534405,0.7518595146973279
2021-04-08,1,1.1923492546893537,-38.2923861682291,2080.46,3844.2556227494015,20.543,200000,158638.32098569488,-41361.67901430512,0.7931916049284744
2021-04-09,1,0.33187297368853985,-38.2923861682291,2066.87,3844.2556227494015,21.393,200000,161385.5447370056,-38614.455262994394,0.8069277236850281
2021-04-10,1,1.0918386237721607,-38.2923861682291,2133.49,3844.2556227494015,21.025,200000,162521.89743436125,-37478.10256563875,0.8126094871718063
2021-04-11,0,-0.6912240714851133,0.0,2151.36,0.0,23.365,200000,142931.5782208072,-57068.42177919281,0.714657891104036
2021-04-12,0,0.2022299012210686,0.0,2137.69,0.0,22.012,200000,142931.5782208072,-57068.42177919281,0.714657891104036
2021-04-13,0,0.020756128900418155,0.0,2299.19,0.0,23.829,200000,142931.5782208072,-57068.42177919281,0.714657891104036
2021-04-14,-2,-1.2730179838093585,0.0,2432.6,0.0,27.068,200000,142931.5782208072,-57068.42177919281,0.714657891104036
2021-04-15,-1,-1.1712001764013302,28.42667145725748,2514.04,-2572.007093874742,27.786,200000,142931.5782208072,-57068.42177919281,0.714657891104036
2021-04-16,-1,-0.2698691941395309,28.42667145725748,2422.67,-2572.007093874742,25.46,200000,134351.74474940493,-65648.25525059507,0.6717587237470246
2021-04-17,-1,-0.37943184381158257,28.42667145725748,2317.6,-2572.007093874742,24.342,200000,128489.4504484389,-71510.5495515611,0.6424472522421945
2021-04-18,0,1.5899961338252226,0.0,2235.64,0.0,21.403,200000,134428.44227430518,-65571.55772569482,0.6721422113715259
2021-04-19,2,2.6484770121631582,0.0,2161.12,0.0,19.199,200000,134428.44227430518,-65571.55772569482,0.6721422113715259
2021-04-20,2,1.8189386975480522,0.0,2330.03,0.0,21.254,200000,134428.44227430518,-65571.55772569482,0.6721422113715259
2021-04-21,2,2.7225285948388995,0.0,2357.06,0.0,19.551,200000,134428.44227430518,-65571.55772569482,0.6721422113715259
2021-04-22,2,2.750696302101864,0.0,2397.94,0.0,18.725,200000,134428.44227430518,-65571.55772569482,0.6721422113715259
2021-04-23,2,1.3097973363700863,0.0,2367.39,0.0,20.515,200000,134428.44227430518,-65571.55772569482,0.6721422113715259
2021-04-24,2,1.5369357866372892,0.0,2213.35,0.0,18.458,200000,134428.44227430518,-65571.55772569482,0.6721422113715259
2021-04-25,2,1.6720435502559765,0.0,2320.49,0.0,18.687,200000,134428.44227430518,-65571.55772569482,0.6721422113715259
2021-04-26,0,0.7997295004264783,0.0,2532.6,0.0,22.058,200000,134428.44227430518,-65571.55772569482,0.6721422113715259
2021-04-27,0,0.8011049916252247,0.0,2666.13,0.0,23.038,200000,134428.44227430518,-65571.55772569482,0.6721422113715259
2021-04-28,1,1.039161800781793,-24.457187559002342,2748.24,2931.662281901365,22.927,200000,134428.44227430518,-65571.55772569482,0.6721422113715259
2021-04-29,2,1.2363957383153297,0.0,2757.04,0.0,22.222,200000,136710.48743356488,-63289.51256643512,0.6835524371678243
2021-04-30,0,0.982137806821186,0.0,2772.42,0.0,22.704,200000,136710.48743356488,-63289.51256643512,0.6835524371678243
2021-05-01,1,1.0075429717541178,-23.212421926596114,2944.77,2871.948393629782,23.801,200000,136710.48743356488,-63289.51256643512,0.6835524371678243
2021-05-02,1,1.196355482056485,-23.212421926596114,2949.56,2871.948393629782,23.088,200000,134773.97572993525,-65226.02427006475,0.6738698786496762
2021-05-03,2,2.353312672522239,0.0,3431.04,0.0,22.938,200000,150476.48330751326,-49523.51669248674,0.7523824165375663
2021-05-04,2,2.2808210960665805,0.0,3239.01,0.0,20.963,200000,150476.48330751326,-49523.51669248674,0.7523824165375663
2021-05-05,2,1.3619152700898174,0.0,3524.26,0.0,24.877,200000,150476.48330751326,-49523.51669248674,0.7523824165375663
2021-05-06,0,0.9506091256305758,0.0,3489.73,0.0,25.542,200000,150476.48330751326,-49523.51669248674,0.7523824165375663
2021-05-07,0,-0.22336512580278445,0.0,3479.53,0.0,28.641,200000,150476.48330751326,-49523.51669248674,0.7523824165375663
2021-05-08,0,0.5609280745505034,0.0,3910.26,0.0,29.524,200000,150476.48330751326,-49523.51669248674,0.7523824165375663
2021-05-09,0,0.8259007726736711,0.0,3923.95,0.0,28.712,200000,150476.48330751326,-49523.51669248674,0.7523824165375663
2021-05-10,2,2.080991882928025,0.0,3945.88,0.0,25.357,200000,150476.48330751326,-49523.51669248674,0.7523824165375663
2021-05-11,2,1.7588136624345008,0.0,4173.45,0.0,26.902,200000,150476.48330751326,-49523.51669248674,0.7523824165375663
2021-05-12,2,2.105490578058709,0.0,3823.21,0.0,23.012,200000,150476.48330751326,-49523.51669248674,0.7523824165375663
2021-05-13,2,1.4336808577353126,0.0,3717.91,0.0,23.494,200000,150476.48330751326,-49523.51669248674,0.7523824165375663
2021-05-14,2,1.251372928404125,0.0,4075.01,0.0,25.856,200000,150476.48330751326,-49523.51669248674,0.7523824165375663
2021-05-15,0,0.6522301769244857,0.0,3646.68,0.0,24.495,200000,150476.48330751326,-49523.51669248674,0.7523824165375663
2021-05-16,0,0.5024232356792343,0.0,3582.1,0.0,24.264,200000,150476.48330751326,-49523.51669248674,0.7523824165375663
2021-05-17,0,0.928296494725938,0.0,3282.51,0.0,21.091,200000,150476.48330751326,-49523.51669248674,0.7523824165375663
2021-05-18,0,0.327537474571113,0.0,3375.07,0.0,22.84,200000,150476.48330751326,-49523.51669248674,0.7523824165375663
2021-05-19,2,2.063906495743433,0.0,2438.92,0.0,13.757,200000,150476.48330751326,-49523.51669248674,0.7523824165375663
2021-05-20,1,1.0752768533581496,-27.175358717973804,2768.62,4447.756068441513,16.916,200000,150476.48330751326,-49523.51669248674,0.7523824165375663
2021-05-21,2,1.8862447749463993,0.0,2430.98,0.0,13.572,200000,156174.291482845,-43825.708517155,0.780871457414225
2021-05-22,2,2.0932289384086675,0.0,2294.87,0.0,12.237,200000,156174.291482845,-43825.708517155,0.780871457414225
2021-05-23,2,1.4436883104005873,0.0,2096.39,0.0,11.648,200000,156174.291482845,-43825.708517155,0.780871457414225
2021-05-24,2,1.4051185786476148,0.0,2648.43,0.0,14.541,200000,156174.291482845,-43825.708517155,0.780871457414225
2021-05-25,2,1.7775690627102838,0.0,2705.11,0.0,13.934,200000,156174.291482845,-43825.708517155,0.780871457414225
2021-05-26,2,1.3535277431740445,0.0,2884.94,0.0,15.278,200000,156174.291482845,-43825.708517155,0.780871457414225
2021-05-27,2,1.281969140015445,0.0,2742.23,0.0,14.525,200000,156174.291482845,-43825.708517155,0.780871457414225
2021-05-28,2,1.248634281180235,0.0,2412.1,0.0,12.701,200000,156174.291482845,-43825.708517155,0.780871457414225
2021-05-29,1,1.112398979113882,-34.267685537368244,2278.74,6475.424640635418,12.059,200000,156174.291482845,-43825.708517155,0.780871457414225
2021-05-30,1,1.067140780461509,-34.267685537368244,2385.98,6475.424640635418,12.551,200000,163035.06700306502,-36964.93299693498,0.8151753350153251
2021-05-31,1,1.1648864612957766,-34.267685537368244,2706.15,6475.424640635418,13.962,200000,183143.37604950077,-16856.623950499226,0.9157168802475039
2021-06-01,1,0.9338847817388715,-34.267685537368244,2634.57,6475.424640635418,13.757,200000,179363.0330674057,-20636.96693259431,0.8968151653370284
2021-06-02,1,0.3216813884455555,-34.267685537368244,2706.22,6475.424640635418,14.86,200000,188960.706114779,-11039.293885221006,0.944803530573895
2021-06-03,0,-0.3745830706188137,0.0,2857.25,0.0,16.665,200000,146172.6843483012,-53827.315651698795,0.730863421741506
2021-06-04,0,-0.03031494739427113,0.0,2689.51,0.0,15.067,200000,146172.6843483012,-53827.315651698795,0.730863421741506
2021-06-05,0,-0.28185190678409416,0.0,2627.73,0.0,14.858,200000,146172.6843483012,-53827.315651698795,0.730863421741506
2021-06-06,0,-0.20478645892488992,0.0,2711.92,0.0,15.125,200000,146172.6843483012,-53827.315651698795,0.730863421741506
2021-06-07,1,1.0778769549387015,-28.196347359869833,2592.05,5429.891691987415,13.46,200000,146172.6843483012,-53827.315651698795,0.730863421741506
2021-06-08,0,0.08642352112087837,0.0,2507.23,0.0,13.56,200000,143238.08099603828,-56761.919003961724,0.7161904049801914
2021-06-09,0,0.3082319768398223,0.0,2610.18,0.0,13.932,200000,143238.08099603828,-56761.919003961724,0.7161904049801914
2021-06-10,1,1.0289455661841997,-28.982772986017967,2471.09,5582.589484606683,12.829,200000,143238.08099603828,-56761.919003961724,0.7161904049801914
2021-06-11,2,1.5331484080144957,0.0,2354.01,0.0,11.95,200000,144751.8740918046,-55248.12590819539,0.723759370459023
2021-06-12,2,2.1308444995512374,0.0,2370.74,0.0,11.616,200000,144751.8740918046,-55248.12590819539,0.723759370459023
2021-06-13,2,1.4450919098658213,0.0,2509.33,0.0,12.53,200000,144751.8740918046,-55248.12590819539,0.723759370459023
2021-06-14,0,0.6698026907049397,0.0,2580.77,0.0,13.301,200000,144751.8740918046,-55248.12590819539,0.723759370459023
2021-06-15,0,0.8969843269549574,0.0,2543.54,0.0,12.951,200000,144751.8740918046,-55248.12590819539,0.723759370459023
2021-06-16,-2,-1.3840518682657266,0.0,2367.89,0.0,13.425,200000,144751.8740918046,-55248.12590819539,0.723759370459023
2021-06-17,-2,-1.445707006465131,0.0,2373.28,0.0,13.618,200000,144751.8740918046,-55248.12590819539,0.723759370459023
2021-06-18,0,-0.8498275905837684,0.0,2234.09,0.0,12.472,200000,144751.8740918046,-55248.12590819539,0.723759370459023
2021-06-19,0,-0.43303699495221515,0.0,2164.67,0.0,11.85,200000,144751.8740918046,-55248.12590819539,0.723759370459023
2021-06-20,0,0.09453831664495688,0.0,2243.47,0.0,11.977,200000,144751.8740918046,-55248.12590819539,0.723759370459023
2021-06-21,1,1.1787475532530323,-38.38574431362792,1885.49,7603.313062916514,9.519,200000,144751.8740918046,-55248.12590819539,0.723759370459023
2021-06-22,2,1.9307900355448653,0.0,1879.28,0.0,9.002,200000,148444.41147314478,-51555.58852685522,0.7422220573657239
2021-06-23,2,1.4174273058486295,0.0,1968.14,0.0,9.613,200000,148444.41147314478,-51555.58852685522,0.7422220573657239
2021-06-24,0,0.11181835690155704,0.0,1989.52,0.0,10.386,200000,148444.41147314478,-51555.58852685522,0.7422220573657239
2021-06-25,0,0.8050009530088126,0.0,1808.82,0.0,9.066,200000,148444.41147314478,-51555.58852685522,0.7422220573657239
2021-06-26,0,-0.15279525305283956,0.0,1829.64,0.0,9.596,200000,148444.41147314478,-51555.58852685522,0.7422220573657239
2021-06-27,0,0.44139082002692376,0.0,1982.28,0.0,10.087,200000,148444.41147314478,-51555.58852685522,0.7422220573657239
2021-06-28,0,-0.13143027160597154,0.0,2084.41,0.0,10.89,200000,148444.41147314478,-51555.58852685522,0.7422220573657239
2021-06-29,0,-0.7108937928260405,0.0,2165.33,0.0,11.65,200000,148444.41147314478,-51555.58852685522,0.7422220573657239
2021-06-30,0,-0.3645511383470105,0.0,2275.68,0.0,12.045,200000,148444.41147314478,-51555.58852685522,0.7422220573657239
2021-07-01,0,-0.12305602772166159,0.0,2106.41,0.0,11.033,200000,148444.41147314478,-51555.58852685522,0.7422220573657239
2021-07-02,0,-0.912268761474832,0.0,2154.13,0.0,11.795,200000,148444.41147314478,-51555.58852685522,0.7422220573657239
2021-07-03,0,-0.19025597635675412,0.0,2226.99,0.0,11.8,200000,148444.41147314478,-51555.58852685522,0.7422220573657239
2021-07-04,0,-0.16104022562818435,0.0,2322.69,0.0,12.307,200000,148444.41147314478,-51555.58852685522,0.7422220573657239
2021-07-05,-2,-2.439605516111741,0.0,2196.53,0.0,13.531,200000,148444.41147314478,-51555.58852685522,0.7422220573657239
2021-07-06,-1,-1.0927538723337606,31.957892674519865,2322.5,-5650.289718070371,13.136,200000,148444.41147314478,-51555.58852685522,0.7422220573657239
2021-07-07,-1,-0.9307113777311458,31.957892674519865,2316.57,-5650.289718070371,12.939,200000,147141.79409512502,-52858.20590487498,0.7357089704756251
2021-07-08,-1,-1.053219318825016,31.957892674519865,2116.33,-5650.289718070371,11.916,200000,134962.29928439317,-65037.70071560683,0.6748114964219658
2021-07-09,-2,-2.0796772073759917,0.0,2146.99,0.0,13.181,200000,154307.60425376293,-45692.395746237074,0.7715380212688147
2021-07-10,-2,-2.6054459733266606,0.0,2110.69,0.0,14.425,200000,154307.60425376293,-45692.395746237074,0.7715380212688147
2021-07-11,-2,-1.892008915957065,0.0,2140.45,0.0,14.077,200000,154307.60425376293,-45692.395746237074,0.7715380212688147
2021-07-12,-2,-1.4738186017494084,0.0,2031.58,0.0,12.981,200000,154307.60425376293,-45692.395746237074,0.7715380212688147
2021-07-13,-1,-1.1282705823308194,39.76692633398524,1940.15,-6380.5658391400475,12.092,200000,154307.60425376293,-45692.395746237074,0.7715380212688147
2021-07-14,-1,-0.48109537260915003,39.76692633398524,1994.58,-6380.5658391400475,11.747,200000,154270.82283961843,-45729.17716038157,0.7713541141980922
2021-07-15,-1,-0.564494063606693,39.76692633398524,1919.51,-6380.5658391400475,11.474,200000,149543.6252056409,-50456.374794359086,0.7477181260282046
2021-07-16,-1,-0.4333958929914551,39.76692633398524,1876.26,-6380.5658391400475,11.149,200000,145750.02174397552,-54249.97825602448,0.7287501087198776
2021-07-17,0,-0.08001476760587914,0.0,1899.59,0.0,11.022,200000,149093.34533798954,-50906.654662010464,0.7454667266899477
2021-07-18,0,-0.006879470515807669,0.0,1891.64,0.0,10.972,200000,149093.34533798954,-50906.654662010464,0.7454667266899477
2021-07-19,0,0.7678918695828053,0.0,1818.73,0.0,9.98,200000,149093.34533798954,-50906.654662010464,0.7454667266899477
2021-07-20,2,1.2996941904009804,0.0,1786.03,0.0,9.443,200000,149093.34533798954,-50906.654662010464,0.7454667266899477
2021-07-21,2,1.402952870459545,0.0,1995.5,0.0,10.481,200000,149093.34533798954,-50906.654662010464,0.7454667266899477
2021-07-22,0,0.462070228176459,0.0,2024.56,0.0,11.377,200000,149093.34533798954,-50906.654662010464,0.7454667266899477
2021-07-23,1,1.0953521457789044,-35.093172964102514,2124.25,6515.17852377161,11.442,200000,149093.34533798954,-50906.654662010464,0.7454667266899477
2021-07-24,2,1.5059227540365074,0.0,2184.75,0.0,11.426,200000,151320.72515869807,-48679.27484130193,0.7566036257934904
2021-07-25,2,1.3497819532329198,0.0,2189.79,0.0,11.446,200000,151320.72515869807,-48679.27484130193,0.7566036257934904
2021-07-26,2,1.5071804612985895,0.0,2228.08,0.0,11.386,200000,151320.72515869807,-48679.27484130193,0.7566036257934904
2021-07-27,2,1.4209089640583745,0.0,2299.49,0.0,11.702,200000,151320.72515869807,-48679.27484130193,0.7566036257934904
2021-07-28,2,1.4046021595983431,0.0,2300.9,0.0,11.589,200000,151320.72515869807,-48679.27484130193,0.7566036257934904
2021-07-29,2,1.438096744499192,0.0,2382.92,0.0,11.799,200000,151320.72515869807,-48679.27484130193,0.7566036257934904
2021-07-30,2,1.3982839086506211,0.0,2461.81,0.0,12.14,200000,151320.72515869807,-48679.27484130193,0.7566036257934904
2021-07-31,1,1.1972538055134943,-29.89287551780843,2531.05,6005.743973594938,12.598,200000,151320.72515869807,-48679.27484130193,0.7566036257934904
2021-08-01,2,1.537623192324903,0.0,2555.69,0.0,12.312,200000,153774.92838790503,-46225.071612094966,0.7688746419395251
2021-08-02,2,1.5158484266286607,0.0,2606.93,0.0,12.476,200000,153774.92838790503,-46225.071612094966,0.7688746419395251
2021-08-03,2,1.2481339834543506,0.0,2509.04,0.0,12.12,200000,153774.92838790503,-46225.071612094966,0.7688746419395251
2021-08-04,2,1.539642150148327,0.0,2724.78,0.0,12.808,200000,153774.92838790503,-46225.071612094966,0.7688746419395251
2021-08-05,2,1.7078108231451785,0.0,2826.99,0.0,13.032,200000,153774.92838790503,-46225.071612094966,0.7688746419395251
2021-08-06,2,1.2866593114728138,0.0,2891.58,0.0,13.589,200000,153774.92838790503,-46225.071612094966,0.7688746419395251
2021-08-07,2,2.1021462402949793,0.0,3160.31,0.0,14.006,200000,153774.92838790503,-46225.071612094966,0.7688746419395251
2021-08-08,2,2.049126658545915,0.0,3011.85,0.0,13.139,200000,153774.92838790503,-46225.071612094966,0.7688746419395251
2021-08-09,2,1.8969111001980723,0.0,3160.52,0.0,13.651,200000,153774.92838790503,-46225.071612094966,0.7688746419395251
2021-08-10,1,1.1585855526186932,-24.47351533709966,3141.66,5451.078638351827,14.105,200000,153774.92838790503,-46225.071612094966,0.7688746419395251
2021-08-11,1,0.7036728633078897,-24.47351533709966,3160.5,5451.078638351827,14.558,200000,156705.34804002935,-43294.65195997065,0.7835267402001467
2021-08-12,1,0.5945915019833867,-24.47351533709966,3045.96,5451.078638351827,14.06,200000,151187.5144314188,-48812.48556858121,0.755937572157094
2021-08-13,1,0.6619389692540713,-24.47351533709966,3322.32,5451.078638351827,15.212,200000,164230.65772136094,-35769.34227863906,0.8211532886068047
2021-08-14,0,-0.1838405672736306,0.0,3263.16,0.0,15.56,200000,148817.14108256076,-51182.85891743924,0.7440857054128038
2021-08-15,0,-0.4417653949538639,0.0,3307.09,0.0,15.91,200000,148817.14108256076,-51182.85891743924,0.7440857054128038
2021-08-16,-2,-1.3370581528094907,0.0,3146.53,0.0,15.784,200000,148817.14108256076,-51182.85891743924,0.7440857054128038
2021-08-17,-2,-2.20078053226445,0.0,3011.72,0.0,16.003,200000,148817.14108256076,-51182.85891743924,0.7440857054128038
2021-08-18,-2,-2.919150881389805,0.0,3014.55,0.0,17.948,200000,148817.14108256076,-51182.85891743924,0.7440857054128038
2021-08-19,-2,-2.2540633097203226,0.0,3184.12,0.0,18.688,200000,148817.14108256076,-51182.85891743924,0.7440857054128038
2021-08-20,-2,-1.8082283245679538,0.0,3284.82,0.0,18.928,200000,148817.14108256076,-51182.85891743924,0.7440857054128038
2021-08-21,-2,-2.5266351289236493,0.0,3223.43,0.0,22.14,200000,148817.14108256076,-51182.85891743924,0.7440857054128038
2021-08-22,-2,-2.015376898225197,0.0,3238.0,0.0,21.862,200000,148817.14108256076,-51182.85891743924,0.7440857054128038
2021-08-23,-2,-1.6216421882756462,0.0,3321.28,0.0,21.808,200000,148817.14108256076,-51182.85891743924,0.7440857054128038
2021-08-24,-1,-1.145588968442823,23.468145202288632,3170.62,-3808.4026277653998,19.538,200000,148817.14108256076,-51182.85891743924,0.7440857054128038
2021-08-25,-1,-1.077039540981192,23.468145202288632,3226.87,-3808.4026277653998,20.056,200000,152109.97681137198,-47890.02318862802,0.7605498840568599
2021-08-26,-1,-0.6117094885425683,23.468145202288632,3093.2,-3808.4026277653998,17.9,200000,140762.07377671986,-59237.92622328014,0.7038103688835993
2021-08-27,-1,-0.9349849932768901,23.468145202288632,3273.45,-3808.4026277653998,20.42,200000,154589.3815714012,-45410.6184285988,0.772946907857006
2021-08-28,-1,-1.1041396193210404,23.468145202288632,3244.48,-3808.4026277653998,21.31,200000,157298.98774360208,-42701.012256397924,0.7864949387180104
2021-08-29,-1,-1.0254486312856363,23.468145202288632,3223.47,-3808.4026277653998,21.2,200000,156386.9977238478,-43613.0022761522,0.781934988619239
2021-08-30,-1,-1.1517655280516093,23.468145202288632,3229.64,-3808.4026277653998,22.14,200000,160111.69464984542,-39888.30535015458,0.8005584732492271
2021-08-31,-1,-0.9171214589589998,23.468145202288632,3429.2,-3808.4026277653998,22.89,200000,167651.29967723816,-32348.70032276184,0.8382564983861908
2021-09-01,-1,-0.8192337072068459,23.468145202288632,3826.82,-3808.4026277653998,25.44,200000,186694.13027337397,-13305.869726626028,0.9334706513668699
2021-09-02,-1,-0.46983372991012584,23.468145202288632,3785.82,-3808.4026277653998,24.14,200000,180781.0129039851,-19218.9870960149,0.9039050645199255
2021-09-03,0,-0.03831888709808407,0.0,3938.11,0.0,24.11,200000,148217.59113539965,-51782.40886460035,0.7410879556769983
2021-09-04,0,-0.16579063047117878,0.0,3885.52,0.0,24.4,200000,148217.59113539965,-51782.40886460035,0.7410879556769983
2021-09-05,0,-0.5233156030661211,0.0,3950.29,0.0,25.73,200000,148217.59113539965,-51782.40886460035,0.7410879556769983
2021-09-06,0,-0.13120589987064676,0.0,3926.77,0.0,25.08,200000,148217.59113539965,-51782.40886460035,0.7410879556769983
2021-09-07,0,0.6517067880518581,0.0,3434.57,0.0,21.08,200000,148217.59113539965,-51782.40886460035,0.7410879556769983
2021-09-08,2,1.4117338755889852,0.0,3499.0,0.0,20.69,200000,148217.59113539965,-51782.40886460035,0.7410879556769983
2021-09-09,-2,-2.802292911392496,0.0,3424.93,0.0,26.85,200000,148217.59113539965,-51782.40886460035,0.7410879556769983
2021-09-10,-2,-3.1258748480258185,0.0,3208.86,0.0,29.41,200000,148217.59113539965,-51782.40886460035,0.7410879556769983
2021-09-11,-2,-2.0187547169537603,0.0,3267.21,0.0,27.33,200000,148217.59113539965,-51782.40886460035,0.7410879556769983
2021-09-12,-2,-2.5670791770254144,0.0,3404.21,0.0,34.89,200000,148217.59113539965,-51782.40886460035,0.7410879556769983
2021-09-13,-2,-2.2880175940714262,0.0,3285.35,0.0,35.82,200000,148217.59113539965,-51782.40886460035,0.7410879556769983
2021-09-14,-2,-1.666149101672826,0.0,3434.37,0.0,34.2,200000,148217.59113539965,-51782.40886460035,0.7410879556769983
2021-09-15,-2,-1.305970813715988,0.0,3613.55,0.0,34.12,200000,148217.59113539965,-51782.40886460035,0.7410879556769983
2021-09-16,-2,-1.488779193593606,0.0,3567.98,0.0,37.07,200000,148217.59113539965,-51782.40886460035,0.7410879556769983
2021-09-17,-1,-1.1598971238489149,21.797922697944834,3399.81,-2214.8474467334077,33.46,200000,148217.59113539965,-51782.40886460035,0.7410879556769983
2021-09-18,-2,-1.5691708516829967,0.0,3435.64,0.0,40.76,200000,163604.95792628615,-36395.04207371385,0.8180247896314308
2021-09-19,-2,-1.6373033413697058,0.0,3328.62,0.0,44.27,200000,163604.95792628615,-36395.04207371385,0.8180247896314308
2021-09-20,-1,-1.120925074247968,27.47557467323969,2977.28,-2405.247837787212,34.01,200000,163604.95792628615,-36395.04207371385,0.8180247896314308
2021-09-21,-1,-0.9213420505735982,27.47557467323969,2765.9,-2405.247837787212,30.45,200000,149234.48864933426,-50765.511350665736,0.7461724432466713
2021-09-22,-2,-1.2067813834423375,0.0,3076.92,0.0,39.71,200000,174577.20434123167,-25422.79565876833,0.8728860217061584
2021-09-23,-1,-1.1464860442022238,27.68869220320883,3152.5,-2102.8331045679556,41.51,200000,174577.20434123167,-25422.79565876833,0.8728860217061584
2021-09-24,-2,-1.2555217766137032,0.0,2928.53,0.0,42.58,200000,183028.67215587207,-16971.327844127925,0.9151433607793604
2021-09-25,0,-0.9922918552785366,0.0,2921.73,0.0,39.45,200000,183028.67215587207,-16971.327844127925,0.9151433607793604
2021-09-26,0,-0.8254344430960101,0.0,3059.37,0.0,39.8,200000,183028.67215587207,-16971.327844127925,0.9151433607793604
2021-09-27,0,-0.7133305964763508,0.0,2925.59,0.0,37.21,200000,183028.67215587207,-16971.327844127925,0.9151433607793604
2021-09-28,0,-0.4924204907129084,0.0,2804.91,0.0,33.7,200000,183028.67215587207,-16971.327844127925,0.9151433607793604
2021-09-29,0,-0.35468403665208204,0.0,2850.45,0.0,33.88,200000,183028.67215587207,-16971.327844127925,0.9151433607793604
2021-09-30,0,-0.3768400095005674,0.0,3000.61,0.0,36.23,200000,183028.67215587207,-16971.327844127925,0.9151433607793604
2021-10-01,0,0.13629759006535305,0.0,3309.91,0.0,37.85,200000,183028.67215587207,-16971.327844127925,0.9151433607793604
2021-10-02,0,0.21744527456627805,0.0,3387.76,0.0,38.62,200000,183028.67215587207,-16971.327844127925,0.9151433607793604
2021-10-03,0,0.2874397114421207,0.0,3417.73,0.0,38.74,200000,183028.67215587207,-16971.327844127925,0.9151433607793604
2021-10-04,0,0.7504779230832586,0.0,3386.31,0.0,36.8,200000,183028.67215587207,-16971.327844127925,0.9151433607793604
2021-10-05,2,1.3275654870728208,0.0,3515.27,0.0,36.75,200000,183028.67215587207,-16971.327844127925,0.9151433607793604
2021-10-06,2,1.9040761320634987,0.0,3574.89,0.0,35.15,200000,183028.67215587207,-16971.327844127925,0.9151433607793604
2021-10-07,2,1.5509561436848813,0.0,3587.47,0.0,36.67,200000,183028.67215587207,-16971.327844127925,0.9151433607793604
2021-10-08,2,1.733660549373098,0.0,3563.13,0.0,35.04,200000,183028.67215587207,-16971.327844127925,0.9151433607793604
2021-10-09,2,1.5347033154015952,0.0,3574.82,0.0,35.16,200000,183028.67215587207,-16971.327844127925,0.9151433607793604
2021-10-10,2,1.6708395005444086,0.0,3414.22,0.0,32.42,200000,183028.67215587207,-16971.327844127925,0.9151433607793604
2021-10-11,2,1.8731592346792139,0.0,3542.12,0.0,32.01,200000,183028.67215587207,-16971.327844127925,0.9151433607793604
2021-10-12,1,1.1988270250435218,-26.210907780108045,3491.46,2733.4031086599775,33.48,200000,183028.67215587207,-16971.327844127925,0.9151433607793604
2021-10-13,1,1.1003715952105781,-26.210907780108045,3607.42,2733.4031086599775,34.53,200000,188938.1622861464,-11061.837713853602,0.944690811430732
2021-10-14,2,1.6106342373755385,0.0,3790.82,0.0,33.82,200000,189945.81245198083,-10054.187548019167,0.9497290622599042
2021-10-15,2,1.8191471913905033,0.0,3868.99,0.0,33.08,200000,189945.81245198083,-10054.187548019167,0.9497290622599042
2021-10-16,2,1.5471886058944857,0.0,3829.96,0.0,33.13,200000,189945.81245198083,-10054.187548019167,0.9497290622599042
2021-10-17,2,1.6316415250978518,0.0,3846.85,0.0,32.44,200000,189945.81245198083,-10054.187548019167,0.9497290622599042
2021-10-18,2,1.3908089749839747,0.0,3744.96,0.0,31.88,200000,189945.81245198083,-10054.187548019167,0.9497290622599042
2021-10-19,0,0.7348639430048615,0.0,3877.03,0.0,35.0,200000,189945.81245198083,-10054.187548019167,0.9497290622599042
2021-10-20,1,1.1037037665244223,-22.82371609434662,4161.15,2641.805458302932,35.95,200000,189945.81245198083,-10054.187548019167,0.9497290622599042
2021-10-21,2,1.2188946234429632,0.0,4052.99,0.0,34.34,200000,191730.506107084,-8269.493892916013,0.95865253053542
2021-10-22,1,1.0035156446393254,-24.134044875268618,3972.2,2814.5993262930706,34.06,200000,191730.506107084,-8269.493892916013,0.95865253053542
2021-10-23,1,0.9609795923373716,-24.134044875268618,4167.12,2814.5993262930706,35.69,200000,201022.51103602903,1022.5110360290273,1.0051125551801452
2021-10-24,1,1.1795485095798317,-24.134044875268618,4082.33,2814.5993262930706,34.26,200000,194951.30833445594,-5048.691665544058,0.9747565416722797
2021-10-25,1,1.1490956763909161,-24.134044875268618,4220.37,2814.5993262930706,35.31,200000,201238.10118164576,1238.1011816457612,1.0061905059082288
2021-10-26,0,-1.933761731327452,0.0,4131.52,0.0,42.99,200000,170441.1701528147,-29558.82984718529,0.8522058507640735
2021-10-27,0,-0.6584914802447208,0.0,3922.0,0.0,36.75,200000,170441.1701528147,-29558.82984718529,0.8522058507640735
2021-10-28,0,0.122059498438744,0.0,4286.02,0.0,38.0,200000,170441.1701528147,-29558.82984718529,0.8522058507640735
2021-10-29,0,-0.11745830438572331,0.0,4418.89,0.0,39.55,200000,170441.1701528147,-29558.82984718529,0.8522058507640735
2021-10-30,0,0.4733367191015902,0.0,4322.68,0.0,37.3,200000,170441.1701528147,-29558.82984718529,0.8522058507640735
2021-10-31,0,0.31185045435051933,0.0,4287.21,0.0,37.24,200000,170441.1701528147,-29558.82984718529,0.8522058507640735
2021-11-01,0,0.3438872132244952,0.0,4319.43,0.0,37.31,200000,170441.1701528147,-29558.82984718529,0.8522058507640735
2021-11-02,2,1.5682062475169773,0.0,4589.89,0.0,37.1,200000,170441.1701528147,-29558.82984718529,0.8522058507640735
2021-11-03,0,0.7732430658806754,0.0,4603.35,0.0,38.49,200000,170441.1701528147,-29558.82984718529,0.8522058507640735
2021-11-04,0,0.9322698584048325,0.0,4532.32,0.0,37.51,200000,170441.1701528147,-29558.82984718529,0.8522058507640735
2021-11-05,0,0.9966155796315219,0.0,4474.24,0.0,36.77,200000,170441.1701528147,-29558.82984718529,0.8522058507640735
2021-11-06,2,1.3797732656034112,0.0,4518.0,0.0,36.22,200000,170441.1701528147,-29558.82984718529,0.8522058507640735
2021-11-07,2,1.791065106181592,0.0,4612.59,0.0,35.73,200000,170441.1701528147,-29558.82984718529,0.8522058507640735
2021-11-08,2,1.8060970835176042,0.0,4807.98,0.0,36.62,200000,170441.1701528147,-29558.82984718529,0.8522058507640735
2021-11-09,2,1.6573450879574445,0.0,4732.33,0.0,35.84,200000,170441.1701528147,-29558.82984718529,0.8522058507640735
2021-11-10,2,2.4494382712270095,0.0,4628.78,0.0,32.05,200000,170441.1701528147,-29558.82984718529,0.8522058507640735
2021-11-11,2,1.9592408985678635,0.0,4719.0,0.0,32.94,200000,170441.1701528147,-29558.82984718529,0.8522058507640735
2021-11-12,2,1.8416021869458834,0.0,4665.46,0.0,32.05,200000,170441.1701528147,-29558.82984718529,0.8522058507640735
2021-11-13,2,1.4457064365103107,0.0,4644.28,0.0,32.5,200000,170441.1701528147,-29558.82984718529,0.8522058507640735
2021-11-14,2,1.4179098287241145,0.0,4626.5,0.0,31.93,200000,170441.1701528147,-29558.82984718529,0.8522058507640735
2021-11-15,2,1.3608720487137056,0.0,4563.78,0.0,31.45,200000,170441.1701528147,-29558.82984718529,0.8522058507640735
2021-11-16,2,1.4954602074518057,0.0,4209.76,0.0,28.29,200000,170441.1701528147,-29558.82984718529,0.8522058507640735
2021-11-17,1,1.136616356113477,-19.875130620926196,4287.8,2894.720960475793,29.44,200000,170441.1701528147,-29558.82984718529,0.8522058507640735
2021-11-18,2,1.3573949107271661,0.0,3996.9,0.0,26.62,200000,172822.607763729,-27177.392236271,0.864113038818645
2021-11-19,2,1.40996253767044,0.0,4294.76,0.0,28.12,200000,172822.607763729,-27177.392236271,0.864113038818645
2021-11-20,1,1.0917176204705816,-19.584763026325934,4412.17,2936.1639103589705,29.43,200000,172822.607763729,-27177.392236271,0.864113038818645
2021-11-21,0,0.016433730654192204,0.0,4258.31,0.0,30.88,200000,165551.85845447797,-34448.14154552203,0.8277592922723899
2021-11-22,0,-0.990803074365928,0.0,4085.97,0.0,32.17,200000,165551.85845447797,-34448.14154552203,0.8277592922723899
2021-11-23,0,-0.32353071259853394,0.0,4339.44,0.0,32.05,200000,165551.85845447797,-34448.14154552203,0.8277592922723899
2021-11-24,0,0.4645225155377801,0.0,4269.36,0.0,29.62,200000,165551.85845447797,-34448.14154552203,0.8277592922723899
2021-11-25,2,1.2388119709699232,0.0,4524.85,0.0,29.77,200000,165551.85845447797,-34448.14154552203,0.8277592922723899
2021-11-26,0,0.858893949095875,0.0,4041.2,0.0,27.07,200000,165551.85845447797,-34448.14154552203,0.8277592922723899
2021-11-27,2,1.2610978924031595,0.0,4095.29,0.0,26.73,200000,165551.85845447797,-34448.14154552203,0.8277592922723899
2021-11-28,2,1.5853113012686213,0.0,4294.78,0.0,27.39,200000,165551.85845447797,-34448.14154552203,0.8277592922723899
2021-11-29,2,1.6183972419997705,0.0,4444.53,0.0,28.1,200000,165551.85845447797,-34448.14154552203,0.8277592922723899
2021-11-30,2,2.367441407377999,0.0,4630.26,0.0,27.51,200000,165551.85845447797,-34448.14154552203,0.8277592922723899
2021-12-01,2,2.2327473872769574,0.0,4582.95,0.0,26.67,200000,165551.85845447797,-34448.14154552203,0.8277592922723899
2021-12-02,0,0.8960412478765457,0.0,4511.21,0.0,28.37,200000,165551.85845447797,-34448.14154552203,0.8277592922723899
2021-12-03,-2,-1.7912883799452959,0.0,4215.73,0.0,32.79,200000,165551.85845447797,-34448.14154552203,0.8277592922723899
2021-12-04,0,-0.24236405593468952,0.0,4117.25,0.0,28.15,200000,165551.85845447797,-34448.14154552203,0.8277592922723899
2021-12-05,2,1.6661774624607852,0.0,4196.44,0.0,24.57,200000,165551.85845447797,-34448.14154552203,0.8277592922723899
2021-12-06,2,1.944864785000381,0.0,4347.59,0.0,24.33,200000,165551.85845447797,-34448.14154552203,0.8277592922723899
2021-12-07,2,1.6051498618275606,0.0,4306.4,0.0,24.3,200000,165551.85845447797,-34448.14154552203,0.8277592922723899
2021-12-08,2,1.320191075643258,0.0,4436.91,0.0,25.32,200000,165551.85845447797,-34448.14154552203,0.8277592922723899
2021-12-09,2,1.589606486207481,0.0,4105.64,0.0,22.45,200000,165551.85845447797,-34448.14154552203,0.8277592922723899
2021-12-10,0,0.9119580354689324,0.0,3897.94,0.0,22.54,200000,165551.85845447797,-34448.14154552203,0.8277592922723899
2021-12-11,0,0.52950620572965,0.0,4089.37,0.0,24.4,200000,165551.85845447797,-34448.14154552203,0.8277592922723899
2021-12-12,0,0.5187790850978381,0.0,4130.0,0.0,24.49,200000,165551.85845447797,-34448.14154552203,0.8277592922723899
2021-12-13,0,0.7976818876001013,0.0,3781.93,0.0,21.74,200000,165551.85845447797,-34448.14154552203,0.8277592922723899
2021-12-14,0,0.9232780711406215,0.0,3858.99,0.0,21.8,200000,165551.85845447797,-34448.14154552203,0.8277592922723899
2021-12-15,1,1.0259060273480236,-20.59574062403311,4019.08,3705.2788373876,22.34,200000,165551.85845447797,-34448.14154552203,0.8277592922723899
2021-12-16,1,1.024093531430858,-20.59574062403311,3958.11,3705.2788373876,21.83,200000,162406.44394156302,-37593.55605843698,0.8120322197078151
2021-12-17,1,1.020309122852514,-20.59574062403311,3875.42,3705.2788373876,21.21,200000,158406.1092701814,-41593.89072981861,0.792030546350907
2021-12-18,0,0.10936607383899676,0.0,3959.93,0.0,23.15,200000,161332.3445382825,-38667.65546171751,0.8066617226914125
2021-12-19,0,0.4998509048104839,0.0,3924.14,0.0,22.16,200000,161332.3445382825,-38667.65546171751,0.8066617226914125
2021-12-20,0,0.8987514701970909,0.0,3944.73,0.0,21.52,200000,161332.3445382825,-38667.65546171751,0.8066617226914125
2021-12-21,0,-0.09942200108104665,0.0,4014.15,0.0,23.63,200000,161332.3445382825,-38667.65546171751,0.8066617226914125
2021-12-22,-2,-1.7539672963641069,0.0,3979.51,0.0,27.37,200000,161332.3445382825,-38667.65546171751,0.8066617226914125
2021-12-23,-2,-2.1808353977630675,0.0,4111.41,0.0,28.36,200000,161332.3445382825,-38667.65546171751,0.8066617226914125
2021-12-24,-2,-1.8111196717826563,0.0,4046.36,0.0,26.9,200000,161332.3445382825,-38667.65546171751,0.8066617226914125
2021-12-25,-2,-2.297249682194275,0.0,4094.83,0.0,29.66,200000,161332.3445382825,-38667.65546171751,0.8066617226914125
2021-12-26,-2,-2.436962373112847,0.0,4063.56,0.0,32.12,200000,161332.3445382825,-38667.65546171751,0.8066617226914125
2021-12-27,-2,-1.6344058730262427,0.0,4037.23,0.0,29.71,200000,161332.3445382825,-38667.65546171751,0.8066617226914125
2021-12-28,-1,-1.1350895025720384,21.268518164693493,3792.75,-3033.703357244876,26.59,200000,161332.3445382825,-38667.65546171751,0.8066617226914125
2021-12-29,-2,-1.6044742389904585,0.0,3630.19,0.0,27.94,200000,168885.25438341565,-31114.745616584347,0.8444262719170783
2021-12-30,-2,-1.6992793826235233,0.0,3709.27,0.0,30.16,200000,168885.25438341565,-31114.745616584347,0.8444262719170783
2021-12-31,-2,-1.8352971068391477,0.0,3676.23,0.0,32.39,200000,168885.25438341565,-31114.745616584347,0.8444262719170783
2022-01-01,-2,-1.9142048824668758,0.0,3765.54,0.0,36.36,200000,168885.25438341565,-31114.745616584347,0.8444262719170783
2022-01-02,-2,-1.5410117107420662,0.0,3828.27,0.0,35.53,200000,168885.25438341565,-31114.745616584347,0.8444262719170783
2022-01-03,-2,-1.7236599445659997,0.0,3765.89,0.0,39.25,200000,168885.25438341565,-31114.745616584347,0.8444262719170783
2022-01-04,-2,-1.700380270524043,0.0,3785.11,0.0,42.1,200000,168885.25438341565,-31114.745616584347,0.8444262719170783
2022-01-05,-2,-1.4786251927642935,0.0,3540.63,0.0,38.66,200000,168885.25438341565,-31114.745616584347,0.8444262719170783
2022-01-06,-2,-1.5362278834511058,0.0,3406.81,0.0,40.08,200000,168885.25438341565,-31114.745616584347,0.8444262719170783
2022-01-07,-2,-1.4435915456252368,0.0,3199.24,0.0,38.58,200000,168885.25438341565,-31114.745616584347,0.8444262719170783
2022-01-08,-2,-1.2415329674039899,0.0,3080.95,0.0,35.87,200000,168885.25438341565,-31114.745616584347,0.8444262719170783
2022-01-09,-1,-1.043776956331905,26.7904285864738,3151.97,-2414.0259345828426,34.98,200000,168885.25438341565,-31114.745616584347,0.8444262719170783
2022-01-10,-2,-1.2972742151681769,0.0,3082.68,0.0,37.86,200000,177693.957871771,-22306.04212822899,0.888469789358855
2022-01-11,-1,-1.0951551554468995,27.424277078230684,3239.72,-2295.787569402726,38.7,200000,177693.957871771,-22306.04212822899,0.888469789358855
2022-01-12,-1,-0.9964208289004005,27.424277078230684,3371.26,-2295.787569402726,40.22,200000,184790.94438413362,-15209.055615866382,0.9239547219206681
2022-01-13,-1,-0.8260875909081676,27.424277078230684,3240.61,-2295.787569402726,37.6,200000,175192.99915202765,-24807.000847972347,0.8759649957601383
2022-01-14,-1,-0.9453020031522018,27.424277078230684,3307.42,-2295.787569402726,40.42,200000,183499.3360493399,-16500.66395066009,0.9174966802466995
2022-01-15,-1,-0.7080564456290247,27.424277078230684,3326.04,-2295.787569402726,39.12,200000,181025.45224831303,-18974.547751686972,0.9051272612415652
2022-01-16,-1,-1.0586076488640606,27.424277078230684,3346.88,-2295.787569402726,43.65,200000,191996.8918720177,-8003.108127982297,0.9599844593600885
2022-01-17,-1,-0.7388560287026075,27.424277078230684,3209.67,-2295.787569402726,39.13,200000,177857.04700041335,-22142.952999586647,0.8892852350020668
2022-01-18,-1,-0.6567034764547953,27.424277078230684,3159.85,-2295.787569402726,38.24,200000,174447.51857960748,-25552.48142039252,0.8722375928980374
2022-01-19,-1,-0.557060339449979,27.424277078230684,3084.02,-2295.787569402726,37.02,200000,169567.07481409394,-30432.92518590606,0.8478353740704697
2022-01-20,-2,-1.2388740372426217,0.0,3001.48,0.0,38.98,200000,184870.33816232142,-15129.661837678577,0.9243516908116072
2022-01-21,-2,-1.5151273101542548,0.0,2568.15,0.0,34.61,200000,184870.33816232142,-15129.661837678577,0.9243516908116072
2022-01-22,0,-0.3089444494212024,0.0,2412.18,0.0,29.24,200000,184870.33816232142,-15129.661837678577,0.9243516908116072
2022-01-23,-2,-1.968753456309086,0.0,2539.01,0.0,34.61,200000,184870.33816232142,-15129.661837678577,0.9243516908116072
2022-01-24,-2,-2.4920949673353547,0.0,2439.29,0.0,36.02,200000,184870.33816232142,-15129.661837678577,0.9243516908116072
2022-01-25,-2,-2.051634791146949,0.0,2458.83,0.0,35.87,200000,184870.33816232142,-15129.661837678577,0.9243516908116072
2022-01-26,0,-0.6997055100598825,0.0,2462.99,0.0,32.36,200000,184870.33816232142,-15129.661837678577,0.9243516908116072
2022-01-27,0,0.08690341400309631,0.0,2424.25,0.0,30.06,200000,184870.33816232142,-15129.661837678577,0.9243516908116072
2022-01-28,1,1.049682057979542,-36.320444905937045,2544.99,3136.5853098459693,29.47,200000,184870.33816232142,-15129.661837678577,0.9243516908116072
2022-01-29,2,1.5950691834076791,0.0,2601.43,0.0,29.08,200000,188143.53234365245,-11856.467656347551,0.9407176617182622
2022-01-30,2,2.180839207837979,0.0,2601.68,0.0,27.19,200000,188143.53234365245,-11856.467656347551,0.9407176617182622
2022-01-31,2,1.8956355732697079,0.0,2686.94,0.0,28.05,200000,188143.53234365245,-11856.467656347551,0.9407176617182622
