date,statusList,zscore,LINKUSDT_position,LINKUSDT_price,ICXUSDT_position,ICXUSDT_price,init,total_asset,pnl,return
2020-01-01,0,,0.0,1.8111,0.0,0.1146,200000,200000.0,0.0,1.0
2020-01-02,0,,0.0,1.7366,0.0,0.1096,200000,200000.0,0.0,1.0
2020-01-03,0,,0.0,1.804,0.0,0.1142,200000,200000.0,0.0,1.0
2020-01-04,0,,0.0,1.8242,0.0,0.1139,200000,200000.0,0.0,1.0
2020-01-05,0,,0.0,1.7957,0.0,0.1135,200000,200000.0,0.0,1.0
2020-01-06,0,,0.0,1.9374,0.0,0.1248,200000,200000.0,0.0,1.0
2020-01-07,0,,0.0,2.1033,0.0,0.1201,200000,200000.0,0.0,1.0
2020-01-08,0,,0.0,2.1892,0.0,0.1171,200000,200000.0,0.0,1.0
2020-01-09,0,,0.0,2.1886,0.0,0.1167,200000,200000.0,0.0,1.0
2020-01-10,0,,0.0,2.2257,0.0,0.1188,200000,200000.0,0.0,1.0
2020-01-11,0,,0.0,2.2734,0.0,0.1202,200000,200000.0,0.0,1.0
2020-01-12,0,,0.0,2.2383,0.0,0.1215,200000,200000.0,0.0,1.0
2020-01-13,0,,0.0,2.1901,0.0,0.1229,200000,200000.0,0.0,1.0
2020-01-14,0,,0.0,2.3751,0.0,0.1394,200000,200000.0,0.0,1.0
2020-01-15,0,,0.0,2.3953,0.0,0.143,200000,200000.0,0.0,1.0
2020-01-16,0,,0.0,2.4925,0.0,0.1455,200000,200000.0,0.0,1.0
2020-01-17,0,,0.0,2.7006,0.0,0.1527,200000,200000.0,0.0,1.0
2020-01-18,0,,0.0,2.7709,0.0,0.1532,200000,200000.0,0.0,1.0
2020-01-19,0,,0.0,2.6212,0.0,0.1462,200000,200000.0,0.0,1.0
2020-01-20,0,0.4179015659460025,0.0,2.688,0.0,0.1511,200000,200000.0,0.0,1.0
2020-01-21,0,-0.3127242824231651,0.0,2.6716,0.0,0.157,200000,200000.0,0.0,1.0
2020-01-22,0,-0.49112018582766187,0.0,2.6426,0.0,0.1564,200000,200000.0,0.0,1.0
2020-01-23,0,-0.9210227202733531,0.0,2.4698,0.0,0.1495,200000,200000.0,0.0,1.0
2020-01-24,0,-0.8984270726032294,0.0,2.5024,0.0,0.1507,200000,200000.0,0.0,1.0
2020-01-25,-2,-1.7302113751245316,0.0,2.4468,0.0,0.155,200000,200000.0,0.0,1.0
2020-01-26,-2,-2.4682614699976853,0.0,2.5764,0.0,0.1738,200000,200000.0,0.0,1.0
2020-01-27,-2,-2.1364478877877344,0.0,2.6055,0.0,0.1775,200000,200000.0,0.0,1.0
2020-01-28,-2,-2.0685742020384454,0.0,2.6558,0.0,0.186,200000,200000.0,0.0,1.0
2020-01-29,-2,-2.346793406433264,0.0,2.7773,0.0,0.2112,200000,200000.0,0.0,1.0
2020-01-30,-2,-2.361316629405939,0.0,2.9156,0.0,0.238,200000,200000.0,0.0,1.0
2020-01-31,-2,-2.4743630032223276,0.0,2.8259,0.0,0.2589,200000,200000.0,0.0,1.0
2020-02-01,-2,-2.255832726874013,0.0,2.8378,0.0,0.2751,200000,200000.0,0.0,1.0
2020-02-02,-2,-2.2945524289892787,0.0,2.8267,0.0,0.3176,200000,200000.0,0.0,1.0
2020-02-03,-2,-2.2598261625792806,0.0,2.771,0.0,0.3705,200000,200000.0,0.0,1.0
2020-02-04,-2,-2.317461807724044,0.0,2.7395,0.0,0.5091,200000,200000.0,0.0,1.0
2020-02-05,-2,-1.746287657724612,0.0,2.839,0.0,0.4369,200000,200000.0,0.0,1.0
2020-02-06,-2,-1.576498516001486,0.0,2.89,0.0,0.4574,200000,200000.0,0.0,1.0
2020-02-07,-1,-1.069108476986177,30237.058538945334,3.3072,-242541.8384671356,0.4123,200000,200000.0,0.0,1.0
2020-02-08,-1,-0.8835378804670885,30237.058538945334,3.4171,-242541.8384671356,0.4056,200000,201698.0224157003,1698.0224157003104,1.0084901120785015
2020-02-09,-1,-0.9009564037394554,30237.058538945334,3.4945,-242541.8384671356,0.438,200000,211896.72631294985,11896.726312949846,1.0594836315647491
2020-02-10,-1,-0.7386730741498884,30237.058538945334,3.3862,-242541.8384671356,0.4077,200000,201273.03516762785,1273.0351676278515,1.0063651758381393
2020-02-11,-1,-0.33221349206342193,30237.058538945334,3.9931,-242541.8384671356,0.4161,200000,221661.25743803775,21661.25743803775,1.1083062871901888
2020-02-12,-1,-0.2969575962383374,30237.058538945334,3.9953,-242541.8384671356,0.423,200000,223401.31765224662,23401.317652246624,1.117006588261233
2020-02-13,0,-0.014420481963957451,0.0,3.8765,0.0,0.3843,200000,175994.87109669863,-24005.128903301375,0.8799743554834931
2020-02-14,0,0.384556067992741,0.0,4.426,0.0,0.4036,200000,175994.87109669863,-24005.128903301375,0.8799743554834931
2020-02-15,0,0.8757059128958744,0.0,4.3241,0.0,0.3595,200000,175994.87109669863,-24005.128903301375,0.8799743554834931
2020-02-16,2,1.2633261323291956,0.0,4.4566,0.0,0.35,200000,175994.87109669863,-24005.128903301375,0.8799743554834931
2020-02-17,2,1.2742908184323096,0.0,4.3108,0.0,0.3455,200000,175994.87109669863,-24005.128903301375,0.8799743554834931
2020-02-18,1,1.0904958233527784,-19330.324352162494,4.5523,229998.5246951106,0.3826,200000,175994.87109669863,-24005.128903301375,0.8799743554834931
2020-02-19,1,1.1813784480134457,-19330.324352162494,4.3873,229998.5246951106,0.3633,200000,168366.3960519762,-31633.60394802381,0.8418319802598809
2020-02-20,1,0.6634295780299219,-19330.324352162494,4.2644,229998.5246951106,0.3896,200000,172039.66038857683,-27960.339611423173,0.8601983019428842
2020-02-21,1,0.296347702523773,-19330.324352162494,4.2778,229998.5246951106,0.4222,200000,179796.63863995642,-20203.36136004358,0.8989831931997821
2020-02-22,1,0.2530816159984569,-19330.324352162494,4.1066,229998.5246951106,0.4067,200000,172922.30997809197,-27077.690021908027,0.8646115498904599
2020-02-23,1,0.3782523873712493,-19330.324352162494,4.2365,229998.5246951106,0.4033,200000,174651.3241274745,-25348.67587252549,0.8732566206373725
2020-02-24,1,0.4033724893618519,-19330.324352162494,3.9148,229998.5246951106,0.365,200000,159623.8152875611,-40376.1847124389,0.7981190764378054
2020-02-25,1,0.3011993143929359,-19330.324352162494,3.4905,229998.5246951106,0.3266,200000,142590.0153166463,-57409.98468335369,0.7129500765832315
2020-02-26,1,0.8979609659011915,-19330.324352162494,3.5648,229998.5246951106,0.3027,200000,138529.29367579886,-61470.706324201135,0.6926464683789944
2020-02-27,2,1.436450753459516,0.0,3.9579,0.0,0.3099,200000,181225.81904710777,-18774.18095289223,0.9061290952355389
2020-02-28,2,1.781659657115944,0.0,4.1609,0.0,0.306,200000,181225.81904710777,-18774.18095289223,0.9061290952355389
2020-02-29,2,1.780004568181262,0.0,4.0579,0.0,0.2937,200000,181225.81904710777,-18774.18095289223,0.9061290952355389
2020-03-01,2,1.4260440717081002,0.0,3.859,0.0,0.2875,200000,181225.81904710777,-18774.18095289223,0.9061290952355389
2020-03-02,2,1.2672722557537786,0.0,4.2423,0.0,0.3171,200000,181225.81904710777,-18774.18095289223,0.9061290952355389
2020-03-03,2,1.245271261715246,0.0,4.5846,0.0,0.3399,200000,181225.81904710777,-18774.18095289223,0.9061290952355389
2020-03-04,2,1.6339797732239938,0.0,4.6406,0.0,0.3257,200000,181225.81904710777,-18774.18095289223,0.9061290952355389
2020-03-05,0,-0.17210761867204225,0.0,4.7151,0.0,0.3958,200000,181225.81904710777,-18774.18095289223,0.9061290952355389
2020-03-06,0,0.10197244798250218,0.0,4.6814,0.0,0.3812,200000,181225.81904710777,-18774.18095289223,0.9061290952355389
2020-03-07,0,0.18435292525444413,0.0,4.3412,0.0,0.351,200000,181225.81904710777,-18774.18095289223,0.9061290952355389
2020-03-08,2,1.3008057053791935,0.0,4.0537,0.0,0.2903,200000,181225.81904710777,-18774.18095289223,0.9061290952355389
2020-03-09,0,0.28326743602660637,0.0,4.1231,0.0,0.3266,200000,181225.81904710777,-18774.18095289223,0.9061290952355389
2020-03-10,0,0.49588281190647554,0.0,4.0839,0.0,0.3151,200000,181225.81904710777,-18774.18095289223,0.9061290952355389
2020-03-11,0,0.22068157026882967,0.0,3.8169,0.0,0.3014,200000,181225.81904710777,-18774.18095289223,0.9061290952355389
2020-03-12,0,-0.33545267251974575,0.0,1.9931,0.0,0.1653,200000,181225.81904710777,-18774.18095289223,0.9061290952355389
2020-03-13,0,0.12325016537756431,0.0,2.4333,0.0,0.1911,200000,181225.81904710777,-18774.18095289223,0.9061290952355389
2020-03-14,0,-0.9151791410443063,0.0,2.1379,0.0,0.1819,200000,181225.81904710777,-18774.18095289223,0.9061290952355389
2020-03-15,-2,-1.6688612100740687,0.0,2.0884,0.0,0.1885,200000,181225.81904710777,-18774.18095289223,0.9061290952355389
2020-03-16,-2,-2.141017590429297,0.0,1.7832,0.0,0.1682,200000,181225.81904710777,-18774.18095289223,0.9061290952355389
2020-03-17,-2,-2.0907676368659116,0.0,1.8641,0.0,0.1804,200000,181225.81904710777,-18774.18095289223,0.9061290952355389
2020-03-18,-2,-1.5497830538898718,0.0,1.9483,0.0,0.1822,200000,181225.81904710777,-18774.18095289223,0.9061290952355389
2020-03-19,-2,-1.3471247204278658,0.0,2.2398,0.0,0.2085,200000,181225.81904710777,-18774.18095289223,0.9061290952355389
2020-03-20,0,-0.8878736024777202,0.0,2.26,0.0,0.2021,200000,181225.81904710777,-18774.18095289223,0.9061290952355389
2020-03-21,0,-0.6788707490822324,0.0,2.2787,0.0,0.201,200000,181225.81904710777,-18774.18095289223,0.9061290952355389
2020-03-22,-1,-1.011196173242477,45538.70214270474,1.9898,-493265.70236011915,0.1837,200000,181225.81904710777,-18774.18095289223,0.9061290952355389
2020-03-23,-1,-0.5425459079424839,45538.70214270474,2.2468,-493265.70236011915,0.1991,200000,200525.55731412873,525.5573141287314,1.0026277865706437
2020-03-24,-1,-0.6884255489268484,45538.70214270474,2.3104,-493265.70236011915,0.2089,200000,208255.82265353392,8255.82265353392,1.0412791132676695
2020-03-25,-1,-0.7105722860910267,45538.70214270474,2.257,-493265.70236011915,0.2055,200000,204146.9525710891,4146.952571089088,1.0207347628554455
2020-03-26,-1,-0.5726048690822763,45538.70214270474,2.3132,-493265.70236011915,0.2092,200000,208531.31073024153,8531.31073024153,1.0426565536512076
2020-03-27,-1,-0.5766053564094653,45538.70214270474,2.1373,-493265.70236011915,0.1945,200000,193270.047198646,-6729.952801353997,0.96635023599323
2020-03-28,-1,-0.3045741760579906,45538.70214270474,2.1364,-493265.70236011915,0.1913,200000,191650.6121191652,-8349.387880834809,0.9582530605958259
2020-03-29,0,-0.15188386593770312,0.0,2.0083,0.0,0.1789,200000,178015.67768613918,-21984.322313860815,0.890078388430696
2020-03-30,-2,-1.256126076250275,0.0,2.135,0.0,0.2055,200000,178015.67768613918,-21984.322313860815,0.890078388430696
2020-03-31,0,-0.731872213251946,0.0,2.2658,0.0,0.2118,200000,178015.67768613918,-21984.322313860815,0.890078388430696
2020-04-01,-2,-2.5747914067929822,0.0,2.2753,0.0,0.2447,200000,178015.67768613918,-21984.322313860815,0.890078388430696
2020-04-02,-2,-2.5892305661052397,0.0,2.2941,0.0,0.2505,200000,178015.67768613918,-21984.322313860815,0.890078388430696
2020-04-03,-2,-1.7948877012944917,0.0,2.3013,0.0,0.2419,200000,178015.67768613918,-21984.322313860815,0.890078388430696
2020-04-04,-2,-1.3690161099354685,0.0,2.3155,0.0,0.2392,200000,178015.67768613918,-21984.322313860815,0.890078388430696
2020-04-05,-1,-1.0972095636493797,39323.100880525555,2.2635,-385315.3196669679,0.231,200000,178015.67768613918,-21984.322313860815,0.890078388430696
2020-04-06,-1,-0.5882556064769858,39323.100880525555,2.5555,-385315.3196669679,0.2519,200000,197551.1133242923,-2448.886675707705,0.9877555666214615
2020-04-07,0,0.6094339342356173,0.0,2.7303,0.0,0.2479,200000,166171.4830974816,-33828.5169025184,0.830857415487408
2020-04-08,2,2.2200740543445328,0.0,3.1693,0.0,0.253,200000,166171.4830974816,-33828.5169025184,0.830857415487408
2020-04-09,2,2.3099407722149667,0.0,3.3099,0.0,0.2538,200000,166171.4830974816,-33828.5169025184,0.830857415487408
2020-04-10,2,2.5799207381814497,0.0,3.22,0.0,0.2288,200000,166171.4830974816,-33828.5169025184,0.830857415487408
2020-04-11,2,2.2371013107736673,0.0,3.29,0.0,0.2299,200000,166171.4830974816,-33828.5169025184,0.830857415487408
2020-04-12,2,2.090355301790813,0.0,3.4189,0.0,0.2323,200000,166171.4830974816,-33828.5169025184,0.830857415487408
2020-04-13,2,1.825242510161187,0.0,3.3702,0.0,0.2279,200000,166171.4830974816,-33828.5169025184,0.830857415487408
2020-04-14,2,1.3750673869636023,0.0,3.252,0.0,0.228,200000,166171.4830974816,-33828.5169025184,0.830857415487408
2020-04-15,1,1.192360302004535,-26619.806980885813,3.1212,376806.0841212735,0.2205,200000,166171.4830974816,-33828.5169025184,0.830857415487408
2020-04-16,2,1.353842470280256,0.0,3.4851,0.0,0.2353,200000,170281.7008128311,-29718.299187168886,0.8514085040641556
2020-04-17,2,1.2438988245746663,0.0,3.4523,0.0,0.2321,200000,170281.7008128311,-29718.299187168886,0.8514085040641556
2020-04-18,2,1.2799465994924282,0.0,3.7805,0.0,0.2474,200000,170281.7008128311,-29718.299187168886,0.8514085040641556
2020-04-19,1,1.0835372813668,-23714.793160942445,3.5902,358035.5357713017,0.2378,200000,170281.7008128311,-29718.299187168886,0.8514085040641556
2020-04-20,1,1.1114969523880913,-23714.793160942445,3.4322,358035.5357713017,0.2222,200000,160949.4091353699,-39050.590864630096,0.8047470456768495
2020-04-21,1,0.9992792069435956,-23714.793160942445,3.4577,358035.5357713017,0.2245,200000,162377.61809324793,-37622.38190675207,0.8118880904662397
2020-04-22,1,0.9661854955018556,-23714.793160942445,3.6786,358035.5357713017,0.2372,200000,172163.26720679563,-27836.73279320437,0.8608163360339781
2020-04-23,1,0.6738132349130938,-23714.793160942445,3.7533,358035.5357713017,0.2497,200000,178410.20645305933,-21589.793546940666,0.8920510322652967
2020-04-24,0,0.18019523830272108,0.0,3.7735,0.0,0.265,200000,164890.05582625244,-35109.94417374756,0.8244502791312622
2020-04-25,0,-0.15320239643032657,0.0,3.7865,0.0,0.2722,200000,164890.05582625244,-35109.94417374756,0.8244502791312622
2020-04-26,-2,-1.5296818003764698,0.0,3.721,0.0,0.2989,200000,164890.05582625244,-35109.94417374756,0.8244502791312622
2020-04-27,-2,-1.8217724416410714,0.0,3.6383,0.0,0.2907,200000,164890.05582625244,-35109.94417374756,0.8244502791312622
2020-04-28,-2,-1.56589786321088,0.0,3.6413,0.0,0.2839,200000,164890.05582625244,-35109.94417374756,0.8244502791312622
2020-04-29,-2,-1.3765617292683043,0.0,3.8879,0.0,0.299,200000,164890.05582625244,-35109.94417374756,0.8244502791312622
2020-04-30,-1,-1.0119877667262356,22267.394439736992,3.7025,-295926.1590564473,0.2786,200000,164890.05582625244,-35109.94417374756,0.8244502791312622
2020-05-01,-1,-0.9944342892737028,22267.394439736992,3.7571,-295926.1590564473,0.2841,200000,167733.44943747253,-32266.550562527467,0.8386672471873626
2020-05-02,-1,-0.9798156077243718,22267.394439736992,3.8182,-295926.1590564473,0.2906,200000,171017.50727160735,-28982.49272839265,0.8550875363580368
2020-05-03,-1,-0.5309917726954697,22267.394439736992,3.7092,-295926.1590564473,0.2738,200000,163618.8018055277,-36381.198194472294,0.8180940090276385
2020-05-04,-1,-0.4406201494419093,22267.394439736992,3.7499,-295926.1590564473,0.2756,200000,165057.75184552663,-34942.248154473375,0.8252887592276331
2020-05-05,-1,-0.5666960519195562,22267.394439736992,3.6833,-295926.1590564473,0.2742,200000,163160.4467531611,-36839.553246838914,0.8158022337658054
2020-05-06,-1,-0.23919977658401506,22267.394439736992,3.5872,-295926.1590564473,0.2613,200000,157203.10269567423,-42796.89730432577,0.7860155134783712
2020-05-07,-1,-0.48167782070833026,22267.394439736992,3.756,-295926.1590564473,0.2801,200000,166525.25066736303,-33474.74933263697,0.8326262533368152
2020-05-08,-1,-1.1599575809105585,22267.394439736992,3.801,-295926.1590564473,0.3018,200000,173948.88106867613,-26051.118931323872,0.8697444053433806
2020-05-09,0,-0.10682865140569997,0.0,4.015,0.0,0.2954,200000,162903.05453598296,-37096.945464017044,0.8145152726799147
2020-05-10,0,0.7260579530605075,0.0,3.7582,0.0,0.2632,200000,162903.05453598296,-37096.945464017044,0.8145152726799147
2020-05-11,0,0.8412781683260584,0.0,3.5837,0.0,0.2515,200000,162903.05453598296,-37096.945464017044,0.8145152726799147
2020-05-12,0,0.7375713534267724,0.0,3.6943,0.0,0.264,200000,162903.05453598296,-37096.945464017044,0.8145152726799147
2020-05-13,0,0.7715337874890947,0.0,3.7655,0.0,0.2712,200000,162903.05453598296,-37096.945464017044,0.8145152726799147
2020-05-14,2,1.3186732761400486,0.0,3.8096,0.0,0.2685,200000,162903.05453598296,-37096.945464017044,0.8145152726799147
2020-05-15,0,0.32972996625986384,0.0,3.6615,0.0,0.269,200000,162903.05453598296,-37096.945464017044,0.8145152726799147
2020-05-16,0,0.6013605460649272,0.0,3.7614,0.0,0.2725,200000,162903.05453598296,-37096.945464017044,0.8145152726799147
2020-05-17,0,0.21660416532738075,0.0,3.7815,0.0,0.277,200000,162903.05453598296,-37096.945464017044,0.8145152726799147
2020-05-18,0,-0.0443120302156802,0.0,3.8895,0.0,0.2866,200000,162903.05453598296,-37096.945464017044,0.8145152726799147
2020-05-19,0,-0.6812541662875135,0.0,3.947,0.0,0.2961,200000,162903.05453598296,-37096.945464017044,0.8145152726799147
2020-05-20,-2,-2.8748659561869405,0.0,4.0866,0.0,0.341,200000,162903.05453598296,-37096.945464017044,0.8145152726799147
2020-05-21,-2,-1.8175267708174394,0.0,3.8298,0.0,0.3083,200000,162903.05453598296,-37096.945464017044,0.8145152726799147
2020-05-22,-2,-1.563640813032272,0.0,4.0611,0.0,0.3254,200000,162903.05453598296,-37096.945464017044,0.8145152726799147
2020-05-23,-2,-1.6187798873373078,0.0,3.925,0.0,0.3191,200000,162903.05453598296,-37096.945464017044,0.8145152726799147
2020-05-24,-1,-1.1957585618544426,21481.532628633984,3.7917,-268551.0295680563,0.3033,200000,162903.05453598296,-37096.945464017044,0.8145152726799147
2020-05-25,-2,-2.0136702140050176,0.0,3.8614,0.0,0.3318,200000,169059.49605445674,-30940.503945543256,0.8452974802722837
2020-05-26,-2,-2.0417564404048547,0.0,3.844,0.0,0.3408,200000,169059.49605445674,-30940.503945543256,0.8452974802722837
2020-05-27,-2,-1.6832830247550281,0.0,3.8526,0.0,0.3388,200000,169059.49605445674,-30940.503945543256,0.8452974802722837
2020-05-28,-2,-1.4423715269118251,0.0,4.0461,0.0,0.3527,200000,169059.49605445674,-30940.503945543256,0.8452974802722837
2020-05-29,-2,-1.3485187002965202,0.0,3.98,0.0,0.3492,200000,169059.49605445674,-30940.503945543256,0.8452974802722837
2020-05-30,-1,-1.0001716034234622,20240.343851550024,4.1763,-236182.58739097058,0.3579,200000,169059.49605445674,-30940.503945543256,0.8452974802722837
2020-05-31,0,-0.03308454877325024,0.0,4.131,0.0,0.3272,200000,162725.57819802916,-37274.421801970835,0.8136278909901458
2020-06-01,0,0.20057353584948107,0.0,4.3785,0.0,0.3423,200000,162725.57819802916,-37274.421801970835,0.8136278909901458
2020-06-02,0,0.4961229219193265,0.0,4.3976,0.0,0.338,200000,162725.57819802916,-37274.421801970835,0.8136278909901458
2020-06-03,0,0.8625262544743433,0.0,4.4892,0.0,0.339,200000,162725.57819802916,-37274.421801970835,0.8136278909901458
2020-06-04,0,0.8810019424788367,0.0,4.4243,0.0,0.3347,200000,162725.57819802916,-37274.421801970835,0.8136278909901458
2020-06-05,0,0.6355956541474854,0.0,4.358,0.0,0.3368,200000,162725.57819802916,-37274.421801970835,0.8136278909901458
2020-06-06,0,0.6958486776001843,0.0,4.3512,0.0,0.3368,200000,162725.57819802916,-37274.421801970835,0.8136278909901458
2020-06-07,0,0.9076157671610043,0.0,4.3465,0.0,0.334,200000,162725.57819802916,-37274.421801970835,0.8136278909901458
2020-06-08,2,1.388399637873669,0.0,4.473,0.0,0.335,200000,162725.57819802916,-37274.421801970835,0.8136278909901458
2020-06-09,1,1.1897469020517906,-18345.611972720315,4.435,244112.77857490125,0.3333,200000,162725.57819802916,-37274.421801970835,0.8136278909901458
2020-06-10,0,-0.31773557348747855,0.0,4.4225,0.0,0.3623,200000,155416.98746969804,-44583.01253030196,0.7770849373484903
2020-06-11,0,-0.15791877475271718,0.0,3.9565,0.0,0.3213,200000,155416.98746969804,-44583.01253030196,0.7770849373484903
2020-06-12,0,-0.08632096366779937,0.0,4.0819,0.0,0.33,200000,155416.98746969804,-44583.01253030196,0.7770849373484903
2020-06-13,0,-0.3838456238781452,0.0,4.11,0.0,0.3387,200000,155416.98746969804,-44583.01253030196,0.7770849373484903
2020-06-14,0,-0.311391106726723,0.0,3.9371,0.0,0.3221,200000,155416.98746969804,-44583.01253030196,0.7770849373484903
2020-06-15,0,-0.05856056380285341,0.0,3.9274,0.0,0.3151,200000,155416.98746969804,-44583.01253030196,0.7770849373484903
2020-06-16,0,0.4075711312212546,0.0,4.0502,0.0,0.316,200000,155416.98746969804,-44583.01253030196,0.7770849373484903
2020-06-17,0,0.39758130526613666,0.0,4.1659,0.0,0.324,200000,155416.98746969804,-44583.01253030196,0.7770849373484903
2020-06-18,0,0.03006762742426903,0.0,4.1415,0.0,0.3255,200000,155416.98746969804,-44583.01253030196,0.7770849373484903
2020-06-19,0,0.09397453714265983,0.0,4.098,0.0,0.3201,200000,155416.98746969804,-44583.01253030196,0.7770849373484903
2020-06-20,0,0.7178427145617324,0.0,4.1765,0.0,0.3197,200000,155416.98746969804,-44583.01253030196,0.7770849373484903
2020-06-21,0,0.8729130057643949,0.0,4.1812,0.0,0.318,200000,155416.98746969804,-44583.01253030196,0.7770849373484903
2020-06-22,2,2.0380462536783974,0.0,4.4841,0.0,0.3262,200000,155416.98746969804,-44583.01253030196,0.7770849373484903
2020-06-23,2,3.094328864966673,0.0,4.8051,0.0,0.3229,200000,155416.98746969804,-44583.01253030196,0.7770849373484903
2020-06-24,2,2.3983854656193246,0.0,4.7075,0.0,0.3174,200000,155416.98746969804,-44583.01253030196,0.7770849373484903
2020-06-25,2,2.503845276293865,0.0,4.8134,0.0,0.3107,200000,155416.98746969804,-44583.01253030196,0.7770849373484903
2020-06-26,2,2.15113505747196,0.0,4.6813,0.0,0.2998,200000,155416.98746969804,-44583.01253030196,0.7770849373484903
2020-06-27,2,1.8479139945407232,0.0,4.4058,0.0,0.2818,200000,155416.98746969804,-44583.01253030196,0.7770849373484903
2020-06-28,2,1.7689985677567008,0.0,4.5668,0.0,0.2876,200000,155416.98746969804,-44583.01253030196,0.7770849373484903
2020-06-29,2,1.3632032536354186,0.0,4.6187,0.0,0.297,200000,155416.98746969804,-44583.01253030196,0.7770849373484903
2020-06-30,2,1.3400499465682012,0.0,4.5626,0.0,0.2899,200000,155416.98746969804,-44583.01253030196,0.7770849373484903
2020-07-01,2,1.2124777762065861,0.0,4.7067,0.0,0.2989,200000,155416.98746969804,-44583.01253030196,0.7770849373484903
2020-07-02,0,0.6713893355909346,0.0,4.7996,0.0,0.3184,200000,155416.98746969804,-44583.01253030196,0.7770849373484903
2020-07-03,0,-0.1943570909154268,0.0,4.7309,0.0,0.3391,200000,155416.98746969804,-44583.01253030196,0.7770849373484903
2020-07-04,0,0.027993169834276938,0.0,4.82,0.0,0.3358,200000,155416.98746969804,-44583.01253030196,0.7770849373484903
2020-07-05,0,-0.5665971592593869,0.0,4.7439,0.0,0.3461,200000,155416.98746969804,-44583.01253030196,0.7770849373484903
2020-07-06,0,0.6315340026669416,0.0,5.3617,0.0,0.3522,200000,155416.98746969804,-44583.01253030196,0.7770849373484903
2020-07-07,0,-0.03452651970781524,0.0,5.7248,0.0,0.3935,200000,155416.98746969804,-44583.01253030196,0.7770849373484903
2020-07-08,2,1.5468110356030145,0.0,6.4987,0.0,0.3962,200000,155416.98746969804,-44583.01253030196,0.7770849373484903
2020-07-09,0,0.7470192482805316,0.0,6.082,0.0,0.3891,200000,155416.98746969804,-44583.01253030196,0.7770849373484903
2020-07-10,0,0.3164640946422173,0.0,6.1488,0.0,0.402,200000,155416.98746969804,-44583.01253030196,0.7770849373484903
2020-07-11,0,-0.025543924013355444,0.0,6.0994,0.0,0.4039,200000,155416.98746969804,-44583.01253030196,0.7770849373484903
2020-07-12,2,3.1319868109606617,0.0,7.3345,0.0,0.3976,200000,155416.98746969804,-44583.01253030196,0.7770849373484903
2020-07-13,2,1.7111489852048152,0.0,7.163,0.0,0.4138,200000,155416.98746969804,-44583.01253030196,0.7770849373484903
2020-07-14,2,2.8741182336123035,0.0,8.1321,0.0,0.4093,200000,155416.98746969804,-44583.01253030196,0.7770849373484903
2020-07-15,2,2.8517174296275214,0.0,8.6494,0.0,0.401,200000,155416.98746969804,-44583.01253030196,0.7770849373484903
2020-07-16,2,2.3320982153932452,0.0,8.354,0.0,0.3841,200000,155416.98746969804,-44583.01253030196,0.7770849373484903
2020-07-17,2,1.7740619644335376,0.0,8.2605,0.0,0.3909,200000,155416.98746969804,-44583.01253030196,0.7770849373484903
2020-07-18,2,1.3783664824871211,0.0,7.9734,0.0,0.388,200000,155416.98746969804,-44583.01253030196,0.7770849373484903
2020-07-19,0,0.7748212357546146,0.0,8.0784,0.0,0.4223,200000,155416.98746969804,-44583.01253030196,0.7770849373484903
2020-07-20,0,0.34752819678024005,0.0,7.2301,0.0,0.3998,200000,155416.98746969804,-44583.01253030196,0.7770849373484903
2020-07-21,0,0.1811707018220346,0.0,7.3101,0.0,0.4123,200000,155416.98746969804,-44583.01253030196,0.7770849373484903
2020-07-22,0,0.25971803865601506,0.0,7.4689,0.0,0.4131,200000,155416.98746969804,-44583.01253030196,0.7770849373484903
2020-07-23,0,0.6597770148606741,0.0,7.8983,0.0,0.4083,200000,155416.98746969804,-44583.01253030196,0.7770849373484903
2020-07-24,0,0.40001819608753,0.0,7.4284,0.0,0.3938,200000,155416.98746969804,-44583.01253030196,0.7770849373484903
2020-07-25,0,0.47401733981680927,0.0,7.672,0.0,0.399,200000,155416.98746969804,-44583.01253030196,0.7770849373484903
2020-07-26,0,0.486999349835025,0.0,7.5022,0.0,0.3863,200000,155416.98746969804,-44583.01253030196,0.7770849373484903
2020-07-27,0,0.31059436279083763,0.0,7.1,0.0,0.3695,200000,155416.98746969804,-44583.01253030196,0.7770849373484903
2020-07-28,0,0.1718449145649332,0.0,7.2333,0.0,0.3794,200000,155416.98746969804,-44583.01253030196,0.7770849373484903
2020-07-29,0,-0.051572424181019066,0.0,7.0876,0.0,0.3768,200000,155416.98746969804,-44583.01253030196,0.7770849373484903
2020-07-30,0,0.530460279100856,0.0,7.4093,0.0,0.3715,200000,155416.98746969804,-44583.01253030196,0.7770849373484903
2020-07-31,1,1.1643362434688294,-9958.414226653982,7.8033,207887.89121147408,0.3738,200000,155416.98746969804,-44583.01253030196,0.7770849373484903
2020-08-01,2,1.674068186204447,0.0,8.3248,0.0,0.3814,200000,159030.3525156909,-40969.6474843091,0.7951517625784545
2020-08-02,2,1.7186838563246176,0.0,8.2814,0.0,0.3742,200000,159030.3525156909,-40969.6474843091,0.7951517625784545
2020-08-03,2,2.6621839780997423,0.0,9.2502,0.0,0.3754,200000,159030.3525156909,-40969.6474843091,0.7951517625784545
2020-08-04,2,2.307525111943895,0.0,9.8687,0.0,0.3971,200000,159030.3525156909,-40969.6474843091,0.7951517625784545
2020-08-05,2,1.8556697572017753,0.0,9.5253,0.0,0.3899,200000,159030.3525156909,-40969.6474843091,0.7951517625784545
2020-08-06,2,2.205910558027817,0.0,10.2343,0.0,0.3898,200000,159030.3525156909,-40969.6474843091,0.7951517625784545
2020-08-07,2,2.0139447686842544,0.0,10.1286,0.0,0.3783,200000,159030.3525156909,-40969.6474843091,0.7951517625784545
2020-08-08,2,2.771593607754627,0.0,12.7093,0.0,0.3963,200000,159030.3525156909,-40969.6474843091,0.7951517625784545
2020-08-09,2,2.30499247146497,0.0,13.8104,0.0,0.4258,200000,159030.3525156909,-40969.6474843091,0.7951517625784545
2020-08-10,2,1.4830071380023009,0.0,13.4722,0.0,0.4545,200000,159030.3525156909,-40969.6474843091,0.7951517625784545
2020-08-11,2,1.5415402811819021,0.0,12.9971,0.0,0.4217,200000,159030.3525156909,-40969.6474843091,0.7951517625784545
2020-08-12,2,2.2278423107486027,0.0,16.4635,0.0,0.4512,200000,159030.3525156909,-40969.6474843091,0.7951517625784545
2020-08-13,2,1.736917047954442,0.0,17.1883,0.0,0.4877,200000,159030.3525156909,-40969.6474843091,0.7951517625784545
2020-08-14,0,0.8795600194846686,0.0,16.9574,0.0,0.5501,200000,159030.3525156909,-40969.6474843091,0.7951517625784545
2020-08-15,2,1.7983050861230119,0.0,19.2285,0.0,0.5104,200000,159030.3525156909,-40969.6474843091,0.7951517625784545
2020-08-16,2,1.2352811220232807,0.0,18.8061,0.0,0.5368,200000,159030.3525156909,-40969.6474843091,0.7951517625784545
2020-08-17,0,0.8518937969355377,0.0,16.8196,0.0,0.5063,200000,159030.3525156909,-40969.6474843091,0.7951517625784545
2020-08-18,0,0.6883655481241027,0.0,16.1927,0.0,0.4951,200000,159030.3525156909,-40969.6474843091,0.7951517625784545
2020-08-19,1,1.1156582848849312,-4912.49861042026,16.1863,174873.9306308455,0.4547,200000,159030.3525156909,-40969.6474843091,0.7951517625784545
2020-08-20,0,-0.09469336661452424,0.0,16.0483,0.0,0.5412,200000,143225.83270788478,-56774.16729211522,0.7161291635394239
2020-08-21,-1,-1.1708830266835026,5177.149203249043,13.8325,-128430.62473806024,0.5576,200000,143225.83270788478,-56774.16729211522,0.7161291635394239
2020-08-22,-2,-1.318322585670391,0.0,15.8078,0.0,0.6455,200000,144288.46180118242,-55711.53819881758,0.7214423090059121
2020-08-23,-2,-1.2747721904600446,0.0,15.1428,0.0,0.6133,200000,144288.46180118242,-55711.53819881758,0.7214423090059121
2020-08-24,-2,-1.256947066208965,0.0,15.1419,0.0,0.6116,200000,144288.46180118242,-55711.53819881758,0.7214423090059121
2020-08-25,-2,-1.330794539520322,0.0,14.1164,0.0,0.5779,200000,144288.46180118242,-55711.53819881758,0.7214423090059121
2020-08-26,-2,-1.4043877434782388,0.0,15.2,0.0,0.6398,200000,144288.46180118242,-55711.53819881758,0.7214423090059121
2020-08-27,-1,-1.1007517622958463,4967.4477670925,14.5234,-124065.7453148602,0.5815,200000,144288.46180118242,-55711.53819881758,0.7214423090059121
2020-08-28,-1,-1.0722863544340377,4967.4477670925,15.1207,-124065.7453148602,0.6149,200000,151399.31424598309,-48600.685754016915,0.7569965712299154
2020-08-29,-1,-0.7423549359089776,4967.4477670925,16.3612,-124065.7453148602,0.6333,200000,159844.24291485478,-40155.75708514522,0.7992212145742739
2020-08-30,-1,-0.515459365710784,4967.4477670925,16.4788,-124065.7453148602,0.6153,200000,158195.23135659736,-41804.76864340264,0.7909761567829868
2020-08-31,-1,-0.5888819888167204,4967.4477670925,15.5772,-124065.7453148602,0.5953,200000,151235.26554348957,-48764.73445651043,0.7561763277174478
2020-09-01,-1,-0.25192218389076965,4967.4477670925,16.0333,-124065.7453148602,0.5838,200000,152074.16239893957,-47925.837601060426,0.7603708119946979
2020-09-02,-1,-0.2733723010431387,4967.4477670925,14.7982,-124065.7453148602,0.5476,200000,141447.6876814057,-58552.31231859431,0.7072384384070285
2020-09-03,0,-0.19207337201592747,0.0,11.8895,0.0,0.437,200000,139444.72227693006,-60555.27772306994,0.6972236113846503
2020-09-04,0,-0.18365977004934403,0.0,12.3708,0.0,0.4613,200000,139444.72227693006,-60555.27772306994,0.6972236113846503
2020-09-05,0,-0.4851447278635957,0.0,10.6017,0.0,0.417,200000,139444.72227693006,-60555.27772306994,0.6972236113846503
2020-09-06,0,0.7612402896098189,0.0,12.8044,0.0,0.4401,200000,139444.72227693006,-60555.27772306994,0.6972236113846503
2020-09-07,0,0.9622982751561202,0.0,12.47,0.0,0.4261,200000,139444.72227693006,-60555.27772306994,0.6972236113846503
2020-09-08,2,1.5062783969923221,0.0,11.746,0.0,0.4036,200000,139444.72227693006,-60555.27772306994,0.6972236113846503
2020-09-09,2,1.7974196428632485,0.0,12.3444,0.0,0.4165,200000,139444.72227693006,-60555.27772306994,0.6972236113846503
2020-09-10,0,0.517502452289407,0.0,12.4957,0.0,0.4562,200000,139444.72227693006,-60555.27772306994,0.6972236113846503
2020-09-11,0,0.6386102444666213,0.0,12.4406,0.0,0.4483,200000,139444.72227693006,-60555.27772306994,0.6972236113846503
2020-09-12,0,-0.4679134370917069,0.0,12.7187,0.0,0.492,200000,139444.72227693006,-60555.27772306994,0.6972236113846503
2020-09-13,0,-0.8754621617702241,0.0,12.067,0.0,0.4792,200000,139444.72227693006,-60555.27772306994,0.6972236113846503
2020-09-14,-2,-1.7077602047713114,0.0,12.1374,0.0,0.5144,200000,139444.72227693006,-60555.27772306994,0.6972236113846503
2020-09-15,-2,-2.49105552061303,0.0,10.9314,0.0,0.5096,200000,139444.72227693006,-60555.27772306994,0.6972236113846503
2020-09-16,-2,-2.0477644006156215,0.0,10.7367,0.0,0.4953,200000,139444.72227693006,-60555.27772306994,0.6972236113846503
2020-09-17,-2,-1.2355431414960794,0.0,11.0139,0.0,0.4707,200000,139444.72227693006,-60555.27772306994,0.6972236113846503
2020-09-18,-2,-1.854192575895253,0.0,10.094,0.0,0.4754,200000,139444.72227693006,-60555.27772306994,0.6972236113846503
2020-09-19,-2,-1.4930035703096443,0.0,10.1209,0.0,0.4672,200000,139444.72227693006,-60555.27772306994,0.6972236113846503
2020-09-20,-2,-1.4637345450060357,0.0,9.7357,0.0,0.4585,200000,139444.72227693006,-60555.27772306994,0.6972236113846503
2020-09-21,-2,-1.3253439339620061,0.0,8.7114,0.0,0.4115,200000,139444.72227693006,-60555.27772306994,0.6972236113846503
2020-09-22,-2,-1.272400099741449,0.0,8.7401,0.0,0.4187,200000,139444.72227693006,-60555.27772306994,0.6972236113846503
2020-09-23,-2,-1.2307460585549959,0.0,7.6364,0.0,0.3715,200000,139444.72227693006,-60555.27772306994,0.6972236113846503
2020-09-24,0,-0.08901386121642768,0.0,9.87,0.0,0.4079,200000,139444.72227693006,-60555.27772306994,0.6972236113846503
2020-09-25,0,0.44463000876414605,0.0,10.7279,0.0,0.4131,200000,139444.72227693006,-60555.27772306994,0.6972236113846503
2020-09-26,0,-0.018831895174476372,0.0,10.3169,0.0,0.4261,200000,139444.72227693006,-60555.27772306994,0.6972236113846503
2020-09-27,0,0.6476909032973799,0.0,10.7939,0.0,0.4155,200000,139444.72227693006,-60555.27772306994,0.6972236113846503
2020-09-28,0,0.6426233787451389,0.0,10.283,0.0,0.4009,200000,139444.72227693006,-60555.27772306994,0.6972236113846503
2020-09-29,0,0.06263451254411373,0.0,10.135,0.0,0.4261,200000,139444.72227693006,-60555.27772306994,0.6972236113846503
2020-09-30,0,0.009588162564021811,0.0,9.8694,0.0,0.4206,200000,139444.72227693006,-60555.27772306994,0.6972236113846503
2020-10-01,0,-0.48834146772455334,0.0,9.6394,0.0,0.4333,200000,139444.72227693006,-60555.27772306994,0.6972236113846503
2020-10-02,0,0.1689167895505078,0.0,9.2167,0.0,0.3948,200000,139444.72227693006,-60555.27772306994,0.6972236113846503
2020-10-03,0,0.4744099354651766,0.0,9.269,0.0,0.3896,200000,139444.72227693006,-60555.27772306994,0.6972236113846503
2020-10-04,0,0.4865359567687474,0.0,9.3922,0.0,0.3942,200000,139444.72227693006,-60555.27772306994,0.6972236113846503
2020-10-05,0,0.7576050785285705,0.0,9.6176,0.0,0.3936,200000,139444.72227693006,-60555.27772306994,0.6972236113846503
2020-10-06,0,0.7032186178300689,0.0,8.7689,0.0,0.3583,200000,139444.72227693006,-60555.27772306994,0.6972236113846503
2020-10-07,0,0.6142018498650784,0.0,8.9799,0.0,0.3683,200000,139444.72227693006,-60555.27772306994,0.6972236113846503
2020-10-08,1,1.0005188972200063,-7293.591767105156,9.5594,183964.01355795522,0.379,200000,139444.72227693006,-60555.27772306994,0.6972236113846503
2020-10-09,2,1.3631844531276873,0.0,10.3959,0.0,0.3982,200000,142013.70272980077,-57986.297270199226,0.7100685136490039
2020-10-10,2,1.5640550801413173,0.0,10.5198,0.0,0.3931,200000,142013.70272980077,-57986.297270199226,0.7100685136490039
2020-10-11,2,1.7356786489716776,0.0,10.8515,0.0,0.3959,200000,142013.70272980077,-57986.297270199226,0.7100685136490039
2020-10-12,2,1.901691560206631,0.0,11.4259,0.0,0.4075,200000,142013.70272980077,-57986.297270199226,0.7100685136490039
2020-10-13,1,1.188376934305934,-6454.229508880562,11.0016,173103.00186470107,0.4102,200000,142013.70272980077,-57986.297270199226,0.7100685136490039
2020-10-14,2,1.6556370611087803,0.0,10.8896,0.0,0.3901,200000,144770.19936228666,-55229.80063771334,0.7238509968114333
2020-10-15,2,1.647245755906647,0.0,10.7483,0.0,0.3808,200000,144770.19936228666,-55229.80063771334,0.7238509968114333
2020-10-16,2,1.7059352245681623,0.0,10.5877,0.0,0.3676,200000,144770.19936228666,-55229.80063771334,0.7238509968114333
2020-10-17,1,1.126126049280208,-6811.625404042961,10.6267,189787.88589707218,0.3814,200000,144770.19936228666,-55229.80063771334,0.7238509968114333
2020-10-18,2,1.2748242793978317,0.0,10.9409,0.0,0.385,200000,146227.1756750075,-53772.824324992514,0.7311358783750375
2020-10-19,2,1.464486764942942,0.0,10.9147,0.0,0.3738,200000,146227.1756750075,-53772.824324992514,0.7311358783750375
2020-10-20,0,0.7428214172481384,0.0,9.8589,0.0,0.3544,200000,146227.1756750075,-53772.824324992514,0.7311358783750375
2020-10-21,1,1.1953617532717162,-6778.375146018907,10.7863,196120.139049098,0.3728,200000,146227.1756750075,-53772.824324992514,0.7311358783750375
2020-10-22,2,2.087856051253179,0.0,11.9539,0.0,0.3817,200000,152396.1372579622,-47603.8627420378,0.761980686289811
2020-10-23,2,2.213653933051557,0.0,12.1586,0.0,0.3749,200000,152396.1372579622,-47603.8627420378,0.761980686289811
2020-10-24,2,2.397929792232195,0.0,12.7001,0.0,0.3732,200000,152396.1372579622,-47603.8627420378,0.761980686289811
2020-10-25,2,1.6758835182009557,0.0,12.1481,0.0,0.3711,200000,152396.1372579622,-47603.8627420378,0.761980686289811
2020-10-26,2,1.4146588677894136,0.0,11.7096,0.0,0.3611,200000,152396.1372579622,-47603.8627420378,0.761980686289811
2020-10-27,2,1.622468653795467,0.0,11.9224,0.0,0.357,200000,152396.1372579622,-47603.8627420378,0.761980686289811
2020-10-28,2,1.5570171542654259,0.0,11.4403,0.0,0.3399,200000,152396.1372579622,-47603.8627420378,0.761980686289811
2020-10-29,2,1.321913340017378,0.0,11.2772,0.0,0.3376,200000,152396.1372579622,-47603.8627420378,0.761980686289811
2020-10-30,2,1.601140711376201,0.0,11.09,0.0,0.32,200000,152396.1372579622,-47603.8627420378,0.761980686289811
2020-10-31,2,1.6210899395529892,0.0,11.2277,0.0,0.3181,200000,152396.1372579622,-47603.8627420378,0.761980686289811
2020-11-01,1,1.1304721368992172,-6584.579304624972,11.5722,225638.34358596712,0.3377,200000,152396.1372579622,-47603.8627420378,0.761980686289811
2020-11-02,1,0.8292110716268826,-6584.579304624972,10.7814,225638.34358596712,0.3204,200000,143285.50859982753,-56714.49140017247,0.7164275429991376
2020-11-03,1,0.482798989262393,-6584.579304624972,10.3911,225638.34358596712,0.3157,200000,139655.04708237835,-60344.952917621646,0.6982752354118917
2020-11-04,1,0.640475643618784,-6584.579304624972,10.4713,225638.34358596712,0.3124,200000,139438.5238087756,-60561.476191224414,0.697192619043878
2020-11-05,1,1.0331925050716708,-6584.579304624972,10.9794,225638.34358596712,0.316,200000,143596.44659036503,-56403.55340963497,0.7179822329518251
2020-11-06,1,0.5562529834685974,-6584.579304624972,12.1687,225638.34358596712,0.3604,200000,161445.82921257243,-38554.170787427574,0.8072291460628621
2020-11-07,1,1.0573799992488617,-6584.579304624972,11.7638,225638.34358596712,0.3357,200000,153206.4659655564,-46793.53403444361,0.7660323298277819
2020-11-08,2,1.488491924705987,0.0,12.71,0.0,0.3512,200000,156841.9539523539,-43158.04604764609,0.7842097697617696
2020-11-09,2,1.6337132855679206,0.0,12.5107,0.0,0.3439,200000,156841.9539523539,-43158.04604764609,0.7842097697617696
2020-11-10,2,1.6949439147066463,0.0,13.0017,0.0,0.3578,200000,156841.9539523539,-43158.04604764609,0.7842097697617696
2020-11-11,0,0.8746633629499548,0.0,12.753,0.0,0.3613,200000,156841.9539523539,-43158.04604764609,0.7842097697617696
2020-11-12,0,-0.2563873243490637,0.0,12.4038,0.0,0.365,200000,156841.9539523539,-43158.04604764609,0.7842097697617696
2020-11-13,0,0.09650208570077545,0.0,12.8687,0.0,0.3739,200000,156841.9539523539,-43158.04604764609,0.7842097697617696
2020-11-14,1,1.0458501539724439,-6245.001112983337,12.5574,222660.35484434114,0.3522,200000,156841.9539523539,-43158.04604764609,0.7842097697617696
2020-11-15,1,0.8724304555874016,-6245.001112983337,12.1192,222660.35484434114,0.341,200000,151611.59849038802,-48388.401509611984,0.75805799245194
2020-11-16,1,0.9827601357698528,-6245.001112983337,12.6223,222660.35484434114,0.3529,200000,157403.11677297758,-42596.88322702242,0.7870155838648879
2020-11-17,2,1.7664872086520058,0.0,13.3944,0.0,0.3631,200000,159642.02201611767,-40357.97798388233,0.7982101100805883
2020-11-18,2,2.7384775130421732,0.0,13.5598,0.0,0.3474,200000,159642.02201611767,-40357.97798388233,0.7982101100805883
2020-11-19,2,2.35527718592022,0.0,13.6187,0.0,0.3458,200000,159642.02201611767,-40357.97798388233,0.7982101100805883
2020-11-20,2,1.7952390014320128,0.0,14.0933,0.0,0.362,200000,159642.02201611767,-40357.97798388233,0.7982101100805883
2020-11-21,1,1.183157675794577,-5166.040670765113,15.4511,196506.6740720306,0.4062,200000,159642.02201611767,-40357.97798388233,0.7982101100805883
2020-11-22,1,0.7359298238362155,-5166.040670765113,14.5098,196506.6740720306,0.3886,200000,151320.71046905871,-48679.289530941285,0.7566035523452936
2020-11-23,0,-0.6483515354108736,0.0,15.2746,0.0,0.4374,200000,152599.20760668028,-47400.792393319716,0.7629960380334014
2020-11-24,-2,-1.4026660159043443,0.0,15.6703,0.0,0.4662,200000,152599.20760668028,-47400.792393319716,0.7629960380334014
2020-11-25,-2,-2.6291874626772747,0.0,14.2016,0.0,0.4722,200000,152599.20760668028,-47400.792393319716,0.7629960380334014
2020-11-26,-2,-1.8883434830252988,0.0,12.603,0.0,0.4039,200000,152599.20760668028,-47400.792393319716,0.7629960380334014
2020-11-27,-2,-1.5678968737179764,0.0,12.4989,0.0,0.3966,200000,152599.20760668028,-47400.792393319716,0.7629960380334014
2020-11-28,-2,-1.213516267378445,0.0,13.0853,0.0,0.4078,200000,152599.20760668028,-47400.792393319716,0.7629960380334014
2020-11-29,0,-0.8635806237597674,0.0,13.38,0.0,0.4079,200000,152599.20760668028,-47400.792393319716,0.7629960380334014
2020-11-30,0,-0.8986793220555225,0.0,14.2677,0.0,0.4394,200000,152599.20760668028,-47400.792393319716,0.7629960380334014
2020-12-01,-1,-1.0029912445500195,5716.996261330287,13.3461,-182578.61642340306,0.4179,200000,152599.20760668028,-47400.792393319716,0.7629960380334014
2020-12-02,-1,-0.9346148341606592,5716.996261330287,13.9799,-182578.61642340306,0.4373,200000,159764.66499572544,-40235.33500427456,0.7988233249786272
2020-12-03,-1,-0.9413292903384398,5716.996261330287,13.9749,-182578.61642340306,0.4402,200000,160265.55800204666,-39734.44199795334,0.8013277900102334
2020-12-04,-1,-0.8533161765335497,5716.996261330287,12.68,-182578.61642340306,0.3991,200000,145358.6384082482,-54641.361591751804,0.7267931920412409
2020-12-05,-1,-0.9593321282866094,5716.996261330287,13.1748,-182578.61642340306,0.4227,200000,152496.26350594673,-47503.73649405327,0.7624813175297336
2020-12-06,-1,-0.42451970918291215,5716.996261330287,13.5057,-182578.61642340306,0.4134,200000,152690.03643608326,-47309.96356391674,0.7634501821804163
2020-12-07,-1,-0.8800076760176037,5716.996261330287,13.0704,-182578.61642340306,0.4219,200000,151753.34620312514,-48246.65379687486,0.7587667310156256
2020-12-08,-1,-0.7205486340804043,5716.996261330287,12.1356,-182578.61642340306,0.3884,200000,140292.71444784958,-59707.285552150424,0.7014635722392479
2020-12-09,0,-0.17813509838299094,0.0,12.6212,0.0,0.3882,200000,151320.87328874352,-48679.12671125648,0.7566043664437176
2020-12-10,0,-0.5609854896443863,0.0,11.9172,0.0,0.3791,200000,151320.87328874352,-48679.12671125648,0.7566043664437176
2020-12-11,0,0.01141735353694342,0.0,11.6335,0.0,0.3601,200000,151320.87328874352,-48679.12671125648,0.7566043664437176
2020-12-12,0,-0.15469197537847232,0.0,12.2259,0.0,0.3838,200000,151320.87328874352,-48679.12671125648,0.7566043664437176
2020-12-13,2,1.7586407200835854,0.0,12.9392,0.0,0.3871,200000,151320.87328874352,-48679.12671125648,0.7566043664437176
2020-12-14,0,-0.175251493088619,0.0,12.8502,0.0,0.4052,200000,151320.87328874352,-48679.12671125648,0.7566043664437176
2020-12-15,0,-0.3665882769522554,0.0,12.6818,0.0,0.4001,200000,151320.87328874352,-48679.12671125648,0.7566043664437176
2020-12-16,0,-0.37964515603121124,0.0,13.4852,0.0,0.4251,200000,151320.87328874352,-48679.12671125648,0.7566043664437176
2020-12-17,2,1.3896692315826307,0.0,13.444,0.0,0.4087,200000,151320.87328874352,-48679.12671125648,0.7566043664437176
2020-12-18,-2,-1.2713487880070726,0.0,13.5001,0.0,0.4336,200000,151320.87328874352,-48679.12671125648,0.7566043664437176
2020-12-19,-2,-1.250695672718434,0.0,13.4747,0.0,0.4338,200000,151320.87328874352,-48679.12671125648,0.7566043664437176
2020-12-20,-2,-1.7684269873555227,0.0,13.0604,0.0,0.4277,200000,151320.87328874352,-48679.12671125648,0.7566043664437176
2020-12-21,-2,-1.3466602881390666,0.0,12.3049,0.0,0.4005,200000,151320.87328874352,-48679.12671125648,0.7566043664437176
2020-12-22,0,0.6745864334200601,0.0,12.7842,0.0,0.3964,200000,151320.87328874352,-48679.12671125648,0.7566043664437176
2020-12-23,0,-0.8009869907547721,0.0,10.9736,0.0,0.3529,200000,151320.87328874352,-48679.12671125648,0.7566043664437176
2020-12-24,-2,-1.2973708643200033,0.0,11.5724,0.0,0.3781,200000,151320.87328874352,-48679.12671125648,0.7566043664437176
2020-12-25,-2,-2.753503451926703,0.0,11.5543,0.0,0.4034,200000,151320.87328874352,-48679.12671125648,0.7566043664437176
2020-12-26,-2,-3.1815382277534536,0.0,10.9809,0.0,0.4167,200000,151320.87328874352,-48679.12671125648,0.7566043664437176
2020-12-27,0,-0.5812151742367675,0.0,12.1541,0.0,0.4014,200000,151320.87328874352,-48679.12671125648,0.7566043664437176
2020-12-28,-2,-1.7566357086114193,0.0,12.6081,0.0,0.4496,200000,151320.87328874352,-48679.12671125648,0.7566043664437176
2020-12-29,-2,-2.601341933281464,0.0,11.7786,0.0,0.4673,200000,151320.87328874352,-48679.12671125648,0.7566043664437176
2020-12-30,-2,-2.5103390196067172,0.0,11.2435,0.0,0.4728,200000,151320.87328874352,-48679.12671125648,0.7566043664437176
2020-12-31,-2,-2.003807535082118,0.0,11.2364,0.0,0.4665,200000,151320.87328874352,-48679.12671125648,0.7566043664437176
2021-01-01,-1,-1.0998859565391035,6386.086467784613,11.8477,-168246.4679661369,0.4497,200000,151320.87328874352,-48679.12671125648,0.7566043664437176
2021-01-02,-1,-0.4114393745939565,6386.086467784613,12.2215,-168246.4679661369,0.434,200000,151066.52286333306,-48933.477136666945,0.7553326143166652
2021-01-03,-1,-0.3652398707218051,6386.086467784613,13.6814,-168246.4679661369,0.4864,200000,169205.6854190774,-30794.314580922597,0.8460284270953871
2021-01-04,-1,-1.0289610384699446,6386.086467784613,13.5935,-168246.4679661369,0.523,200000,174802.16914611973,-25197.830853880267,0.8740108457305986
2021-01-05,-1,-0.7532985207862224,6386.086467784613,14.5162,-168246.4679661369,0.5472,200000,184766.1756547251,-15233.824345274887,0.9238308782736255
2021-01-06,-1,-0.30057297600331323,6386.086467784613,17.2322,-168246.4679661369,0.6253,200000,215250.8356493834,15250.8356493834,1.076254178246917
2021-01-07,0,-0.14169298436260344,0.0,15.9628,0.0,0.574,200000,145954.52483335388,-54045.47516664612,0.7297726241667694
2021-01-08,-2,-1.4141837120245042,0.0,15.2381,0.0,0.628,200000,145954.52483335388,-54045.47516664612,0.7297726241667694
2021-01-09,0,-0.7879967966517816,0.0,17.5501,0.0,0.6849,200000,145954.52483335388,-54045.47516664612,0.7297726241667694
2021-01-10,0,-0.7351975067828882,0.0,16.206,0.0,0.6342,200000,145954.52483335388,-54045.47516664612,0.7297726241667694
2021-01-11,-2,-1.251834144342225,0.0,14.6393,0.0,0.6058,200000,145954.52483335388,-54045.47516664612,0.7297726241667694
2021-01-12,-1,-1.020332228289599,5225.538821859363,13.9655,-128142.69081067065,0.5695,200000,145954.52483335388,-54045.47516664612,0.7297726241667694
2021-01-13,-1,-0.5073214651893051,5225.538821859363,15.9356,-128142.69081067065,0.6271,200000,163630.37785699364,-36369.62214300636,0.8181518892849682
2021-01-14,0,1.816136954367084,0.0,17.9804,0.0,0.603,200000,129267.2891596282,-70732.7108403718,0.646336445798141
2021-01-15,2,2.8275016268899753,0.0,20.7375,0.0,0.6112,200000,129267.2891596282,-70732.7108403718,0.646336445798141
2021-01-16,2,1.4488529874165084,0.0,20.1054,0.0,0.66,200000,129267.2891596282,-70732.7108403718,0.646336445798141
2021-01-17,2,2.5393667927815606,0.0,23.2819,0.0,0.6625,200000,129267.2891596282,-70732.7108403718,0.646336445798141
2021-01-18,0,0.6986843596099722,0.0,22.0336,0.0,0.7455,200000,129267.2891596282,-70732.7108403718,0.646336445798141
2021-01-19,0,0.6218492852525805,0.0,20.5557,0.0,0.6956,200000,129267.2891596282,-70732.7108403718,0.646336445798141
2021-01-20,0,-0.20826204975013418,0.0,21.8482,0.0,0.8043,200000,129267.2891596282,-70732.7108403718,0.646336445798141
2021-01-21,0,-0.4789314478086464,0.0,18.4119,0.0,0.6985,200000,129267.2891596282,-70732.7108403718,0.646336445798141
2021-01-22,0,0.8464010500555398,0.0,21.5519,0.0,0.7073,200000,129267.2891596282,-70732.7108403718,0.646336445798141
2021-01-23,2,1.7509380015956786,0.0,24.8046,0.0,0.7289,200000,129267.2891596282,-70732.7108403718,0.646336445798141
2021-01-24,1,1.196347525643525,-2606.878600432133,24.7935,85066.65514584641,0.7598,200000,129267.28915962821,-70732.71084037179,0.6463364457981411
2021-01-25,0,0.06343517820372095,0.0,23.3418,0.0,0.8088,200000,121314.6173932344,-78685.3826067656,0.606573086966172
2021-01-26,0,-0.7898497818209875,0.0,23.0981,0.0,0.8941,200000,121314.6173932344,-78685.3826067656,0.606573086966172
2021-01-27,0,-0.6415990208711951,0.0,20.9586,0.0,0.7986,200000,121314.6173932344,-78685.3826067656,0.606573086966172
2021-01-28,0,-0.14437375946981063,0.0,23.0145,0.0,0.8163,200000,121314.6173932344,-78685.3826067656,0.606573086966172
2021-01-29,0,-0.14265208016199438,0.0,22.748,0.0,0.8025,200000,121314.6173932344,-78685.3826067656,0.606573086966172
2021-01-30,0,0.5629614698783233,0.0,23.6399,0.0,0.7655,200000,121314.6173932344,-78685.3826067656,0.606573086966172
2021-01-31,0,0.6258358715318643,0.0,22.5613,0.0,0.7202,200000,121314.6173932344,-78685.3826067656,0.606573086966172
2021-02-01,0,0.04543092603423674,0.0,22.8757,0.0,0.7669,200000,121314.6173932344,-78685.3826067656,0.606573086966172
2021-02-02,0,0.026440540146897444,0.0,23.6582,0.0,0.7886,200000,121314.6173932344,-78685.3826067656,0.606573086966172
2021-02-03,0,0.41928677741997733,0.0,25.087,0.0,0.8069,200000,121314.6173932344,-78685.3826067656,0.606573086966172
2021-02-04,0,0.8992932051393429,0.0,24.492,0.0,0.7617,200000,121314.6173932344,-78685.3826067656,0.606573086966172
2021-02-05,0,0.6478012566399787,0.0,26.3034,0.0,0.8324,200000,121314.6173932344,-78685.3826067656,0.606573086966172
2021-02-06,0,0.25563061322607805,0.0,25.0231,0.0,0.8262,200000,121314.6173932344,-78685.3826067656,0.606573086966172
2021-02-07,0,0.10487097770439212,0.0,24.7254,0.0,0.8249,200000,121314.6173932344,-78685.3826067656,0.606573086966172
2021-02-08,0,0.13009389543056274,0.0,25.4115,0.0,0.8455,200000,121314.6173932344,-78685.3826067656,0.606573086966172
2021-02-09,0,-0.245111177539321,0.0,27.6034,0.0,0.9404,200000,121314.6173932344,-78685.3826067656,0.606573086966172
2021-02-10,-2,-2.8984088422459466,0.0,26.8121,0.0,1.227,200000,121314.6173932344,-78685.3826067656,0.606573086966172
2021-02-11,-2,-2.4870908477126012,0.0,27.8475,0.0,1.3298,200000,121314.6173932344,-78685.3826067656,0.606573086966172
2021-02-12,-2,-2.009990172998394,0.0,30.6265,0.0,1.4273,200000,121314.6173932344,-78685.3826067656,0.606573086966172
2021-02-13,-2,-1.8143156617725782,0.0,34.1941,0.0,1.6156,200000,121314.6173932344,-78685.3826067656,0.606573086966172
2021-02-14,-2,-1.2806062761776773,0.0,33.1565,0.0,1.4652,200000,121314.6173932344,-78685.3826067656,0.606573086966172
2021-02-15,-2,-2.005501585967251,0.0,32.5899,0.0,1.7707,200000,121314.6173932344,-78685.3826067656,0.606573086966172
2021-02-16,-2,-1.7293434647811956,0.0,31.9632,0.0,1.725,200000,121314.6173932344,-78685.3826067656,0.606573086966172
2021-02-17,-2,-1.8489751123490772,0.0,32.2324,0.0,1.9668,200000,121314.6173932344,-78685.3826067656,0.606573086966172
2021-02-18,-2,-1.8856846444336497,0.0,32.4801,0.0,2.2613,200000,121314.6173932344,-78685.3826067656,0.606573086966172
2021-02-19,-2,-1.5334889328364492,0.0,34.6846,0.0,2.2766,200000,121314.6173932344,-78685.3826067656,0.606573086966172
2021-02-20,-1,-1.1878569391865572,1787.2608171973943,33.9387,-29645.32950325849,2.0461,200000,121314.6173932344,-78685.3826067656,0.606573086966172
2021-02-21,-1,-1.0572003746488468,1787.2608171973943,34.0915,-29645.32950325849,2.0416,200000,121454.3068633375,-78545.6931366625,0.6072715343166875
2021-02-22,-1,-0.8636106686173739,1787.2608171973943,31.4542,-29645.32950325849,1.8129,200000,109960.87705274759,-90039.12294725241,0.549804385263738
2021-02-23,-1,-0.71291234701255,1787.2608171973943,25.9249,-29645.32950325849,1.4568,200000,89521.8739801077,-110478.1260198923,0.44760936990053857
2021-02-24,-1,-0.7955044680546043,1787.2608171973943,28.0851,-29645.32950325849,1.6695,200000,99688.27638276058,-100311.72361723942,0.49844138191380294
2021-02-25,-1,-0.8591949633289647,1787.2608171973943,24.7144,-29645.32950325849,1.5406,200000,89842.67337326331,-110157.32662673669,0.4492133668663165
2021-02-26,-1,-0.6128056772582514,1787.2608171973943,25.1862,-29645.32950325849,1.4844,200000,89019.8355087339,-110980.1644912661,0.44509917754366946
2021-02-27,-1,-0.5048351654446207,1787.2608171973943,26.1896,-29645.32950325849,1.5276,200000,92093.85124725055,-107906.14875274945,0.4604692562362528
2021-02-28,-1,-0.2712832542965415,1787.2608171973943,24.7016,-29645.32950325849,1.3919,200000,85411.53593766864,-114588.46406233136,0.4270576796883432
2021-03-01,-1,-0.6222710005498522,1787.2608171973943,27.7116,-29645.32950325849,1.6715,200000,99080.02512654389,-100919.97487345611,0.4954001256327194
2021-03-02,-1,-0.3024619592188977,1787.2608171973943,28.4769,-29645.32950325849,1.661,200000,100136.53987016084,-99863.46012983916,0.5006826993508042
2021-03-03,-1,-0.3877031471146924,1787.2608171973943,29.85,-29645.32950325849,1.7768,200000,106023.5568547319,-93976.4431452681,0.5301177842736595
2021-03-04,-2,-1.5097382278171867,0.0,27.6943,0.0,1.9399,200000,129326.65484689575,-70673.34515310425,0.6466332742344787
2021-03-05,-1,-1.0941476350028834,2323.152636259862,27.8343,-34774.57780233819,1.8595,200000,129326.65484689575,-70673.34515310425,0.6466332742344787
2021-03-06,-1,-1.039356925369985,2323.152636259862,28.1479,-34774.57780233819,1.8405,200000,129394.47853538243,-70605.52146461757,0.6469723926769122
2021-03-07,-2,-1.4593485289323012,0.0,28.5932,0.0,1.958,200000,130988.91022476845,-69011.08977523155,0.6549445511238423
2021-03-08,0,0.5214686370011897,0.0,31.8469,0.0,1.889,200000,130988.91022476845,-69011.08977523155,0.6549445511238423
2021-03-09,0,-0.3241411978671352,0.0,31.4914,0.0,1.9806,200000,130988.91022476845,-69011.08977523155,0.6549445511238423
2021-03-10,0,-0.25602236832381875,0.0,29.9036,0.0,1.8591,200000,130988.91022476845,-69011.08977523155,0.6549445511238423
2021-03-11,0,-0.4076578567439309,0.0,30.1166,0.0,1.8846,200000,130988.91022476845,-69011.08977523155,0.6549445511238423
2021-03-12,0,-0.5564083390978257,0.0,28.3553,0.0,1.7958,200000,130988.91022476845,-69011.08977523155,0.6549445511238423
2021-03-13,0,-0.13040084902517876,0.0,29.7384,0.0,1.8371,200000,130988.91022476845,-69011.08977523155,0.6549445511238423
2021-03-14,0,0.1535489193970012,0.0,28.5469,0.0,1.7388,200000,130988.91022476845,-69011.08977523155,0.6549445511238423
2021-03-15,-2,-1.9307003908205245,0.0,27.5091,0.0,1.943,200000,130988.91022476845,-69011.08977523155,0.6549445511238423
2021-03-16,-2,-1.3831271886351815,0.0,27.9099,0.0,1.9204,200000,130988.91022476845,-69011.08977523155,0.6549445511238423
2021-03-17,0,0.5312697495946844,0.0,31.0579,0.0,1.8758,200000,130988.91022476845,-69011.08977523155,0.6549445511238423
2021-03-18,0,-0.18835183931857608,0.0,29.3949,0.0,1.8669,200000,130988.91022476845,-69011.08977523155,0.6549445511238423
2021-03-19,0,-0.6947735845572397,0.0,29.777,0.0,1.9662,200000,130988.91022476845,-69011.08977523155,0.6549445511238423
2021-03-20,0,-0.35527908370323,0.0,29.6465,0.0,1.9247,200000,130988.91022476845,-69011.08977523155,0.6549445511238423
2021-03-21,0,-0.6419190156349873,0.0,29.2097,0.0,1.937,200000,130988.91022476845,-69011.08977523155,0.6549445511238423
2021-03-22,0,-0.844813464874408,0.0,27.2431,0.0,1.8366,200000,130988.91022476845,-69011.08977523155,0.6549445511238423
2021-03-23,-2,-1.3683191605276963,0.0,26.7813,0.0,1.8737,200000,130988.91022476845,-69011.08977523155,0.6549445511238423
2021-03-24,-2,-2.4069940389092506,0.0,24.8684,0.0,1.8979,200000,130988.91022476845,-69011.08977523155,0.6549445511238423
2021-03-25,-2,-1.2166108156705566,0.0,25.535,0.0,1.8076,200000,130988.91022476845,-69011.08977523155,0.6549445511238423
2021-03-26,-2,-1.697739494337253,0.0,27.3927,0.0,2.0416,200000,130988.91022476845,-69011.08977523155,0.6549445511238423
2021-03-27,-2,-2.2380433335869307,0.0,26.8766,0.0,2.1777,200000,130988.91022476845,-69011.08977523155,0.6549445511238423
2021-03-28,-2,-2.4281979249022556,0.0,26.6588,0.0,2.3399,200000,130988.91022476845,-69011.08977523155,0.6549445511238423
2021-03-29,-2,-2.2356706481822646,0.0,28.0357,0.0,2.5673,200000,130988.91022476845,-69011.08977523155,0.6549445511238423
2021-03-30,-2,-2.0923981475152846,0.0,27.8301,0.0,2.6613,200000,130988.91022476845,-69011.08977523155,0.6549445511238423
2021-03-31,-2,-2.0814958220465303,0.0,29.4167,0.0,3.0308,200000,130988.91022476845,-69011.08977523155,0.6549445511238423
2021-04-01,-2,-1.4147827449786061,0.0,30.0684,0.0,2.8069,200000,130988.91022476845,-69011.08977523155,0.6549445511238423
2021-04-02,0,-0.7997953723709696,0.0,32.4864,0.0,2.7439,200000,130988.91022476845,-69011.08977523155,0.6549445511238423
2021-04-03,0,-0.7031911966019447,0.0,29.293,0.0,2.4666,200000,130988.91022476845,-69011.08977523155,0.6549445511238423
2021-04-04,0,-0.6870511527539345,0.0,30.7471,0.0,2.6105,200000,130988.91022476845,-69011.08977523155,0.6549445511238423
2021-04-05,0,-0.13300592214770973,0.0,32.3791,0.0,2.5272,200000,130988.91022476845,-69011.08977523155,0.6549445511238423
2021-04-06,0,0.5717775957326254,0.0,34.725,0.0,2.4811,200000,130988.91022476845,-69011.08977523155,0.6549445511238423
2021-04-07,0,0.35543816078234086,0.0,31.109,0.0,2.3141,200000,130988.91022476845,-69011.08977523155,0.6549445511238423
2021-04-08,0,0.2898130132501564,0.0,32.7884,0.0,2.4822,200000,130988.91022476845,-69011.08977523155,0.6549445511238423
2021-04-09,0,-0.36705992671837273,0.0,31.5893,0.0,2.6295,200000,130988.91022476845,-69011.08977523155,0.6549445511238423
2021-04-10,0,0.03700704223675993,0.0,31.8944,0.0,2.5537,200000,130988.91022476845,-69011.08977523155,0.6549445511238423
2021-04-11,0,0.6136932274199619,0.0,33.8811,0.0,2.5783,200000,130988.91022476845,-69011.08977523155,0.6549445511238423
2021-04-12,0,0.13834324061954997,0.0,33.108,0.0,2.6644,200000,130988.91022476845,-69011.08977523155,0.6549445511238423
2021-04-13,2,1.2013015639950184,0.0,35.5217,0.0,2.5786,200000,130988.91022476845,-69011.08977523155,0.6549445511238423
2021-04-14,2,2.6961241732011607,0.0,41.3641,0.0,2.5159,200000,130988.91022476845,-69011.08977523155,0.6549445511238423
2021-04-15,2,2.310322758354187,0.0,42.5601,0.0,2.5585,200000,130988.91022476845,-69011.08977523155,0.6549445511238423
2021-04-16,2,1.753618675906273,0.0,41.9861,0.0,2.6004,200000,130988.91022476845,-69011.08977523155,0.6549445511238423
2021-04-17,0,0.9865694999523288,0.0,39.9137,0.0,2.6851,200000,130988.91022476845,-69011.08977523155,0.6549445511238423
2021-04-18,2,1.6431698684922036,0.0,39.0799,0.0,2.354,200000,130988.91022476845,-69011.08977523155,0.6549445511238423
2021-04-19,2,1.525728085128378,0.0,35.7359,0.0,2.1366,200000,130988.91022476845,-69011.08977523155,0.6549445511238423
2021-04-20,2,1.7744025520812947,0.0,38.9954,0.0,2.2134,200000,130988.91022476845,-69011.08977523155,0.6549445511238423
2021-04-21,2,1.3200534864721103,0.0,36.2274,0.0,2.14,200000,130988.91022476845,-69011.08977523155,0.6549445511238423
2021-04-22,2,1.746943770983942,0.0,35.1306,0.0,1.9181,200000,130988.91022476845,-69011.08977523155,0.6549445511238423
2021-04-23,2,1.8696540243601019,0.0,35.2121,0.0,1.8336,200000,130988.91022476845,-69011.08977523155,0.6549445511238423
2021-04-24,2,1.5530695588505194,0.0,31.2443,0.0,1.6537,200000,130988.91022476845,-69011.08977523155,0.6549445511238423
2021-04-25,1,1.1656665897546554,-2066.5926767759756,31.692,37788.16934709452,1.7332,200000,130988.91022476844,-69011.08977523156,0.6549445511238422
2021-04-26,1,0.8425069344180858,-2066.5926767759756,35.13,37788.16934709452,1.9813,200000,147469.1006625384,-52530.8993374616,0.737345503312692
2021-04-27,0,-0.002417955112519904,0.0,36.788,0.0,2.3196,200000,119361.28400048258,-80638.71599951742,0.5968064200024129
2021-04-28,0,-0.3710231059736523,0.0,36.233,0.0,2.3933,200000,119361.28400048258,-80638.71599951742,0.5968064200024129
2021-04-29,0,-0.3415971455074348,0.0,36.467,0.0,2.3613,200000,119361.28400048258,-80638.71599951742,0.5968064200024129
2021-04-30,0,-0.850849523737816,0.0,38.1,0.0,2.5999,200000,119361.28400048258,-80638.71599951742,0.5968064200024129
2021-05-01,0,-0.3079408381687419,0.0,41.257,0.0,2.6035,200000,119361.28400048258,-80638.71599951742,0.5968064200024129
2021-05-02,0,-0.555235549661996,0.0,39.461,0.0,2.5085,200000,119361.28400048258,-80638.71599951742,0.5968064200024129
2021-05-03,0,0.3168790370159706,0.0,42.052,0.0,2.4556,200000,119361.28400048258,-80638.71599951742,0.5968064200024129
2021-05-04,2,2.5603501632118713,0.0,45.527,0.0,2.1529,200000,119361.28400048258,-80638.71599951742,0.5968064200024129
2021-05-05,2,1.967122188242728,0.0,49.575,0.0,2.3844,200000,119361.28400048258,-80638.71599951742,0.5968064200024129
2021-05-06,0,0.9032900971311469,0.0,47.154,0.0,2.483,200000,119361.28400048258,-80638.71599951742,0.5968064200024129
2021-05-07,0,0.29613184224739525,0.0,49.129,0.0,2.7322,200000,119361.28400048258,-80638.71599951742,0.5968064200024129
2021-05-08,0,0.3652242892547739,0.0,48.597,0.0,2.6727,200000,119361.28400048258,-80638.71599951742,0.5968064200024129
2021-05-09,1,1.1378481204503348,-1141.7980447347625,52.269,22587.480887230828,2.6422,200000,119361.28400048258,-80638.71599951742,0.5968064200024129
2021-05-10,2,1.230368866649789,0.0,46.334,0.0,2.2957,200000,120411.27473240727,-79588.72526759273,0.6020563736620363
2021-05-11,0,0.7799064813377545,0.0,48.826,0.0,2.5093,200000,120411.27473240727,-79588.72526759273,0.6020563736620363
2021-05-12,1,1.1605018132350358,-1446.4859297055316,41.622,29495.217208604565,2.0412,200000,120411.27473240727,-79588.72526759273,0.6020563736620363
2021-05-13,1,1.1962941833507594,-1446.4859297055316,43.287,29495.217208604565,2.1,200000,124553.99257723293,-75446.00742276707,0.6227699628861647
2021-05-14,2,1.5721850095202778,0.0,46.567,0.0,2.138,200000,124709.0106290082,-75290.9893709918,0.623545053145041
2021-05-15,0,0.9845417901273914,0.0,41.492,0.0,2.01,200000,124709.0106290082,-75290.9893709918,0.623545053145041
2021-05-16,0,0.8161555598071817,0.0,40.67,0.0,1.9916,200000,124709.0106290082,-75290.9893709918,0.623545053145041
2021-05-17,0,0.5771755820750053,0.0,37.177,0.0,1.8558,200000,124709.0106290082,-75290.9893709918,0.623545053145041
2021-05-18,2,1.4227947809322339,0.0,42.566,0.0,1.9111,200000,124709.0106290082,-75290.9893709918,0.623545053145041
2021-05-19,2,1.2717587068343525,0.0,26.227,0.0,1.1823,200000,124709.0106290082,-75290.9893709918,0.623545053145041
2021-05-20,1,1.1639852557669514,-2037.3294554827191,30.606,44911.05251692891,1.3884,200000,124709.0106290082,-75290.9893709918,0.623545053145041
2021-05-21,0,0.057867277669844314,0.0,25.546,0.0,1.2715,200000,119650.22562349463,-80349.77437650537,0.5982511281174732
2021-05-22,0,0.16691809217314577,0.0,23.296,0.0,1.1386,200000,119650.22562349463,-80349.77437650537,0.5982511281174732
2021-05-23,0,-0.041693601209556,0.0,19.844,0.0,0.9756,200000,119650.22562349463,-80349.77437650537,0.5982511281174732
2021-05-24,2,1.5702727669350862,0.0,26.412,0.0,1.1779,200000,119650.22562349463,-80349.77437650537,0.5982511281174732
2021-05-25,2,2.3324673646120684,0.0,27.503,0.0,1.1406,200000,119650.22562349463,-80349.77437650537,0.5982511281174732
2021-05-26,2,2.4932402694937763,0.0,34.018,0.0,1.3394,200000,119650.22562349463,-80349.77437650537,0.5982511281174732
2021-05-27,2,2.266775549953572,0.0,31.732,0.0,1.2327,200000,119650.22562349463,-80349.77437650537,0.5982511281174732
2021-05-28,2,2.0165180042348907,0.0,27.878,0.0,1.079,200000,119650.22562349463,-80349.77437650537,0.5982511281174732
2021-05-29,2,1.4332924040087183,0.0,25.365,0.0,1.0142,200000,119650.22562349463,-80349.77437650537,0.5982511281174732
2021-05-30,2,1.4114378455469316,0.0,26.818,0.0,1.0584,200000,119650.22562349463,-80349.77437650537,0.5982511281174732
2021-05-31,2,2.2646860790482464,0.0,32.098,0.0,1.1341,200000,119650.22562349463,-80349.77437650537,0.5982511281174732
2021-06-01,2,1.4557570918943046,0.0,30.719,0.0,1.1483,200000,119650.22562349463,-80349.77437650537,0.5982511281174732
2021-06-02,0,0.7962941149449548,0.0,30.67,0.0,1.2138,200000,119650.22562349463,-80349.77437650537,0.5982511281174732
2021-06-03,0,0.8434814881407423,0.0,32.198,0.0,1.2575,200000,119650.22562349463,-80349.77437650537,0.5982511281174732
2021-06-04,0,0.5850255283461149,0.0,28.826,0.0,1.1474,200000,119650.22562349463,-80349.77437650537,0.5982511281174732
2021-06-05,0,0.2763467771807184,0.0,27.129,0.0,1.1067,200000,119650.22562349463,-80349.77437650537,0.5982511281174732
2021-06-06,0,-0.07179709894678538,0.0,27.532,0.0,1.1533,200000,119650.22562349463,-80349.77437650537,0.5982511281174732
2021-06-07,0,-0.21094088299242442,0.0,24.584,0.0,1.0402,200000,119650.22562349463,-80349.77437650537,0.5982511281174732
2021-06-08,0,-0.1100522972746708,0.0,24.076,0.0,1.0052,200000,119650.22562349463,-80349.77437650537,0.5982511281174732
2021-06-09,0,0.07948244570487886,0.0,25.585,0.0,1.0451,200000,119650.22562349463,-80349.77437650537,0.5982511281174732
2021-06-10,0,-0.537878089183047,0.0,23.114,0.0,0.9849,200000,119650.22562349463,-80349.77437650537,0.5982511281174732
2021-06-11,0,-0.5555385784561504,0.0,21.478,0.0,0.905,200000,119650.22562349463,-80349.77437650537,0.5982511281174732
2021-06-12,0,-0.5241236156503106,0.0,21.67,0.0,0.8972,200000,119650.22562349463,-80349.77437650537,0.5982511281174732
2021-06-13,0,-0.2693286701935931,0.0,23.312,0.0,0.9465,200000,119650.22562349463,-80349.77437650537,0.5982511281174732
2021-06-14,0,0.25322525333103457,0.0,24.973,0.0,0.9871,200000,119650.22562349463,-80349.77437650537,0.5982511281174732
2021-06-15,-2,-2.065944997603181,0.0,24.482,0.0,1.1075,200000,119650.22562349463,-80349.77437650537,0.5982511281174732
2021-06-16,-2,-1.3547507471226186,0.0,23.044,0.0,1.0095,200000,119650.22562349463,-80349.77437650537,0.5982511281174732
2021-06-17,-2,-1.7967289026562936,0.0,23.396,0.0,1.0726,200000,119650.22562349463,-80349.77437650537,0.5982511281174732
2021-06-18,-2,-1.7253595785226041,0.0,21.233,0.0,0.9871,200000,119650.22562349463,-80349.77437650537,0.5982511281174732
2021-06-19,-2,-1.654998330976858,0.0,20.246,0.0,0.9541,200000,119650.22562349463,-80349.77437650537,0.5982511281174732
2021-06-20,0,-0.8751018503810851,0.0,21.646,0.0,0.9606,200000,119650.22562349463,-80349.77437650537,0.5982511281174732
2021-06-21,0,-0.24261348810645353,0.0,17.365,0.0,0.7441,200000,119650.22562349463,-80349.77437650537,0.5982511281174732
2021-06-22,0,0.141994261956279,0.0,16.85,0.0,0.7093,200000,119650.22562349463,-80349.77437650537,0.5982511281174732
2021-06-23,0,-0.026702819899447647,0.0,18.395,0.0,0.7848,200000,119650.22562349463,-80349.77437650537,0.5982511281174732
2021-06-24,0,0.05328994512953658,0.0,19.06,0.0,0.813,200000,119650.22562349463,-80349.77437650537,0.5982511281174732
2021-06-25,0,-0.023013239711437164,0.0,16.87,0.0,0.724,200000,119650.22562349463,-80349.77437650537,0.5982511281174732
2021-06-26,0,0.05118060610878192,0.0,16.952,0.0,0.7259,200000,119650.22562349463,-80349.77437650537,0.5982511281174732
2021-06-27,2,1.4002282291105161,0.0,18.406,0.0,0.7388,200000,119650.22562349463,-80349.77437650537,0.5982511281174732
2021-06-28,1,1.1182243381136687,-3177.116984160771,18.83,78387.20232147185,0.7632,200000,119650.22562349463,-80349.77437650537,0.5982511281174732
2021-06-29,1,0.44886172939271707,-3177.116984160771,19.535,78387.20232147185,0.8184,200000,126217.06666547322,-73782.93333452678,0.631085333327366
2021-06-30,0,-0.02820700563537492,0.0,19.516,0.0,0.8365,200000,116083.94594446503,-83916.05405553497,0.5804197297223251
2021-07-01,0,-0.6182203619141514,0.0,18.186,0.0,0.8043,200000,116083.94594446503,-83916.05405553497,0.5804197297223251
2021-07-02,0,-0.7600530920469482,0.0,18.274,0.0,0.8172,200000,116083.94594446503,-83916.05405553497,0.5804197297223251
2021-07-03,0,-0.7735565465488113,0.0,18.543,0.0,0.8333,200000,116083.94594446503,-83916.05405553497,0.5804197297223251
2021-07-04,0,-0.35695680582260486,0.0,19.242,0.0,0.8507,200000,116083.94594446503,-83916.05405553497,0.5804197297223251
2021-07-05,-2,-2.2026505492662873,0.0,18.362,0.0,0.8979,200000,116083.94594446503,-83916.05405553497,0.5804197297223251
2021-07-06,0,-0.5397780192726394,0.0,20.073,0.0,0.9021,200000,116083.94594446503,-83916.05405553497,0.5804197297223251
2021-07-07,-2,-1.3228388498748231,0.0,19.788,0.0,0.9283,200000,116083.94594446503,-83916.05405553497,0.5804197297223251
2021-07-08,-2,-3.106677193331913,0.0,18.353,0.0,1.0412,200000,116083.94594446503,-83916.05405553497,0.5804197297223251
2021-07-09,-2,-1.9502193393441256,0.0,18.656,0.0,0.9786,200000,116083.94594446503,-83916.05405553497,0.5804197297223251
2021-07-10,-2,-1.3697407473037582,0.0,18.204,0.0,0.9184,200000,116083.94594446503,-83916.05405553497,0.5804197297223251
2021-07-11,-2,-1.452083172605834,0.0,18.383,0.0,0.9519,200000,116083.94594446503,-83916.05405553497,0.5804197297223251
2021-07-12,-2,-1.3278298559364081,0.0,17.518,0.0,0.9104,200000,116083.94594446503,-83916.05405553497,0.5804197297223251
2021-07-13,-1,-1.0332402901735402,3440.54374464923,16.87,-67506.36540152653,0.8598,200000,116083.94594446503,-83916.05405553497,0.5804197297223251
2021-07-14,-1,-0.6283140632352081,3440.54374464923,16.936,-67506.36540152653,0.8336,200000,114542.35505809188,-85457.64494190812,0.5727117752904594
2021-07-15,-1,-0.6890720481251922,3440.54374464923,15.764,-67506.36540152653,0.7868,200000,107350.73988857154,-92649.26011142846,0.5367536994428577
2021-07-16,-1,-0.32317431086298015,3440.54374464923,15.234,-67506.36540152653,0.7371,200000,102172.18534345158,-97827.81465654842,0.5108609267172579
2021-07-17,-1,-0.86757660913274,3440.54374464923,15.352,-67506.36540152653,0.7903,200000,106169.5081446814,-93830.4918553186,0.530847540723407
2021-07-18,-1,-0.383748082457101,3440.54374464923,15.47,-67506.36540152653,0.7666,200000,104975.59144653383,-95024.40855346617,0.5248779572326692
2021-07-19,-1,-0.436688923146759,3440.54374464923,14.528,-67506.36540152653,0.7277,200000,99108.60162495487,-100891.39837504513,0.49554300812477436
2021-07-20,-1,-0.20313002371238914,3440.54374464923,13.742,-67506.36540152653,0.6807,200000,93231.53506778883,-106768.46493221117,0.46615767533894414
2021-07-21,0,0.12146695209709209,0.0,15.297,0.0,0.7456,200000,113786.69432594394,-86213.30567405606,0.5689334716297196
2021-07-22,0,0.47320693102043404,0.0,16.071,0.0,0.7708,200000,113786.69432594394,-86213.30567405606,0.5689334716297196
2021-07-23,0,0.4232321922174944,0.0,16.502,0.0,0.7982,200000,113786.69432594394,-86213.30567405606,0.5689334716297196
2021-07-24,0,0.5769882466311788,0.0,16.683,0.0,0.8075,200000,113786.69432594394,-86213.30567405606,0.5689334716297196
2021-07-25,0,0.184411688124599,0.0,16.746,0.0,0.8259,200000,113786.69432594394,-86213.30567405606,0.5689334716297196
2021-07-26,2,1.6361749128571796,0.0,18.028,0.0,0.8388,200000,113786.69432594394,-86213.30567405606,0.5689334716297196
2021-07-27,2,2.364053207584458,0.0,19.489,0.0,0.8677,200000,113786.69432594394,-86213.30567405606,0.5689334716297196
2021-07-28,2,1.8768898407490313,0.0,19.109,0.0,0.8683,200000,113786.69432594394,-86213.30567405606,0.5689334716297196
2021-07-29,0,0.7551759510612573,0.0,19.37,0.0,0.9188,200000,113786.69432594394,-86213.30567405606,0.5689334716297196
2021-07-30,2,2.038392585223996,0.0,22.269,0.0,0.9888,200000,113786.69432594394,-86213.30567405606,0.5689334716297196
2021-07-31,2,1.8911447179825929,0.0,22.713,0.0,1.0024,200000,113786.69432594394,-86213.30567405606,0.5689334716297196
2021-08-01,2,1.3459072958325826,0.0,22.062,0.0,0.992,200000,113786.69432594394,-86213.30567405606,0.5689334716297196
2021-08-02,2,1.7746897170232299,0.0,23.472,0.0,1.0239,200000,113786.69432594394,-86213.30567405606,0.5689334716297196
2021-08-03,2,2.0522284269453457,0.0,23.942,0.0,1.0121,200000,113786.69432594394,-86213.30567405606,0.5689334716297196
2021-08-04,2,1.3870071281759018,0.0,24.193,0.0,1.0489,200000,113786.69432594394,-86213.30567405606,0.5689334716297196
2021-08-05,0,0.9248164347076064,0.0,24.057,0.0,1.0637,200000,113786.69432594394,-86213.30567405606,0.5689334716297196
2021-08-06,0,0.009943139924190762,0.0,23.89,0.0,1.1064,200000,113786.69432594394,-86213.30567405606,0.5689334716297196
2021-08-07,0,0.24505472807760492,0.0,24.694,0.0,1.1257,200000,113786.69432594394,-86213.30567405606,0.5689334716297196
2021-08-08,0,0.059364208249887425,0.0,23.029,0.0,1.0553,200000,113786.69432594394,-86213.30567405606,0.5689334716297196
2021-08-09,0,-0.12844024799288184,0.0,24.197,0.0,1.1142,200000,113786.69432594394,-86213.30567405606,0.5689334716297196
2021-08-10,0,-0.08079324304530655,0.0,24.537,0.0,1.1239,200000,113786.69432594394,-86213.30567405606,0.5689334716297196
2021-08-11,0,0.016654253872148892,0.0,25.906,0.0,1.1789,200000,113786.69432594394,-86213.30567405606,0.5689334716297196
2021-08-12,0,0.15665384944851143,0.0,24.944,0.0,1.1256,200000,113786.69432594394,-86213.30567405606,0.5689334716297196
2021-08-13,0,0.6385840617884153,0.0,27.748,0.0,1.2274,200000,113786.69432594394,-86213.30567405606,0.5689334716297196
2021-08-14,0,-0.7975553416768505,0.0,27.144,0.0,1.25,200000,113786.69432594394,-86213.30567405606,0.5689334716297196
2021-08-15,0,-0.1575687522378908,0.0,27.901,0.0,1.26,200000,113786.69432594394,-86213.30567405606,0.5689334716297196
2021-08-16,0,-0.4862875007619489,0.0,27.944,0.0,1.2747,200000,113786.69432594394,-86213.30567405606,0.5689334716297196
2021-08-17,0,0.01123755095228422,0.0,26.146,0.0,1.1763,200000,113786.69432594394,-86213.30567405606,0.5689334716297196
2021-08-18,-1,-1.111157426812385,2245.1105782317973,25.341,-48593.5660770174,1.1708,200000,113786.69432594394,-86213.30567405606,0.5689334716297196
2021-08-19,-2,-1.5486789680669817,0.0,27.096,0.0,1.2728,200000,114803.06900100292,-85196.93099899708,0.5740153450050146
2021-08-20,-2,-2.7668794406351394,0.0,28.678,0.0,1.4356,200000,114803.06900100292,-85196.93099899708,0.5740153450050146
2021-08-21,-2,-2.3750390276157405,0.0,27.844,0.0,1.4074,200000,114803.06900100292,-85196.93099899708,0.5740153450050146
2021-08-22,-2,-2.59604650671605,0.0,27.982,0.0,1.4833,200000,114803.06900100292,-85196.93099899708,0.5740153450050146
2021-08-23,-2,-2.576201496181984,0.0,28.552,0.0,1.5689,200000,114803.06900100292,-85196.93099899708,0.5740153450050146
2021-08-24,-2,-2.295574006940438,0.0,25.728,0.0,1.4367,200000,114803.06900100292,-85196.93099899708,0.5740153450050146
2021-08-25,-2,-1.991777434170408,0.0,26.612,0.0,1.4938,200000,114803.06900100292,-85196.93099899708,0.5740153450050146
2021-08-26,-2,-1.3831363415882323,0.0,24.39,0.0,1.318,200000,114803.06900100292,-85196.93099899708,0.5740153450050146
2021-08-27,-1,-1.17142023227917,2204.360003859503,26.04,-41089.14423801107,1.397,200000,114803.06900100292,-85196.93099899708,0.5740153450050146
2021-08-28,-1,-1.1972689344188872,2204.360003859503,25.73,-41089.14423801107,1.401,200000,114284.07397675852,-85715.92602324148,0.5714203698837925
2021-08-29,-1,-0.9496298305510498,2204.360003859503,25.76,-41089.14423801107,1.383,200000,113610.60018059012,-86389.39981940988,0.5680530009029505
2021-08-30,-1,-0.6880404254959741,2204.360003859503,25.04,-41089.14423801107,1.321,200000,109475.93403505458,-90524.06596494542,0.5473796701752729
2021-08-31,0,0.027631505026890567,0.0,26.7,0.0,1.327,200000,110471.95130179488,-89528.04869820512,0.5523597565089744
2021-09-01,0,0.5313690287725759,0.0,29.72,0.0,1.423,200000,110471.95130179488,-89528.04869820512,0.5523597565089744
2021-09-02,0,0.5084046256235283,0.0,29.95,0.0,1.447,200000,110471.95130179488,-89528.04869820512,0.5523597565089744
2021-09-03,0,0.13656066161526847,0.0,30.75,0.0,1.535,200000,110471.95130179488,-89528.04869820512,0.5523597565089744
2021-09-04,-1,-1.1069043356545152,1848.593562613703,29.88,-33355.05776020377,1.656,200000,110471.95130179488,-89528.04869820512,0.5523597565089744
2021-09-05,-1,-0.5422434442944247,1848.593562613703,33.55,-33355.05776020377,1.79,200000,121725.86741645448,-78274.13258354552,0.6086293370822724
2021-09-06,0,0.5358242240170883,0.0,34.81,0.0,1.742,200000,104226.92000548684,-95773.07999451316,0.5211346000274342
2021-09-07,1,1.071548017374767,-1844.0714792195124,28.26,37708.726485342566,1.382,200000,104226.92000548684,-95773.07999451316,0.5211346000274342
2021-09-08,0,0.15233992730856125,0.0,27.16,0.0,1.404,200000,101368.84939566784,-98631.15060433216,0.5068442469783392
2021-09-09,-2,-1.3783033794578745,0.0,28.01,0.0,1.583,200000,101368.84939566784,-98631.15060433216,0.5068442469783392
2021-09-10,-2,-2.9433736310444614,0.0,26.39,0.0,1.786,200000,101368.84939566784,-98631.15060433216,0.5068442469783392
2021-09-11,-2,-2.0394544336885105,0.0,26.99,0.0,1.746,200000,101368.84939566784,-98631.15060433216,0.5068442469783392
2021-09-12,-1,-1.06098208604624,1722.7880590698137,29.42,-29078.84377385767,1.743,200000,101368.84939566784,-98631.15060433216,0.5068442469783392
2021-09-13,-2,-2.309273963682939,0.0,26.96,0.0,1.93,200000,111044.65180669096,-88955.34819330904,0.5552232590334548
2021-09-14,-2,-1.6394051544596115,0.0,30.8,0.0,2.074,200000,111044.65180669096,-88955.34819330904,0.5552232590334548
2021-09-15,-2,-1.7103730299557158,0.0,30.67,0.0,2.166,200000,111044.65180669096,-88955.34819330904,0.5552232590334548
2021-09-16,-2,-1.3725621651836282,0.0,29.8,0.0,2.048,200000,111044.65180669096,-88955.34819330904,0.5552232590334548
2021-09-17,-1,-1.1618565240904468,2002.9699099330983,27.72,-29580.35477002956,1.877,200000,111044.65180669096,-88955.34819330904,0.5552232590334548
2021-09-18,-1,-1.0697443792038106,2002.9699099330983,28.39,-29580.35477002956,1.928,200000,113895.23973961765,-86104.76026038235,0.5694761986980883
2021-09-19,-1,-0.7910735564430322,2002.9699099330983,27.36,-29580.35477002956,1.796,200000,107927.57390274266,-92072.42609725734,0.5396378695137133
2021-09-20,-1,-1.083402878057148,2002.9699099330983,23.57,-29580.35477002956,1.661,200000,96342.97005014223,-103657.02994985777,0.48171485025071115
2021-09-21,-1,-0.8485087756028312,2002.9699099330983,21.42,-29580.35477002956,1.469,200000,86357.15662794039,-113642.84337205961,0.43178578313970195
2021-09-22,-1,-0.691212152340968,2002.9699099330983,24.45,-29580.35477002956,1.654,200000,97898.52108749314,-102101.47891250686,0.48949260543746564
2021-09-23,-1,-0.567040596219228,2002.9699099330983,25.41,-29580.35477002956,1.706,200000,101359.55064907046,-98640.44935092954,0.5067977532453523
2021-09-24,-1,-0.6274455707970642,2002.9699099330983,23.26,-29580.35477002956,1.592,200000,93681.00489893093,-106318.99510106907,0.4684050244946546
2021-09-25,0,0.028206063071962207,0.0,24.51,0.0,1.547,200000,107712.66814346645,-92287.33185653355,0.5385633407173323
2021-09-26,0,-0.30859355973986713,0.0,24.6,0.0,1.64,200000,107712.66814346645,-92287.33185653355,0.5385633407173323
2021-09-27,0,0.02169519962133263,0.0,23.01,0.0,1.503,200000,107712.66814346645,-92287.33185653355,0.5385633407173323
2021-09-28,0,0.6872884799194761,0.0,22.1,0.0,1.406,200000,107712.66814346645,-92287.33185653355,0.5385633407173323
2021-09-29,2,1.3667470049795414,0.0,22.85,0.0,1.431,200000,107712.66814346645,-92287.33185653355,0.5385633407173323
2021-09-30,0,0.8816221981543159,0.0,24.0,0.0,1.53,200000,107712.66814346645,-92287.33185653355,0.5385633407173323
2021-10-01,-2,-1.5870255453065487,0.0,26.31,0.0,1.911,200000,107712.66814346645,-92287.33185653355,0.5385633407173323
2021-10-02,-2,-1.5424854334165565,0.0,26.89,0.0,1.948,200000,107712.66814346645,-92287.33185653355,0.5385633407173323
2021-10-03,-2,-2.5547062798505196,0.0,27.57,0.0,2.162,200000,107712.66814346645,-92287.33185653355,0.5385633407173323
2021-10-04,-2,-2.4649026530246685,0.0,26.6,0.0,2.171,200000,107712.66814346645,-92287.33185653355,0.5385633407173323
2021-10-05,-2,-2.317994203540062,0.0,27.23,0.0,2.295,200000,107712.66814346645,-92287.33185653355,0.5385633407173323
2021-10-06,-2,-1.807110045493652,0.0,26.8,0.0,2.213,200000,107712.66814346645,-92287.33185653355,0.5385633407173323
2021-10-07,-2,-1.3198067315839548,0.0,26.83,0.0,2.141,200000,107712.66814346645,-92287.33185653355,0.5385633407173323
2021-10-08,-2,-1.2876948168383326,0.0,26.39,0.0,2.132,200000,107712.66814346645,-92287.33185653355,0.5385633407173323
2021-10-09,0,-0.961379038406972,0.0,27.45,0.0,2.163,200000,107712.66814346645,-92287.33185653355,0.5385633407173323
2021-10-10,-1,-1.194589961723076,2107.055323620236,25.56,-25694.815873918524,2.096,200000,107712.66814346645,-92287.33185653355,0.5385633407173323
2021-10-11,-2,-1.3523525234307348,0.0,25.22,0.0,2.151,200000,109842.28182656284,-90157.71817343716,0.5492114091328142
2021-10-12,-1,-1.0017160308313704,2228.0381709241956,24.65,-26961.777571566727,2.037,200000,109842.28182656283,-90157.71817343717,0.5492114091328142
2021-10-13,-1,-0.9737818900004291,2228.0381709241956,25.66,-26961.777571566727,2.141,200000,114896.62524663922,-85103.37475336078,0.5744831262331961
2021-10-14,-1,-0.41026470126620945,2228.0381709241956,26.72,-26961.777571566727,2.09,200000,115883.29505166896,-84116.70494833104,0.5794164752583448
2021-10-15,0,0.10174765187216238,0.0,27.01,0.0,2.008,200000,103802.2201936063,-96197.7798063937,0.5190111009680316
2021-10-16,0,0.26335379785706,0.0,27.23,0.0,2.002,200000,103802.2201936063,-96197.7798063937,0.5190111009680316
2021-10-17,0,0.37178304483474306,0.0,26.54,0.0,1.946,200000,103802.2201936063,-96197.7798063937,0.5190111009680316
2021-10-18,0,-0.13571216800140762,0.0,25.71,0.0,2.001,200000,103802.2201936063,-96197.7798063937,0.5190111009680316
2021-10-19,0,-0.42300040977953474,0.0,25.91,0.0,2.084,200000,103802.2201936063,-96197.7798063937,0.5190111009680316
2021-10-20,0,0.49310311356410713,0.0,27.49,0.0,2.111,200000,103802.2201936063,-96197.7798063937,0.5190111009680316
2021-10-21,2,1.757758274097513,0.0,28.26,0.0,2.036,200000,103802.2201936063,-96197.7798063937,0.5190111009680316
2021-10-22,2,1.546470868203268,0.0,28.67,0.0,2.089,200000,103802.2201936063,-96197.7798063937,0.5190111009680316
2021-10-23,2,2.708432427373284,0.0,31.36,0.0,2.07,200000,103802.2201936063,-96197.7798063937,0.5190111009680316
2021-10-24,2,1.7789595697533869,0.0,29.7,0.0,2.034,200000,103802.2201936063,-96197.7798063937,0.5190111009680316
2021-10-25,2,2.1314491380925844,0.0,32.38,0.0,2.112,200000,103802.2201936063,-96197.7798063937,0.5190111009680316
2021-10-26,2,2.1946131420990733,0.0,32.52,0.0,2.045,200000,103802.2201936063,-96197.7798063937,0.5190111009680316
2021-10-27,2,1.9124037182266422,0.0,28.88,0.0,1.807,200000,103802.2201936063,-96197.7798063937,0.5190111009680316
2021-10-28,2,1.2850471915826673,0.0,30.19,0.0,1.966,200000,103802.2201936063,-96197.7798063937,0.5190111009680316
2021-10-29,0,0.8152615166353998,0.0,30.96,0.0,2.087,200000,103802.2201936063,-96197.7798063937,0.5190111009680316
2021-10-30,0,0.1385101381185019,0.0,29.79,0.0,2.128,200000,103802.2201936063,-96197.7798063937,0.5190111009680316
2021-10-31,0,-0.8327808159685008,0.0,30.0,0.0,2.336,200000,103802.2201936063,-96197.7798063937,0.5190111009680316
2021-11-01,0,-0.3547870268088257,0.0,31.66,0.0,2.34,200000,103802.2201936063,-96197.7798063937,0.5190111009680316
2021-11-02,0,-0.6553105671271865,0.0,32.26,0.0,2.426,200000,103802.2201936063,-96197.7798063937,0.5190111009680316
2021-11-03,0,0.054585135512898564,0.0,31.96,0.0,2.261,200000,103802.2201936063,-96197.7798063937,0.5190111009680316
2021-11-04,0,0.2502579629895814,0.0,31.0,0.0,2.155,200000,103802.2201936063,-96197.7798063937,0.5190111009680316
2021-11-05,2,1.3317713993121107,0.0,32.86,0.0,2.096,200000,103802.2201936063,-96197.7798063937,0.5190111009680316
2021-11-06,1,1.0980397522513334,-1619.3794101966664,32.05,25182.489129938454,2.061,200000,103802.2201936063,-96197.7798063937,0.5190111009680316
2021-11-07,2,1.2539608820831158,0.0,32.34,0.0,2.038,200000,104851.03747255192,-95148.96252744808,0.5242551873627597
2021-11-08,2,1.3348014856412878,0.0,34.46,0.0,2.145,200000,104851.03747255192,-95148.96252744808,0.5242551873627597
2021-11-09,0,0.8328344787766409,0.0,33.82,0.0,2.165,200000,104851.03747255192,-95148.96252744808,0.5242551873627597
2021-11-10,2,1.796302549647185,0.0,34.21,0.0,2.027,200000,104851.03747255192,-95148.96252744808,0.5242551873627597
2021-11-11,2,1.5479466287455355,0.0,34.69,0.0,2.062,200000,104851.03747255192,-95148.96252744808,0.5242551873627597
2021-11-12,0,0.3914930697825228,0.0,34.26,0.0,2.203,200000,104851.03747255192,-95148.96252744808,0.5242551873627597
2021-11-13,0,-0.3450892121626203,0.0,34.0,0.0,2.308,200000,104851.03747255192,-95148.96252744808,0.5242551873627597
2021-11-14,0,-0.9091616693724449,0.0,33.75,0.0,2.409,200000,104851.03747255192,-95148.96252744808,0.5242551873627597
2021-11-15,-2,-1.6343833683236701,0.0,32.04,0.0,2.483,200000,104851.03747255192,-95148.96252744808,0.5242551873627597
2021-11-16,-2,-1.6569993669672927,0.0,29.16,0.0,2.318,200000,104851.03747255192,-95148.96252744808,0.5242551873627597
2021-11-17,-2,-1.3432134217828342,0.0,29.18,0.0,2.284,200000,104851.03747255192,-95148.96252744808,0.5242551873627597
2021-11-18,-2,-1.2036156290258724,0.0,26.55,0.0,2.075,200000,104851.03747255192,-95148.96252744808,0.5242551873627597
2021-11-19,-1,-1.0619650132323264,1854.4576843394398,28.27,-23916.751248301076,2.192,200000,104851.03747255192,-95148.96252744808,0.5242551873627597
2021-11-20,-1,-1.0227227547110231,1854.4576843394398,28.36,-23916.751248301076,2.187,200000,104898.35490790097,-95101.64509209903,0.5244917745395048
2021-11-21,-2,-1.8214630524102997,0.0,28.98,0.0,2.53,200000,111618.23443859669,-88381.76556140331,0.5580911721929834
2021-11-22,-2,-1.2215630991752446,0.0,26.77,0.0,2.177,200000,111618.23443859669,-88381.76556140331,0.5580911721929834
2021-11-23,0,-0.8370742216398751,0.0,26.94,0.0,2.099,200000,111618.23443859669,-88381.76556140331,0.5580911721929834
2021-11-24,0,-0.6779165745638263,0.0,25.58,0.0,1.965,200000,111618.23443859669,-88381.76556140331,0.5580911721929834
2021-11-25,0,-0.4982998465652478,0.0,26.41,0.0,1.999,200000,111618.23443859669,-88381.76556140331,0.5580911721929834
2021-11-26,0,0.01453445722900878,0.0,23.96,0.0,1.713,200000,111618.23443859669,-88381.76556140331,0.5580911721929834
2021-11-27,0,0.021410959791398582,0.0,24.1,0.0,1.734,200000,111618.23443859669,-88381.76556140331,0.5580911721929834
2021-11-28,0,0.23586173654590445,0.0,24.76,0.0,1.754,200000,111618.23443859669,-88381.76556140331,0.5580911721929834
2021-11-29,0,0.25849091997981183,0.0,24.99,0.0,1.778,200000,111618.23443859669,-88381.76556140331,0.5580911721929834
2021-11-30,0,0.7402277658886753,0.0,25.31,0.0,1.749,200000,111618.23443859669,-88381.76556140331,0.5580911721929834
2021-12-01,0,0.9422370565912364,0.0,25.32,0.0,1.763,200000,111618.23443859669,-88381.76556140331,0.5580911721929834
2021-12-02,2,1.2048610725592432,0.0,24.55,0.0,1.7,200000,111618.23443859669,-88381.76556140331,0.5580911721929834
2021-12-03,2,1.469731554828982,0.0,23.31,0.0,1.59,200000,111618.23443859669,-88381.76556140331,0.5580911721929834
2021-12-04,2,2.0346138065777493,0.0,20.64,0.0,1.337,200000,111618.23443859669,-88381.76556140331,0.5580911721929834
2021-12-05,2,2.0590174361674793,0.0,19.48,0.0,1.227,200000,111618.23443859669,-88381.76556140331,0.5580911721929834
2021-12-06,2,1.702609479786647,0.0,19.8,0.0,1.256,200000,111618.23443859669,-88381.76556140331,0.5580911721929834
2021-12-07,2,1.8753869457617665,0.0,21.09,0.0,1.29,200000,111618.23443859669,-88381.76556140331,0.5580911721929834
2021-12-08,2,2.0197975694782655,0.0,22.91,0.0,1.345,200000,111618.23443859669,-88381.76556140331,0.5580911721929834
2021-12-09,2,1.7161694508244931,0.0,20.25,0.0,1.193,200000,111618.23443859669,-88381.76556140331,0.5580911721929834
2021-12-10,1,1.1286225886595649,-3006.956746729437,18.56,48912.460314897755,1.141,200000,111618.23443859667,-88381.76556140333,0.5580911721929833
2021-12-11,2,1.3141595550655112,0.0,19.97,0.0,1.198,200000,113070.03321353602,-86929.96678646398,0.5653501660676801
2021-12-12,1,1.0834298201976937,-2769.9665167451253,20.41,45592.75532803872,1.24,200000,113070.03321353602,-86929.96678646398,0.5653501660676801
2021-12-13,1,0.8392217858591436,-2769.9665167451253,17.78,45592.75532803872,1.095,200000,99174.07175193072,-100825.92824806928,0.4958703587596536
2021-12-14,1,0.5735548205513807,-2769.9665167451253,18.44,45592.75532803872,1.153,200000,103646.62946200877,-96353.37053799123,0.5182331473100439
2021-12-15,1,1.065842179458896,-2769.9665167451253,19.69,45592.75532803872,1.181,200000,108385.68475712526,-91614.31524287474,0.5419284237856263
2021-12-16,0,0.04968557932906661,0.0,18.76,0.0,1.201,200000,110277.70591870009,-89722.29408129991,0.5513885295935004
2021-12-17,0,-0.4917488174905059,0.0,18.25,0.0,1.205,200000,110277.70591870009,-89722.29408129991,0.5513885295935004
2021-12-18,0,0.2620596805558075,0.0,19.54,0.0,1.224,200000,110277.70591870009,-89722.29408129991,0.5513885295935004
2021-12-19,0,-0.15134774192162764,0.0,18.86,0.0,1.203,200000,110277.70591870009,-89722.29408129991,0.5513885295935004
2021-12-20,0,-0.689176225727325,0.0,18.78,0.0,1.227,200000,110277.70591870009,-89722.29408129991,0.5513885295935004
2021-12-21,-1,-1.019799766302546,2839.281820769827,19.42,-43010.0257093214,1.282,200000,110277.70591870009,-89722.29408129991,0.5513885295935004
2021-12-22,-2,-2.83208125546567,0.0,19.93,0.0,1.486,200000,117603.71743480903,-82396.28256519097,0.5880185871740451
2021-12-23,-2,-1.3403716172945892,0.0,22.17,0.0,1.509,200000,117603.71743480903,-82396.28256519097,0.5880185871740451
2021-12-24,-2,-1.4088896189849602,0.0,21.48,0.0,1.479,200000,117603.71743480903,-82396.28256519097,0.5880185871740451
2021-12-25,-2,-1.461010860471775,0.0,22.1,0.0,1.544,200000,117603.71743480903,-82396.28256519097,0.5880185871740451
2021-12-26,0,-0.7953136866301204,0.0,22.98,0.0,1.543,200000,117603.71743480903,-82396.28256519097,0.5880185871740451
2021-12-27,0,-0.8128883229513293,0.0,23.02,0.0,1.556,200000,117603.71743480903,-82396.28256519097,0.5880185871740451
2021-12-28,-2,-3.005950328495551,0.0,20.37,0.0,1.786,200000,117603.71743480903,-82396.28256519097,0.5880185871740451
2021-12-29,-1,-1.0999074469284422,2978.8175642048895,19.74,-40919.873846488874,1.437,200000,117603.71743480903,-82396.28256519097,0.5880185871740451
2021-12-30,0,0.48357676679435374,0.0,19.93,0.0,1.267,200000,110081.36354370698,-89918.63645629302,0.5504068177185348
2021-12-31,0,0.7088399970860265,0.0,19.51,0.0,1.223,200000,110081.36354370698,-89918.63645629302,0.5504068177185348
2022-01-01,2,1.2002415417799148,0.0,20.76,0.0,1.253,200000,110081.36354370698,-89918.63645629302,0.5504068177185348
2022-01-02,2,1.6798964644248533,0.0,21.87,0.0,1.261,200000,110081.36354370698,-89918.63645629302,0.5504068177185348
2022-01-03,2,2.5385904461115785,0.0,23.72,0.0,1.222,200000,110081.36354370698,-89918.63645629302,0.5504068177185348
2022-01-04,2,2.160095796674636,0.0,23.42,0.0,1.206,200000,110081.36354370698,-89918.63645629302,0.5504068177185348
2022-01-05,2,2.8743138552258642,0.0,25.24,0.0,1.098,200000,110081.36354370698,-89918.63645629302,0.5504068177185348
2022-01-06,2,2.225971193240534,0.0,25.38,0.0,1.118,200000,110081.36354370698,-89918.63645629302,0.5504068177185348
2022-01-07,2,2.3278781801428954,0.0,25.98,0.0,1.049,200000,110081.36354370698,-89918.63645629302,0.5504068177185348
2022-01-08,2,2.1232437124184367,0.0,25.32,0.0,0.986,200000,110081.36354370698,-89918.63645629302,0.5504068177185348
2022-01-09,2,2.057152360396056,0.0,27.54,0.0,1.015,200000,110081.36354370698,-89918.63645629302,0.5504068177185348
2022-01-10,2,2.109186947702262,0.0,27.98,0.0,0.95,200000,110081.36354370698,-89918.63645629302,0.5504068177185348
2022-01-11,2,1.480458656560872,0.0,26.59,0.0,0.979,200000,110081.36354370698,-89918.63645629302,0.5504068177185348
2022-01-12,1,1.0922070512047397,-2057.5955802562053,26.75,52872.89315259701,1.041,200000,110081.36354370698,-89918.63645629302,0.5504068177185348
2022-01-13,1,0.8502240581850123,-2057.5955802562053,24.86,52872.89315259701,1.0,200000,104024.71927776627,-95975.28072223373,0.5201235963888313
2022-01-14,1,0.7526148370691013,-2057.5955802562053,25.72,52872.89315259701,1.038,200000,107803.4214165853,-92196.5785834147,0.5390171070829266
2022-01-15,1,0.5198827420385491,-2057.5955802562053,25.17,52872.89315259701,1.053,200000,107464.83724473334,-92535.16275526666,0.5373241862236666
2022-01-16,1,0.46954564729654585,-2057.5955802562053,25.5,52872.89315259701,1.062,200000,108619.69982459125,-91380.30017540875,0.5430984991229563
2022-01-17,1,0.39969945811210716,-2057.5955802562053,23.79,52872.89315259701,0.989,200000,101241.49018221357,-98758.50981778643,0.5062074509110679
2022-01-18,1,0.2788972036596048,-2057.5955802562053,22.96,52872.89315259701,0.961,200000,98053.24484232819,-101946.75515767181,0.4902662242116409
2022-01-19,0,0.06584794322829486,0.0,21.55,0.0,0.921,200000,105726.61370468634,-94273.38629531366,0.5286330685234317
2022-01-20,0,-0.18922074004667871,0.0,20.17,0.0,0.881,200000,105726.61370468634,-94273.38629531366,0.5286330685234317
2022-01-21,0,-0.2610808242049826,0.0,17.42,0.0,0.754,200000,105726.61370468634,-94273.38629531366,0.5286330685234317
2022-01-22,0,-0.39159778219522506,0.0,15.85,0.0,0.683,200000,105726.61370468634,-94273.38629531366,0.5286330685234317
2022-01-23,0,-0.3376183923322476,0.0,16.64,0.0,0.704,200000,105726.61370468634,-94273.38629531366,0.5286330685234317
2022-01-24,0,-0.6366773588314271,0.0,15.58,0.0,0.665,200000,105726.61370468634,-94273.38629531366,0.5286330685234317
2022-01-25,-1,-1.0317322534846112,3412.737692210663,15.49,-77512.18013540054,0.682,200000,105726.61370468634,-94273.38629531366,0.5286330685234317
2022-01-26,-2,-1.3020239937624047,0.0,15.23,0.0,0.687,200000,107001.48640533812,-92998.51359466188,0.5350074320266907
2022-01-27,-2,-1.2335732752894761,0.0,15.22,0.0,0.69,200000,107001.48640533812,-92998.51359466188,0.5350074320266907
2022-01-28,0,-0.7362907815102001,0.0,16.15,0.0,0.707,200000,107001.48640533812,-92998.51359466188,0.5350074320266907
2022-01-29,-1,-1.152816094923354,3296.410548531673,16.23,-72103.42749685857,0.742,200000,107001.48640533812,-92998.51359466188,0.5350074320266907
2022-01-30,0,0.529259939761351,0.0,17.77,0.0,0.729,200000,100987.66960314017,-99012.33039685983,0.5049383480157008
2022-01-31,0,-0.7141344195006037,0.0,17.15,0.0,0.753,200000,100987.66960314017,-99012.33039685983,0.5049383480157008
