date,statusList,zscore,MITHUSDT_position,MITHUSDT_price,BATUSDT_position,BATUSDT_price,init,total_asset,pnl,return
2020-01-01,0,,0.0,0.00757,0.0,0.1962,200000,200000.0,0.0,1.0
2020-01-02,0,,0.0,0.00699,0.0,0.1827,200000,200000.0,0.0,1.0
2020-01-03,0,,0.0,0.00739,0.0,0.1865,200000,200000.0,0.0,1.0
2020-01-04,0,,0.0,0.00728,0.0,0.1883,200000,200000.0,0.0,1.0
2020-01-05,0,,0.0,0.00734,0.0,0.1874,200000,200000.0,0.0,1.0
2020-01-06,0,,0.0,0.00741,0.0,0.1915,200000,200000.0,0.0,1.0
2020-01-07,0,,0.0,0.00705,0.0,0.1922,200000,200000.0,0.0,1.0
2020-01-08,0,,0.0,0.00678,0.0,0.1828,200000,200000.0,0.0,1.0
2020-01-09,0,,0.0,0.00664,0.0,0.1851,200000,200000.0,0.0,1.0
2020-01-10,0,,0.0,0.00655,0.0,0.1876,200000,200000.0,0.0,1.0
2020-01-11,0,,0.0,0.00669,0.0,0.1886,200000,200000.0,0.0,1.0
2020-01-12,0,,0.0,0.00671,0.0,0.1902,200000,200000.0,0.0,1.0
2020-01-13,0,,0.0,0.00669,0.0,0.1867,200000,200000.0,0.0,1.0
2020-01-14,0,,0.0,0.00679,0.0,0.2144,200000,200000.0,0.0,1.0
2020-01-15,0,,0.0,0.00715,0.0,0.2204,200000,200000.0,0.0,1.0
2020-01-16,0,,0.0,0.00716,0.0,0.2177,200000,200000.0,0.0,1.0
2020-01-17,0,,0.0,0.00723,0.0,0.2284,200000,200000.0,0.0,1.0
2020-01-18,0,,0.0,0.00732,0.0,0.2231,200000,200000.0,0.0,1.0
2020-01-19,0,,0.0,0.00704,0.0,0.2139,200000,200000.0,0.0,1.0
2020-01-20,-2,-1.5562857181355254,0.0,0.00692,0.0,0.2226,200000,200000.0,0.0,1.0
2020-01-21,0,-0.7928442235112161,0.0,0.00727,0.0,0.2203,200000,200000.0,0.0,1.0
2020-01-22,0,0.01672282346452198,0.0,0.00767,0.0,0.2186,200000,200000.0,0.0,1.0
2020-01-23,0,0.22140104625162868,0.0,0.00734,0.0,0.2075,200000,200000.0,0.0,1.0
2020-01-24,0,0.17556906437836858,0.0,0.00728,0.0,0.2077,200000,200000.0,0.0,1.0
2020-01-25,0,0.9071358513766722,0.0,0.00742,0.0,0.2039,200000,200000.0,0.0,1.0
2020-01-26,2,1.9131468359790047,0.0,0.00813,0.0,0.2117,200000,200000.0,0.0,1.0
2020-01-27,0,0.09236892391905996,0.0,0.00781,0.0,0.2259,200000,200000.0,0.0,1.0
2020-01-28,0,0.35736468708900204,0.0,0.00776,0.0,0.222,200000,200000.0,0.0,1.0
2020-01-29,0,0.4178704656344654,0.0,0.00764,0.0,0.2182,200000,200000.0,0.0,1.0
2020-01-30,0,-0.4995263546063448,0.0,0.00742,0.0,0.2233,200000,200000.0,0.0,1.0
2020-01-31,1,1.0491564187884201,-12594458.438287156,0.00794,455580.86560364463,0.2195,200000,200000.0,0.0,1.0
2020-02-01,1,0.6065531939990925,-12594458.438287156,0.00792,455580.86560364463,0.2241,200000,201843.78281301103,1843.7828130110283,1.0092189140650552
2020-02-02,1,0.7874337233563253,-12594458.438287156,0.00799,455580.86560364463,0.224,200000,202679.8368171308,2679.8368171307957,1.013399184085654
2020-02-03,0,-0.31144760085965195,0.0,0.00792,0.0,0.2348,200000,192777.7235874985,-7222.276412501495,0.9638886179374925
2020-02-04,0,0.031602020838969326,0.0,0.00837,0.0,0.243,200000,192777.7235874985,-7222.276412501495,0.9638886179374925
2020-02-05,0,-0.6118286796168332,0.0,0.00839,0.0,0.2515,200000,192777.7235874985,-7222.276412501495,0.9638886179374925
2020-02-06,1,1.0355188056635987,-9998844.584413823,0.00964,363457.2465827649,0.2652,200000,192777.72358749848,-7222.276412501524,0.9638886179374924
2020-02-07,2,1.5294058271456763,0.0,0.00988,0.0,0.2636,200000,195758.97788229023,-4241.02211770977,0.9787948894114511
2020-02-08,0,0.6903448416280495,0.0,0.00925,0.0,0.2556,200000,195758.97788229023,-4241.02211770977,0.9787948894114511
2020-02-09,0,0.28604964193387716,0.0,0.00973,0.0,0.2728,200000,195758.97788229023,-4241.02211770977,0.9787948894114511
2020-02-10,0,0.8720511230092436,0.0,0.00965,0.0,0.2638,200000,195758.97788229023,-4241.02211770977,0.9787948894114511
2020-02-11,-2,-1.8970303419084875,0.0,0.00954,0.0,0.2927,200000,195758.97788229023,-4241.02211770977,0.9787948894114511
2020-02-12,0,0.27541618407423374,0.0,0.01082,0.0,0.3027,200000,195758.97788229023,-4241.02211770977,0.9787948894114511
2020-02-13,2,2.2260856351753526,0.0,0.01156,0.0,0.2939,200000,195758.97788229023,-4241.02211770977,0.9787948894114511
2020-02-14,0,0.708025000676467,0.0,0.01146,0.0,0.3115,200000,195758.97788229023,-4241.02211770977,0.9787948894114511
2020-02-15,0,0.4942547142002088,0.0,0.01013,0.0,0.2794,200000,195758.97788229023,-4241.02211770977,0.9787948894114511
2020-02-16,0,0.20870220029772504,0.0,0.00944,0.0,0.2632,200000,195758.97788229023,-4241.02211770977,0.9787948894114511
2020-02-17,0,-0.9244438041597524,0.0,0.00906,0.0,0.2664,200000,195758.97788229023,-4241.02211770977,0.9787948894114511
2020-02-18,-2,-1.2708117054627046,0.0,0.00938,0.0,0.2819,200000,195758.97788229023,-4241.02211770977,0.9787948894114511
2020-02-19,-2,-1.5100608483069786,0.0,0.00848,0.0,0.2585,200000,195758.97788229023,-4241.02211770977,0.9787948894114511
2020-02-20,-2,-1.719756103860907,0.0,0.0082,0.0,0.2564,200000,195758.97788229023,-4241.02211770977,0.9787948894114511
2020-02-21,-2,-1.6367293464237345,0.0,0.00841,0.0,0.2653,200000,195758.97788229023,-4241.02211770977,0.9787948894114511
2020-02-22,-2,-1.745250619935718,0.0,0.0084,0.0,0.2717,200000,195758.97788229023,-4241.02211770977,0.9787948894114511
2020-02-23,-2,-1.670802019050057,0.0,0.00845,0.0,0.2759,200000,195758.97788229023,-4241.02211770977,0.9787948894114511
2020-02-24,-1,-1.182088977860765,12098824.343775664,0.00809,-381447.73554616177,0.2566,200000,195758.97788229023,-4241.02211770977,0.9787948894114511
2020-02-25,-1,-1.0279350392327968,12098824.343775664,0.00743,-381447.73554616177,0.2339,200000,179114.8902185004,-20885.109781499603,0.895574451092502
2020-02-26,-2,-1.618292522026021,0.0,0.00649,0.0,0.2187,200000,200660.22765513178,660.2276551317773,1.003301138275659
2020-02-27,-2,-1.2936676514017518,0.0,0.00667,0.0,0.221,200000,200660.22765513178,660.2276551317773,1.003301138275659
2020-02-28,-1,-1.0417044073768897,15247737.663763814,0.00658,-466001.457629196,0.2153,200000,200660.22765513178,660.2276551317773,1.003301138275659
2020-02-29,-1,-1.0705261404327109,15247737.663763814,0.00636,-466001.457629196,0.2108,200000,195208.71880977237,-4791.28119022763,0.9760435940488619
2020-03-01,-1,-1.080831482330499,15247737.663763814,0.00624,-466001.457629196,0.2091,200000,192586.78781215107,-7413.212187848927,0.9629339390607554
2020-03-02,-1,-1.188260180441095,15247737.663763814,0.00666,-466001.457629196,0.2277,200000,207658.4647428349,7658.464742834913,1.0382923237141746
2020-03-03,-1,-0.923095937435287,15247737.663763814,0.00665,-466001.457629196,0.2237,200000,205641.9815356805,5641.981535680505,1.0282099076784026
2020-03-04,-1,-1.153761675579252,15247737.663763814,0.00674,-466001.457629196,0.2317,200000,210742.28958645283,10742.289586452825,1.0537114479322642
2020-03-05,-1,-0.70589767418445,15247737.663763814,0.00703,-466001.457629196,0.2343,200000,216375.73729878024,16375.737298780237,1.0818786864939012
2020-03-06,-1,-0.3952688415959692,15247737.663763814,0.00739,-466001.457629196,0.2424,200000,225639.5346645317,25639.534664531704,1.1281976733226586
2020-03-07,0,-0.14474249613032825,0.0,0.00698,0.0,0.2272,200000,200106.5499354137,106.54993541369913,1.0005327496770684
2020-03-08,0,-0.32313743876542844,0.0,0.00584,0.0,0.1923,200000,200106.5499354137,106.54993541369913,1.0005327496770684
2020-03-09,0,0.5424091781414812,0.0,0.00609,0.0,0.1955,200000,200106.5499354137,106.54993541369913,1.0005327496770684
2020-03-10,0,-0.41706750791505354,0.0,0.00613,0.0,0.2033,200000,200106.5499354137,106.54993541369913,1.0005327496770684
2020-03-11,0,-0.47229993812852666,0.0,0.006,0.0,0.1997,200000,200106.5499354137,106.54993541369913,1.0005327496770684
2020-03-12,-2,-3.6016433773701486,0.0,0.0028,0.0,0.11,200000,200106.5499354137,106.54993541369913,1.0005327496770684
2020-03-13,-2,-3.2093931908281834,0.0,0.00311,0.0,0.1324,200000,200106.5499354137,106.54993541369913,1.0005327496770684
2020-03-14,-2,-2.308192963862963,0.0,0.00297,0.0,0.1233,200000,200106.5499354137,106.54993541369913,1.0005327496770684
2020-03-15,-2,-1.7335127171723106,0.0,0.00306,0.0,0.1234,200000,200106.5499354137,106.54993541369913,1.0005327496770684
2020-03-16,-2,-1.4256083112142917,0.0,0.00281,0.0,0.1118,200000,200106.5499354137,106.54993541369913,1.0005327496770684
2020-03-17,-2,-1.5637641716428141,0.0,0.00285,0.0,0.1176,200000,200106.5499354137,106.54993541369913,1.0005327496770684
2020-03-18,-2,-1.47231404427526,0.0,0.00287,0.0,0.1198,200000,200106.5499354137,106.54993541369913,1.0005327496770684
2020-03-19,0,-0.692816344669363,0.0,0.00354,0.0,0.1364,200000,200106.5499354137,106.54993541369913,1.0005327496770684
2020-03-20,-1,-1.102418124185194,30411329.777418494,0.00329,-743890.5202059988,0.1345,200000,200106.5499354137,106.54993541369913,1.0005327496770684
2020-03-21,-1,-1.156515302701062,30411329.777418494,0.00327,-743890.5202059988,0.1366,200000,201060.4934322979,1060.4934322978952,1.0053024671614894
2020-03-22,-1,-1.072619586475535,30411329.777418494,0.00295,-743890.5202059988,0.1237,200000,181732.6801928666,-18267.319807133405,0.908663400964333
2020-03-23,-1,-1.0197660985379058,30411329.777418494,0.00319,-743890.5202059988,0.1347,200000,197214.19506171305,-2785.8049382869503,0.9860709753085652
2020-03-24,-2,-1.628595721092625,0.0,0.00324,0.0,0.1533,200000,215612.25820415738,15612.258204157377,1.078061291020787
2020-03-25,-1,-1.0540378532839056,32085157.470856752,0.00336,-725967.1993405973,0.1485,200000,215612.25820415738,15612.258204157377,1.078061291020787
2020-03-26,-1,-0.9702072830005782,32085157.470856752,0.00343,-725967.1993405973,0.1518,200000,220253.9109849413,20253.910984941293,1.1012695549247065
2020-03-27,-1,-0.5175275926162117,32085157.470856752,0.00331,-725967.1993405973,0.1393,200000,207329.10209668105,7329.1020966810465,1.0366455104834051
2020-03-28,-1,-0.8238215991249425,32085157.470856752,0.00315,-725967.1993405973,0.1389,200000,201905.09002160773,1905.090021607728,1.0095254501080386
2020-03-29,-1,-0.7394177110044261,32085157.470856752,0.00297,-725967.1993405973,0.1303,200000,189886.44376252437,-10113.556237475626,0.9494322188126219
2020-03-30,-1,-0.8462720015409871,32085157.470856752,0.00314,-725967.1993405973,0.1394,200000,201947.22204656946,1947.2220465694554,1.0097361102328473
2020-03-31,0,-0.07208982169862395,0.0,0.00335,0.0,0.1416,200000,210923.93610341585,10923.93610341585,1.0546196805170793
2020-04-01,0,0.41851832759778007,0.0,0.00344,0.0,0.1426,200000,210923.93610341585,10923.93610341585,1.0546196805170793
2020-04-02,0,0.6493885847282402,0.0,0.00351,0.0,0.1437,200000,210923.93610341585,10923.93610341585,1.0546196805170793
2020-04-03,0,-0.13667637161629523,0.0,0.0034,0.0,0.1444,200000,210923.93610341585,10923.93610341585,1.0546196805170793
2020-04-04,0,0.21557957898435234,0.0,0.0035,0.0,0.1466,200000,210923.93610341585,10923.93610341585,1.0546196805170793
2020-04-05,0,0.12368535767747645,0.0,0.00346,0.0,0.146,200000,210923.93610341585,10923.93610341585,1.0546196805170793
2020-04-06,0,0.4797044834288512,0.0,0.00388,0.0,0.1614,200000,210923.93610341585,10923.93610341585,1.0546196805170793
2020-04-07,0,-0.6439602700644651,0.0,0.00368,0.0,0.1609,200000,210923.93610341585,10923.93610341585,1.0546196805170793
2020-04-08,0,0.5151532683717329,0.0,0.00396,0.0,0.1662,200000,210923.93610341585,10923.93610341585,1.0546196805170793
2020-04-09,-1,-1.057017614033391,27321753.38127148,0.00386,-613507.6675492026,0.1719,200000,210923.93610341585,10923.93610341585,1.0546196805170793
2020-04-10,-2,-1.8779089637486213,0.0,0.00349,0.0,0.1621,200000,215020.60971250408,15020.609712504083,1.0751030485625204
2020-04-11,-2,-1.7270757979274645,0.0,0.00346,0.0,0.1615,200000,215020.60971250408,15020.609712504083,1.0751030485625204
2020-04-12,0,-0.9883989201912394,0.0,0.00352,0.0,0.1598,200000,215020.60971250408,15020.609712504083,1.0751030485625204
2020-04-13,1,1.0098294565426886,-28292185.488487378,0.0038,679584.7336046273,0.1582,200000,215020.60971250408,15020.609712504083,1.0751030485625204
2020-04-14,1,0.28122100403441685,-28292185.488487378,0.00387,679584.7336046273,0.1653,200000,221826.11430529103,21826.114305291034,1.1091305715264552
2020-04-15,0,-1.0222627406493683,0.0,0.00345,0.0,0.1552,200000,207157.0989923474,7157.098992347397,1.0357854949617369
2020-04-16,-2,-1.3024293797565332,0.0,0.00361,0.0,0.1653,200000,207157.0989923474,7157.098992347397,1.0357854949617369
2020-04-17,-2,-1.2412881405714427,0.0,0.0036,0.0,0.1651,200000,207157.0989923474,7157.098992347397,1.0357854949617369
2020-04-18,0,-0.6956368661526731,0.0,0.00382,0.0,0.1713,200000,207157.0989923474,7157.098992347397,1.0357854949617369
2020-04-19,0,-0.8084259235617576,0.0,0.00365,0.0,0.1647,200000,207157.0989923474,7157.098992347397,1.0357854949617369
2020-04-20,-2,-1.277557648538769,0.0,0.00337,0.0,0.1564,200000,207157.0989923474,7157.098992347397,1.0357854949617369
2020-04-21,-2,-1.2365779612542833,0.0,0.00339,0.0,0.158,200000,207157.0989923474,7157.098992347397,1.0357854949617369
2020-04-22,-1,-1.1472167790899028,29177056.196105264,0.00355,-625852.2628167595,0.1655,200000,207157.09899234743,7157.098992347426,1.035785494961737
2020-04-23,-2,-1.3053260068788357,0.0,0.00354,0.0,0.1674,200000,208637.9888536603,8637.988853660296,1.0431899442683015
2020-04-24,-2,-1.3811945218295227,0.0,0.0037,0.0,0.1768,200000,208637.9888536603,8637.988853660296,1.0431899442683015
2020-04-25,-2,-1.6285640445288279,0.0,0.00374,0.0,0.1826,200000,208637.9888536603,8637.988853660296,1.0431899442683015
2020-04-26,-1,-1.16897114953737,27166404.798653685,0.00384,-566951.0566675551,0.184,200000,208637.9888536603,8637.988853660296,1.0431899442683015
2020-04-27,-1,-0.35676554071375244,27166404.798653685,0.00391,-566951.0566675551,0.1811,200000,208895.47912523017,8895.479125230166,1.0444773956261508
2020-04-28,-1,-0.6507004688575441,27166404.798653685,0.0039,-566951.0566675551,0.1835,200000,209984.49761324574,9984.497613245738,1.0499224880662288
2020-04-29,-2,-1.447070921569678,0.0,0.00396,0.0,0.1938,200000,210934.14063316392,10934.140633163915,1.0546707031658196
2020-04-30,-2,-1.2222127509042762,0.0,0.00377,0.0,0.1836,200000,210934.14063316392,10934.140633163915,1.0546707031658196
2020-05-01,0,-0.7075616462750701,0.0,0.00393,0.0,0.1874,200000,210934.14063316392,10934.140633163915,1.0546707031658196
2020-05-02,0,-0.9213630621744773,0.0,0.00395,0.0,0.1909,200000,210934.14063316392,10934.140633163915,1.0546707031658196
2020-05-03,0,-0.46741816681324627,0.0,0.00389,0.0,0.1847,200000,210934.14063316392,10934.140633163915,1.0546707031658196
2020-05-04,-2,-1.3711472362231663,0.0,0.00381,0.0,0.1865,200000,210934.14063316392,10934.140633163915,1.0546707031658196
2020-05-05,0,-0.38616140487329503,0.0,0.0039,0.0,0.1859,200000,210934.14063316392,10934.140633163915,1.0546707031658196
2020-05-06,0,0.8878515714446583,0.0,0.00387,0.0,0.1785,200000,210934.14063316392,10934.140633163915,1.0546707031658196
2020-05-07,-2,-1.4262882527489296,0.0,0.00375,0.0,0.1847,200000,210934.14063316392,10934.140633163915,1.0546707031658196
2020-05-08,-2,-3.6514134562635374,0.0,0.00395,0.0,0.2279,200000,210934.14063316392,10934.140633163915,1.0546707031658196
2020-05-09,-2,-2.41733756914411,0.0,0.0039,0.0,0.2172,200000,210934.14063316392,10934.140633163915,1.0546707031658196
2020-05-10,-2,-2.0026573179391516,0.0,0.00352,0.0,0.1957,200000,210934.14063316392,10934.140633163915,1.0546707031658196
2020-05-11,0,-0.8231456758680481,0.0,0.00355,0.0,0.1835,200000,210934.14063316392,10934.140633163915,1.0546707031658196
2020-05-12,-2,-2.141004173793366,0.0,0.00355,0.0,0.2072,200000,210934.14063316392,10934.140633163915,1.0546707031658196
2020-05-13,-2,-1.563910626068173,0.0,0.00357,0.0,0.2024,200000,210934.14063316392,10934.140633163915,1.0546707031658196
2020-05-14,0,-0.8535303881823063,0.0,0.00372,0.0,0.2003,200000,210934.14063316392,10934.140633163915,1.0546707031658196
2020-05-15,0,-0.965519891708829,0.0,0.00363,0.0,0.1988,200000,210934.14063316392,10934.140633163915,1.0546707031658196
2020-05-16,0,-0.13917397863366793,0.0,0.00396,0.0,0.2034,200000,210934.14063316392,10934.140633163915,1.0546707031658196
2020-05-17,0,-0.7091773384750952,0.0,0.00379,0.0,0.2051,200000,210934.14063316392,10934.140633163915,1.0546707031658196
2020-05-18,0,-0.5220544378577884,0.0,0.00392,0.0,0.2102,200000,210934.14063316392,10934.140633163915,1.0546707031658196
2020-05-19,0,-0.47886365370960315,0.0,0.00385,0.0,0.2067,200000,210934.14063316392,10934.140633163915,1.0546707031658196
2020-05-20,0,-0.444314989436118,0.0,0.00379,0.0,0.2039,200000,210934.14063316392,10934.140633163915,1.0546707031658196
2020-05-21,0,0.4176574840675608,0.0,0.00385,0.0,0.1954,200000,210934.14063316392,10934.140633163915,1.0546707031658196
2020-05-22,1,1.1997344246788808,-24699548.08350865,0.00427,512722.7531190178,0.2057,200000,210934.14063316392,10934.140633163915,1.0546707031658196
2020-05-23,2,1.9620405804441199,0.0,0.00446,0.0,0.2028,200000,217113.95075307568,17113.950753075682,1.0855697537653783
2020-05-24,2,2.689846064828864,0.0,0.00468,0.0,0.1931,200000,217113.95075307568,17113.950753075682,1.0855697537653783
2020-05-25,2,2.8178208162160536,0.0,0.00539,0.0,0.205,200000,217113.95075307568,17113.950753075682,1.0855697537653783
2020-05-26,2,1.7854488427293642,0.0,0.00495,0.0,0.2035,200000,217113.95075307568,17113.950753075682,1.0855697537653783
2020-05-27,2,1.2299930341276344,0.0,0.00481,0.0,0.2074,200000,217113.95075307568,17113.950753075682,1.0855697537653783
2020-05-28,0,0.716309075691686,0.0,0.00469,0.0,0.2128,200000,217113.95075307568,17113.950753075682,1.0855697537653783
2020-05-29,1,1.1056322429680812,-22199790.46554966,0.00489,518914.796254961,0.2092,200000,217113.95075307568,17113.950753075682,1.0855697537653783
2020-05-30,1,0.6528819468862093,-22199790.46554966,0.00493,518914.796254961,0.2204,200000,223813.78808975325,23813.788089753245,1.1190689404487661
2020-05-31,1,0.4650564217835907,-22199790.46554966,0.00465,518914.796254961,0.2113,200000,212875.72211347916,12875.722113479162,1.0643786105673958
2020-06-01,0,0.12505607564643798,0.0,0.00477,0.0,0.2239,200000,206821.9283922618,6821.928392261791,1.034109641961309
2020-06-02,0,0.48791490536359755,0.0,0.00482,0.0,0.2153,200000,206821.9283922618,6821.928392261791,1.034109641961309
2020-06-03,0,0.21151800141907426,0.0,0.00491,0.0,0.2244,200000,206821.9283922618,6821.928392261791,1.034109641961309
2020-06-04,0,0.7250360514619989,0.0,0.00561,0.0,0.2414,200000,206821.9283922618,6821.928392261791,1.034109641961309
2020-06-05,0,-0.35521739435976557,0.0,0.00512,0.0,0.2443,200000,206821.9283922618,6821.928392261791,1.034109641961309
2020-06-06,0,0.7132673442428898,0.0,0.00555,0.0,0.237,200000,206821.9283922618,6821.928392261791,1.034109641961309
2020-06-07,0,0.46209011301159264,0.0,0.00541,0.0,0.2346,200000,206821.9283922618,6821.928392261791,1.034109641961309
2020-06-08,0,-0.8321172218737257,0.0,0.00537,0.0,0.2574,200000,206821.9283922618,6821.928392261791,1.034109641961309
2020-06-09,0,-0.17924430894883303,0.0,0.00558,0.0,0.2512,200000,206821.9283922618,6821.928392261791,1.034109641961309
2020-06-10,0,-0.25803934133034084,0.0,0.00557,0.0,0.2502,200000,206821.9283922618,6821.928392261791,1.034109641961309
2020-06-11,0,-0.7969502047780195,0.0,0.0048,0.0,0.222,200000,206821.9283922618,6821.928392261791,1.034109641961309
2020-06-12,0,-0.6892666651446542,0.0,0.00499,0.0,0.2295,200000,206821.9283922618,6821.928392261791,1.034109641961309
2020-06-13,0,0.32145864656664114,0.0,0.00534,0.0,0.2324,200000,206821.9283922618,6821.928392261791,1.034109641961309
2020-06-14,2,2.9252350558358002,0.0,0.00585,0.0,0.2236,200000,206821.9283922618,6821.928392261791,1.034109641961309
2020-06-15,2,2.03069846735151,0.0,0.00562,0.0,0.2222,200000,206821.9283922618,6821.928392261791,1.034109641961309
2020-06-16,2,3.2431517469837723,0.0,0.00664,0.0,0.225,200000,206821.9283922618,6821.928392261791,1.034109641961309
2020-06-17,2,2.4782201471171206,0.0,0.00659,0.0,0.2237,200000,206821.9283922618,6821.928392261791,1.034109641961309
2020-06-18,2,1.830701711986643,0.0,0.00623,0.0,0.2178,200000,206821.9283922618,6821.928392261791,1.034109641961309
2020-06-19,2,1.5520430171878026,0.0,0.00619,0.0,0.2177,200000,206821.9283922618,6821.928392261791,1.034109641961309
2020-06-20,1,1.0018020583238827,-16519323.35401452,0.00626,448054.437591555,0.2308,200000,206821.9283922618,6821.928392261791,1.034109641961309
2020-06-21,1,0.49173274264673683,-16519323.35401452,0.00625,448054.437591555,0.2423,200000,211809.36119102454,11809.361191024538,1.0590468059551228
2020-06-22,1,0.43137132370489495,-16519323.35401452,0.0063,448054.437591555,0.2444,200000,213576.2416776675,13576.241677667509,1.0678812083883376
2020-06-23,0,-0.22810578509049237,0.0,0.00619,0.0,0.2582,200000,193388.8841674722,-6611.115832527808,0.966944420837361
2020-06-24,0,-0.2713975660355601,0.0,0.00595,0.0,0.2491,200000,193388.8841674722,-6611.115832527808,0.966944420837361
2020-06-25,0,-0.9765550491391393,0.0,0.00595,0.0,0.2705,200000,193388.8841674722,-6611.115832527808,0.966944420837361
2020-06-26,-1,-1.0988974977821389,16557267.480091797,0.00584,-355494.27236667677,0.272,200000,193388.8841674722,-6611.115832527808,0.966944420837361
2020-06-27,-2,-1.5834446077104896,0.0,0.00531,0.0,0.2709,200000,201773.19223231747,1773.1922323174658,1.0088659611615873
2020-06-28,-1,-1.1457307973268298,18276557.26742006,0.00552,-382871.3325091413,0.2635,200000,201773.19223231747,1773.1922323174658,1.0088659611615873
2020-06-29,-1,-0.7808227885634823,18276557.26742006,0.00577,-382871.3325091413,0.2617,200000,205653.16315065604,5653.163150656037,1.0282658157532802
2020-06-30,-1,-0.6222472473697671,18276557.26742006,0.00567,-382871.3325091413,0.2514,200000,199881.93269906988,-118.06730093012447,0.9994096634953494
2020-07-01,-1,-0.6490745245338035,18276557.26742006,0.00578,-382871.3325091413,0.2564,200000,203806.71066103177,3806.7106610317715,1.0190335533051589
2020-07-02,-1,-0.45866647796252474,18276557.26742006,0.00562,-382871.3325091413,0.2421,200000,195407.40144336387,-4592.598556636134,0.9770370072168193
2020-07-03,0,-0.16892553678588976,0.0,0.00583,0.0,0.2416,200000,187722.57729746704,-12277.42270253296,0.9386128864873352
2020-07-04,0,-0.050938950302527555,0.0,0.00609,0.0,0.2497,200000,187722.57729746704,-12277.42270253296,0.9386128864873352
2020-07-05,0,-0.3459896709324711,0.0,0.00577,0.0,0.2462,200000,187722.57729746704,-12277.42270253296,0.9386128864873352
2020-07-06,0,-0.41657986458175134,0.0,0.006,0.0,0.2608,200000,187722.57729746704,-12277.42270253296,0.9386128864873352
2020-07-07,0,-0.2938626126501694,0.0,0.00589,0.0,0.2549,200000,187722.57729746704,-12277.42270253296,0.9386128864873352
2020-07-08,0,-0.1666465950988297,0.0,0.00613,0.0,0.2644,200000,187722.57729746704,-12277.42270253296,0.9386128864873352
2020-07-09,0,0.5666409139014905,0.0,0.00637,0.0,0.262,200000,187722.57729746704,-12277.42270253296,0.9386128864873352
2020-07-10,2,2.5827299484989488,0.0,0.00719,0.0,0.2545,200000,187722.57729746704,-12277.42270253296,0.9386128864873352
2020-07-11,2,1.7623077894833845,0.0,0.00694,0.0,0.2578,200000,187722.57729746704,-12277.42270253296,0.9386128864873352
2020-07-12,0,0.8638404519134995,0.0,0.00652,0.0,0.26,200000,187722.57729746704,-12277.42270253296,0.9386128864873352
2020-07-13,0,0.9173354744686875,0.0,0.00666,0.0,0.2634,200000,187722.57729746704,-12277.42270253296,0.9386128864873352
2020-07-14,2,1.2231014114130914,0.0,0.00685,0.0,0.2624,200000,187722.57729746704,-12277.42270253296,0.9386128864873352
2020-07-15,0,0.9726465447465383,0.0,0.0067,0.0,0.2597,200000,187722.57729746704,-12277.42270253296,0.9386128864873352
2020-07-16,0,0.646759599400174,0.0,0.00658,0.0,0.2603,200000,187722.57729746704,-12277.42270253296,0.9386128864873352
2020-07-17,0,0.5838741770309408,0.0,0.00671,0.0,0.2654,200000,187722.57729746704,-12277.42270253296,0.9386128864873352
2020-07-18,2,1.6259785323180607,0.0,0.00738,0.0,0.2695,200000,187722.57729746704,-12277.42270253296,0.9386128864873352
2020-07-19,2,2.752040793440008,0.0,0.00848,0.0,0.2745,200000,187722.57729746704,-12277.42270253296,0.9386128864873352
2020-07-20,2,3.382646006176061,0.0,0.00963,0.0,0.2585,200000,187722.57729746704,-12277.42270253296,0.9386128864873352
2020-07-21,2,2.2093123099131353,0.0,0.0091,0.0,0.2604,200000,187722.57729746704,-12277.42270253296,0.9386128864873352
2020-07-22,2,3.284111316081478,0.0,0.0124,0.0,0.2621,200000,187722.57729746704,-12277.42270253296,0.9386128864873352
2020-07-23,2,2.2488367023800615,0.0,0.01174,0.0,0.2646,200000,187722.57729746704,-12277.42270253296,0.9386128864873352
2020-07-24,2,1.6878637165041424,0.0,0.01089,0.0,0.2577,200000,187722.57729746704,-12277.42270253296,0.9386128864873352
2020-07-25,2,1.3802643437519202,0.0,0.01087,0.0,0.2637,200000,187722.57729746704,-12277.42270253296,0.9386128864873352
2020-07-26,2,1.240537213298993,0.0,0.01048,0.0,0.2542,200000,187722.57729746704,-12277.42270253296,0.9386128864873352
2020-07-27,0,0.45010193132729853,0.0,0.00879,0.0,0.2482,200000,187722.57729746704,-12277.42270253296,0.9386128864873352
2020-07-28,0,0.6466559116864525,0.0,0.00943,0.0,0.2511,200000,187722.57729746704,-12277.42270253296,0.9386128864873352
2020-07-29,0,0.46825723712386635,0.0,0.00909,0.0,0.2476,200000,187722.57729746704,-12277.42270253296,0.9386128864873352
2020-07-30,0,0.5878749374208824,0.0,0.00941,0.0,0.2471,200000,187722.57729746704,-12277.42270253296,0.9386128864873352
2020-07-31,0,0.20000742007058683,0.0,0.00899,0.0,0.2525,200000,187722.57729746704,-12277.42270253296,0.9386128864873352
2020-08-01,0,0.09775068547393691,0.0,0.00914,0.0,0.2586,200000,187722.57729746704,-12277.42270253296,0.9386128864873352
2020-08-02,0,0.13653883960749186,0.0,0.00877,0.0,0.2429,200000,187722.57729746704,-12277.42270253296,0.9386128864873352
2020-08-03,0,-0.10966835932849228,0.0,0.00877,0.0,0.2508,200000,187722.57729746704,-12277.42270253296,0.9386128864873352
2020-08-04,0,-0.2109287387008907,0.0,0.00914,0.0,0.262,200000,187722.57729746704,-12277.42270253296,0.9386128864873352
2020-08-05,0,-0.2652086319052056,0.0,0.00907,0.0,0.2575,200000,187722.57729746704,-12277.42270253296,0.9386128864873352
2020-08-06,0,0.3061355999339547,0.0,0.01,0.0,0.2588,200000,187722.57729746704,-12277.42270253296,0.9386128864873352
2020-08-07,0,0.3903503225396247,0.0,0.00996,0.0,0.253,200000,187722.57729746704,-12277.42270253296,0.9386128864873352
2020-08-08,0,0.3704359614818891,0.0,0.01035,0.0,0.2614,200000,187722.57729746704,-12277.42270253296,0.9386128864873352
2020-08-09,0,0.6497919623708083,0.0,0.01088,0.0,0.2669,200000,187722.57729746704,-12277.42270253296,0.9386128864873352
2020-08-10,2,1.3591149325462164,0.0,0.01256,0.0,0.2866,200000,187722.57729746704,-12277.42270253296,0.9386128864873352
2020-08-11,1,1.1244599515196585,-8501928.31963166,0.01104,358659.8725591652,0.2617,200000,187722.57729746704,-12277.42270253296,0.9386128864873352
2020-08-12,2,1.327675574198824,0.0,0.01155,0.0,0.2716,200000,188507.82800214348,-11492.171997856523,0.9425391400107174
2020-08-13,0,0.6275289497810509,0.0,0.01084,0.0,0.2691,200000,188507.82800214348,-11492.171997856523,0.9425391400107174
2020-08-14,0,0.7615412938064955,0.0,0.01132,0.0,0.2787,200000,188507.82800214348,-11492.171997856523,0.9425391400107174
2020-08-15,0,0.31128826278987,0.0,0.01074,0.0,0.2739,200000,188507.82800214348,-11492.171997856523,0.9425391400107174
2020-08-16,0,-0.7582768795193656,0.0,0.01178,0.0,0.3244,200000,188507.82800214348,-11492.171997856523,0.9425391400107174
2020-08-17,0,-0.529234679631885,0.0,0.01169,0.0,0.3168,200000,188507.82800214348,-11492.171997856523,0.9425391400107174
2020-08-18,-2,-1.941659001144899,0.0,0.01125,0.0,0.3496,200000,188507.82800214348,-11492.171997856523,0.9425391400107174
2020-08-19,-2,-1.6519993422662622,0.0,0.01029,0.0,0.3181,200000,188507.82800214348,-11492.171997856523,0.9425391400107174
2020-08-20,-2,-2.0606989105299736,0.0,0.01076,0.0,0.3609,200000,188507.82800214348,-11492.171997856523,0.9425391400107174
2020-08-21,-2,-2.3860768080715777,0.0,0.00995,0.0,0.3772,200000,188507.82800214348,-11492.171997856523,0.9425391400107174
2020-08-22,-2,-2.234524725240765,0.0,0.00984,0.0,0.3977,200000,188507.82800214348,-11492.171997856523,0.9425391400107174
2020-08-23,-2,-1.962695155108558,0.0,0.0098,0.0,0.4024,200000,188507.82800214348,-11492.171997856523,0.9425391400107174
2020-08-24,-2,-1.3286838368353748,0.0,0.01084,0.0,0.3966,200000,188507.82800214348,-11492.171997856523,0.9425391400107174
2020-08-25,-1,-1.0118864818998037,9482285.110771805,0.00994,-273120.5853406889,0.3451,200000,188507.82800214348,-11492.171997856523,0.9425391400107174
2020-08-26,-1,-0.8453005022366199,9482285.110771805,0.01031,-273120.5853406889,0.3514,200000,193736.93318077538,-6263.066819224623,0.9686846659038769
2020-08-27,-1,-0.7829994442872515,9482285.110771805,0.00954,-273120.5853406889,0.3265,200000,179634.87107049793,-20365.12892950207,0.8981743553524897
2020-08-28,-1,-0.7513490852585948,9482285.110771805,0.01009,-273120.5853406889,0.3491,200000,191022.65311012202,-8977.346889877983,0.95511326555061
2020-08-29,-1,-0.5053986425860207,9482285.110771805,0.01057,-273120.5853406889,0.3517,200000,196284.26348517823,-3715.736514821765,0.9814213174258912
2020-08-30,-1,-0.3780868089599832,9482285.110771805,0.0105,-273120.5853406889,0.3457,200000,193981.78001538012,-6018.219984619878,0.9699089000769006
2020-08-31,0,-0.025471712897510795,0.0,0.01111,0.0,0.3478,200000,178150.9800029603,-21849.019997039693,0.8907549000148015
2020-09-01,0,0.2264884188000917,0.0,0.01094,0.0,0.3347,200000,178150.9800029603,-21849.019997039693,0.8907549000148015
2020-09-02,0,-0.09123966975385875,0.0,0.00972,0.0,0.3165,200000,178150.9800029603,-21849.019997039693,0.8907549000148015
2020-09-03,0,-0.24770349144743342,0.0,0.00743,0.0,0.2508,200000,178150.9800029603,-21849.019997039693,0.8907549000148015
2020-09-04,0,0.038164685753351545,0.0,0.008,0.0,0.2646,200000,178150.9800029603,-21849.019997039693,0.8907549000148015
2020-09-05,0,-0.4852898875094746,0.0,0.00672,0.0,0.2372,200000,178150.9800029603,-21849.019997039693,0.8907549000148015
2020-09-06,0,-0.8854402742868168,0.0,0.00701,0.0,0.2582,200000,178150.9800029603,-21849.019997039693,0.8907549000148015
2020-09-07,0,-0.7097324062962375,0.0,0.00692,0.0,0.2528,200000,178150.9800029603,-21849.019997039693,0.8907549000148015
2020-09-08,0,-0.1970891086766016,0.0,0.00712,0.0,0.251,200000,178150.9800029603,-21849.019997039693,0.8907549000148015
2020-09-09,0,-0.35807190380351356,0.0,0.00717,0.0,0.2567,200000,178150.9800029603,-21849.019997039693,0.8907549000148015
2020-09-10,0,-0.7589580457967251,0.0,0.00721,0.0,0.2656,200000,178150.9800029603,-21849.019997039693,0.8907549000148015
2020-09-11,0,-0.3031733309385878,0.0,0.00748,0.0,0.2639,200000,178150.9800029603,-21849.019997039693,0.8907549000148015
2020-09-12,-1,-1.1233643112570264,11924429.719073648,0.00747,-325211.7196110995,0.2739,200000,178150.9800029603,-21849.019997039693,0.8907549000148015
2020-09-13,-2,-1.3778758554936386,0.0,0.00691,0.0,0.2579,200000,179625.27313186394,-20374.72686813606,0.8981263656593197
2020-09-14,-1,-1.1213359273455836,12941302.09883746,0.00694,-350146.73125119676,0.2565,200000,179625.27313186394,-20374.72686813606,0.8981263656593197
2020-09-15,-2,-1.740710030406883,0.0,0.00629,0.0,0.2462,200000,184430.60816422096,-15569.391835779039,0.9221530408211048
2020-09-16,-2,-1.9933125548442792,0.0,0.00611,0.0,0.2508,200000,184430.60816422096,-15569.391835779039,0.9221530408211048
2020-09-17,-2,-1.6254676596848217,0.0,0.00615,0.0,0.2496,200000,184430.60816422096,-15569.391835779039,0.9221530408211048
2020-09-18,-2,-1.5414578530106522,0.0,0.00593,0.0,0.2435,200000,184430.60816422096,-15569.391835779039,0.9221530408211048
2020-09-19,-2,-1.5149414006251396,0.0,0.00581,0.0,0.2426,200000,184430.60816422096,-15569.391835779039,0.9221530408211048
2020-09-20,-2,-1.353102228883777,0.0,0.00572,0.0,0.2376,200000,184430.60816422096,-15569.391835779039,0.9221530408211048
2020-09-21,-2,-1.2597514723036636,0.0,0.00516,0.0,0.2131,200000,184430.60816422096,-15569.391835779039,0.9221530408211048
2020-09-22,-2,-1.7459169775158967,0.0,0.00522,0.0,0.2287,200000,184430.60816422096,-15569.391835779039,0.9221530408211048
2020-09-23,-2,-1.5756856154279428,0.0,0.00486,0.0,0.213,200000,184430.60816422096,-15569.391835779039,0.9221530408211048
2020-09-24,-1,-1.0763580571736349,17204347.776513148,0.00536,-408212.9441439154,0.2259,200000,184430.60816422096,-15569.391835779039,0.9221530408211048
2020-09-25,-1,-0.9620368072351659,17204347.776513148,0.00552,-408212.9441439154,0.2323,200000,189795.8666509841,-10204.133349015901,0.9489793332549205
2020-09-26,-1,-0.915620203762285,17204347.776513148,0.00551,-408212.9441439154,0.2328,200000,189827.92964529095,-10172.070354709052,0.9491396482264547
2020-09-27,-1,-0.655096173655049,17204347.776513148,0.00551,-408212.9441439154,0.2294,200000,188440.00563520164,-11559.99436479836,0.9422000281760082
2020-09-28,-1,-0.90242471836666,17204347.776513148,0.00548,-408212.9441439154,0.2341,200000,189842.47603938263,-10157.52396061737,0.9492123801969131
2020-09-29,-2,-1.2787021338202922,0.0,0.00536,0.0,0.2376,200000,189206.6996107048,-10793.300389295211,0.946033498053524
2020-09-30,-1,-1.0342690408561,17326620.843471136,0.00546,-395168.5455528504,0.2394,200000,189206.6996107048,-10793.300389295211,0.946033498053524
2020-10-01,-1,-0.5878798823615706,17326620.843471136,0.0054,-395168.5455528504,0.2303,200000,184571.06859556556,-15428.931404434436,0.9228553429778278
2020-10-02,-1,-0.6567868383228946,17326620.843471136,0.00521,-395168.5455528504,0.2239,200000,178749.93194376782,-21250.06805623218,0.8937496597188391
2020-10-03,-1,-0.6318349782709829,17326620.843471136,0.00512,-395168.5455528504,0.2204,200000,175807.44615842047,-24192.55384157953,0.8790372307921024
2020-10-04,-1,-0.5333364293148822,17326620.843471136,0.00521,-395168.5455528504,0.2235,200000,178591.8645255467,-21408.135474453302,0.8929593226277335
2020-10-05,0,0.6673721396382343,0.0,0.00532,0.0,0.2215,200000,184558.90956339467,-15441.09043660533,0.9227945478169733
2020-10-06,-2,-2.0259597298846166,0.0,0.00468,0.0,0.2107,200000,184558.90956339467,-15441.09043660533,0.9227945478169733
2020-10-07,0,-0.6977260814984556,0.0,0.00494,0.0,0.2146,200000,184558.90956339467,-15441.09043660533,0.9227945478169733
2020-10-08,-1,-1.0982931646214846,18680051.575242374,0.00494,-424468.51325527753,0.2174,200000,184558.90956339467,-15441.09043660533,0.9227945478169733
2020-10-09,0,2.27490097950997,0.0,0.00553,0.0,0.2221,200000,175532.68114630147,-24467.318853698525,0.8776634057315074
2020-10-10,2,1.7397960398037866,0.0,0.00543,0.0,0.2203,200000,175532.68114630147,-24467.318853698525,0.8776634057315074
2020-10-11,2,1.2557590993272318,0.0,0.00539,0.0,0.2216,200000,175532.68114630147,-24467.318853698525,0.8776634057315074
2020-10-12,2,1.9833003554342254,0.0,0.00553,0.0,0.2203,200000,175532.68114630147,-24467.318853698525,0.8776634057315074
2020-10-13,2,1.8929681465464452,0.0,0.00549,0.0,0.2171,200000,175532.68114630147,-24467.318853698525,0.8776634057315074
2020-10-14,0,0.8543055374413103,0.0,0.00525,0.0,0.2147,200000,175532.68114630147,-24467.318853698525,0.8776634057315074
2020-10-15,0,0.6863527814690314,0.0,0.00519,0.0,0.2132,200000,175532.68114630147,-24467.318853698525,0.8776634057315074
2020-10-16,0,0.49369916604630254,0.0,0.00501,0.0,0.207,200000,175532.68114630147,-24467.318853698525,0.8776634057315074
2020-10-17,0,0.027277062973277286,0.0,0.0051,0.0,0.2145,200000,175532.68114630147,-24467.318853698525,0.8776634057315074
2020-10-18,0,0.11659140547626012,0.0,0.00511,0.0,0.214,200000,175532.68114630147,-24467.318853698525,0.8776634057315074
2020-10-19,0,-0.7528689190670277,0.0,0.00496,0.0,0.2141,200000,175532.68114630147,-24467.318853698525,0.8776634057315074
2020-10-20,-2,-1.3739964298152645,0.0,0.00471,0.0,0.2083,200000,175532.68114630147,-24467.318853698525,0.8776634057315074
2020-10-21,0,-0.38359236512651096,0.0,0.00505,0.0,0.2152,200000,175532.68114630147,-24467.318853698525,0.8776634057315074
2020-10-22,0,-0.821326458604543,0.0,0.00515,0.0,0.2232,200000,175532.68114630147,-24467.318853698525,0.8776634057315074
2020-10-23,0,-0.33703344564323645,0.0,0.00521,0.0,0.2216,200000,175532.68114630147,-24467.318853698525,0.8776634057315074
2020-10-24,0,-0.34492477847862646,0.0,0.00515,0.0,0.219,200000,175532.68114630147,-24467.318853698525,0.8776634057315074
2020-10-25,0,0.31131346788344416,0.0,0.00518,0.0,0.2151,200000,175532.68114630147,-24467.318853698525,0.8776634057315074
2020-10-26,-2,-1.2182229734334427,0.0,0.00488,0.0,0.2134,200000,175532.68114630147,-24467.318853698525,0.8776634057315074
2020-10-27,-2,-1.4512381001344663,0.0,0.00483,0.0,0.2135,200000,175532.68114630147,-24467.318853698525,0.8776634057315074
2020-10-28,0,0.09051445684493314,0.0,0.00467,0.0,0.1949,200000,175532.68114630147,-24467.318853698525,0.8776634057315074
2020-10-29,-1,-1.0023498661045347,20129894.626869433,0.00436,-463391.44969984546,0.1894,200000,175532.68114630145,-24467.318853698554,0.8776634057315073
2020-10-30,-2,-1.6922539527365845,0.0,0.00417,0.0,0.187,200000,178245.22164612703,-21754.77835387297,0.8912261082306352
2020-10-31,-2,-1.7569009923447167,0.0,0.00408,0.0,0.1853,200000,178245.22164612703,-21754.77835387297,0.8912261082306352
2020-11-01,0,-0.542868922577464,0.0,0.00439,0.0,0.1907,200000,178245.22164612703,-21754.77835387297,0.8912261082306352
2020-11-02,-1,-1.1303533321837265,21579324.654494796,0.00413,-485946.62389892864,0.1834,200000,178245.221646127,-21754.778353873,0.891226108230635
2020-11-03,-1,-0.7349060108342517,21579324.654494796,0.00411,-485946.62389892864,0.1807,200000,176501.57926851,-23498.420731490012,0.8825078963425499
2020-11-04,-2,-1.7161729420519924,0.0,0.00407,0.0,0.1853,200000,180463.2797108047,-19536.720289195306,0.9023163985540235
2020-11-05,-2,-1.3801990532652708,0.0,0.00422,0.0,0.1909,200000,180463.2797108047,-19536.720289195306,0.9023163985540235
2020-11-06,2,1.9460785475891698,0.0,0.00499,0.0,0.2043,200000,180463.2797108047,-19536.720289195306,0.9023163985540235
2020-11-07,2,1.4606859869323208,0.0,0.00464,0.0,0.1924,200000,180463.2797108047,-19536.720289195306,0.9023163985540235
2020-11-08,2,2.9876491996042196,0.0,0.00521,0.0,0.1984,200000,180463.2797108047,-19536.720289195306,0.9023163985540235
2020-11-09,2,2.506929150070203,0.0,0.00515,0.0,0.194,200000,180463.2797108047,-19536.720289195306,0.9023163985540235
2020-11-10,2,2.354785853483233,0.0,0.00547,0.0,0.2016,200000,180463.2797108047,-19536.720289195306,0.9023163985540235
2020-11-11,2,1.5280390487854671,0.0,0.00523,0.0,0.1996,200000,180463.2797108047,-19536.720289195306,0.9023163985540235
2020-11-12,0,0.6942296781922273,0.0,0.00488,0.0,0.1956,200000,180463.2797108047,-19536.720289195306,0.9023163985540235
2020-11-13,1,1.0111770573217593,-17385672.419152666,0.00519,445368.4099476917,0.2026,200000,180463.2797108047,-19536.720289195306,0.9023163985540235
2020-11-14,1,0.4824292505889557,-17385672.419152666,0.00487,445368.4099476917,0.1966,200000,172227.65407698968,-27772.345923010318,0.8611382703849484
2020-11-15,1,0.6992156810614099,-17385672.419152666,0.00489,445368.4099476917,0.1936,200000,171239.26229552965,-28760.737704470346,0.8561963114776483
2020-11-16,1,0.4471233336840693,-17385672.419152666,0.00493,445368.4099476917,0.1977,200000,173760.69967308128,-26239.300326918717,0.8688034983654064
2020-11-17,1,0.20998024890440672,-17385672.419152666,0.00504,445368.4099476917,0.2051,200000,178968.84987280102,-21031.150127198984,0.8948442493640051
2020-11-18,0,-0.10857391461196383,0.0,0.00482,0.0,0.2,200000,175188.53878158217,-24811.461218417826,0.8759426939079109
2020-11-19,0,-0.566158390578885,0.0,0.00461,0.0,0.1967,200000,175188.53878158217,-24811.461218417826,0.8759426939079109
2020-11-20,0,-0.4698657239952105,0.0,0.0048,0.0,0.2024,200000,175188.53878158217,-24811.461218417826,0.8759426939079109
2020-11-21,0,-0.58940419270266,0.0,0.00551,0.0,0.2337,200000,175188.53878158217,-24811.461218417826,0.8759426939079109
2020-11-22,0,-0.24788460122907707,0.0,0.00532,0.0,0.22,200000,175188.53878158217,-24811.461218417826,0.8759426939079109
2020-11-23,-2,-1.6045890970731336,0.0,0.00565,0.0,0.2548,200000,175188.53878158217,-24811.461218417826,0.8759426939079109
2020-11-24,0,-0.8805597456940718,0.0,0.00611,0.0,0.2613,200000,175188.53878158217,-24811.461218417826,0.8759426939079109
2020-11-25,0,0.03370075325551855,0.0,0.00634,0.0,0.2562,200000,175188.53878158217,-24811.461218417826,0.8759426939079109
2020-11-26,0,-0.18912507840120435,0.0,0.0055,0.0,0.2247,200000,175188.53878158217,-24811.461218417826,0.8759426939079109
2020-11-27,0,0.29110521348959434,0.0,0.00565,0.0,0.225,200000,175188.53878158217,-24811.461218417826,0.8759426939079109
2020-11-28,0,0.9588336877181972,0.0,0.00594,0.0,0.2295,200000,175188.53878158217,-24811.461218417826,0.8759426939079109
2020-11-29,1,1.1035148393661895,-14266167.653223304,0.00614,370690.9411374993,0.2363,200000,175188.53878158217,-24811.461218417826,0.8759426939079109
2020-11-30,0,0.025882004796731854,0.0,0.006,0.0,0.2438,200000,170411.09325159967,-29588.90674840033,0.8520554662579983
2020-12-01,0,-0.7696521583507746,0.0,0.00558,0.0,0.2351,200000,170411.09325159967,-29588.90674840033,0.8520554662579983
2020-12-02,0,0.2997580122834801,0.0,0.00599,0.0,0.2422,200000,170411.09325159967,-29588.90674840033,0.8520554662579983
2020-12-03,0,0.4269932628393471,0.0,0.00603,0.0,0.2432,200000,170411.09325159967,-29588.90674840033,0.8520554662579983
2020-12-04,0,0.07818389985556562,0.0,0.00559,0.0,0.2285,200000,170411.09325159967,-29588.90674840033,0.8520554662579983
2020-12-05,0,0.10960501989836795,0.0,0.00577,0.0,0.236,200000,170411.09325159967,-29588.90674840033,0.8520554662579983
2020-12-06,0,-0.716273865293148,0.0,0.00561,0.0,0.2371,200000,170411.09325159967,-29588.90674840033,0.8520554662579983
2020-12-07,-2,-1.3985317357267948,0.0,0.0054,0.0,0.2357,200000,170411.09325159967,-29588.90674840033,0.8520554662579983
2020-12-08,-2,-1.415715849932005,0.0,0.005,0.0,0.2198,200000,170411.09325159967,-29588.90674840033,0.8520554662579983
2020-12-09,0,-0.09542028310670908,0.0,0.00529,0.0,0.2197,200000,170411.09325159967,-29588.90674840033,0.8520554662579983
2020-12-10,0,0.4261329754476592,0.0,0.00514,0.0,0.2087,200000,170411.09325159967,-29588.90674840033,0.8520554662579983
2020-12-11,0,-0.09955449627692536,0.0,0.0049,0.0,0.2029,200000,170411.09325159967,-29588.90674840033,0.8520554662579983
2020-12-12,0,0.34553717371822656,0.0,0.00519,0.0,0.211,200000,170411.09325159967,-29588.90674840033,0.8520554662579983
2020-12-13,0,-0.1866462745404599,0.0,0.00516,0.0,0.2131,200000,170411.09325159967,-29588.90674840033,0.8520554662579983
2020-12-14,0,0.24252037706540844,0.0,0.00537,0.0,0.2181,200000,170411.09325159967,-29588.90674840033,0.8520554662579983
2020-12-15,0,-0.13518833485287585,0.0,0.0053,0.0,0.2181,200000,170411.09325159967,-29588.90674840033,0.8520554662579983
2020-12-16,-1,-1.0694332241897146,15576882.38131624,0.00547,-365846.05678746174,0.2329,200000,170411.09325159967,-29588.90674840033,0.8520554662579983
2020-12-17,0,0.7245273175762295,0.0,0.00565,0.0,0.2266,200000,165302.42426520173,-34697.57573479827,0.8265121213260086
2020-12-18,0,0.2768697943116534,0.0,0.00611,0.0,0.2496,200000,165302.42426520173,-34697.57573479827,0.8265121213260086
2020-12-19,2,2.4540686015252087,0.0,0.00638,0.0,0.2445,200000,165302.42426520173,-34697.57573479827,0.8265121213260086
2020-12-20,2,4.068016343673996,0.0,0.00816,0.0,0.2321,200000,165302.42426520173,-34697.57573479827,0.8265121213260086
2020-12-21,2,1.6064550608504327,0.0,0.0066,0.0,0.2238,200000,165302.42426520173,-34697.57573479827,0.8265121213260086
2020-12-22,2,3.211877906267107,0.0,0.00856,0.0,0.2182,200000,165302.42426520173,-34697.57573479827,0.8265121213260086
2020-12-23,2,1.9532519863991575,0.0,0.00686,0.0,0.1931,200000,165302.42426520173,-34697.57573479827,0.8265121213260086
2020-12-24,2,2.219243347289218,0.0,0.00855,0.0,0.2178,200000,165302.42426520173,-34697.57573479827,0.8265121213260086
2020-12-25,2,2.1315776329530713,0.0,0.00885,0.0,0.214,200000,165302.42426520173,-34697.57573479827,0.8265121213260086
2020-12-26,2,2.7736603293478383,0.0,0.01114,0.0,0.2138,200000,165302.42426520173,-34697.57573479827,0.8265121213260086
2020-12-27,2,3.560639147572897,0.0,0.01775,0.0,0.2087,200000,165302.42426520173,-34697.57573479827,0.8265121213260086
2020-12-28,2,1.7701208622426967,0.0,0.01325,0.0,0.2107,200000,165302.42426520173,-34697.57573479827,0.8265121213260086
2020-12-29,2,1.4342839624255646,0.0,0.01248,0.0,0.2064,200000,165302.42426520173,-34697.57573479827,0.8265121213260086
2020-12-30,2,2.031903538702644,0.0,0.01558,0.0,0.2013,200000,165302.42426520173,-34697.57573479827,0.8265121213260086
2020-12-31,2,1.3970446605122782,0.0,0.01371,0.0,0.1996,200000,165302.42426520173,-34697.57573479827,0.8265121213260086
2021-01-01,1,1.0780193857271843,-6256715.528584471,0.01321,404756.18086484267,0.2042,200000,165302.42426520173,-34697.57573479827,0.8265121213260086
2021-01-02,1,0.5379864330089684,-6256715.528584471,0.01126,404756.18086484267,0.2037,200000,152899.45089402958,-47100.54910597042,0.7644972544701478
2021-01-03,0,-0.026403059062804518,0.0,0.00982,0.0,0.217,200000,138911.2795082304,-61088.72049176961,0.694556397541152
2021-01-04,0,-0.20115528318984394,0.0,0.00939,0.0,0.2184,200000,138911.2795082304,-61088.72049176961,0.694556397541152
2021-01-05,0,-0.37264038501629443,0.0,0.00948,0.0,0.2312,200000,138911.2795082304,-61088.72049176961,0.694556397541152
2021-01-06,0,-0.41139454441400547,0.0,0.01038,0.0,0.2504,200000,138911.2795082304,-61088.72049176961,0.694556397541152
2021-01-07,0,-0.728738749750093,0.0,0.00956,0.0,0.2565,200000,138911.2795082304,-61088.72049176961,0.694556397541152
2021-01-08,0,-0.6136463713551656,0.0,0.01011,0.0,0.2508,200000,138911.2795082304,-61088.72049176961,0.694556397541152
2021-01-09,0,-0.7263292733450005,0.0,0.01067,0.0,0.2744,200000,138911.2795082304,-61088.72049176961,0.694556397541152
2021-01-10,0,-0.8133301875843416,0.0,0.00989,0.0,0.2574,200000,138911.2795082304,-61088.72049176961,0.694556397541152
2021-01-11,0,-0.8939507061918187,0.0,0.00852,0.0,0.23,200000,138911.2795082304,-61088.72049176961,0.694556397541152
2021-01-12,0,-0.9785379096448499,0.0,0.0083,0.0,0.2317,200000,138911.2795082304,-61088.72049176961,0.694556397541152
2021-01-13,-1,-1.0110700343697596,7965096.30207743,0.00872,-278156.3466324197,0.2497,200000,138911.2795082304,-61088.72049176961,0.694556397541152
2021-01-14,-1,-0.9679787160523268,7965096.30207743,0.00862,-278156.3466324197,0.2463,200000,137169.03829947242,-62830.96170052758,0.6858451914973621
2021-01-15,-1,-0.9089484743902827,7965096.30207743,0.00858,-278156.3466324197,0.2472,200000,137100.7751593585,-62899.22484064149,0.6855038757967926
2021-01-16,-1,-0.8553258051584679,7965096.30207743,0.00932,-278156.3466324197,0.2665,200000,148363.3639129015,-51636.63608709851,0.7418168195645074
2021-01-17,-1,-0.7944969850694702,7965096.30207743,0.00948,-278156.3466324197,0.2736,200000,151612.68938232405,-48387.31061767595,0.7580634469116203
2021-01-18,-1,-0.7617097090880642,7965096.30207743,0.00961,-278156.3466324197,0.2827,200000,155179.37465594916,-44820.625344050844,0.7758968732797458
2021-01-19,-1,-0.609613761691519,7965096.30207743,0.00952,-278156.3466324197,0.2684,200000,150484.8802319186,-49515.11976808141,0.752424401159593
2021-01-20,-1,-0.7703912055554649,7965096.30207743,0.00942,-278156.3466324197,0.2786,200000,152525.56533736154,-47474.434662638465,0.7626278266868076
2021-01-21,0,0.7127407491236812,0.0,0.01033,0.0,0.2438,200000,124446.35201675443,-75553.64798324557,0.6222317600837721
2021-01-22,-2,-1.4846422069899536,0.0,0.01009,0.0,0.3139,200000,124446.35201675443,-75553.64798324557,0.6222317600837721
2021-01-23,-2,-1.6954164743037867,0.0,0.01022,0.0,0.3295,200000,124446.35201675443,-75553.64798324557,0.6222317600837721
2021-01-24,0,-0.8965395588077641,0.0,0.01067,0.0,0.3185,200000,124446.35201675443,-75553.64798324557,0.6222317600837721
2021-01-25,-1,-1.190855690543043,6408154.068833905,0.00971,-206447.16658386603,0.3014,200000,124446.35201675445,-75553.64798324555,0.6222317600837722
2021-01-26,-1,-1.1288386833397797,6408154.068833905,0.00962,-206447.16658386603,0.2992,200000,123415.43438407488,-76584.56561592512,0.6170771719203744
2021-01-27,-2,-2.0278283257617318,0.0,0.00858,0.0,0.3026,200000,131935.30271443736,-68064.69728556264,0.6596765135721868
2021-01-28,-1,-1.0150435820574608,6871630.34971028,0.0096,-215651.03418508885,0.3059,200000,131935.30271443736,-68064.69728556264,0.6596765135721868
2021-01-29,-1,-0.7935648758259444,6871630.34971028,0.00984,-215651.03418508885,0.3093,200000,134317.70751459713,-65682.29248540287,0.6715885375729856
2021-01-30,0,2.5267843216034573,0.0,0.0137,0.0,0.3164,200000,106025.95413956865,-93974.04586043135,0.5301297706978433
2021-01-31,2,1.8048140044859997,0.0,0.01258,0.0,0.3028,200000,106025.95413956865,-93974.04586043135,0.5301297706978433
2021-02-01,0,0.7285349919807692,0.0,0.01191,0.0,0.3171,200000,106025.95413956865,-93974.04586043135,0.5301297706978433
2021-02-02,2,1.440186951363865,0.0,0.01296,0.0,0.3164,200000,106025.95413956865,-93974.04586043135,0.5301297706978433
2021-02-03,2,2.1389315741119743,0.0,0.01475,0.0,0.3224,200000,106025.95413956865,-93974.04586043135,0.5301297706978433
2021-02-04,2,1.9240387327400805,0.0,0.01451,0.0,0.3126,200000,106025.95413956865,-93974.04586043135,0.5301297706978433
2021-02-05,0,0.8651658923157366,0.0,0.01529,0.0,0.3713,200000,106025.95413956865,-93974.04586043135,0.5301297706978433
2021-02-06,0,0.5657746405883491,0.0,0.01406,0.0,0.353,200000,106025.95413956865,-93974.04586043135,0.5301297706978433
2021-02-07,0,-0.6468299852369577,0.0,0.01349,0.0,0.407,200000,106025.95413956865,-93974.04586043135,0.5301297706978433
2021-02-08,0,-0.09670909928792835,0.0,0.0151,0.0,0.4171,200000,106025.95413956865,-93974.04586043135,0.5301297706978433
2021-02-09,0,0.5400697590450311,0.0,0.01735,0.0,0.4337,200000,106025.95413956865,-93974.04586043135,0.5301297706978433
2021-02-10,0,0.37583042276591383,0.0,0.01726,0.0,0.4439,200000,106025.95413956865,-93974.04586043135,0.5301297706978433
2021-02-11,0,-0.2121733496366472,0.0,0.02125,0.0,0.5912,200000,106025.95413956865,-93974.04586043135,0.5301297706978433
2021-02-12,0,-0.5096029630201325,0.0,0.02175,0.0,0.6278,200000,106025.95413956865,-93974.04586043135,0.5301297706978433
2021-02-13,0,0.20324164199942998,0.0,0.02378,0.0,0.6175,200000,106025.95413956865,-93974.04586043135,0.5301297706978433
2021-02-14,0,0.1304036613211365,0.0,0.02147,0.0,0.5586,200000,106025.95413956865,-93974.04586043135,0.5301297706978433
2021-02-15,0,-0.042314223383031056,0.0,0.02043,0.0,0.5392,200000,106025.95413956865,-93974.04586043135,0.5301297706978433
2021-02-16,0,-0.4941427382965326,0.0,0.02032,0.0,0.5573,200000,106025.95413956865,-93974.04586043135,0.5301297706978433
2021-02-17,0,-0.28144808350247763,0.0,0.0217,0.0,0.5748,200000,106025.95413956865,-93974.04586043135,0.5301297706978433
2021-02-18,0,-0.7868373623646118,0.0,0.02309,0.0,0.6356,200000,106025.95413956865,-93974.04586043135,0.5301297706978433
2021-02-19,0,0.679243793483429,0.0,0.0253,0.0,0.6141,200000,106025.95413956865,-93974.04586043135,0.5301297706978433
2021-02-20,0,0.2624693574341883,0.0,0.02294,0.0,0.5778,200000,106025.95413956865,-93974.04586043135,0.5301297706978433
2021-02-21,0,0.23838651541718897,0.0,0.0241,0.0,0.6066,200000,106025.95413956865,-93974.04586043135,0.5301297706978433
2021-02-22,0,0.06224634366044258,0.0,0.02116,0.0,0.5418,200000,106025.95413956865,-93974.04586043135,0.5301297706978433
2021-02-23,0,-0.4618678056295771,0.0,0.01769,0.0,0.4766,200000,106025.95413956865,-93974.04586043135,0.5301297706978433
2021-02-24,0,-0.15992161463984034,0.0,0.01935,0.0,0.514,200000,106025.95413956865,-93974.04586043135,0.5301297706978433
2021-02-25,0,-0.5923770247230833,0.0,0.0176,0.0,0.4812,200000,106025.95413956865,-93974.04586043135,0.5301297706978433
2021-02-26,-2,-2.065091948523523,0.0,0.01726,0.0,0.5254,200000,106025.95413956865,-93974.04586043135,0.5301297706978433
2021-02-27,2,3.0411631726342074,0.0,0.024,0.0,0.5147,200000,106025.95413956865,-93974.04586043135,0.5301297706978433
2021-02-28,0,0.9610376025064593,0.0,0.02168,0.0,0.528,200000,106025.95413956865,-93974.04586043135,0.5301297706978433
2021-03-01,0,-0.19380711522140098,0.0,0.02207,0.0,0.5861,200000,106025.95413956865,-93974.04586043135,0.5301297706978433
2021-03-02,-2,-1.2250623767189681,0.0,0.02071,0.0,0.6026,200000,106025.95413956865,-93974.04586043135,0.5301297706978433
2021-03-03,-2,-2.648810499124803,0.0,0.0211,0.0,0.7613,200000,106025.95413956865,-93974.04586043135,0.5301297706978433
2021-03-04,-2,-1.8778273279360524,0.0,0.02055,0.0,0.6927,200000,106025.95413956865,-93974.04586043135,0.5301297706978433
2021-03-05,0,-0.6836856272592642,0.0,0.02328,0.0,0.6789,200000,106025.95413956865,-93974.04586043135,0.5301297706978433
2021-03-06,0,-0.693928823510948,0.0,0.02257,0.0,0.6639,200000,106025.95413956865,-93974.04586043135,0.5301297706978433
2021-03-07,0,-0.5386917827467594,0.0,0.02394,0.0,0.6948,200000,106025.95413956865,-93974.04586043135,0.5301297706978433
2021-03-08,0,-0.9434577195302517,0.0,0.02414,0.0,0.7437,200000,106025.95413956865,-93974.04586043135,0.5301297706978433
2021-03-09,0,-0.0927245500590383,0.0,0.02691,0.0,0.7469,200000,106025.95413956865,-93974.04586043135,0.5301297706978433
2021-03-10,0,-0.08881251856541714,0.0,0.02952,0.0,0.8193,200000,106025.95413956865,-93974.04586043135,0.5301297706978433
2021-03-11,0,0.9624799291918132,0.0,0.03248,0.0,0.8027,200000,106025.95413956865,-93974.04586043135,0.5301297706978433
2021-03-12,0,0.827466564528907,0.0,0.03015,0.0,0.7555,200000,106025.95413956865,-93974.04586043135,0.5301297706978433
2021-03-13,2,1.2783542576230578,0.0,0.0343,0.0,0.8145,200000,106025.95413956865,-93974.04586043135,0.5301297706978433
2021-03-14,2,1.272308870868198,0.0,0.03254,0.0,0.7662,200000,106025.95413956865,-93974.04586043135,0.5301297706978433
2021-03-15,2,2.9484664043173154,0.0,0.0428,0.0,0.7605,200000,106025.95413956865,-93974.04586043135,0.5301297706978433
2021-03-16,2,1.7802739723578191,0.0,0.05222,0.0,1.0303,200000,106025.95413956865,-93974.04586043135,0.5301297706978433
2021-03-17,0,0.8355030988665375,0.0,0.05506,0.0,1.2342,200000,106025.95413956865,-93974.04586043135,0.5301297706978433
2021-03-18,0,0.5241219511808451,0.0,0.05155,0.0,1.2027,200000,106025.95413956865,-93974.04586043135,0.5301297706978433
2021-03-19,0,0.9431482067534671,0.0,0.05399,0.0,1.1812,200000,106025.95413956865,-93974.04586043135,0.5301297706978433
2021-03-20,0,0.8977458774414684,0.0,0.04972,0.0,1.0866,200000,106025.95413956865,-93974.04586043135,0.5301297706978433
2021-03-21,0,0.8871880744180303,0.0,0.05201,0.0,1.1247,200000,106025.95413956865,-93974.04586043135,0.5301297706978433
2021-03-22,0,0.3017049098494342,0.0,0.04595,0.0,1.0846,200000,106025.95413956865,-93974.04586043135,0.5301297706978433
2021-03-23,0,0.28498024519739895,0.0,0.04504,0.0,1.0517,200000,106025.95413956865,-93974.04586043135,0.5301297706978433
2021-03-24,0,0.4422486057241487,0.0,0.0438,0.0,0.9875,200000,106025.95413956865,-93974.04586043135,0.5301297706978433
2021-03-25,0,-0.07101950677200186,0.0,0.04063,0.0,0.9754,200000,106025.95413956865,-93974.04586043135,0.5301297706978433
2021-03-26,0,0.21031876682158757,0.0,0.04693,0.0,1.0741,200000,106025.95413956865,-93974.04586043135,0.5301297706978433
2021-03-27,0,-0.056085508949197005,0.0,0.0461,0.0,1.0803,200000,106025.95413956865,-93974.04586043135,0.5301297706978433
2021-03-28,2,2.8190538870912496,0.0,0.06858,0.0,1.1208,200000,106025.95413956865,-93974.04586043135,0.5301297706978433
2021-03-29,2,1.8512233100057458,0.0,0.06496,0.0,1.1395,200000,106025.95413956865,-93974.04586043135,0.5301297706978433
2021-03-30,2,1.4971497337769792,0.0,0.0652,0.0,1.169,200000,106025.95413956865,-93974.04586043135,0.5301297706978433
2021-03-31,1,1.1703479028287007,-850657.5267937151,0.06232,46392.73393697762,1.1427,200000,106025.95413956865,-93974.04586043135,0.5301297706978433
2021-04-01,2,1.3111352556373816,0.0,0.06505,0.0,1.1543,200000,107810.09347404655,-92189.90652595345,0.5390504673702328
2021-04-02,0,0.9699621669238224,0.0,0.06568,0.0,1.198,200000,107810.09347404655,-92189.90652595345,0.5390504673702328
2021-04-03,0,0.7922495501130314,0.0,0.06045,0.0,1.1147,200000,107810.09347404655,-92189.90652595345,0.5390504673702328
2021-04-04,2,3.019368776522739,0.0,0.09,0.0,1.1751,200000,107810.09347404655,-92189.90652595345,0.5390504673702328
2021-04-05,2,3.7809436464220973,0.0,0.16143,0.0,1.2767,200000,107810.09347404655,-92189.90652595345,0.5390504673702328
2021-04-06,2,1.9048790306842982,0.0,0.12899,0.0,1.3273,200000,107810.09347404655,-92189.90652595345,0.5390504673702328
2021-04-07,2,1.4520832330199,0.0,0.10868,0.0,1.1868,200000,107810.09347404655,-92189.90652595345,0.5390504673702328
2021-04-08,2,2.4780296768818277,0.0,0.16899,0.0,1.2903,200000,107810.09347404655,-92189.90652595345,0.5390504673702328
2021-04-09,0,0.9478962162245105,0.0,0.14176,0.0,1.5432,200000,107810.09347404655,-92189.90652595345,0.5390504673702328
2021-04-10,0,0.8880471093211386,0.0,0.13568,0.0,1.463,200000,107810.09347404655,-92189.90652595345,0.5390504673702328
2021-04-11,1,1.094687257300292,-368153.5769500292,0.14642,37480.91137326052,1.4382,200000,107810.09347404655,-92189.90652595345,0.5390504673702328
2021-04-12,1,0.6773481407799886,-368153.5769500292,0.13076,37480.91137326052,1.4181,200000,101291.44214040655,-98708.55785959345,0.5064572107020328
2021-04-13,1,0.2818124778495135,-368153.5769500292,0.12438,37480.91137326052,1.5,200000,102012.3089609354,-97987.6910390646,0.510061544804677
2021-04-14,1,0.5072239621661234,-368153.5769500292,0.13306,37480.91137326052,1.4628,200000,103813.59210577638,-96186.40789422362,0.5190679605288819
2021-04-15,1,0.22541405006112758,-368153.5769500292,0.12981,37480.91137326052,1.5192,200000,104731.01638214067,-95268.98361785933,0.5236550819107033
2021-04-16,1,0.464824082356756,-368153.5769500292,0.14225,37480.91137326052,1.5259,200000,109561.96898559987,-90438.03101440013,0.5478098449279993
2021-04-17,1,0.4704846884476054,-368153.5769500292,0.13962,37480.91137326052,1.472,200000,106573.50395520256,-93426.49604479744,0.5328675197760128
2021-04-18,0,-0.014033309646332974,0.0,0.11485,0.0,1.3484,200000,99553.27089105292,-100446.72910894708,0.4977663544552646
2021-04-19,0,-0.4422621333879144,0.0,0.102,0.0,1.3198,200000,99553.27089105292,-100446.72910894708,0.4977663544552646
2021-04-20,0,-0.3086681593515714,0.0,0.10363,0.0,1.2658,200000,99553.27089105292,-100446.72910894708,0.4977663544552646
2021-04-21,0,-0.4347222357790667,0.0,0.098,0.0,1.2064,200000,99553.27089105292,-100446.72910894708,0.4977663544552646
2021-04-22,0,-0.6890612004355909,0.0,0.08429,0.0,1.0677,200000,99553.27089105292,-100446.72910894708,0.4977663544552646
2021-04-23,-2,-1.5009841770569086,0.0,0.07999,0.0,1.1724,200000,99553.27089105292,-100446.72910894708,0.4977663544552646
2021-04-24,-2,-1.4372761488981267,0.0,0.07019,0.0,1.0324,200000,99553.27089105292,-100446.72910894708,0.4977663544552646
2021-04-25,0,-0.9026278683104278,0.0,0.07783,0.0,1.0267,200000,99553.27089105292,-100446.72910894708,0.4977663544552646
2021-04-26,0,-0.13854705704930922,0.0,0.09973,0.0,1.1641,200000,99553.27089105292,-100446.72910894708,0.4977663544552646
2021-04-27,0,0.8958450624523274,0.0,0.1236,0.0,1.2324,200000,99553.27089105292,-100446.72910894708,0.4977663544552646
2021-04-28,2,2.597571043689096,0.0,0.14151,0.0,1.2005,200000,99553.27089105292,-100446.72910894708,0.4977663544552646
2021-04-29,2,1.6099942203578397,0.0,0.12896,0.0,1.1882,200000,99553.27089105292,-100446.72910894708,0.4977663544552646
2021-04-30,1,1.055191487016588,-384791.55415527563,0.12936,39392.715610578074,1.2636,200000,99553.27089105292,-100446.72910894708,0.4977663544552646
2021-05-01,1,0.9030827428597628,-384791.55415527563,0.12723,39392.715610578074,1.2692,200000,98954.26408812142,-101045.73591187858,0.4947713204406071
2021-05-02,2,1.2685325396704867,0.0,0.13354,0.0,1.2547,200000,101512.2947563561,-98487.7052436439,0.5075614737817805
2021-05-03,0,0.519103333391936,0.0,0.12537,0.0,1.2924,200000,101512.2947563561,-98487.7052436439,0.5075614737817805
2021-05-04,0,0.10545323748860028,0.0,0.1065,0.0,1.1649,200000,101512.2947563561,-98487.7052436439,0.5075614737817805
2021-05-05,0,-0.4777002919819166,0.0,0.11368,0.0,1.3631,200000,101512.2947563561,-98487.7052436439,0.5075614737817805
2021-05-06,0,-0.7922374341246107,0.0,0.10978,0.0,1.4039,200000,101512.2947563561,-98487.7052436439,0.5075614737817805
2021-05-07,0,-0.7759918167023757,0.0,0.10888,0.0,1.4064,200000,101512.2947563561,-98487.7052436439,0.5075614737817805
2021-05-08,0,-0.9300486170738331,0.0,0.10555,0.0,1.4183,200000,101512.2947563561,-98487.7052436439,0.5075614737817805
2021-05-09,0,-0.8299962046647283,0.0,0.10691,0.0,1.4119,200000,101512.2947563561,-98487.7052436439,0.5075614737817805
2021-05-10,0,-0.8495421213254879,0.0,0.09827,0.0,1.3121,200000,101512.2947563561,-98487.7052436439,0.5075614737817805
2021-05-11,0,-0.970655243648376,0.0,0.10109,0.0,1.3969,200000,101512.2947563561,-98487.7052436439,0.5075614737817805
2021-05-12,-2,-1.2068267541786466,0.0,0.07877,0.0,1.1644,200000,101512.2947563561,-98487.7052436439,0.5075614737817805
2021-05-13,0,-0.9542318130866242,0.0,0.08584,0.0,1.1933,200000,101512.2947563561,-98487.7052436439,0.5075614737817805
2021-05-14,0,-0.8155268366714811,0.0,0.091,0.0,1.2186,200000,101512.2947563561,-98487.7052436439,0.5075614737817805
2021-05-15,0,-0.9432058708537097,0.0,0.08231,0.0,1.1358,200000,101512.2947563561,-98487.7052436439,0.5075614737817805
2021-05-16,0,-0.8642587379107802,0.0,0.08309,0.0,1.1424,200000,101512.2947563561,-98487.7052436439,0.5075614737817805
2021-05-17,0,-0.9133107027924675,0.0,0.07467,0.0,1.0591,200000,101512.2947563561,-98487.7052436439,0.5075614737817805
2021-05-18,-1,-1.0211620979654497,673426.3948278897,0.07537,-45904.08553692508,1.1057,200000,101512.2947563561,-98487.7052436439,0.5075614737817805
2021-05-19,-2,-1.4506234077986664,0.0,0.04546,0.0,0.7447,200000,105083.10334682837,-94916.89665317163,0.5254155167341419
2021-05-20,-2,-1.446031918836814,0.0,0.0522,0.0,0.8761,200000,105083.10334682837,-94916.89665317163,0.5254155167341419
2021-05-21,-2,-1.5365207850789695,0.0,0.04295,0.0,0.7547,200000,105083.10334682837,-94916.89665317163,0.5254155167341419
2021-05-22,-2,-1.4077451227777376,0.0,0.03999,0.0,0.6804,200000,105083.10334682837,-94916.89665317163,0.5254155167341419
2021-05-23,-1,-1.1043092285082263,1528259.210977725,0.03438,-94228.03384758641,0.5576,200000,105083.10334682837,-94916.89665317163,0.5254155167341419
2021-05-24,-1,-0.5247205842690091,1528259.210977725,0.04799,-94228.03384758641,0.7258,200000,141731.86650139926,-58268.13349860074,0.7086593325069963
2021-05-25,-1,-0.4736811433294555,1528259.210977725,0.04864,-94228.03384758641,0.7376,200000,143837.12578793627,-56162.87421206373,0.7191856289396814
2021-05-26,-1,-1.0209627538975907,1528259.210977725,0.05483,-94228.03384758641,0.8887,200000,167534.90621825872,-32465.093781741278,0.8376745310912936
2021-05-27,0,0.9917838535644765,0.0,0.06268,0.0,0.8445,200000,88867.3905870313,-111132.6094129687,0.4443369529351565
2021-05-28,0,0.5168104895215939,0.0,0.05315,0.0,0.7482,200000,88867.3905870313,-111132.6094129687,0.4443369529351565
2021-05-29,0,0.4015850552387201,0.0,0.04764,0.0,0.6811,200000,88867.3905870313,-111132.6094129687,0.4443369529351565
2021-05-30,0,0.5091076081067387,0.0,0.04941,0.0,0.7036,200000,88867.3905870313,-111132.6094129687,0.4443369529351565
2021-05-31,0,0.3744571941149661,0.0,0.0532,0.0,0.7679,200000,88867.3905870313,-111132.6094129687,0.4443369529351565
2021-06-01,0,0.20799325665968257,0.0,0.0511,0.0,0.747,200000,88867.3905870313,-111132.6094129687,0.4443369529351565
2021-06-02,0,-0.3907483537831482,0.0,0.05164,0.0,0.7969,200000,88867.3905870313,-111132.6094129687,0.4443369529351565
2021-06-03,0,-0.032841668063480954,0.0,0.05505,0.0,0.83,200000,88867.3905870313,-111132.6094129687,0.4443369529351565
2021-06-04,0,-0.4213438104395625,0.0,0.0487,0.0,0.7609,200000,88867.3905870313,-111132.6094129687,0.4443369529351565
2021-06-05,0,-0.015789558839962792,0.0,0.04927,0.0,0.7506,200000,88867.3905870313,-111132.6094129687,0.4443369529351565
2021-06-06,2,1.3651079662998111,0.0,0.05515,0.0,0.7628,200000,88867.3905870313,-111132.6094129687,0.4443369529351565
2021-06-07,0,0.675781168700347,0.0,0.048,0.0,0.6948,200000,88867.3905870313,-111132.6094129687,0.4443369529351565
2021-06-08,2,1.7202342195351472,0.0,0.05043,0.0,0.6696,200000,88867.3905870313,-111132.6094129687,0.4443369529351565
2021-06-09,2,3.678076718840068,0.0,0.07322,0.0,0.7029,200000,88867.3905870313,-111132.6094129687,0.4443369529351565
2021-06-10,2,2.5227536636416925,0.0,0.06629,0.0,0.6643,200000,88867.3905870313,-111132.6094129687,0.4443369529351565
2021-06-11,0,0.9882985158862837,0.0,0.05394,0.0,0.6466,200000,88867.3905870313,-111132.6094129687,0.4443369529351565
2021-06-12,1,1.0972345146036193,-837581.4381435561,0.05305,72039.06500245728,0.6168,200000,88867.3905870313,-111132.6094129687,0.4443369529351565
2021-06-13,1,1.1632652779932426,-837581.4381435561,0.05724,72039.06500245728,0.6486,200000,94667.69907993094,-105332.30092006906,0.47333849539965467
2021-06-14,1,0.7523134843385524,-837581.4381435561,0.05663,72039.06500245728,0.6716,200000,95813.6728977199,-104186.3271022801,0.47906836448859946
2021-06-15,1,0.4658625635119615,-837581.4381435561,0.05646,72039.06500245728,0.6906,200000,97040.02628828218,-102959.97371171782,0.48520013144141094
2021-06-16,1,0.33861496761078214,-837581.4381435561,0.05289,72039.06500245728,0.656,200000,91557.30890502466,-108442.69109497534,0.45778654452512335
2021-06-17,0,0.16597476176130854,0.0,0.05197,0.0,0.6576,200000,85023.60878173601,-114976.39121826399,0.42511804390868
2021-06-18,0,0.17159777566992787,0.0,0.04856,0.0,0.6104,200000,85023.60878173601,-114976.39121826399,0.42511804390868
2021-06-19,0,0.24876886607290702,0.0,0.04822,0.0,0.5958,200000,85023.60878173601,-114976.39121826399,0.42511804390868
2021-06-20,0,0.4169452291465807,0.0,0.05012,0.0,0.6005,200000,85023.60878173601,-114976.39121826399,0.42511804390868
2021-06-21,0,-0.6021648890369965,0.0,0.03702,0.0,0.5105,200000,85023.60878173601,-114976.39121826399,0.42511804390868
2021-06-22,0,-0.6345727588080463,0.0,0.03522,0.0,0.4836,200000,85023.60878173601,-114976.39121826399,0.42511804390868
2021-06-23,0,-0.7346213360624899,0.0,0.03983,0.0,0.5508,200000,85023.60878173601,-114976.39121826399,0.42511804390868
2021-06-24,0,-0.9573953169521657,0.0,0.04062,0.0,0.5735,200000,85023.60878173601,-114976.39121826399,0.42511804390868
2021-06-25,-2,-1.2626827779106586,0.0,0.03534,0.0,0.5179,200000,85023.60878173601,-114976.39121826399,0.42511804390868
2021-06-26,-1,-1.1364619703426782,1203959.34270371,0.03531,-83177.0776577343,0.5111,200000,85023.60878173601,-114976.39121826399,0.42511804390868
2021-06-27,-1,-1.155945973551846,1203959.34270371,0.03726,-83177.0776577343,0.541,200000,89858.3241219745,-110141.6758780255,0.4492916206098725
2021-06-28,-1,-1.1867184412188105,1203959.34270371,0.0378,-83177.0776577343,0.5575,200000,91880.88394838711,-108119.11605161289,0.4594044197419356
2021-06-29,-2,-1.2054111600031943,0.0,0.03963,0.0,0.5866,200000,86102.37378441493,-113897.62621558507,0.4305118689220746
2021-06-30,-2,-1.488361715484038,0.0,0.04022,0.0,0.6158,200000,86102.37378441493,-113897.62621558507,0.4305118689220746
2021-07-01,-2,-1.6122754903252217,0.0,0.0365,0.0,0.5813,200000,86102.37378441493,-113897.62621558507,0.4305118689220746
2021-07-02,-2,-1.5629305144159833,0.0,0.03592,0.0,0.5812,200000,86102.37378441493,-113897.62621558507,0.4305118689220746
2021-07-03,-2,-1.4812069459070893,0.0,0.03626,0.0,0.589,200000,86102.37378441493,-113897.62621558507,0.4305118689220746
2021-07-04,-2,-1.4832170497075692,0.0,0.03664,0.0,0.606,200000,86102.37378441493,-113897.62621558507,0.4305118689220746
2021-07-05,0,-0.5836505456700593,0.0,0.03767,0.0,0.5663,200000,86102.37378441493,-113897.62621558507,0.4305118689220746
2021-07-06,-1,-1.0260221267996976,1157289.9702206308,0.0372,-72611.21081498983,0.5929,200000,86102.37378441493,-113897.62621558507,0.4305118689220746
2021-07-07,-1,-1.0505421610896857,1157289.9702206308,0.03796,-72611.21081498983,0.6134,200000,88470.44398348991,-111529.55601651009,0.44235221991744955
2021-07-08,-1,-0.7983894075047132,1157289.9702206308,0.0358,-72611.21081498983,0.5679,200000,82666.8875557313,-117333.1124442687,0.4133344377786565
2021-07-09,0,1.362173873259595,0.0,0.04307,0.0,0.5696,200000,77617.24044723058,-122382.75955276942,0.38808620223615287
2021-07-10,2,1.215514095818869,0.0,0.04061,0.0,0.5575,200000,77617.24044723058,-122382.75955276942,0.38808620223615287
2021-07-11,2,2.5330343390945362,0.0,0.046,0.0,0.5629,200000,77617.24044723058,-122382.75955276942,0.38808620223615287
2021-07-12,2,2.8338031553810716,0.0,0.04884,0.0,0.5484,200000,77617.24044723058,-122382.75955276942,0.38808620223615287
2021-07-13,2,2.7893470807799305,0.0,0.0516,0.0,0.5357,200000,77617.24044723058,-122382.75955276942,0.38808620223615287
2021-07-14,2,2.020741117060924,0.0,0.04923,0.0,0.531,200000,77617.24044723058,-122382.75955276942,0.38808620223615287
2021-07-15,2,1.6227137489734462,0.0,0.0461,0.0,0.5069,200000,77617.24044723058,-122382.75955276942,0.38808620223615287
2021-07-16,0,0.0868903776872847,0.0,0.04019,0.0,0.5494,200000,77617.24044723058,-122382.75955276942,0.38808620223615287
2021-07-17,0,-0.16739470350318048,0.0,0.03752,0.0,0.5341,200000,77617.24044723058,-122382.75955276942,0.38808620223615287
2021-07-18,0,0.292347532223558,0.0,0.03945,0.0,0.5189,200000,77617.24044723058,-122382.75955276942,0.38808620223615287
2021-07-19,0,0.019316388472767183,0.0,0.03623,0.0,0.4955,200000,77617.24044723058,-122382.75955276942,0.38808620223615287
2021-07-20,0,0.060108242493920175,0.0,0.0345,0.0,0.4661,200000,77617.24044723058,-122382.75955276942,0.38808620223615287
2021-07-21,0,0.2313450869146239,0.0,0.03856,0.0,0.5033,200000,77617.24044723058,-122382.75955276942,0.38808620223615287
2021-07-22,0,-0.013226892044537081,0.0,0.03821,0.0,0.5128,200000,77617.24044723058,-122382.75955276942,0.38808620223615287
2021-07-23,0,-0.054169692350255746,0.0,0.03926,0.0,0.5252,200000,77617.24044723058,-122382.75955276942,0.38808620223615287
2021-07-24,0,-0.22668506322658125,0.0,0.03952,0.0,0.5358,200000,77617.24044723058,-122382.75955276942,0.38808620223615287
2021-07-25,0,-0.25870944213423647,0.0,0.04004,0.0,0.542,200000,77617.24044723058,-122382.75955276942,0.38808620223615287
2021-07-26,0,-0.37843996159018306,0.0,0.04022,0.0,0.5475,200000,77617.24044723058,-122382.75955276942,0.38808620223615287
2021-07-27,0,-0.5066598516899916,0.0,0.0419,0.0,0.5724,200000,77617.24044723058,-122382.75955276942,0.38808620223615287
2021-07-28,0,-0.7774280883442755,0.0,0.04104,0.0,0.5714,200000,77617.24044723058,-122382.75955276942,0.38808620223615287
2021-07-29,0,-0.9091308267270717,0.0,0.04185,0.0,0.5946,200000,77617.24044723058,-122382.75955276942,0.38808620223615287
2021-07-30,-2,-1.2070274727235313,0.0,0.04142,0.0,0.6143,200000,77617.24044723058,-122382.75955276942,0.38808620223615287
2021-07-31,-2,-1.342987519173138,0.0,0.04235,0.0,0.6519,200000,77617.24044723058,-122382.75955276942,0.38808620223615287
2021-08-01,-2,-1.3269705932006275,0.0,0.04216,0.0,0.659,200000,77617.24044723058,-122382.75955276942,0.38808620223615287
2021-08-02,-2,-1.3398421320587122,0.0,0.04188,0.0,0.6556,200000,77617.24044723058,-122382.75955276942,0.38808620223615287
2021-08-03,-2,-1.3664950027308889,0.0,0.04096,0.0,0.6408,200000,77617.24044723058,-122382.75955276942,0.38808620223615287
2021-08-04,-2,-1.5111512419449054,0.0,0.04293,0.0,0.6693,200000,77617.24044723058,-122382.75955276942,0.38808620223615287
2021-08-05,0,-0.6767680985333538,0.0,0.04581,0.0,0.6781,200000,77617.24044723058,-122382.75955276942,0.38808620223615287
2021-08-06,0,-0.7077693892390954,0.0,0.0468,0.0,0.6962,200000,77617.24044723058,-122382.75955276942,0.38808620223615287
2021-08-07,0,-0.09927596775329152,0.0,0.0502,0.0,0.7204,200000,77617.24044723058,-122382.75955276942,0.38808620223615287
2021-08-08,0,-0.5588800866736049,0.0,0.04535,0.0,0.6727,200000,77617.24044723058,-122382.75955276942,0.38808620223615287
2021-08-09,0,0.17997169209048344,0.0,0.04939,0.0,0.7015,200000,77617.24044723058,-122382.75955276942,0.38808620223615287
2021-08-10,0,0.04695652190638213,0.0,0.05016,0.0,0.722,200000,77617.24044723058,-122382.75955276942,0.38808620223615287
2021-08-11,0,0.18676970494347267,0.0,0.05188,0.0,0.7439,200000,77617.24044723058,-122382.75955276942,0.38808620223615287
2021-08-12,2,2.228068173916757,0.0,0.05591,0.0,0.715,200000,77617.24044723058,-122382.75955276942,0.38808620223615287
2021-08-13,2,2.2193944797048104,0.0,0.06291,0.0,0.7901,200000,77617.24044723058,-122382.75955276942,0.38808620223615287
2021-08-14,1,1.084339074800384,-667617.757158357,0.05813,49754.641312327294,0.78,200000,77617.24044723058,-122382.75955276942,0.38808620223615287
2021-08-15,2,1.4793449853769352,0.0,0.06234,0.0,0.8116,200000,78855.66453939772,-121144.33546060228,0.3942783226969886
2021-08-16,1,1.0464497163456687,-672600.3457812839,0.05862,50380.56768425615,0.7826,200000,78855.66453939772,-121144.33546060228,0.3942783226969886
2021-08-17,1,0.7459129371948965,-672600.3457812839,0.05413,50380.56768425615,0.7358,200000,73477.87841921658,-126522.12158078342,0.3673893920960829
2021-08-18,1,0.6709880448975024,-672600.3457812839,0.05248,50380.56768425615,0.7151,200000,71325.21009761335,-128674.78990238665,0.3566260504880667
2021-08-19,2,1.3568216545332783,0.0,0.05882,0.0,0.7576,200000,80249.69880066038,-119750.30119933962,0.40124849400330187
2021-08-20,2,1.2017428362444647,0.0,0.06067,0.0,0.7827,200000,80249.69880066038,-119750.30119933962,0.40124849400330187
2021-08-21,0,0.6179177587443863,0.0,0.0583,0.0,0.779,200000,80249.69880066038,-119750.30119933962,0.40124849400330187
2021-08-22,0,-0.9471740635755906,0.0,0.05858,0.0,0.87,200000,80249.69880066038,-119750.30119933962,0.40124849400330187
2021-08-23,-1,-1.1521530348913944,672558.655721257,0.05966,-44877.36204040956,0.8941,200000,80249.69880066038,-119750.30119933962,0.40124849400330187
2021-08-24,-1,-0.6795317191484347,672558.655721257,0.0568,-44877.36204040956,0.8185,200000,74933.45247504262,-125066.54752495738,0.3746672623752131
2021-08-25,-1,-0.45940075897242383,672558.655721257,0.0608,-44877.36204040956,0.8619,200000,79571.36461048143,-120428.63538951857,0.3978568230524071
2021-08-26,-1,-0.5808457038403191,672558.655721257,0.05573,-44877.36204040956,0.793,200000,73069.44198139044,-126930.55801860956,0.36534720990695224
2021-08-27,-1,-1.140241304621058,672558.655721257,0.05737,-44877.36204040956,0.8456,200000,76532.98742009884,-123467.01257990116,0.3826649371004942
2021-08-28,-1,-0.7707070650930735,672558.655721257,0.05699,-44877.36204040956,0.8194,200000,75101.62824546604,-124898.37175453396,0.3755081412273302
2021-08-29,-1,-0.8933121561236735,672558.655721257,0.0562,-44877.36204040956,0.8152,200000,74381.82198687652,-125618.17801312348,0.37190910993438253
2021-08-30,-2,-1.221650655775729,0.0,0.05339,0.0,0.7924,200000,79902.613852523,-120097.386147477,0.399513069262615
2021-08-31,0,-0.787625209269152,0.0,0.05631,0.0,0.8146,200000,79902.613852523,-120097.386147477,0.399513069262615
2021-09-01,0,-0.8962097849626905,0.0,0.05898,0.0,0.8635,200000,79902.613852523,-120097.386147477,0.399513069262615
2021-09-02,0,-0.9627371123503159,0.0,0.0575,0.0,0.8485,200000,79902.613852523,-120097.386147477,0.399513069262615
2021-09-03,0,-0.36666109400009245,0.0,0.06129,0.0,0.8787,200000,79902.613852523,-120097.386147477,0.399513069262615
2021-09-04,-2,-1.3568528989202093,0.0,0.06049,0.0,0.9206,200000,79902.613852523,-120097.386147477,0.399513069262615
2021-09-05,-1,-1.0988096411646266,613502.8704892737,0.06512,-40629.82500382539,0.9833,200000,79902.613852523,-120097.386147477,0.399513069262615
2021-09-06,-1,-0.30243282244770314,613502.8704892737,0.06574,-40629.82500382539,0.9553,200000,79145.35053211925,-120854.64946788075,0.3957267526605962
2021-09-07,-2,-1.239727457431157,0.0,0.05065,0.0,0.7777,200000,80426.50836771628,-119573.49163228372,0.4021325418385814
2021-09-08,-2,-1.5833583190948548,0.0,0.04916,0.0,0.7704,200000,80426.50836771628,-119573.49163228372,0.4021325418385814
2021-09-09,-2,-2.328754961619627,0.0,0.04989,0.0,0.8121,200000,80426.50836771628,-119573.49163228372,0.4021325418385814
2021-09-10,0,-0.6793796234722933,0.0,0.05028,0.0,0.7626,200000,80426.50836771628,-119573.49163228372,0.4021325418385814
2021-09-11,0,0.6458051327115213,0.0,0.05341,0.0,0.773,200000,80426.50836771628,-119573.49163228372,0.4021325418385814
2021-09-12,0,-0.7544126978696696,0.0,0.05325,0.0,0.8098,200000,80426.50836771628,-119573.49163228372,0.4021325418385814
2021-09-13,0,-0.6961431055990132,0.0,0.04959,0.0,0.7546,200000,80426.50836771628,-119573.49163228372,0.4021325418385814
2021-09-14,0,0.2426507283735075,0.0,0.05298,0.0,0.7819,200000,80426.50836771628,-119573.49163228372,0.4021325418385814
2021-09-15,0,0.07121053409076232,0.0,0.05328,0.0,0.7927,200000,80426.50836771628,-119573.49163228372,0.4021325418385814
2021-09-16,0,0.7952145182460922,0.0,0.05334,0.0,0.7751,200000,80426.50836771628,-119573.49163228372,0.4021325418385814
2021-09-17,0,0.10119372338698458,0.0,0.05053,0.0,0.7519,200000,80426.50836771628,-119573.49163228372,0.4021325418385814
2021-09-18,2,1.4710667579899814,0.0,0.05298,0.0,0.7545,200000,80426.50836771628,-119573.49163228372,0.4021325418385814
2021-09-19,2,2.34958262117432,0.0,0.05421,0.0,0.7384,200000,80426.50836771628,-119573.49163228372,0.4021325418385814
2021-09-20,2,2.301314655791712,0.0,0.0486,0.0,0.6515,200000,80426.50836771628,-119573.49163228372,0.4021325418385814
2021-09-21,0,0.6618873060059531,0.0,0.04227,0.0,0.6062,200000,80426.50836771628,-119573.49163228372,0.4021325418385814
2021-09-22,0,0.24906407006618037,0.0,0.04696,0.0,0.6855,200000,80426.50836771628,-119573.49163228372,0.4021325418385814
2021-09-23,0,0.07711405985487617,0.0,0.04768,0.0,0.7024,200000,80426.50836771628,-119573.49163228372,0.4021325418385814
2021-09-24,0,-0.02672769582197615,0.0,0.04424,0.0,0.6538,200000,80426.50836771628,-119573.49163228372,0.4021325418385814
2021-09-25,0,0.19053621284314154,0.0,0.04403,0.0,0.6435,200000,80426.50836771628,-119573.49163228372,0.4021325418385814
2021-09-26,0,-0.5441627153243114,0.0,0.04216,0.0,0.6379,200000,80426.50836771628,-119573.49163228372,0.4021325418385814
2021-09-27,0,-0.17208532710974625,0.0,0.0409,0.0,0.6075,200000,80426.50836771628,-119573.49163228372,0.4021325418385814
2021-09-28,0,-0.0818653948154414,0.0,0.03942,0.0,0.5814,200000,80426.50836771628,-119573.49163228372,0.4021325418385814
2021-09-29,-1,-1.1257135146002786,1032432.7133211333,0.03895,-67676.29448646607,0.5942,200000,80426.50836771628,-119573.49163228372,0.4021325418385814
2021-09-30,-1,-1.0481537246974515,1032432.7133211333,0.04153,-67676.29448646607,0.632,200000,85648.34869967322,-114351.65130032678,0.4282417434983661
2021-10-01,-1,-0.7121157342363647,1032432.7133211333,0.0451,-67676.29448646607,0.6796,200000,92555.52510378545,-107444.47489621455,0.4627776255189272
2021-10-02,-2,-2.123867713343666,0.0,0.044,0.0,0.7083,200000,82934.58836635033,-117065.41163364967,0.41467294183175163
2021-10-03,-2,-1.9730964386357595,0.0,0.04507,0.0,0.7299,200000,82934.58836635033,-117065.41163364967,0.41467294183175163
2021-10-04,-2,-1.5729892480605754,0.0,0.04403,0.0,0.7065,200000,82934.58836635033,-117065.41163364967,0.41467294183175163
2021-10-05,-2,-1.2058748157592867,0.0,0.04684,0.0,0.7418,200000,82934.58836635033,-117065.41163364967,0.41467294183175163
2021-10-06,0,-0.772377214074993,0.0,0.04739,0.0,0.7363,200000,82934.58836635033,-117065.41163364967,0.41467294183175163
2021-10-07,0,-0.9648372660086613,0.0,0.04651,0.0,0.7333,200000,82934.58836635033,-117065.41163364967,0.41467294183175163
2021-10-08,0,0.6078825841348918,0.0,0.05147,0.0,0.7475,200000,82934.58836635033,-117065.41163364967,0.41467294183175163
2021-10-09,0,-0.6507018704498857,0.0,0.049,0.0,0.7625,200000,82934.58836635033,-117065.41163364967,0.41467294183175163
2021-10-10,0,0.1798755503265984,0.0,0.04767,0.0,0.7188,200000,82934.58836635033,-117065.41163364967,0.41467294183175163
2021-10-11,0,0.020955548624080285,0.0,0.0462,0.0,0.7029,200000,82934.58836635033,-117065.41163364967,0.41467294183175163
2021-10-12,1,1.0084001450569822,-876131.2948061519,0.04733,59485.43133434968,0.6971,200000,82934.58836635033,-117065.41163364967,0.41467294183175163
2021-10-13,1,0.5148208232301418,-876131.2948061519,0.0471,59485.43133434968,0.706,200000,83262.49850742063,-116737.50149257937,0.4163124925371031
2021-10-14,1,0.932051983047015,-876131.2948061519,0.04757,59485.43133434968,0.7035,200000,83525.56663764364,-116474.43336235636,0.41762783318821817
2021-10-15,2,2.0944214150435903,0.0,0.04892,0.0,0.692,200000,84631.0128248973,-115368.9871751027,0.42315506412448656
2021-10-16,2,1.8845813709605859,0.0,0.05093,0.0,0.7178,200000,84631.0128248973,-115368.9871751027,0.42315506412448656
2021-10-17,2,2.098676860260752,0.0,0.05009,0.0,0.6902,200000,84631.0128248973,-115368.9871751027,0.42315506412448656
2021-10-18,2,2.7825164023747764,0.0,0.05299,0.0,0.6812,200000,84631.0128248973,-115368.9871751027,0.42315506412448656
2021-10-19,2,1.898927660338138,0.0,0.05147,0.0,0.6804,200000,84631.0128248973,-115368.9871751027,0.42315506412448656
2021-10-20,2,1.5039089888175023,0.0,0.05321,0.0,0.7115,200000,84631.0128248973,-115368.9871751027,0.42315506412448656
2021-10-21,2,1.2508877325514998,0.0,0.05128,0.0,0.6907,200000,84631.0128248973,-115368.9871751027,0.42315506412448656
2021-10-22,0,0.7863540891315526,0.0,0.05049,0.0,0.6977,200000,84631.0128248973,-115368.9871751027,0.42315506412448656
2021-10-23,0,0.516713357140277,0.0,0.05089,0.0,0.7125,200000,84631.0128248973,-115368.9871751027,0.42315506412448656
2021-10-24,0,0.38684544450757397,0.0,0.049,0.0,0.6885,200000,84631.0128248973,-115368.9871751027,0.42315506412448656
2021-10-25,0,0.39245238563012047,0.0,0.05031,0.0,0.7035,200000,84631.0128248973,-115368.9871751027,0.42315506412448656
2021-10-26,0,-0.020138312707722546,0.0,0.04998,0.0,0.7127,200000,84631.0128248973,-115368.9871751027,0.42315506412448656
2021-10-27,0,-0.16106830214467555,0.0,0.04459,0.0,0.6373,200000,84631.0128248973,-115368.9871751027,0.42315506412448656
2021-10-28,-1,-1.0261490513893436,912562.1395826753,0.04637,-60903.14682275281,0.6948,200000,84631.0128248973,-115368.9871751027,0.42315506412448656
2021-10-29,-2,-2.9925272637310503,0.0,0.04791,0.0,0.8531,200000,92866.63527198177,-107133.36472801823,0.4643331763599088
2021-10-30,-2,-3.46874773035676,0.0,0.05147,0.0,1.2418,200000,92866.63527198177,-107133.36472801823,0.4643331763599088
2021-10-31,-2,-1.9991378959732242,0.0,0.04994,0.0,0.9943,200000,92866.63527198177,-107133.36472801823,0.4643331763599088
2021-11-01,-2,-1.7087674115041913,0.0,0.05157,0.0,1.0204,200000,92866.63527198177,-107133.36472801823,0.4643331763599088
2021-11-02,-2,-1.4671729347867295,0.0,0.05291,0.0,1.0339,200000,92866.63527198177,-107133.36472801823,0.4643331763599088
2021-11-03,0,-0.8187543097609109,0.0,0.05541,0.0,0.9686,200000,92866.63527198177,-107133.36472801823,0.4643331763599088
2021-11-04,0,-0.994898576298119,0.0,0.05299,0.0,0.976,200000,92866.63527198177,-107133.36472801823,0.4643331763599088
2021-11-05,-1,-1.045171529398107,910814.3906628264,0.05098,-47884.20917396193,0.9697,200000,92866.63527198177,-107133.36472801823,0.4643331763599088
2021-11-06,-1,-1.1495969771345453,910814.3906628264,0.05057,-47884.20917396193,1.011,200000,94470.81921069464,-105529.18078930536,0.4723540960534732
2021-11-07,-1,-0.8678729604818463,910814.3906628264,0.0521,-47884.20917396193,0.9982,200000,95251.44735098205,-104748.55264901795,0.4762572367549103
2021-11-08,-2,-1.634289338252518,0.0,0.05297,0.0,1.2763,200000,105735.41316729947,-94264.58683270053,0.5286770658364974
2021-11-09,-2,-1.2386706140131702,0.0,0.05209,0.0,1.1695,200000,105735.41316729947,-94264.58683270053,0.5286770658364974
2021-11-10,-1,-1.042794304251816,1071932.4124827601,0.04932,-48901.77280885185,1.0811,200000,105735.41316729947,-94264.58683270053,0.5286770658364974
2021-11-11,-1,-1.0179743007528264,1071932.4124827601,0.05011,-48901.77280885185,1.118,200000,108386.7151898075,-91613.2848101925,0.5419335759490375
2021-11-12,-1,-1.1747899596918567,1071932.4124827601,0.04907,-48901.77280885185,1.1687,200000,109751.2253622342,-90248.7746377658,0.5487561268111709
2021-11-13,-1,-0.8085512288827464,1071932.4124827601,0.05139,-48901.77280885185,1.1424,200000,110951.9919343214,-89048.0080656786,0.5547599596716071
2021-11-14,-1,-0.7535949967168998,1071932.4124827601,0.05152,-48901.77280885185,1.1483,200000,111379.8636075164,-88620.1363924836,0.556899318037582
2021-11-15,0,0.2878072514051805,0.0,0.06055,0.0,1.1443,200000,96788.20421663752,-103211.79578336248,0.4839410210831876
2021-11-16,0,0.4238803856503697,0.0,0.05582,0.0,1.0636,200000,96788.20421663752,-103211.79578336248,0.4839410210831876
2021-11-17,0,-0.10197403481581264,0.0,0.0516,0.0,1.0661,200000,96788.20421663752,-103211.79578336248,0.4839410210831876
2021-11-18,0,-0.40106499689733766,0.0,0.04556,0.0,0.9781,200000,96788.20421663752,-103211.79578336248,0.4839410210831876
2021-11-19,0,0.5671377297473382,0.0,0.0578,0.0,1.1253,200000,96788.20421663752,-103211.79578336248,0.4839410210831876
2021-11-20,2,4.140661005312605,0.0,0.14724,0.0,1.1095,200000,96788.20421663752,-103211.79578336248,0.4839410210831876
2021-11-21,2,1.4949283805333082,0.0,0.0917,0.0,1.0725,200000,96788.20421663752,-103211.79578336248,0.4839410210831876
2021-11-22,1,1.046371904683438,-594814.4310265334,0.08136,46577.57662013356,1.039,200000,96788.20421663753,-103211.79578336247,0.4839410210831877
2021-11-23,1,1.1389241173216615,-594814.4310265334,0.08781,46577.57662013356,1.0651,200000,101840.43204654414,-98159.56795345586,0.5092021602327207
2021-11-24,2,1.5581244695765115,0.0,0.10866,0.0,1.1283,200000,108867.26059148394,-91132.73940851606,0.5443363029574197
2021-11-25,0,0.40118714310655934,0.0,0.09932,0.0,1.4216,200000,108867.26059148394,-91132.73940851606,0.5443363029574197
2021-11-26,0,0.121414527929616,0.0,0.08541,0.0,1.3361,200000,108867.26059148394,-91132.73940851606,0.5443363029574197
2021-11-27,0,-0.3084375054273364,0.0,0.09517,0.0,1.7658,200000,108867.26059148394,-91132.73940851606,0.5443363029574197
2021-11-28,0,-0.11972330865769844,0.0,0.09827,0.0,1.6578,200000,108867.26059148394,-91132.73940851606,0.5443363029574197
2021-11-29,0,-0.2068201595592536,0.0,0.09365,0.0,1.6143,200000,108867.26059148394,-91132.73940851606,0.5443363029574197
2021-11-30,0,-0.11108089679812871,0.0,0.08889,0.0,1.4573,200000,108867.26059148394,-91132.73940851606,0.5443363029574197
2021-12-01,0,-0.25205297463666443,0.0,0.08748,0.0,1.492,200000,108867.26059148394,-91132.73940851606,0.5443363029574197
2021-12-02,0,-0.10567439000586817,0.0,0.0898,0.0,1.4262,200000,108867.26059148394,-91132.73940851606,0.5443363029574197
2021-12-03,0,0.4315308794021199,0.0,0.09718,0.0,1.2822,200000,108867.26059148394,-91132.73940851606,0.5443363029574197
2021-12-04,0,-0.04509659039722201,0.0,0.0753,0.0,1.1247,200000,108867.26059148394,-91132.73940851606,0.5443363029574197
2021-12-05,0,-0.4774908954202206,0.0,0.06828,0.0,1.1662,200000,108867.26059148394,-91132.73940851606,0.5443363029574197
2021-12-06,0,-0.7656314244707866,0.0,0.07183,0.0,1.3609,200000,108867.26059148394,-91132.73940851606,0.5443363029574197
2021-12-07,0,-0.8324102245193392,0.0,0.06856,0.0,1.3251,200000,108867.26059148394,-91132.73940851606,0.5443363029574197
2021-12-08,0,-0.7142454085259052,0.0,0.07129,0.0,1.3013,200000,108867.26059148394,-91132.73940851606,0.5443363029574197
2021-12-09,0,-0.6605706270396889,0.0,0.06404,0.0,1.1394,200000,108867.26059148394,-91132.73940851606,0.5443363029574197
2021-12-10,0,-0.6635283102182794,0.0,0.06072,0.0,1.0654,200000,108867.26059148394,-91132.73940851606,0.5443363029574197
2021-12-11,0,-0.8476932268822845,0.0,0.06179,0.0,1.1497,200000,108867.26059148394,-91132.73940851606,0.5443363029574197
2021-12-12,0,-0.6681819436395873,0.0,0.06589,0.0,1.1997,200000,108867.26059148394,-91132.73940851606,0.5443363029574197
2021-12-13,0,-0.5501096369225774,0.0,0.05706,0.0,1.0296,200000,108867.26059148394,-91132.73940851606,0.5443363029574197
2021-12-14,-1,-1.0119880470628317,971508.6613553804,0.05603,-51025.15025847579,1.0668,200000,108867.26059148394,-91132.73940851606,0.5443363029574197
2021-12-15,-1,-1.1137393408297747,971508.6613553804,0.05737,-51025.15025847579,1.1175,200000,112756.05731580486,-87243.94268419514,0.5637802865790243
2021-12-16,-1,-0.6496883634129432,971508.6613553804,0.06067,-51025.15025847579,1.1308,200000,116640.67039671536,-83359.32960328464,0.5832033519835769
2021-12-17,0,0.3885877484783337,0.0,0.06905,0.0,1.1503,200000,100478.81786721962,-99521.18213278038,0.5023940893360981
2021-12-18,0,-0.5525132601092938,0.0,0.06384,0.0,1.1762,200000,100478.81786721962,-99521.18213278038,0.5023940893360981
2021-12-19,0,-0.6801918919732268,0.0,0.06034,0.0,1.1334,200000,100478.81786721962,-99521.18213278038,0.5023940893360981
2021-12-20,0,-0.2134862065582276,0.0,0.06172,0.0,1.1069,200000,100478.81786721962,-99521.18213278038,0.5023940893360981
2021-12-21,0,-0.6088155756911289,0.0,0.06187,0.0,1.1645,200000,100478.81786721962,-99521.18213278038,0.5023940893360981
2021-12-22,0,-0.8334930041123148,0.0,0.06087,0.0,1.1872,200000,100478.81786721962,-99521.18213278038,0.5023940893360981
2021-12-23,-2,-1.8123014265212107,0.0,0.06386,0.0,1.3436,200000,100478.81786721962,-99521.18213278038,0.5023940893360981
2021-12-24,-2,-1.898334411574322,0.0,0.06302,0.0,1.3143,200000,100478.81786721962,-99521.18213278038,0.5023940893360981
2021-12-25,-2,-1.7515338848240427,0.0,0.0638,0.0,1.3364,200000,100478.81786721962,-99521.18213278038,0.5023940893360981
2021-12-26,0,-0.31534335722267104,0.0,0.06982,0.0,1.3368,200000,100478.81786721962,-99521.18213278038,0.5023940893360981
2021-12-27,-2,-1.280858100265707,0.0,0.06749,0.0,1.381,200000,100478.81786721962,-99521.18213278038,0.5023940893360981
2021-12-28,0,-0.6632469082041423,0.0,0.06181,0.0,1.2195,200000,100478.81786721962,-99521.18213278038,0.5023940893360981
2021-12-29,0,-0.2790926635477353,0.0,0.05956,0.0,1.1508,200000,100478.81786721962,-99521.18213278038,0.5023940893360981
2021-12-30,0,-0.5182047900416363,0.0,0.06032,0.0,1.1886,200000,100478.81786721962,-99521.18213278038,0.5023940893360981
2021-12-31,0,-0.8611861228873795,0.0,0.05956,0.0,1.2047,200000,100478.81786721962,-99521.18213278038,0.5023940893360981
2022-01-01,-1,-1.0988761111936514,827667.3629919244,0.0607,-39999.52940574029,1.256,200000,100478.81786721962,-99521.18213278038,0.5023940893360981
2022-01-02,-2,-1.4616604091434258,0.0,0.06061,0.0,1.2999,200000,102309.28727080088,-97690.71272919912,0.5115464363540043
2022-01-03,-2,-1.3443390059834885,0.0,0.06051,0.0,1.3017,200000,102309.28727080088,-97690.71272919912,0.5115464363540043
2022-01-04,-2,-1.2591875804836046,0.0,0.05941,0.0,1.2825,200000,102309.28727080088,-97690.71272919912,0.5115464363540043
2022-01-05,-1,-1.1210872564239822,937585.1106195096,0.05456,-43484.05613345838,1.1764,200000,102309.28727080088,-97690.71272919912,0.5115464363540043
2022-01-06,-2,-1.3842811044121617,0.0,0.05393,0.0,1.1835,200000,103208.70268903874,-96791.29731096126,0.5160435134451937
2022-01-07,-2,-1.5821020027560695,0.0,0.04787,0.0,1.0768,200000,103208.70268903874,-96791.29731096126,0.5160435134451937
2022-01-08,0,-0.0207183267084745,0.0,0.04998,0.0,1.021,200000,103208.70268903874,-96791.29731096126,0.5160435134451937
2022-01-09,0,-0.19866111308588555,0.0,0.04979,0.0,1.0339,200000,103208.70268903874,-96791.29731096126,0.5160435134451937
2022-01-10,0,-0.6353067806524263,0.0,0.04686,0.0,0.9981,200000,103208.70268903874,-96791.29731096126,0.5160435134451937
2022-01-11,-1,-1.0023221434193335,1062911.4592074018,0.04855,-48835.38501421347,1.0567,200000,103208.70268903874,-96791.29731096126,0.5160435134451937
2022-01-12,-1,-0.8083293060231893,1062911.4592074018,0.0516,-48835.38501421347,1.1154,200000,109317.21973995563,-90682.78026004437,0.5465860986997781
2022-01-13,-1,-0.4893157726900499,1062911.4592074018,0.04868,-48835.38501421347,1.0383,200000,102448.31009447417,-97551.68990552583,0.5122415504723709
2022-01-14,-1,-0.7175353122189181,1062911.4592074018,0.0489,-48835.38501421347,1.0562,200000,103556.30400725422,-96443.69599274578,0.5177815200362711
2022-01-15,0,0.01869844495517698,0.0,0.05066,0.0,1.0626,200000,101254.08828169499,-98745.91171830501,0.5062704414084749
2022-01-16,0,-0.01064139048769904,0.0,0.05024,0.0,1.0565,200000,101254.08828169499,-98745.91171830501,0.5062704414084749
2022-01-17,0,-0.041602149606619815,0.0,0.048,0.0,1.0141,200000,101254.08828169499,-98745.91171830501,0.5062704414084749
2022-01-18,0,-0.41443205322918547,0.0,0.04679,0.0,1.0052,200000,101254.08828169499,-98745.91171830501,0.5062704414084749
2022-01-19,2,2.7642139392045677,0.0,0.04909,0.0,0.9546,200000,101254.08828169499,-98745.91171830501,0.5062704414084749
2022-01-20,2,1.2491939902983764,0.0,0.04456,0.0,0.9086,200000,101254.08828169499,-98745.91171830501,0.5062704414084749
2022-01-21,0,-0.7655773344983062,0.0,0.03712,0.0,0.809,200000,101254.08828169499,-98745.91171830501,0.5062704414084749
2022-01-22,0,-0.5323914842698044,0.0,0.03316,0.0,0.7176,200000,101254.08828169499,-98745.91171830501,0.5062704414084749
2022-01-23,0,-0.4576075905021788,0.0,0.03523,0.0,0.7607,200000,101254.08828169499,-98745.91171830501,0.5062704414084749
2022-01-24,-2,-1.3928995362810652,0.0,0.03352,0.0,0.7499,200000,101254.08828169499,-98745.91171830501,0.5062704414084749
2022-01-25,-2,-2.4402240255743006,0.0,0.03332,0.0,0.7942,200000,101254.08828169499,-98745.91171830501,0.5062704414084749
2022-01-26,-2,-2.100588091784313,0.0,0.03386,0.0,0.8089,200000,101254.08828169499,-98745.91171830501,0.5062704414084749
2022-01-27,-2,-2.562317457336231,0.0,0.03285,0.0,0.8357,200000,101254.08828169499,-98745.91171830501,0.5062704414084749
2022-01-28,-2,-1.8242299324123645,0.0,0.03498,0.0,0.8635,200000,101254.08828169499,-98745.91171830501,0.5062704414084749
2022-01-29,-2,-1.4481808867727979,0.0,0.03499,0.0,0.8521,200000,101254.08828169499,-98745.91171830501,0.5062704414084749
2022-01-30,0,-0.299477284404623,0.0,0.03708,0.0,0.8342,200000,101254.08828169499,-98745.91171830501,0.5062704414084749
2022-01-31,0,-0.9631006783138393,0.0,0.03596,0.0,0.8528,200000,101254.08828169499,-98745.91171830501,0.5062704414084749
