date,statusList,zscore,NEOUSDT_position,NEOUSDT_price,HOTUSDT_position,HOTUSDT_price,init,total_asset,pnl,return
2020-01-01,0,,0.0,8.85,0.0,0.0006275,200000,200000.0,0.0,1.0
2020-01-02,0,,0.0,8.462,0.0,0.0006035,200000,200000.0,0.0,1.0
2020-01-03,0,,0.0,8.888,0.0,0.0006794,200000,200000.0,0.0,1.0
2020-01-04,0,,0.0,9.077,0.0,0.0006796,200000,200000.0,0.0,1.0
2020-01-05,0,,0.0,9.02,0.0,0.0006708,200000,200000.0,0.0,1.0
2020-01-06,0,,0.0,9.757,0.0,0.000703,200000,200000.0,0.0,1.0
2020-01-07,0,,0.0,9.801,0.0,0.0006815,200000,200000.0,0.0,1.0
2020-01-08,0,,0.0,9.448,0.0,0.0006721,200000,200000.0,0.0,1.0
2020-01-09,0,,0.0,9.387,0.0,0.000671,200000,200000.0,0.0,1.0
2020-01-10,0,,0.0,9.862,0.0,0.0006865,200000,200000.0,0.0,1.0
2020-01-11,0,,0.0,9.696,0.0,0.00067,200000,200000.0,0.0,1.0
2020-01-12,0,,0.0,10.271,0.0,0.0006813,200000,200000.0,0.0,1.0
2020-01-13,0,,0.0,10.0,0.0,0.000674,200000,200000.0,0.0,1.0
2020-01-14,0,,0.0,11.204,0.0,0.0007056,200000,200000.0,0.0,1.0
2020-01-15,0,,0.0,11.412,0.0,0.0007118,200000,200000.0,0.0,1.0
2020-01-16,0,,0.0,11.271,0.0,0.0006959,200000,200000.0,0.0,1.0
2020-01-17,0,,0.0,11.848,0.0,0.0007304,200000,200000.0,0.0,1.0
2020-01-18,0,,0.0,11.876,0.0,0.0007145,200000,200000.0,0.0,1.0
2020-01-19,0,,0.0,11.245,0.0,0.0006752,200000,200000.0,0.0,1.0
2020-01-20,2,1.3467105993342703,0.0,11.114,0.0,0.0006756,200000,200000.0,0.0,1.0
2020-01-21,2,1.5048824569767756,0.0,11.226,0.0,0.0006651,200000,200000.0,0.0,1.0
2020-01-22,2,1.3011340714615058,0.0,11.247,0.0,0.0006688,200000,200000.0,0.0,1.0
2020-01-23,1,1.164395429153464,-9415.309292910271,10.621,157903047.5288173,0.0006333,200000,200000.0,0.0,1.0
2020-01-24,1,0.9139177117331014,-9415.309292910271,10.511,157903047.5288173,0.0006346,200000,199169.58993956732,-830.4100604326813,0.9958479496978366
2020-01-25,1,0.9232139638023847,-9415.309292910271,10.35,157903047.5288173,0.000621,200000,195506.24369701685,-4493.756302983151,0.9775312184850843
2020-01-26,1,1.1344542145182754,-9415.309292910271,10.797,157903047.5288173,0.0006347,200000,201878.15870209254,1878.1587020925363,1.0093907935104627
2020-01-27,1,1.0181858559518706,-9415.309292910271,11.082,157903047.5288173,0.0006521,200000,207309.03487757337,7309.034877573373,1.0365451743878669
2020-01-28,2,1.417588361700965,0.0,11.36,0.0,0.000648,200000,204636.73876878707,4636.738768787065,1.0231836938439354
2020-01-29,0,0.9878027567644377,0.0,11.201,0.0,0.0006531,200000,204636.73876878707,4636.738768787065,1.0231836938439354
2020-01-30,2,2.131544896957849,0.0,11.735,0.0,0.000638,200000,204636.73876878707,4636.738768787065,1.0231836938439354
2020-01-31,2,1.7136246709604703,0.0,11.453,0.0,0.0006329,200000,204636.73876878707,4636.738768787065,1.0231836938439354
2020-02-01,1,1.1815706118019291,-8958.008175835539,11.422,158682334.6532158,0.0006448,200000,204636.73876878707,4636.738768787065,1.0231836938439354
2020-02-02,2,1.3877282499083272,0.0,12.016,0.0,0.0006719,200000,205657.50435613122,5657.5043561312195,1.0282875217806562
2020-02-03,2,1.3516376019959833,0.0,11.88,0.0,0.0006619,200000,205657.50435613122,5657.5043561312195,1.0282875217806562
2020-02-04,0,0.6457623101564324,0.0,12.177,0.0,0.000695,200000,205657.50435613122,5657.5043561312195,1.0282875217806562
2020-02-05,2,1.697585097609467,0.0,12.762,0.0,0.0006959,200000,205657.50435613122,5657.5043561312195,1.0282875217806562
2020-02-06,0,0.28642740730336025,0.0,12.914,0.0,0.00074,200000,205657.50435613122,5657.5043561312195,1.0282875217806562
2020-02-07,-1,-1.1899924953370182,8038.520339123328,12.792,-132785062.21341118,0.0007744,200000,205657.50435613122,5657.5043561312195,1.0282875217806562
2020-02-08,-2,-2.1393355470085753,0.0,12.688,0.0,0.000808,200000,210955.08856177068,10955.08856177068,1.0547754428088534
2020-02-09,0,0.6624421485823433,0.0,14.201,0.0,0.0008003,200000,210955.08856177068,10955.08856177068,1.0547754428088534
2020-02-10,0,0.7294390617447629,0.0,13.551,0.0,0.0007595,200000,210955.08856177068,10955.08856177068,1.0547754428088534
2020-02-11,0,0.71809918635632,0.0,13.791,0.0,0.000771,200000,210955.08856177068,10955.08856177068,1.0547754428088534
2020-02-12,0,0.03186765859134353,0.0,14.822,0.0,0.0008498,200000,210955.08856177068,10955.08856177068,1.0547754428088534
2020-02-13,0,-0.1306188207314849,0.0,15.141,0.0,0.0008714,200000,210955.08856177068,10955.08856177068,1.0547754428088534
2020-02-14,2,1.680930623771592,0.0,16.676,0.0,0.0008915,200000,210955.08856177068,10955.08856177068,1.0547754428088534
2020-02-15,0,0.3205155050275225,0.0,15.127,0.0,0.000849,200000,210955.08856177068,10955.08856177068,1.0547754428088534
2020-02-16,0,0.10919550352966946,0.0,14.625,0.0,0.0008258,200000,210955.08856177068,10955.08856177068,1.0547754428088534
2020-02-17,2,1.7926202100667035,0.0,15.027,0.0,0.0007907,200000,210955.08856177068,10955.08856177068,1.0547754428088534
2020-02-18,2,2.044836394664605,0.0,15.5,0.0,0.0007956,200000,210955.08856177068,10955.08856177068,1.0547754428088534
2020-02-19,2,1.6284007072338518,0.0,14.043,0.0,0.0007284,200000,210955.08856177068,10955.08856177068,1.0547754428088534
2020-02-20,2,1.5678287193453948,0.0,14.03,0.0,0.0007235,200000,210955.08856177068,10955.08856177068,1.0547754428088534
2020-02-21,1,1.153302303030854,-7524.972838759031,14.017,143859171.1414148,0.0007332,200000,210955.08856177068,10955.08856177068,1.0547754428088534
2020-02-22,1,0.7556801071732205,-7524.972838759031,13.72,143859171.1414148,0.0007301,200000,208274.20819812088,8274.208198120876,1.0413710409906043
2020-02-23,1,0.9453785266665207,-7524.972838759031,14.294,143859171.1414148,0.0007501,200000,215470.72603039682,15470.726030396821,1.0773536301519842
2020-02-24,1,0.9819297838328858,-7524.972838759031,13.361,143859171.1414148,0.0006961,200000,200681.53113019824,681.5311301982438,1.0034076556509912
2020-02-25,1,0.6717067981845367,-7524.972838759031,12.393,143859171.1414148,0.0006552,200000,187513.51732259564,-12486.482677404361,0.9375675866129782
2020-02-26,0,-0.4805598055394468,0.0,11.007,0.0,0.0006203,200000,204546.62073897175,4546.620738971746,1.0227331036948588
2020-02-27,0,-0.42864411736416497,0.0,11.51,0.0,0.000643,200000,204546.62073897175,4546.620738971746,1.0227331036948588
2020-02-28,0,-0.7850508883303934,0.0,11.311,0.0,0.0006341,200000,204546.62073897175,4546.620738971746,1.0227331036948588
2020-02-29,0,-0.6663060290866893,0.0,11.103,0.0,0.0006189,200000,204546.62073897175,4546.620738971746,1.0227331036948588
2020-03-01,0,0.0902436429660165,0.0,11.31,0.0,0.0006107,200000,204546.62073897175,4546.620738971746,1.0227331036948588
2020-03-02,0,0.5664037484922005,0.0,12.088,0.0,0.0006394,200000,204546.62073897175,4546.620738971746,1.0227331036948588
2020-03-03,0,-0.35803436130405086,0.0,11.556,0.0,0.000631,200000,204546.62073897175,4546.620738971746,1.0227331036948588
2020-03-04,0,-0.3322177913495902,0.0,11.755,0.0,0.0006388,200000,204546.62073897175,4546.620738971746,1.0227331036948588
2020-03-05,0,-0.11155237740870633,0.0,12.073,0.0,0.0006517,200000,204546.62073897175,4546.620738971746,1.0227331036948588
2020-03-06,0,0.748353172977297,0.0,12.377,0.0,0.0006483,200000,204546.62073897175,4546.620738971746,1.0227331036948588
2020-03-07,0,-0.7183755835029798,0.0,11.589,0.0,0.0006335,200000,204546.62073897175,4546.620738971746,1.0227331036948588
2020-03-08,0,-0.09487075764230046,0.0,10.05,0.0,0.0005399,200000,204546.62073897175,4546.620738971746,1.0227331036948588
2020-03-09,0,-0.07150637422658641,0.0,9.902,0.0,0.0005328,200000,204546.62073897175,4546.620738971746,1.0227331036948588
2020-03-10,0,-0.8264551241934508,0.0,9.87,0.0,0.0005435,200000,204546.62073897175,4546.620738971746,1.0227331036948588
2020-03-11,-1,-1.1065541280175555,10845.526020093943,9.43,-194992012.14391968,0.0005245,200000,204546.62073897175,4546.620738971746,1.0227331036948588
2020-03-12,0,2.8427540250978907,0.0,5.706,0.0,0.0002819,200000,197630.29749168665,-2369.7025083133485,0.9881514874584333
2020-03-13,1,1.1558903470876338,-15896.902951390495,6.216,306593697.6290516,0.0003223,200000,197630.29749168665,-2369.7025083133485,0.9881514874584333
2020-03-14,0,0.18727572478150034,0.0,5.752,0.0,0.0003081,200000,194607.76502857398,-5392.23497142602,0.9730388251428699
2020-03-15,1,1.0363342170611411,-16274.273710367452,5.979,312171583.2989637,0.0003117,200000,194607.76502857398,-5392.23497142602,0.9730388251428699
2020-03-16,1,1.0456370249729445,-16274.273710367452,5.394,312171583.2989637,0.0002807,200000,175409.99582574115,-24590.00417425885,0.8770499791287057
2020-03-17,1,0.579268825663969,-16274.273710367452,5.626,312171583.2989637,0.0002965,200000,184117.93834267004,-15882.061657329963,0.9205896917133501
2020-03-18,1,0.6891803464638433,-16274.273710367452,5.726,312171583.2989637,0.0003,200000,186837.96625525312,-13162.033744746877,0.9341898312762656
2020-03-19,2,1.4196324369337188,0.0,6.472,0.0,0.0003304,200000,196793.37336009453,-3206.626639905473,0.9839668668004726
2020-03-20,0,0.7435887645426251,0.0,6.273,0.0,0.0003259,200000,196793.37336009453,-3206.626639905473,0.9839668668004726
2020-03-21,0,0.7026886487153137,0.0,6.236,0.0,0.0003237,200000,196793.37336009453,-3206.626639905473,0.9839668668004726
2020-03-22,1,1.0840416531109434,-16545.60058517694,5.947,323035740.90626156,0.0003046,200000,196793.37336009453,-3206.626639905473,0.9839668668004726
2020-03-23,2,2.1953728036982953,0.0,6.683,0.0,0.0003273,200000,201638.02407221263,1638.0240722126327,1.0081901203610633
2020-03-24,2,2.0884096637750615,0.0,6.897,0.0,0.0003345,200000,201638.02407221263,1638.0240722126327,1.0081901203610633
2020-03-25,2,2.6587887969673867,0.0,6.93,0.0,0.0003198,200000,201638.02407221263,1638.0240722126327,1.0081901203610633
2020-03-26,2,2.1352461020376454,0.0,7.03,0.0,0.0003251,200000,201638.02407221263,1638.0240722126327,1.0081901203610633
2020-03-27,2,1.2880058819657207,0.0,6.503,0.0,0.0003112,200000,201638.02407221263,1638.0240722126327,1.0081901203610633
2020-03-28,1,1.0719594226984916,-15211.076046485563,6.628,316245332.6101202,0.0003188,200000,201638.02407221263,1638.0240722126327,1.0081901203610633
2020-03-29,1,0.2598175852338416,-15211.076046485563,6.179,316245332.6101202,0.0003091,200000,191740.67120102246,-8259.328798977542,0.9587033560051123
2020-03-30,0,0.10943286474522443,0.0,6.568,0.0,0.0003298,200000,197246.66085071216,-2753.3391492878436,0.9862333042535608
2020-03-31,0,0.15541175589010386,0.0,6.772,0.0,0.0003378,200000,197246.66085071216,-2753.3391492878436,0.9862333042535608
2020-04-01,0,0.6043954327500203,0.0,6.812,0.0,0.0003331,200000,197246.66085071216,-2753.3391492878436,0.9862333042535608
2020-04-02,2,1.2559013477905885,0.0,6.976,0.0,0.0003299,200000,197246.66085071216,-2753.3391492878436,0.9862333042535608
2020-04-03,1,1.1682603955363973,-14048.907467999443,7.02,297326893.0520232,0.0003317,200000,197246.66085071216,-2753.3391492878436,0.9862333042535608
2020-04-04,2,1.6927250771125337,0.0,7.188,0.0,0.0003292,200000,200350.19453796613,350.1945379661338,1.0017509726898306
2020-04-05,1,1.068038669761942,-14276.057755306123,7.017,304947023.64987236,0.0003285,200000,200350.19453796616,350.1945379661629,1.0017509726898308
2020-04-06,2,1.7567179432355686,0.0,7.823,0.0,0.0003525,200000,204537.968521146,4537.968521145987,1.02268984260573
2020-04-07,2,1.8434800855495113,0.0,7.721,0.0,0.0003431,200000,204537.968521146,4537.968521145987,1.02268984260573
2020-04-08,2,1.4596966903010944,0.0,7.995,0.0,0.0003585,200000,204537.968521146,4537.968521145987,1.02268984260573
2020-04-09,1,1.0541935515476486,-12753.333864643097,8.019,280419479.7383411,0.0003647,200000,204537.968521146,4537.968521145987,1.02268984260573
2020-04-10,1,0.32762289312827453,-12753.333864643097,7.299,280419479.7383411,0.0003415,200000,188849.83620867346,-11150.163791326544,0.9442491810433673
2020-04-11,1,0.4809150810429209,-12753.333864643097,7.306,280419479.7383411,0.0003387,200000,188153.93500245857,-11846.064997541427,0.9407696750122929
2020-04-12,1,0.9115204473411207,-12753.333864643097,7.356,280419479.7383411,0.0003346,200000,187641.88182876355,-12358.118171236449,0.9382094091438178
2020-04-13,1,0.36986403387035305,-12753.333864643097,7.281,280419479.7383411,0.000337,200000,187358.38854028733,-12641.611459712673,0.9367919427014366
2020-04-14,1,0.3896484830227812,-12753.333864643097,7.257,280419479.7383411,0.0003357,200000,186687.76320387603,-13312.236796123965,0.9334388160193802
2020-04-15,0,0.11993524353147583,0.0,6.993,0.0,0.0003268,200000,202080.94625810528,2080.9462581052794,1.0104047312905264
2020-04-16,2,1.536440663222838,0.0,7.616,0.0,0.0003363,200000,202080.94625810528,2080.9462581052794,1.0104047312905264
2020-04-17,0,0.807639409159689,0.0,7.468,0.0,0.0003376,200000,202080.94625810528,2080.9462581052794,1.0104047312905264
2020-04-18,2,1.6341036997001186,0.0,7.877,0.0,0.0003437,200000,202080.94625810528,2080.9462581052794,1.0104047312905264
2020-04-19,2,1.3521103528601268,0.0,7.614,0.0,0.0003348,200000,202080.94625810528,2080.9462581052794,1.0104047312905264
2020-04-20,2,1.7608583003332803,0.0,7.205,0.0,0.000312,200000,202080.94625810528,2080.9462581052794,1.0104047312905264
2020-04-21,2,1.5108367088005927,0.0,7.227,0.0,0.0003146,200000,202080.94625810528,2080.9462581052794,1.0104047312905264
2020-04-22,2,2.1221591064510696,0.0,7.534,0.0,0.0003193,200000,202080.94625810528,2080.9462581052794,1.0104047312905264
2020-04-23,2,2.3965165874799923,0.0,7.854,0.0,0.0003251,200000,202080.94625810528,2080.9462581052794,1.0104047312905264
2020-04-24,2,2.0468349257668166,0.0,8.07,0.0,0.0003333,200000,202080.94625810528,2080.9462581052794,1.0104047312905264
2020-04-25,2,2.1759654879500547,0.0,8.428,0.0,0.000341,200000,202080.94625810528,2080.9462581052794,1.0104047312905264
2020-04-26,2,2.0329801970750334,0.0,8.631,0.0,0.0003455,200000,202080.94625810528,2080.9462581052794,1.0104047312905264
2020-04-27,2,1.3321847109323999,0.0,8.426,0.0,0.0003457,200000,202080.94625810528,2080.9462581052794,1.0104047312905264
2020-04-28,2,1.4183831654904475,0.0,8.457,0.0,0.0003426,200000,202080.94625810528,2080.9462581052794,1.0104047312905264
2020-04-29,2,1.7650485038820811,0.0,9.207,0.0,0.0003616,200000,202080.94625810528,2080.9462581052794,1.0104047312905264
2020-04-30,2,1.5036967616688808,0.0,8.897,0.0,0.000351,200000,202080.94625810528,2080.9462581052794,1.0104047312905264
2020-05-01,1,1.0477973736576873,-11213.014441133353,9.011,278886207.91899705,0.0003623,200000,202080.94625810528,2080.9462581052794,1.0104047312905264
2020-05-02,0,-1.7985817908184305,0.0,9.225,0.0,0.0004421,200000,182225.41195657186,-17774.588043428143,0.9111270597828592
2020-05-03,-2,-2.8678142424277264,0.0,9.069,0.0,0.0005045,200000,182225.41195657186,-17774.588043428143,0.9111270597828592
2020-05-04,-2,-2.9035963671543223,0.0,9.005,0.0,0.0005696,200000,182225.41195657186,-17774.588043428143,0.9111270597828592
2020-05-05,-2,-2.1702786137470604,0.0,9.101,0.0,0.0005493,200000,182225.41195657186,-17774.588043428143,0.9111270597828592
2020-05-06,-2,-1.3945137148468123,0.0,9.148,0.0,0.0004995,200000,182225.41195657186,-17774.588043428143,0.9111270597828592
2020-05-07,-2,-1.3004955734364154,0.0,9.891,0.0,0.0005433,200000,182225.41195657186,-17774.588043428143,0.9111270597828592
2020-05-08,0,-0.24783716898145686,0.0,11.301,0.0,0.0005271,200000,182225.41195657186,-17774.588043428143,0.9111270597828592
2020-05-09,0,-0.2992853742999629,0.0,10.994,0.0,0.0005186,200000,182225.41195657186,-17774.588043428143,0.9111270597828592
2020-05-10,0,-0.40557231404158506,0.0,9.725,0.0,0.0004688,200000,182225.41195657186,-17774.588043428143,0.9111270597828592
2020-05-11,0,-0.6893783838924427,0.0,9.629,0.0,0.0004898,200000,182225.41195657186,-17774.588043428143,0.9111270597828592
2020-05-12,0,-0.47971191331242996,0.0,10.001,0.0,0.0004961,200000,182225.41195657186,-17774.588043428143,0.9111270597828592
2020-05-13,0,-0.5519807489358377,0.0,10.285,0.0,0.0005215,200000,182225.41195657186,-17774.588043428143,0.9111270597828592
2020-05-14,0,-0.4905791686165162,0.0,10.186,0.0,0.0005167,200000,182225.41195657186,-17774.588043428143,0.9111270597828592
2020-05-15,0,-0.6646661841905798,0.0,10.033,0.0,0.00053,200000,182225.41195657186,-17774.588043428143,0.9111270597828592
2020-05-16,0,-0.6413451169658497,0.0,10.008,0.0,0.0005333,200000,182225.41195657186,-17774.588043428143,0.9111270597828592
2020-05-17,0,-0.5414740298853209,0.0,10.156,0.0,0.000539,200000,182225.41195657186,-17774.588043428143,0.9111270597828592
2020-05-18,0,-0.3733195057518118,0.0,10.245,0.0,0.0005363,200000,182225.41195657186,-17774.588043428143,0.9111270597828592
2020-05-19,0,-0.23712485467710398,0.0,10.328,0.0,0.0005372,200000,182225.41195657186,-17774.588043428143,0.9111270597828592
2020-05-20,0,0.004466763695529491,0.0,10.14,0.0,0.0005203,200000,182225.41195657186,-17774.588043428143,0.9111270597828592
2020-05-21,0,-0.4146267156451208,0.0,9.537,0.0,0.0005134,200000,182225.41195657186,-17774.588043428143,0.9111270597828592
2020-05-22,0,0.23705466949463777,0.0,10.388,0.0,0.000535,200000,182225.41195657186,-17774.588043428143,0.9111270597828592
2020-05-23,0,0.1504469108828944,0.0,10.203,0.0,0.0005269,200000,182225.41195657186,-17774.588043428143,0.9111270597828592
2020-05-24,-1,-1.0352216511419345,9460.357800673442,9.631,-171425599.20655867,0.0005315,200000,182225.41195657186,-17774.588043428143,0.9111270597828592
2020-05-25,-2,-1.7725815575765043,0.0,9.923,0.0,0.0005659,200000,185360.02809148084,-14639.971908519161,0.9268001404574042
2020-05-26,-2,-1.5690581293277246,0.0,9.935,0.0,0.0005634,200000,185360.02809148084,-14639.971908519161,0.9268001404574042
2020-05-27,-2,-1.2607618001122542,0.0,10.009,0.0,0.0005584,200000,185360.02809148084,-14639.971908519161,0.9268001404574042
2020-05-28,0,-0.8084612638147215,0.0,10.429,0.0,0.0005685,200000,185360.02809148084,-14639.971908519161,0.9268001404574042
2020-05-29,0,-0.8142967320419143,0.0,10.242,0.0,0.00056,200000,185360.02809148084,-14639.971908519161,0.9268001404574042
2020-05-30,0,0.05272544672365526,0.0,11.03,0.0,0.0005828,200000,185360.02809148084,-14639.971908519161,0.9268001404574042
2020-05-31,-2,-1.6964773180640502,0.0,10.945,0.0,0.000627,200000,185360.02809148084,-14639.971908519161,0.9268001404574042
2020-06-01,2,1.3520230093294416,0.0,12.413,0.0,0.000628,200000,185360.02809148084,-14639.971908519161,0.9268001404574042
2020-06-02,0,0.9911638652041806,0.0,12.135,0.0,0.0006233,200000,185360.02809148084,-14639.971908519161,0.9268001404574042
2020-06-03,0,0.42755961586779206,0.0,12.393,0.0,0.000652,200000,185360.02809148084,-14639.971908519161,0.9268001404574042
2020-06-04,0,0.10881743976349344,0.0,12.164,0.0,0.0006478,200000,185360.02809148084,-14639.971908519161,0.9268001404574042
2020-06-05,0,-0.2700519615222192,0.0,11.803,0.0,0.000638,200000,185360.02809148084,-14639.971908519161,0.9268001404574042
2020-06-06,0,-0.20836813324023193,0.0,11.813,0.0,0.0006376,200000,185360.02809148084,-14639.971908519161,0.9268001404574042
2020-06-07,0,0.14402294349848754,0.0,11.776,0.0,0.0006279,200000,185360.02809148084,-14639.971908519161,0.9268001404574042
2020-06-08,0,-0.5502788794707317,0.0,11.656,0.0,0.0006394,200000,185360.02809148084,-14639.971908519161,0.9268001404574042
2020-06-09,0,0.5584245269785981,0.0,12.026,0.0,0.0006348,200000,185360.02809148084,-14639.971908519161,0.9268001404574042
2020-06-10,0,0.2539017045685749,0.0,11.935,0.0,0.0006364,200000,185360.02809148084,-14639.971908519161,0.9268001404574042
2020-06-11,0,-0.11676368016240916,0.0,10.679,0.0,0.0005783,200000,185360.02809148084,-14639.971908519161,0.9268001404574042
2020-06-12,0,-0.712800074702106,0.0,10.917,0.0,0.0006051,200000,185360.02809148084,-14639.971908519161,0.9268001404574042
2020-06-13,0,-0.5155619398483161,0.0,11.08,0.0,0.00061,200000,185360.02809148084,-14639.971908519161,0.9268001404574042
2020-06-14,-1,-1.0285313976637729,8731.042302943044,10.615,-156263722.88946283,0.0005931,200000,185360.02809148084,-14639.971908519161,0.9268001404574042
2020-06-15,-2,-1.5184297849099313,0.0,10.43,0.0,0.0005923,200000,186850.25993921375,-13149.740060786251,0.9342512996960688
2020-06-16,0,-0.6979079344122039,0.0,10.56,0.0,0.0005834,200000,186850.25993921375,-13149.740060786251,0.9342512996960688
2020-06-17,0,-0.5270812062411278,0.0,10.588,0.0,0.0005821,200000,186850.25993921375,-13149.740060786251,0.9342512996960688
2020-06-18,0,-0.758751487193607,0.0,10.413,0.0,0.0005773,200000,186850.25993921375,-13149.740060786251,0.9342512996960688
2020-06-19,0,-0.4820397353100121,0.0,10.268,0.0,0.0005653,200000,186850.25993921375,-13149.740060786251,0.9342512996960688
2020-06-20,-1,-1.1638181737453899,9102.214533282042,10.264,-162196406.19723415,0.000576,200000,186850.25993921375,-13149.740060786251,0.9342512996960688
2020-06-21,-1,-0.7617053735603719,9102.214533282042,10.298,-162196406.19723415,0.0005715,200000,186429.85140545777,-13570.148594542232,0.9321492570272889
2020-06-22,0,0.1642271220181641,0.0,10.8,0.0,0.0005875,200000,183836.73162064276,-16163.268379357236,0.9191836581032138
2020-06-23,2,1.360014318427681,0.0,10.941,0.0,0.0005815,200000,183836.73162064276,-16163.268379357236,0.9191836581032138
2020-06-24,0,0.9534708811878785,0.0,10.491,0.0,0.0005625,200000,183836.73162064276,-16163.268379357236,0.9191836581032138
2020-06-25,0,0.35637562182938504,0.0,10.335,0.0,0.0005608,200000,183836.73162064276,-16163.268379357236,0.9191836581032138
2020-06-26,0,0.4299031195200301,0.0,10.196,0.0,0.0005526,200000,183836.73162064276,-16163.268379357236,0.9191836581032138
2020-06-27,0,-0.07259515081058016,0.0,9.703,0.0,0.0005318,200000,183836.73162064276,-16163.268379357236,0.9191836581032138
2020-06-28,2,1.3209149134476312,0.0,10.045,0.0,0.000535,200000,183836.73162064276,-16163.268379357236,0.9191836581032138
2020-06-29,2,1.5599874506142657,0.0,10.213,0.0,0.000542,200000,183836.73162064276,-16163.268379357236,0.9191836581032138
2020-06-30,2,1.8980212410514192,0.0,10.034,0.0,0.0005276,200000,183836.73162064276,-16163.268379357236,0.9191836581032138
2020-07-01,0,0.4271912314640185,0.0,10.138,0.0,0.000549,200000,183836.73162064276,-16163.268379357236,0.9191836581032138
2020-07-02,0,-0.5780886113324554,0.0,9.922,0.0,0.0005484,200000,183836.73162064276,-16163.268379357236,0.9191836581032138
2020-07-03,0,-0.9331516349081267,0.0,9.78,0.0,0.0005451,200000,183836.73162064276,-16163.268379357236,0.9191836581032138
2020-07-04,0,-0.6392282273347524,0.0,9.973,0.0,0.000552,200000,183836.73162064276,-16163.268379357236,0.9191836581032138
2020-07-05,0,-0.8214962602716126,0.0,10.07,0.0,0.000558,200000,183836.73162064276,-16163.268379357236,0.9191836581032138
2020-07-06,0,0.8387366644199915,0.0,10.575,0.0,0.0005672,200000,183836.73162064276,-16163.268379357236,0.9191836581032138
2020-07-07,2,1.6433734533359694,0.0,10.56,0.0,0.0005556,200000,183836.73162064276,-16163.268379357236,0.9191836581032138
2020-07-08,-2,-2.0100800985305023,0.0,11.08,0.0,0.0006315,200000,183836.73162064276,-16163.268379357236,0.9191836581032138
2020-07-09,-2,-3.98879401792011,0.0,10.768,0.0,0.0008031,200000,183836.73162064276,-16163.268379357236,0.9191836581032138
2020-07-10,-2,-2.4832511872006737,0.0,10.499,0.0,0.0007321,200000,183836.73162064276,-16163.268379357236,0.9191836581032138
2020-07-11,-2,-1.766915109586462,0.0,10.741,0.0,0.0007172,200000,183836.73162064276,-16163.268379357236,0.9191836581032138
2020-07-12,-2,-1.3296700456874055,0.0,10.797,0.0,0.0007,200000,183836.73162064276,-16163.268379357236,0.9191836581032138
2020-07-13,-2,-1.3655792292151792,0.0,10.677,0.0,0.000708,200000,183836.73162064276,-16163.268379357236,0.9191836581032138
2020-07-14,-2,-1.2320334542376692,0.0,10.83,0.0,0.0007188,200000,183836.73162064276,-16163.268379357236,0.9191836581032138
2020-07-15,0,-0.5947952194880131,0.0,10.989,0.0,0.0006824,200000,183836.73162064276,-16163.268379357236,0.9191836581032138
2020-07-16,-2,-1.3008003265664327,0.0,10.694,0.0,0.000735,200000,183836.73162064276,-16163.268379357236,0.9191836581032138
2020-07-17,-1,-1.1051563207236619,8678.912832624057,10.591,-127505015.68916823,0.0007209,200000,183836.73162064276,-16163.268379357236,0.9191836581032138
2020-07-18,-1,-0.8295378143680985,8678.912832624057,10.545,-127505015.68916823,0.0007007,200000,180861.90031342086,-19138.09968657914,0.9043095015671043
2020-07-19,-1,-0.9314063814387277,8678.912832624057,10.651,-127505015.68916823,0.0007258,200000,184982.24096747712,-15017.759032522881,0.9249112048373855
2020-07-20,-1,-0.8495473775537434,8678.912832624057,10.386,-127505015.68916823,0.0007081,200000,180425.49028913345,-19574.50971086655,0.9021274514456672
2020-07-21,-1,-0.6921964528217793,8678.912832624057,11.184,-127505015.68916823,0.0007553,200000,193369.4994700962,-6630.500529903802,0.966847497350481
2020-07-22,-1,-0.5310283319029792,8678.912832624057,11.559,-127505015.68916823,0.0007726,200000,198829.92855375283,-1170.071446247166,0.9941496427687642
2020-07-23,-1,-0.6794142038689784,8678.912832624057,11.432,-127505015.68916823,0.0007841,200000,199194.01430443506,-805.9856955649448,0.9959700715221753
2020-07-24,-1,-0.7245982189667529,8678.912832624057,11.101,-127505015.68916823,0.0007721,200000,194791.23396856646,-5208.766031433537,0.9739561698428323
2020-07-25,0,-0.11061490786934709,0.0,11.608,0.0,0.0007637,200000,180467.49194136047,-19532.508058639534,0.9023374597068023
2020-07-26,0,0.2550030514643,0.0,11.62,0.0,0.0007493,200000,180467.49194136047,-19532.508058639534,0.9023374597068023
2020-07-27,2,1.3109708980838175,0.0,11.619,0.0,0.0007187,200000,180467.49194136047,-19532.508058639534,0.9023374597068023
2020-07-28,0,0.5196852099609801,0.0,11.738,0.0,0.000769,200000,180467.49194136047,-19532.508058639534,0.9023374597068023
2020-07-29,0,0.8547884299842062,0.0,11.67,0.0,0.0007538,200000,180467.49194136047,-19532.508058639534,0.9023374597068023
2020-07-30,0,0.7503909882669603,0.0,11.774,0.0,0.0007611,200000,180467.49194136047,-19532.508058639534,0.9023374597068023
2020-07-31,2,1.7441875144276577,0.0,12.245,0.0,0.0007611,200000,180467.49194136047,-19532.508058639534,0.9023374597068023
2020-08-01,2,2.1322348399019186,0.0,13.396,0.0,0.000811,200000,180467.49194136047,-19532.508058639534,0.9023374597068023
2020-08-02,1,1.061889822259045,-7420.538319957256,12.16,118184343.11811426,0.0007635,200000,180467.49194136047,-19532.508058639534,0.9023374597068023
2020-08-03,2,1.214389827302169,0.0,12.4,0.0,0.0007699,200000,181492.04134219425,-18507.95865780575,0.9074602067109713
2020-08-04,2,1.2439492528253486,0.0,12.561,0.0,0.0007788,200000,181492.04134219425,-18507.95865780575,0.9074602067109713
2020-08-05,2,1.9334853725432568,0.0,12.868,0.0,0.0007661,200000,181492.04134219425,-18507.95865780575,0.9074602067109713
2020-08-06,2,1.3663709905528547,0.0,12.951,0.0,0.0007845,200000,181492.04134219425,-18507.95865780575,0.9074602067109713
2020-08-07,0,-0.7172979925139286,0.0,12.856,0.0,0.0008578,200000,181492.04134219425,-18507.95865780575,0.9074602067109713
2020-08-08,0,-0.19825659740306548,0.0,13.123,0.0,0.0008517,200000,181492.04134219425,-18507.95865780575,0.9074602067109713
2020-08-09,0,0.033554674142082984,0.0,12.997,0.0,0.0008322,200000,181492.04134219425,-18507.95865780575,0.9074602067109713
2020-08-10,2,1.7390938033368593,0.0,14.526,0.0,0.0008578,200000,181492.04134219425,-18507.95865780575,0.9074602067109713
2020-08-11,2,1.259786895429614,0.0,13.686,0.0,0.0008198,200000,181492.04134219425,-18507.95865780575,0.9074602067109713
2020-08-12,1,1.1852840944710743,-6326.409695419487,14.344,105715308.33072823,0.0008584,200000,181492.04134219425,-18507.95865780575,0.9074602067109713
2020-08-13,2,1.7260961422937335,0.0,14.545,0.0,0.0008484,200000,183820.80277428086,-16179.197225719137,0.9191040138714043
2020-08-14,2,1.945089097707707,0.0,14.813,0.0,0.000847,200000,183820.80277428086,-16179.197225719137,0.9191040138714043
2020-08-15,2,1.8780826589180886,0.0,15.103,0.0,0.000855,200000,183820.80277428086,-16179.197225719137,0.9191040138714043
2020-08-16,1,1.0071176301502518,-5933.531400073623,15.49,101334510.9009266,0.000907,200000,183820.80277428086,-16179.197225719137,0.9191040138714043
2020-08-17,2,2.5189197432313497,0.0,16.56,0.0,0.0008824,200000,192662.51034052245,-7337.489659477549,0.9633125517026122
2020-08-18,2,2.3300796792425293,0.0,16.12,0.0,0.0008437,200000,192662.51034052245,-7337.489659477549,0.9633125517026122
2020-08-19,2,2.0705145194842363,0.0,15.834,0.0,0.0008226,200000,192662.51034052245,-7337.489659477549,0.9633125517026122
2020-08-20,2,2.703066150867179,0.0,17.842,0.0,0.000845,200000,192662.51034052245,-7337.489659477549,0.9633125517026122
2020-08-21,2,2.1954011748868756,0.0,16.387,0.0,0.0007758,200000,192662.51034052245,-7337.489659477549,0.9633125517026122
2020-08-22,2,2.734385042402749,0.0,18.936,0.0,0.0007962,200000,192662.51034052245,-7337.489659477549,0.9633125517026122
2020-08-23,2,2.128483601167565,0.0,18.17,0.0,0.0007745,200000,192662.51034052245,-7337.489659477549,0.9633125517026122
2020-08-24,2,1.72576649708822,0.0,18.074,0.0,0.0007816,200000,192662.51034052245,-7337.489659477549,0.9633125517026122
2020-08-25,2,1.4302972043138404,0.0,17.023,0.0,0.0007459,200000,192662.51034052245,-7337.489659477549,0.9633125517026122
2020-08-26,2,1.4851729280107435,0.0,17.322,0.0,0.0007359,200000,192662.51034052245,-7337.489659477549,0.9633125517026122
2020-08-27,2,1.6535558868494225,0.0,17.649,0.0,0.0007156,200000,192662.51034052245,-7337.489659477549,0.9633125517026122
2020-08-28,2,1.5788690965761532,0.0,18.294,0.0,0.0007313,200000,192662.51034052245,-7337.489659477549,0.9633125517026122
2020-08-29,2,2.239174152154074,0.0,21.141,0.0,0.0007416,200000,192662.51034052245,-7337.489659477549,0.9633125517026122
2020-08-30,2,1.7778217383570274,0.0,20.662,0.0,0.000742,200000,192662.51034052245,-7337.489659477549,0.9633125517026122
2020-08-31,2,1.653254125200449,0.0,20.443,0.0,0.0007249,200000,192662.51034052245,-7337.489659477549,0.9633125517026122
2020-09-01,2,1.7445674814765422,0.0,21.517,0.0,0.00073,200000,192662.51034052245,-7337.489659477549,0.9633125517026122
2020-09-02,2,1.4402637675275354,0.0,20.33,0.0,0.0007035,200000,192662.51034052245,-7337.489659477549,0.9633125517026122
2020-09-03,2,1.422810670767148,0.0,17.725,0.0,0.0006018,200000,192662.51034052245,-7337.489659477549,0.9633125517026122
2020-09-04,2,1.6703672277752473,0.0,18.904,0.0,0.0006042,200000,192662.51034052245,-7337.489659477549,0.9633125517026122
2020-09-05,2,1.6337162759417045,0.0,16.964,0.0,0.0005336,200000,192662.51034052245,-7337.489659477549,0.9633125517026122
2020-09-06,2,1.4753774492691227,0.0,17.156,0.0,0.0005402,200000,192662.51034052245,-7337.489659477549,0.9633125517026122
2020-09-07,2,1.6380487963732502,0.0,18.204,0.0,0.0005492,200000,192662.51034052245,-7337.489659477549,0.9633125517026122
2020-09-08,2,1.2906764509785928,0.0,17.122,0.0,0.0005328,200000,192662.51034052245,-7337.489659477549,0.9633125517026122
2020-09-09,1,1.0283715477410382,-5574.0802667666485,17.282,175434811.8198165,0.0005491,200000,192662.51034052245,-7337.489659477549,0.9633125517026122
2020-09-10,2,1.404451933503605,0.0,18.462,0.0,0.0005535,200000,198468.01188329986,-1531.988116700144,0.9923400594164993
2020-09-11,2,1.344251822551857,0.0,20.319,0.0,0.0006032,200000,198468.01188329986,-1531.988116700144,0.9923400594164993
2020-09-12,2,1.9259062059717014,0.0,21.725,0.0,0.000588,200000,198468.01188329986,-1531.988116700144,0.9923400594164993
2020-09-13,2,1.801917416682121,0.0,20.339,0.0,0.0005446,200000,198468.01188329986,-1531.988116700144,0.9923400594164993
2020-09-14,2,2.068812087634762,0.0,22.018,0.0,0.0005563,200000,198468.01188329986,-1531.988116700144,0.9923400594164993
2020-09-15,2,1.3776169377528464,0.0,20.27,0.0,0.0005457,200000,198468.01188329986,-1531.988116700144,0.9923400594164993
2020-09-16,2,1.4610561583320179,0.0,20.997,0.0,0.0005526,200000,198468.01188329986,-1531.988116700144,0.9923400594164993
2020-09-17,2,2.273731618948864,0.0,23.833,0.0,0.0005585,200000,198468.01188329986,-1531.988116700144,0.9923400594164993
2020-09-18,2,2.433465664929686,0.0,25.307,0.0,0.0005497,200000,198468.01188329986,-1531.988116700144,0.9923400594164993
2020-09-19,2,2.03132458406502,0.0,24.5,0.0,0.0005345,200000,198468.01188329986,-1531.988116700144,0.9923400594164993
2020-09-20,2,1.637587955026356,0.0,23.579,0.0,0.0005255,200000,198468.01188329986,-1531.988116700144,0.9923400594164993
2020-09-21,0,0.9388432688406353,0.0,20.112,0.0,0.0004844,200000,198468.01188329986,-1531.988116700144,0.9923400594164993
2020-09-22,0,0.8349364548651296,0.0,20.205,0.0,0.0004878,200000,198468.01188329986,-1531.988116700144,0.9923400594164993
2020-09-23,1,1.0927899232214535,-5041.097584030985,19.685,218528971.46366423,0.0004541,200000,198468.01188329986,-1531.988116700144,0.9923400594164993
2020-09-24,2,1.2175105765833276,0.0,21.813,0.0,0.0004884,200000,201699.92382091412,1699.9238209141186,1.0084996191045705
2020-09-25,0,0.8779823302166189,0.0,21.311,0.0,0.0004914,200000,201699.92382091412,1699.9238209141186,1.0084996191045705
2020-09-26,0,0.6583965758838872,0.0,21.004,0.0,0.0004925,200000,201699.92382091412,1699.9238209141186,1.0084996191045705
2020-09-27,0,0.982228176805596,0.0,21.147,0.0,0.0004732,200000,201699.92382091412,1699.9238209141186,1.0084996191045705
2020-09-28,0,0.4147149775263376,0.0,20.11,0.0,0.0004747,200000,201699.92382091412,1699.9238209141186,1.0084996191045705
2020-09-29,0,-0.000761809007416942,0.0,19.691,0.0,0.00048,200000,201699.92382091412,1699.9238209141186,1.0084996191045705
2020-09-30,0,-0.4812863124760192,0.0,19.078,0.0,0.0004804,200000,201699.92382091412,1699.9238209141186,1.0084996191045705
2020-10-01,0,-0.6369389056494719,0.0,18.786,0.0,0.000472,200000,201699.92382091412,1699.9238209141186,1.0084996191045705
2020-10-02,-1,-1.1869970253490731,5575.209348800767,18.089,-214118815.0965118,0.000471,200000,201699.92382091412,1699.9238209141186,1.0084996191045705
2020-10-03,-2,-1.2105676270454424,0.0,17.806,0.0,0.0004625,200000,201457.69813830435,1457.6981383043458,1.0072884906915218
2020-10-04,-1,-1.011936202112327,5557.453741746327,18.125,-216621180.79387563,0.000465,200000,201457.69813830435,1457.6981383043458,1.0072884906915218
2020-10-05,-1,-1.1554348512833466,5557.453741746327,17.664,-216621180.79387563,0.0004551,200000,196751.16227349994,-3248.83772650006,0.9837558113674997
2020-10-06,-2,-1.5536982715483834,0.0,16.569,0.0,0.0004392,200000,204516.26969597966,4516.269695979659,1.0225813484798982
2020-10-07,-2,-1.4539602070244435,0.0,16.764,0.0,0.0004471,200000,204516.26969597966,4516.269695979659,1.0225813484798982
2020-10-08,-2,-1.5394323000069727,0.0,17.019,0.0,0.0004622,200000,204516.26969597966,4516.269695979659,1.0225813484798982
2020-10-09,-2,-1.5087279870100565,0.0,17.39,0.0,0.0004761,200000,204516.26969597966,4516.269695979659,1.0225813484798982
2020-10-10,-1,-1.0985604105612063,5831.99126542659,17.534,-217987923.35960314,0.0004691,200000,204516.26969597966,4516.269695979659,1.0225813484798982
2020-10-11,-2,-1.5017576371089625,0.0,17.787,0.0,0.000497,200000,209122.63896755967,9122.638967559673,1.0456131948377985
2020-10-12,-2,-1.4339747590146428,0.0,17.983,0.0,0.0005071,200000,209122.63896755967,9122.638967559673,1.0456131948377985
2020-10-13,-1,-1.125472016166501,5944.0236191109,17.591,-214177221.3924208,0.0004882,200000,209122.63896755967,9122.638967559673,1.0456131948377985
2020-10-14,-2,-1.2597156498982125,0.0,16.959,0.0,0.0004793,200000,210973.0846244452,10973.084624445211,1.054865423122226
2020-10-15,0,-0.9814005100566454,0.0,17.24,0.0,0.00048,200000,210973.0846244452,10973.084624445211,1.054865423122226
2020-10-16,0,-0.48944386221654773,0.0,17.021,0.0,0.00046,200000,210973.0846244452,10973.084624445211,1.054865423122226
2020-10-17,0,-0.5878237590116113,0.0,17.191,0.0,0.0004688,200000,210973.0846244452,10973.084624445211,1.054865423122226
2020-10-18,0,-0.6771777055272509,0.0,17.428,0.0,0.0004786,200000,210973.0846244452,10973.084624445211,1.054865423122226
2020-10-19,0,-0.2447835615725344,0.0,17.569,0.0,0.0004754,200000,210973.0846244452,10973.084624445211,1.054865423122226
2020-10-20,-2,-1.799202818054034,0.0,16.948,0.0,0.0004901,200000,210973.0846244452,10973.084624445211,1.054865423122226
2020-10-21,-1,-1.1539053600273634,5754.229888294927,18.332,-203563377.6770023,0.0005182,200000,210973.0846244452,10973.084624445211,1.054865423122226
2020-10-22,-1,-0.5698999890222867,5754.229888294927,18.653,-203563377.6770023,0.000518,200000,212779.47974305245,12779.479743052449,1.0638973987152622
2020-10-23,0,-0.164104727967644,0.0,18.136,0.0,0.0004982,200000,208029.64612901097,8029.646129010973,1.040148230645055
2020-10-24,0,-0.04003770716234393,0.0,18.312,0.0,0.0005028,200000,208029.64612901097,8029.646129010973,1.040148230645055
2020-10-25,0,0.3093209323873713,0.0,17.865,0.0,0.0004882,200000,208029.64612901097,8029.646129010973,1.040148230645055
2020-10-26,-1,-1.1580736666914575,6088.434972167262,17.084,-215262464.95137724,0.0004832,200000,208029.646129011,8029.646129011002,1.040148230645055
2020-10-27,-2,-1.8694096348227125,0.0,17.007,0.0,0.0004909,200000,210155.97660199343,10155.976601993432,1.0507798830099673
2020-10-28,-2,-2.0189445117337708,0.0,15.87,0.0,0.0004636,200000,210155.97660199343,10155.976601993432,1.0507798830099673
2020-10-29,-2,-2.288243841503009,0.0,15.276,0.0,0.0004558,200000,210155.97660199343,10155.976601993432,1.0507798830099673
2020-10-30,-2,-2.3340824137138547,0.0,14.788,0.0,0.0004483,200000,210155.97660199343,10155.976601993432,1.0507798830099673
2020-10-31,-2,-2.137682289602908,0.0,14.702,0.0,0.0004499,200000,210155.97660199343,10155.976601993432,1.0507798830099673
2020-11-01,-2,-1.5893522997996423,0.0,14.941,0.0,0.0004513,200000,210155.97660199343,10155.976601993432,1.0507798830099673
2020-11-02,0,-0.45035477664677975,0.0,15.215,0.0,0.0004395,200000,210155.97660199343,10155.976601993432,1.0507798830099673
2020-11-03,-2,-1.2248853697495452,0.0,14.676,0.0,0.0004398,200000,210155.97660199343,10155.976601993432,1.0507798830099673
2020-11-04,-2,-1.8921285259346687,0.0,14.049,0.0,0.0004403,200000,210155.97660199343,10155.976601993432,1.0507798830099673
2020-11-05,-1,-1.143025853038837,7296.575814248783,14.401,-240233169.41242963,0.0004374,200000,210155.97660199343,10155.976601993432,1.0507798830099673
2020-11-06,-1,-0.7380841834020843,7296.575814248783,15.712,-240233169.41242963,0.0004699,200000,227529.36550037755,27529.36550037755,1.1376468275018878
2020-11-07,-2,-1.2958069407655959,0.0,14.813,0.0,0.0004578,200000,212050.5440225365,12050.544022536487,1.0602527201126823
2020-11-08,0,-0.854979816582314,0.0,15.45,0.0,0.0004693,200000,212050.5440225365,12050.544022536487,1.0602527201126823
2020-11-09,0,-0.9226472569323654,0.0,15.378,0.0,0.0004703,200000,212050.5440225365,12050.544022536487,1.0602527201126823
2020-11-10,0,-0.6923289469040508,0.0,15.585,0.0,0.0004733,200000,212050.5440225365,12050.544022536487,1.0602527201126823
2020-11-11,-1,-1.1292131043724236,6888.783835440728,15.391,-221254741.25890702,0.0004792,200000,212050.5440225365,12050.544022536487,1.0602527201126823
2020-11-12,-1,-0.4834018747379265,6888.783835440728,15.456,-221254741.25890702,0.0004691,200000,210263.64208512518,10263.642085125175,1.0513182104256258
2020-11-13,0,-0.041005505167821775,0.0,16.007,0.0,0.0004794,200000,207851.3041281568,7851.3041281568,1.039256520640784
2020-11-14,0,-0.8268853530822196,0.0,15.684,0.0,0.0004826,200000,207851.3041281568,7851.3041281568,1.039256520640784
2020-11-15,-2,-1.5012468459315613,0.0,15.317,0.0,0.0004804,200000,207851.3041281568,7851.3041281568,1.039256520640784
2020-11-16,-2,-1.7231053720593612,0.0,15.72,0.0,0.0004973,200000,207851.3041281568,7851.3041281568,1.039256520640784
2020-11-17,0,-0.9110796592500472,0.0,16.15,0.0,0.0005021,200000,207851.3041281568,7851.3041281568,1.039256520640784
2020-11-18,0,-0.9627682226882627,0.0,15.718,0.0,0.0004903,200000,207851.3041281568,7851.3041281568,1.039256520640784
2020-11-19,0,-0.2925855449025089,0.0,16.095,0.0,0.0004952,200000,207851.3041281568,7851.3041281568,1.039256520640784
2020-11-20,0,0.25432506443914926,0.0,16.444,0.0,0.0004999,200000,207851.3041281568,7851.3041281568,1.039256520640784
2020-11-21,1,1.0490495688334824,-5672.797601751005,18.32,189957324.1895054,0.0005471,200000,207851.3041281568,7851.3041281568,1.039256520640784
2020-11-22,0,-2.4403733911587753,0.0,17.18,0.0,0.0005564,200000,199617.71174719825,-382.2882528017508,0.9980885587359912
2020-11-23,0,0.3515398255236056,0.0,19.093,0.0,0.000583,200000,199617.71174719825,-382.2882528017508,0.9980885587359912
2020-11-24,-2,-1.7235028097219263,0.0,20.499,0.0,0.0006555,200000,199617.71174719825,-382.2882528017508,0.9980885587359912
2020-11-25,-2,-1.4889105224823385,0.0,19.711,0.0,0.0006298,200000,199617.71174719825,-382.2882528017508,0.9980885587359912
2020-11-26,-2,-2.0104070078682326,0.0,17.192,0.0,0.0005607,200000,199617.71174719825,-382.2882528017508,0.9980885587359912
2020-11-27,-2,-2.054592892073622,0.0,17.12,0.0,0.0005652,200000,199617.71174719825,-382.2882528017508,0.9980885587359912
2020-11-28,-2,-1.9343375544666939,0.0,17.533,0.0,0.0005829,200000,199617.71174719825,-382.2882528017508,0.9980885587359912
2020-11-29,-1,-1.057358534955967,5644.020350237453,17.684,-174095335.5548563,0.0005733,200000,199617.71174719825,-382.2882528017508,0.9980885587359912
2020-11-30,-2,-2.168579021410093,0.0,18.577,0.0,0.0006355,200000,205406.33144594828,5406.331445948279,1.0270316572297413
2020-12-01,-2,-1.5422291621187507,0.0,17.53,0.0,0.00059,200000,205406.33144594828,5406.331445948279,1.0270316572297413
2020-12-02,-1,-1.0761315367996251,5697.501704370029,18.026,-171773148.8927482,0.0005979,200000,205406.33144594828,5406.331445948279,1.0270316572297413
2020-12-03,-1,-1.0932960603792703,5697.501704370029,18.853,-171773148.8927482,0.0006283,200000,215340.06908180186,15340.069081801863,1.0767003454090094
2020-12-04,-1,-1.176808514455243,5697.501704370029,17.298,-171773148.8927482,0.0005814,200000,198424.29324843656,-1575.7067515634408,0.9921214662421828
2020-12-05,-1,-0.7980838420068069,5697.501704370029,17.975,-171773148.8927482,0.0005969,200000,204943.9857101327,4943.9857101326925,1.0247199285506634
2020-12-06,-1,-0.7756672821526488,5697.501704370029,17.89,-171773148.8927482,0.0005953,200000,204184.86102703284,4184.861027032835,1.0209243051351642
2020-12-07,-2,-1.2440577589257897,0.0,17.442,0.0,0.0005953,200000,208287.06225417924,8287.06225417924,1.0414353112708963
2020-12-08,0,-0.946159209021172,0.0,16.456,0.0,0.0005569,200000,208287.06225417924,8287.06225417924,1.0414353112708963
2020-12-09,0,-0.23344240573706843,0.0,16.899,0.0,0.0005567,200000,208287.06225417924,8287.06225417924,1.0414353112708963
2020-12-10,0,-0.5589215455562072,0.0,16.238,0.0,0.0005434,200000,208287.06225417924,8287.06225417924,1.0414353112708963
2020-12-11,0,-0.4882243250856238,0.0,15.898,0.0,0.0005316,200000,208287.06225417924,8287.06225417924,1.0414353112708963
2020-12-12,0,0.2577906069686284,0.0,16.463,0.0,0.0005399,200000,208287.06225417924,8287.06225417924,1.0414353112708963
2020-12-13,2,2.0094723847580327,0.0,17.261,0.0,0.000548,200000,208287.06225417924,8287.06225417924,1.0414353112708963
2020-12-14,0,-0.5561937277373687,0.0,17.398,0.0,0.0005834,200000,208287.06225417924,8287.06225417924,1.0414353112708963
2020-12-15,-2,-1.259553640903889,0.0,17.103,0.0,0.0005825,200000,208287.06225417924,8287.06225417924,1.0414353112708963
2020-12-16,-2,-1.729791086358984,0.0,17.952,0.0,0.0006198,200000,208287.06225417924,8287.06225417924,1.0414353112708963
2020-12-17,-1,-1.1223579773526946,5859.648406408013,17.773,-171373261.686835,0.0006077,200000,208287.06225417924,8287.06225417924,1.0414353112708963
2020-12-18,-1,-1.0956484504962625,5859.648406408013,17.918,-171373261.686835,0.0006137,200000,210164.95084322942,10164.950843229424,1.050824754216147
2020-12-19,-1,-1.0170939188878443,5859.648406408013,17.835,-171373261.686835,0.000611,200000,209215.8922189431,9215.892218943103,1.0460794610947155
2020-12-20,-1,-0.6568658003861733,5859.648406408013,17.541,-171373261.686835,0.0005963,200000,204973.96864066267,4973.9686406626715,1.0248698432033134
2020-12-21,-2,-3.1548381123515585,0.0,16.514,0.0,0.0006134,200000,216641.1871894619,16641.187189461896,1.0832059359473094
2020-12-22,-2,-2.913816153783066,0.0,16.516,0.0,0.000635,200000,216641.1871894619,16641.187189461896,1.0832059359473094
2020-12-23,-2,-2.78224533440675,0.0,13.456,0.0,0.000541,200000,216641.1871894619,16641.187189461896,1.0832059359473094
2020-12-24,-2,-1.333372942466083,0.0,15.269,0.0,0.0005681,200000,216641.1871894619,16641.187189461896,1.0832059359473094
2020-12-25,-2,-1.4231453159806147,0.0,15.173,0.0,0.000574,200000,216641.1871894619,16641.187189461896,1.0832059359473094
2020-12-26,-2,-1.4145273611890081,0.0,14.984,0.0,0.0005732,200000,216641.1871894619,16641.187189461896,1.0832059359473094
2020-12-27,-1,-1.1805614108096614,7167.8529377138,15.112,-188744717.88592255,0.0005739,200000,216641.1871894619,16641.187189461896,1.0832059359473094
2020-12-28,-1,-0.5969992705602978,7167.8529377138,15.63,-188744717.88592255,0.0005725,200000,220089.89240615736,20089.892406157363,1.1004494620307868
2020-12-29,-1,-1.0167520340310023,7167.8529377138,15.054,-188744717.88592255,0.0005719,200000,215847.96228330265,15847.962283302651,1.0792398114165134
2020-12-30,-2,-1.4992411251701547,0.0,14.722,0.0,0.0005874,200000,221984.7035266302,21984.703526630212,1.109923517633151
2020-12-31,-2,-1.627429738130236,0.0,14.256,0.0,0.0005849,200000,221984.7035266302,21984.703526630212,1.109923517633151
2021-01-01,-2,-1.8049609613549227,0.0,14.461,0.0,0.0006155,200000,221984.7035266302,21984.703526630212,1.109923517633151
2021-01-02,-2,-3.1199449912494304,0.0,14.426,0.0,0.0008032,200000,221984.7035266302,21984.703526630212,1.109923517633151
2021-01-03,-2,-1.67418346527999,0.0,16.024,0.0,0.0007508,200000,221984.7035266302,21984.703526630212,1.109923517633151
2021-01-04,-1,-1.1962757269824031,6779.400913957678,16.372,-151587478.50766882,0.0007322,200000,221984.70352663024,21984.70352663024,1.1099235176331512
2021-01-05,-1,-0.9429538971268409,6779.400913957678,16.868,-151587478.50766882,0.0007393,200000,226423.55747735768,26423.55747735768,1.1321177873867885
2021-01-06,0,0.04913999321912278,0.0,19.535,0.0,0.000765,200000,205513.52773083362,5513.527730833623,1.0275676386541681
2021-01-07,0,0.33448993609822303,0.0,20.889,0.0,0.0007992,200000,205513.52773083362,5513.527730833623,1.0275676386541681
2021-01-08,0,-0.3134473382491479,0.0,19.724,0.0,0.0008147,200000,205513.52773083362,5513.527730833623,1.0275676386541681
2021-01-09,-2,-1.400735366588333,0.0,21.338,0.0,0.0010065,200000,205513.52773083362,5513.527730833623,1.0275676386541681
2021-01-10,0,0.45636601917758324,0.0,24.921,0.0,0.0009735,200000,205513.52773083362,5513.527730833623,1.0275676386541681
2021-01-11,0,0.8776216916385686,0.0,23.658,0.0,0.0008877,200000,205513.52773083362,5513.527730833623,1.0275676386541681
2021-01-12,0,0.7330290588404331,0.0,22.148,0.0,0.0008387,200000,205513.52773083362,5513.527730833623,1.0275676386541681
2021-01-13,2,1.5736135956066262,0.0,23.229,0.0,0.0008084,200000,205513.52773083362,5513.527730833623,1.0275676386541681
2021-01-14,2,1.7786926704040156,0.0,23.104,0.0,0.0007747,200000,205513.52773083362,5513.527730833623,1.0275676386541681
2021-01-15,2,2.2681909623555163,0.0,23.493,0.0,0.0007204,200000,205513.52773083362,5513.527730833623,1.0275676386541681
2021-01-16,2,2.008875933281232,0.0,23.58,0.0,0.0007155,200000,205513.52773083362,5513.527730833623,1.0275676386541681
2021-01-17,2,1.920285598006929,0.0,23.841,0.0,0.0007062,200000,205513.52773083362,5513.527730833623,1.0275676386541681
2021-01-18,2,2.2227151299960126,0.0,27.055,0.0,0.0007288,200000,205513.52773083362,5513.527730833623,1.0275676386541681
2021-01-19,2,1.9149726378653213,0.0,26.273,0.0,0.0007036,200000,205513.52773083362,5513.527730833623,1.0275676386541681
2021-01-20,2,1.6361915684977468,0.0,26.072,0.0,0.0007018,200000,205513.52773083362,5513.527730833623,1.0275676386541681
2021-01-21,2,1.382000777290626,0.0,22.096,0.0,0.0006025,200000,205513.52773083362,5513.527730833623,1.0275676386541681
2021-01-22,2,1.2358649201330383,0.0,23.469,0.0,0.000645,200000,205513.52773083362,5513.527730833623,1.0275676386541681
2021-01-23,0,0.9561492917763305,0.0,24.425,0.0,0.0006917,200000,205513.52773083362,5513.527730833623,1.0275676386541681
2021-01-24,0,0.854589077377245,0.0,24.401,0.0,0.0006926,200000,205513.52773083362,5513.527730833623,1.0275676386541681
2021-01-25,0,0.7723059631782899,0.0,23.313,0.0,0.0006618,200000,205513.52773083362,5513.527730833623,1.0275676386541681
2021-01-26,0,0.5630181949047599,0.0,23.158,0.0,0.000671,200000,205513.52773083362,5513.527730833623,1.0275676386541681
2021-01-27,0,0.32462979502543665,0.0,21.033,0.0,0.0006255,200000,205513.52773083362,5513.527730833623,1.0275676386541681
2021-01-28,0,-0.5706639449159578,0.0,22.245,0.0,0.0007498,200000,205513.52773083362,5513.527730833623,1.0275676386541681
2021-01-29,-1,-1.1870638367952289,4557.043055808099,22.549,-127316025.10892926,0.0008071,200000,205513.52773083362,5513.527730833623,1.0275676386541681
2021-01-30,-1,-0.92560131334778,4557.043055808099,22.864,-127316025.10892926,0.0007772,200000,203142.2471426562,3142.2471426562115,1.0157112357132811
2021-01-31,-1,-0.97329742685772,4557.043055808099,22.276,-127316025.10892926,0.0007528,200000,197356.19481318316,-2643.8051868168404,0.9867809740659158
2021-02-01,-1,-0.8165292281663564,4557.043055808099,23.119,-127316025.10892926,0.0007557,200000,201566.9985820453,1566.9985820452857,1.0078349929102264
2021-02-02,-1,-1.0728919170410862,4557.043055808099,23.74,-127316025.10892926,0.0007934,200000,209196.73646630874,9196.736466308736,1.0459836823315436
2021-02-03,-1,-0.882980180761964,4557.043055808099,24.662,-127316025.10892926,0.0008064,200000,215053.4384901799,15053.438490179891,1.0752671924508994
2021-02-04,-1,-0.8849684575657798,4557.043055808099,23.75,-127316025.10892926,0.000781,200000,207663.5881855161,7663.588185516099,1.0383179409275805
2021-02-05,-1,-0.42223254819401823,4557.043055808099,26.07,-127316025.10892926,0.0008201,200000,223213.98465675005,23213.98465675005,1.1160699232837503
2021-02-06,-1,-0.5151110070821933,4557.043055808099,24.834,-127316025.10892926,0.0007917,200000,213965.70432667763,13965.70432667763,1.0698285216333883
2021-02-07,-1,-0.6622568817114666,4557.043055808099,24.526,-127316025.10892926,0.0008,200000,213618.85807389283,13618.858073892829,1.0680942903694641
2021-02-08,-2,-2.298862236557462,0.0,27.38,0.0,0.001128,200000,224354.1651856801,24354.16518568009,1.1217708259284005
2021-02-09,-2,-1.6133963060079872,0.0,31.065,0.0,0.001196,200000,224354.1651856801,24354.16518568009,1.1217708259284005
2021-02-10,0,-0.4394736818507312,0.0,33.39,0.0,0.0011239,200000,224354.1651856801,24354.16518568009,1.1217708259284005
2021-02-11,0,-0.8677564683261365,0.0,36.297,0.0,0.001292,200000,224354.1651856801,24354.16518568009,1.1217708259284005
2021-02-12,-2,-1.2129002183016078,0.0,37.572,0.0,0.0014056,200000,224354.1651856801,24354.16518568009,1.1217708259284005
2021-02-13,0,0.15486837087963123,0.0,42.415,0.0,0.0013934,200000,224354.1651856801,24354.16518568009,1.1217708259284005
2021-02-14,2,1.677971345501902,0.0,43.942,0.0,0.0012804,200000,224354.1651856801,24354.16518568009,1.1217708259284005
2021-02-15,0,0.9194919487587672,0.0,41.575,0.0,0.0012961,200000,224354.1651856801,24354.16518568009,1.1217708259284005
2021-02-16,0,0.846665625901467,0.0,40.945,0.0,0.0012916,200000,224354.1651856801,24354.16518568009,1.1217708259284005
2021-02-17,0,-0.9118593478526179,0.0,42.551,0.0,0.0015463,200000,224354.1651856801,24354.16518568009,1.1217708259284005
2021-02-18,0,-0.21844367685579508,0.0,43.783,0.0,0.0014987,200000,224354.1651856801,24354.16518568009,1.1217708259284005
2021-02-19,-2,-1.4739446389176,0.0,47.847,0.0,0.0018465,200000,224354.1651856801,24354.16518568009,1.1217708259284005
2021-02-20,-2,-2.898155622033108,0.0,43.866,0.0,0.0022773,200000,224354.1651856801,24354.16518568009,1.1217708259284005
2021-02-21,-2,-2.9467319108070984,0.0,54.9,0.0,0.00378,200000,224354.1651856801,24354.16518568009,1.1217708259284005
2021-02-22,-2,-2.43404199214855,0.0,46.879,0.0,0.0034332,200000,224354.1651856801,24354.16518568009,1.1217708259284005
2021-02-23,-2,-2.121565181215266,0.0,38.65,0.0,0.0030186,200000,224354.1651856801,24354.16518568009,1.1217708259284005
2021-02-24,-2,-1.7960919970187572,0.0,40.619,0.0,0.0031333,200000,224354.1651856801,24354.16518568009,1.1217708259284005
2021-02-25,-2,-1.5748901594606388,0.0,38.541,0.0,0.0029679,200000,224354.1651856801,24354.16518568009,1.1217708259284005
2021-02-26,-2,-1.3557657521381705,0.0,37.68,0.0,0.0028118,200000,224354.1651856801,24354.16518568009,1.1217708259284005
2021-02-27,-1,-1.138773520180831,3009.0419150439925,37.28,-42455939.21460906,0.0026422,200000,224354.1651856801,24354.16518568009,1.1217708259284005
2021-02-28,-1,-0.993846880570386,3009.0419150439925,35.261,-42455939.21460906,0.0024256,200000,209082.95312532195,9082.953125321947,1.0454147656266097
2021-03-01,-1,-1.0114381981790037,3009.0419150439925,38.12,-42455939.21460906,0.002807,200000,233878.4991768846,33878.499176884594,1.169392495884423
2021-03-02,-1,-0.8565596388415011,3009.0419150439925,37.733,-42455939.21460906,0.0026748,200000,227101.32479159127,27101.324791591265,1.1355066239579563
2021-03-03,-1,-0.7014703400378239,3009.0419150439925,39.6,-42455939.21460906,0.0026857,200000,233181.97578441765,33181.97578441765,1.1659098789220883
2021-03-04,-1,-0.5808242085165786,3009.0419150439925,37.827,-42455939.21460906,0.0024918,200000,219614.73785533197,19614.737855331972,1.0980736892766598
2021-03-05,-1,-0.8447754201474638,3009.0419150439925,37.408,-42455939.21460906,0.0030274,200000,241093.35033627314,41093.35033627314,1.2054667516813657
2021-03-06,-1,-0.7289405885008508,3009.0419150439925,38.079,-42455939.21460906,0.0029855,200000,241333.51360817553,41333.51360817553,1.2066675680408776
2021-03-07,-1,-0.6385853640367286,3009.0419150439925,39.279,-42455939.21460906,0.0030384,200000,247190.28309068116,47190.28309068116,1.2359514154534057
2021-03-08,-1,-0.5090893311530392,3009.0419150439925,40.113,-42455939.21460906,0.0030073,200000,248379.44433825347,48379.44433825347,1.2418972216912674
2021-03-09,-1,-0.3848177016942786,3009.0419150439925,42.587,-42455939.21460906,0.0031371,200000,261334.5949461286,61334.59494612861,1.3066729747306431
2021-03-10,-1,-0.42308869913607794,3009.0419150439925,40.867,-42455939.21460906,0.0030958,200000,254405.61256268958,54405.61256268958,1.272028062813448
2021-03-11,-1,-0.34904733837583024,3009.0419150439925,41.937,-42455939.21460906,0.0031403,200000,259514.5767068367,59514.5767068367,1.2975728835341835
2021-03-12,0,-0.1499866868797814,0.0,39.895,0.0,0.0029625,200000,230084.15790827933,30084.157908279332,1.1504207895413967
2021-03-13,-2,-3.4517044157965495,0.0,42.044,0.0,0.004619,200000,230084.15790827933,30084.157908279332,1.1504207895413967
2021-03-14,-2,-3.491812118527237,0.0,39.616,0.0,0.0072737,200000,230084.15790827933,30084.157908279332,1.1504207895413967
2021-03-15,-2,-2.614674055674341,0.0,38.597,0.0,0.00708,200000,230084.15790827933,30084.157908279332,1.1504207895413967
2021-03-16,-2,-2.0214298381725047,0.0,40.793,0.0,0.0068416,200000,230084.15790827933,30084.157908279332,1.1504207895413967
2021-03-17,-2,-1.619291773578707,0.0,46.428,0.0,0.0071676,200000,230084.15790827933,30084.157908279332,1.1504207895413967
2021-03-18,-2,-1.5197242419836643,0.0,43.643,0.0,0.0071323,200000,230084.15790827933,30084.157908279332,1.1504207895413967
2021-03-19,-2,-1.5173315771307394,0.0,44.023,0.0,0.00815,200000,230084.15790827933,30084.157908279332,1.1504207895413967
2021-03-20,-2,-1.3147600342743544,0.0,43.08,0.0,0.0077178,200000,230084.15790827933,30084.157908279332,1.1504207895413967
2021-03-21,-2,-1.2454469053785768,0.0,42.421,0.0,0.0080067,200000,230084.15790827933,30084.157908279332,1.1504207895413967
2021-03-22,-1,-1.0825787712752422,2826.9339956785766,40.695,-15504323.309183242,0.00742,200000,230084.15790827933,30084.157908279332,1.1504207895413967
2021-03-23,-1,-1.0079339432223784,2826.9339956785766,41.081,-15504323.309183242,0.0076374,200000,234545.9943180277,34545.99431802769,1.1727299715901385
2021-03-24,-1,-0.9000346835552269,2826.9339956785766,39.529,-15504323.309183242,0.0072311,200000,223859.1861962134,23859.186196213413,1.119295930981067
2021-03-25,-1,-0.9354805462687434,2826.9339956785766,38.632,-15504323.309183242,0.0077737,200000,229736.07222965252,29736.07222965252,1.1486803611482626
2021-03-26,-1,-1.084411870269476,2826.9339956785766,41.652,-15504323.309183242,0.0104099,200000,279145.9100042707,79145.91000427073,1.3957295500213536
2021-03-27,-1,-0.9591653600877634,2826.9339956785766,41.106,-15504323.309183242,0.0099946,200000,271163.4585723264,71163.4585723264,1.3558172928616319
2021-03-28,-1,-0.8025503783250537,2826.9339956785766,44.763,-15504323.309183242,0.0101872,200000,284487.6888638717,84487.68886387168,1.4224384443193583
2021-03-29,-1,-0.998459020129057,2826.9339956785766,45.499,-15504323.309183242,0.0129999,200000,330177.32245643076,130177.32245643076,1.6508866122821537
2021-03-30,-2,-1.2702489376138835,0.0,44.947,0.0,0.0181274,200000,384075.0259594027,184075.02595940267,1.9203751297970135
2021-03-31,-1,-1.0850137723735205,3781.9038359073093,50.778,-11463694.228662074,0.0167518,200000,384075.0259594027,184075.02595940267,1.9203751297970135
2021-04-01,-2,-1.368552415970341,0.0,52.326,0.0,0.0173532,200000,385114.90453053545,185114.90453053545,1.9255745226526773
2021-04-02,-2,-1.9765098348354706,0.0,52.958,0.0,0.0242549,200000,385114.90453053545,185114.90453053545,1.9255745226526773
2021-04-03,-2,-1.7004095970955275,0.0,50.709,0.0,0.0230732,200000,385114.90453053545,185114.90453053545,1.9255745226526773
2021-04-04,-2,-1.6093930243032473,0.0,54.567,0.0,0.0272443,200000,385114.90453053545,185114.90453053545,1.9255745226526773
2021-04-05,-2,-1.4009855536364282,0.0,59.068,0.0,0.0285997,200000,385114.90453053545,185114.90453053545,1.9255745226526773
2021-04-06,0,-0.845905664442379,0.0,63.036,0.0,0.0227351,200000,385114.90453053545,185114.90453053545,1.9255745226526773
2021-04-07,0,-0.6648908657963024,0.0,59.778,0.0,0.0204695,200000,385114.90453053545,185114.90453053545,1.9255745226526773
2021-04-08,0,-0.7172268576416234,0.0,63.351,0.0,0.0231061,200000,385114.90453053545,185114.90453053545,1.9255745226526773
2021-04-09,0,-0.5187644592434743,0.0,60.801,0.0,0.0209399,200000,385114.90453053545,185114.90453053545,1.9255745226526773
2021-04-10,0,-0.18689677726535417,0.0,61.685,0.0,0.0191341,200000,385114.90453053545,185114.90453053545,1.9255745226526773
2021-04-11,0,-0.086935771882186,0.0,63.922,0.0,0.0197457,200000,385114.90453053545,185114.90453053545,1.9255745226526773
2021-04-12,0,0.21671410240957792,0.0,64.65,0.0,0.0187987,200000,385114.90453053545,185114.90453053545,1.9255745226526773
2021-04-13,0,0.5249504046377569,0.0,66.587,0.0,0.0187208,200000,385114.90453053545,185114.90453053545,1.9255745226526773
2021-04-14,2,1.2091024264220769,0.0,69.12,0.0,0.01757,200000,385114.90453053545,185114.90453053545,1.9255745226526773
2021-04-15,2,1.3418136999580663,0.0,74.829,0.0,0.0185614,200000,385114.90453053545,185114.90453053545,1.9255745226526773
2021-04-16,2,1.9547817615907486,0.0,86.833,0.0,0.0190209,200000,385114.90453053545,185114.90453053545,1.9255745226526773
2021-04-17,2,2.281433431656104,0.0,93.96,0.0,0.0188709,200000,385114.90453053545,185114.90453053545,1.9255745226526773
2021-04-18,2,3.1286472133811944,0.0,119.841,0.0,0.0170608,200000,385114.90453053545,185114.90453053545,1.9255745226526773
2021-04-19,2,2.3892326303787894,0.0,109.129,0.0,0.0157814,200000,385114.90453053545,185114.90453053545,1.9255745226526773
2021-04-20,2,1.9062056142665897,0.0,108.138,0.0,0.0160758,200000,385114.90453053545,185114.90453053545,1.9255745226526773
2021-04-21,2,1.5469279451904543,0.0,96.846,0.0,0.0149,200000,385114.90453053545,185114.90453053545,1.9255745226526773
2021-04-22,2,1.6477527665816123,0.0,89.828,0.0,0.0127212,200000,385114.90453053545,185114.90453053545,1.9255745226526773
2021-04-23,2,1.3104528432021105,0.0,86.096,0.0,0.0128001,200000,385114.90453053545,185114.90453053545,1.9255745226526773
2021-04-24,1,1.1150526052612009,-2420.766522494063,79.544,15914233.597962571,0.0120997,200000,385114.90453053545,185114.90453053545,1.9255745226526773
2021-04-25,1,1.1218567617096675,-2420.766522494063,79.596,15914233.597962571,0.011748,200000,379643.7484333017,179643.7484333017,1.8982187421665084
2021-04-26,1,0.828099043057407,-2420.766522494063,90.206,15914233.597962571,0.014055,200000,442042.2181474634,242042.2181474634,2.210211090737317
2021-04-27,1,0.3443406592815894,-2420.766522494063,94.117,15914233.597962571,0.016473,200000,489990.4528568112,289990.4528568112,2.4499522642840557
2021-04-28,1,0.3192980204846657,-2420.766522494063,91.795,15914233.597962571,0.015843,200000,474343.4658248635,274343.4658248635,2.3717173291243174
2021-04-29,1,0.25738098970439716,-2420.766522494063,89.448,15914233.597962571,0.015375,200000,461214.06547272345,261214.06547272345,2.306070327363617
2021-04-30,1,0.33247802065556914,-2420.766522494063,96.965,15914233.597962571,0.016071,200000,490487.2740064933,290487.2740064933,2.4524363700324665
2021-05-01,1,0.46425553448775275,-2420.766522494063,102.2,15914233.597962571,0.016197,200000,505165.18018509296,305165.18018509296,2.525825900925465
2021-05-02,1,0.8647493221562345,-2420.766522494063,106.817,15914233.597962571,0.015528,200000,505695.2369424111,305695.2369424111,2.528476184712056
2021-05-03,1,0.9233500526758975,-2420.766522494063,107.046,15914233.597962571,0.01529,200000,502462.00487974717,302462.00487974717,2.5123100243987357
2021-05-04,1,1.0124921115787409,-2420.766522494063,96.468,15914233.597962571,0.013525,200000,448766.51430440106,248766.51430440106,2.243832571522005
2021-05-05,2,1.7456430303184134,0.0,114.883,0.0,0.014775,200000,428087.0235243239,228087.0235243239,2.140435117621619
2021-05-06,2,2.1624053188257055,0.0,122.794,0.0,0.014982,200000,428087.0235243239,228087.0235243239,2.140435117621619
2021-05-07,2,1.477794427528039,0.0,117.784,0.0,0.015233,200000,428087.0235243239,228087.0235243239,2.140435117621619
2021-05-08,2,1.5402098172379488,0.0,116.473,0.0,0.01477,200000,428087.0235243239,228087.0235243239,2.140435117621619
2021-05-09,2,1.8259391633893594,0.0,119.599,0.0,0.01442,200000,428087.0235243239,228087.0235243239,2.140435117621619
2021-05-10,2,1.587931976684515,0.0,104.943,0.0,0.012672,200000,428087.0235243239,228087.0235243239,2.140435117621619
2021-05-11,2,1.9368379522470827,0.0,115.724,0.0,0.01303,200000,428087.0235243239,228087.0235243239,2.140435117621619
2021-05-12,2,1.7257246362455991,0.0,94.286,0.0,0.010559,200000,428087.0235243239,228087.0235243239,2.140435117621619
2021-05-13,2,1.2560288318103705,0.0,96.686,0.0,0.01125,200000,428087.0235243239,228087.0235243239,2.140435117621619
2021-05-14,1,1.0669685744445339,-2122.1422514144274,100.862,18067317.61308027,0.011847,200000,428087.02352432394,228087.02352432394,2.1404351176216196
2021-05-15,1,0.9962929493122352,-2122.1422514144274,92.735,18067317.61308027,0.010849,200000,392809.19046922476,192809.19046922476,1.9640459523461238
2021-05-16,1,0.4274056318881297,-2122.1422514144274,92.911,18067317.61308027,0.011639,200000,407455.8684198072,207455.86841980717,2.037279342099036
2021-05-17,0,0.16554103184412858,0.0,85.634,0.0,0.010999,200000,411092.1266556771,211092.1266556771,2.0554606332783854
2021-05-18,0,0.21630548288330448,0.0,87.421,0.0,0.011034,200000,411092.1266556771,211092.1266556771,2.0554606332783854
2021-05-19,0,-0.1846331571495223,0.0,55.124,0.0,0.007187,200000,411092.1266556771,211092.1266556771,2.0554606332783854
2021-05-20,0,0.7054364613665419,0.0,71.705,0.0,0.008513,200000,411092.1266556771,211092.1266556771,2.0554606332783854
2021-05-21,0,-0.6946466551218033,0.0,57.851,0.0,0.007614,200000,411092.1266556771,211092.1266556771,2.0554606332783854
2021-05-22,-2,-1.3465885504895492,0.0,51.385,0.0,0.007051,200000,411092.1266556771,211092.1266556771,2.0554606332783854
2021-05-23,-2,-1.6213071113248356,0.0,43.103,0.0,0.00601,200000,411092.1266556771,211092.1266556771,2.0554606332783854
2021-05-24,-2,-1.8264489356411495,0.0,54.04,0.0,0.007672,200000,411092.1266556771,211092.1266556771,2.0554606332783854
2021-05-25,-2,-2.7033090269110485,0.0,56.599,0.0,0.009328,200000,411092.1266556771,211092.1266556771,2.0554606332783854
2021-05-26,-2,-2.39666747202948,0.0,62.5,0.0,0.010742,200000,411092.1266556771,211092.1266556771,2.0554606332783854
2021-05-27,-2,-1.3311160303166931,0.0,62.947,0.0,0.009547,200000,411092.1266556771,211092.1266556771,2.0554606332783854
2021-05-28,-2,-1.3086728864741495,0.0,54.421,0.0,0.008392,200000,411092.1266556771,211092.1266556771,2.0554606332783854
2021-05-29,-2,-1.4941019321835816,0.0,50.092,0.0,0.008174,200000,411092.1266556771,211092.1266556771,2.0554606332783854
2021-05-30,-2,-1.45824728992383,0.0,51.579,0.0,0.008629,200000,411092.1266556771,211092.1266556771,2.0554606332783854
2021-05-31,-1,-1.131334498311754,3679.335242599813,55.865,-22810571.893001728,0.009011,200000,411092.1266556771,211092.1266556771,2.0554606332783854
2021-06-01,-1,-0.9375385858168349,3679.335242599813,53.951,-22810571.893001728,0.008551,200000,393557.0159305603,193557.0159305603,1.9677850796528014
2021-06-02,-1,-0.5555884378326257,3679.335242599813,57.8,-22810571.893001728,0.008754,200000,412349.3233736063,212349.3233736063,2.0617466168680316
2021-06-03,-1,-0.4700958513336688,3679.335242599813,61.321,-22810571.893001728,0.009274,200000,437165.7601471611,237165.76014716108,2.1858288007358055
2021-06-04,-1,-0.44080630583462727,3679.335242599813,56.25,-22810571.893001728,0.008559,200000,402198.2922284413,202198.29222844128,2.0109914611422064
2021-06-05,-1,-0.2562482884650316,3679.335242599813,55.635,-22810571.893001728,0.008355,200000,395282.14438807,195282.14438806998,1.97641072194035
2021-06-06,-1,-0.23437532353918217,3679.335242599813,56.7,-22810571.893001728,0.008559,200000,403853.99308761116,203853.99308761116,2.0192699654380557
2021-06-07,-1,-0.24825330089114683,3679.335242599813,51.08,-22810571.893001728,0.007787,200000,365566.3675228029,165566.3675228029,1.8278318376140144
2021-06-08,-1,-0.8213568172538569,3679.335242599813,48.735,-22810571.893001728,0.007943,200000,360496.7755942146,160496.77559421462,1.8024838779710732
2021-06-09,-1,-0.6554742603271005,3679.335242599813,51.297,-22810571.893001728,0.008231,200000,376492.6771909398,176492.67719093978,1.8824633859546989
2021-06-10,0,-0.05863460952792577,0.0,50.561,0.0,0.007834,200000,403759.2776643635,203759.2776643635,2.0187963883218174
2021-06-11,0,-0.35272580281566884,0.0,47.443,0.0,0.00752,200000,403759.2776643635,203759.2776643635,2.0187963883218174
2021-06-12,0,-0.3274119998774805,0.0,46.25,0.0,0.007354,200000,403759.2776643635,203759.2776643635,2.0187963883218174
2021-06-13,-2,-1.3016183864958173,0.0,49.201,0.0,0.008202,200000,403759.2776643635,203759.2776643635,2.0187963883218174
2021-06-14,0,-0.8429547177625717,0.0,50.735,0.0,0.008289,200000,403759.2776643635,203759.2776643635,2.0187963883218174
2021-06-15,0,-0.6175751460083236,0.0,50.139,0.0,0.008067,200000,403759.2776643635,203759.2776643635,2.0187963883218174
2021-06-16,0,-0.3024623235338096,0.0,48.639,0.0,0.007755,200000,403759.2776643635,203759.2776643635,2.0187963883218174
2021-06-17,0,-0.02806100258853564,0.0,48.623,0.0,0.007689,200000,403759.2776643635,203759.2776643635,2.0187963883218174
2021-06-18,0,-0.16749508950172307,0.0,45.422,0.0,0.007206,200000,403759.2776643635,203759.2776643635,2.0187963883218174
2021-06-19,0,-0.09001814803793909,0.0,44.445,0.0,0.007011,200000,403759.2776643635,203759.2776643635,2.0187963883218174
2021-06-20,-2,-1.6656638886851447,0.0,44.679,0.0,0.007439,200000,403759.2776643635,203759.2776643635,2.0187963883218174
2021-06-21,-2,-3.102677420342131,0.0,32.046,0.0,0.005966,200000,403759.2776643635,203759.2776643635,2.0187963883218174
2021-06-22,-2,-2.136621020777809,0.0,30.115,0.0,0.005448,200000,403759.2776643635,203759.2776643635,2.0187963883218174
2021-06-23,-2,-1.576455306556634,0.0,33.453,0.0,0.005925,200000,403759.2776643635,203759.2776643635,2.0187963883218174
2021-06-24,-1,-1.1787388732480764,5771.617554811074,34.978,-33133044.285603438,0.006093,200000,403759.2776643635,203759.2776643635,2.0187963883218174
2021-06-25,-2,-1.3943475254547215,0.0,31.229,0.0,0.005563,200000,407836.55840598047,207836.55840598047,2.0391827920299024
2021-06-26,-2,-1.5025908055158657,0.0,31.167,0.0,0.005647,200000,407836.55840598047,207836.55840598047,2.0391827920299024
2021-06-27,-2,-1.6284010809955638,0.0,31.961,0.0,0.005911,200000,407836.55840598047,207836.55840598047,2.0391827920299024
2021-06-28,-1,-1.04862747484817,6147.486636007062,33.171,-34283503.564725995,0.005948,200000,407836.55840598047,207836.55840598047,2.0391827920299024
2021-06-29,-1,-0.8305598223930021,6147.486636007062,35.148,-34283503.564725995,0.006248,200000,430275.19055478426,230275.19055478426,2.1513759527739214
2021-06-30,0,0.19282312629765017,0.0,36.648,0.0,0.006132,200000,392769.9120284935,192769.91202849348,1.9638495601424673
2021-07-01,0,-0.24021595205595309,0.0,34.097,0.0,0.005876,200000,392769.9120284935,192769.91202849348,1.9638495601424673
2021-07-02,0,0.47083780603166625,0.0,35.438,0.0,0.005883,200000,392769.9120284935,192769.91202849348,1.9638495601424673
2021-07-03,0,0.40036210643080594,0.0,36.348,0.0,0.006057,200000,392769.9120284935,192769.91202849348,1.9638495601424673
2021-07-04,0,0.6697129548711827,0.0,37.545,0.0,0.006169,200000,392769.9120284935,192769.91202849348,1.9638495601424673
2021-07-05,0,0.5360906209833748,0.0,35.916,0.0,0.005957,200000,392769.9120284935,192769.91202849348,1.9638495601424673
2021-07-06,0,0.862486347025235,0.0,36.88,0.0,0.006029,200000,392769.9120284935,192769.91202849348,1.9638495601424673
2021-07-07,1,1.1142796179592342,-5307.988432192193,36.998,32779995.99636901,0.005991,200000,392769.9120284935,192769.91202849348,1.9638495601424673
2021-07-08,1,0.36302635174298775,-5307.988432192193,34.018,32779995.99636901,0.00574,200000,368724.3275054722,168724.32750547217,1.8436216375273609
2021-07-09,1,0.6624405048883841,-5307.988432192193,34.674,32779995.99636901,0.005803,200000,374271.5076647615,174271.5076647615,1.8713575383238075
2021-07-10,1,0.716225326632044,-5307.988432192193,34.062,32779995.99636901,0.005689,200000,367286.09920067375,167286.09920067375,1.8364304960033686
2021-07-11,1,0.4405238450743827,-5307.988432192193,34.203,32779995.99636901,0.005761,200000,370394.68528135144,170394.68528135144,1.851973426406757
2021-07-12,1,0.650496604407102,-5307.988432192193,33.747,32779995.99636901,0.005621,200000,363385.0431167801,163385.0431167801,1.8169252155839004
2021-07-13,1,1.0842932504999752,-5307.988432192193,33.463,32779995.99636901,0.005462,200000,356665.5550386149,156665.5550386149,1.7833277751930745
2021-07-14,1,0.41692526833039567,-5307.988432192193,32.839,32779995.99636901,0.005484,200000,354074.53016884706,154074.53016884706,1.7703726508442355
2021-07-15,1,0.37629116372691457,-5307.988432192193,31.406,32779995.99636901,0.005239,200000,338437.0837264052,138437.08372640522,1.6921854186320262
2021-07-16,0,-0.09588693095365713,0.0,29.665,0.0,0.005015,200000,385839.70894768427,185839.70894768427,1.9291985447384215
2021-07-17,-2,-1.431178586624462,0.0,29.589,0.0,0.005169,200000,385839.70894768427,185839.70894768427,1.9291985447384215
2021-07-18,-1,-1.0903295027383957,6488.408652804699,29.733,-37723866.73325032,0.005114,200000,385839.70894768427,185839.70894768427,1.9291985447384215
2021-07-19,-2,-1.6168735385278785,0.0,27.702,0.0,0.004795,200000,386983.7534336237,186983.7534336237,1.9349187671681185
2021-07-20,-2,-1.2781545335437194,0.0,25.845,0.0,0.004455,200000,386983.7534336237,186983.7534336237,1.9349187671681185
2021-07-21,-1,-1.0573914762492722,6933.453137808143,27.907,-40437173.81751554,0.004785,200000,386983.7534336237,186983.7534336237,1.9349187671681185
2021-07-22,-1,-0.3765494741842229,6933.453137808143,28.93,-40437173.81751554,0.004895,200000,398524.7651135281,198524.76511352812,1.9926238255676405
2021-07-23,-2,-1.5790663580303725,0.0,29.568,0.0,0.005155,200000,390429.0420842051,190429.04208420508,1.9521452104210253
2021-07-24,0,-0.23536677144361193,0.0,30.712,0.0,0.005202,200000,390429.0420842051,190429.04208420508,1.9521452104210253
2021-07-25,-2,-1.2204076360312426,0.0,30.759,0.0,0.005339,200000,390429.0420842051,190429.04208420508,1.9521452104210253
2021-07-26,-2,-2.6662350277449494,0.0,32.451,0.0,0.005932,200000,390429.0420842051,190429.04208420508,1.9521452104210253
2021-07-27,-2,-2.5357498376537233,0.0,34.072,0.0,0.006306,200000,390429.0420842051,190429.04208420508,1.9521452104210253
2021-07-28,-2,-1.467183267553104,0.0,34.555,0.0,0.006218,200000,390429.0420842051,190429.04208420508,1.9521452104210253
2021-07-29,0,-0.9196491387362932,0.0,35.231,0.0,0.006245,200000,390429.0420842051,190429.04208420508,1.9521452104210253
2021-07-30,2,2.8284347421657654,0.0,41.66,0.0,0.006373,200000,390429.0420842051,190429.04208420508,1.9521452104210253
2021-07-31,2,3.3625330868083445,0.0,45.81,0.0,0.006315,200000,390429.0420842051,190429.04208420508,1.9521452104210253
2021-08-01,2,1.8429478018041832,0.0,42.102,0.0,0.006225,200000,390429.0420842051,190429.04208420508,1.9521452104210253
2021-08-02,2,1.967060242231347,0.0,43.389,0.0,0.006227,200000,390429.0420842051,190429.04208420508,1.9521452104210253
2021-08-03,2,1.3860546450956566,0.0,41.473,0.0,0.006138,200000,390429.0420842051,190429.04208420508,1.9521452104210253
2021-08-04,2,1.3907797367500974,0.0,43.64,0.0,0.006376,200000,390429.0420842051,190429.04208420508,1.9521452104210253
2021-08-05,1,1.0620440837410943,-4447.7118553257515,43.891,29885872.7866048,0.006532,200000,390429.0420842051,190429.04208420508,1.9521452104210253
2021-08-06,0,-0.7643154706801187,0.0,44.473,0.0,0.007851,200000,353598.1441784729,153598.14417847292,1.7679907208923646
2021-08-07,0,-0.22878224294803634,0.0,46.954,0.0,0.007848,200000,353598.1441784729,153598.14417847292,1.7679907208923646
2021-08-08,0,-0.9897819097870431,0.0,45.051,0.0,0.008157,200000,353598.1441784729,153598.14417847292,1.7679907208923646
2021-08-09,-1,-1.0664316628936152,3802.0488180735138,46.501,-20700043.565066908,0.008541,200000,353598.1441784729,153598.14417847292,1.7679907208923646
2021-08-10,-2,-1.8841427662132897,0.0,46.681,0.0,0.009772,200000,378395.529019817,178395.529019817,1.891977645099085
2021-08-11,-2,-2.200814068907007,0.0,48.741,0.0,0.011505,200000,378395.529019817,178395.529019817,1.891977645099085
2021-08-12,-2,-1.7196219140471583,0.0,48.611,0.0,0.010991,200000,378395.529019817,178395.529019817,1.891977645099085
2021-08-13,-2,-1.388236551720771,0.0,55.424,0.0,0.012131,200000,378395.529019817,178395.529019817,1.891977645099085
2021-08-14,-1,-1.12113224455868,3390.094151658487,55.809,-15999810.952212134,0.011825,200000,378395.529019817,178395.529019817,1.891977645099085
2021-08-15,-1,-0.7848161521037444,3390.094151658487,58.913,-15999810.952212134,0.011787,200000,388310.3884503809,188310.38845038088,1.9415519422519045
2021-08-16,-1,-0.7674216618971995,3390.094151658487,56.34,-15999810.952212134,0.011304,200000,371859.7675082452,171859.7675082452,1.859298837541226
2021-08-17,-1,-0.652486090938516,3390.094151658487,51.863,-15999810.952212134,0.010245,200000,339738.51619287743,139738.51619287743,1.6986925809643871
2021-08-18,-1,-0.6482068409407771,3390.094151658487,51.556,-15999810.952212134,0.010253,200000,338825.75577593595,138825.75577593595,1.6941287788796797
2021-08-19,-1,-0.5591236235070498,3390.094151658487,54.334,-15999810.952212134,0.010762,200000,356387.3411039192,156387.3411039192,1.781936705519596
2021-08-20,-1,-0.5376082990416987,3390.094151658487,56.542,-15999810.952212134,0.011314,200000,372704.5646364023,172704.5646364023,1.8635228231820116
2021-08-21,-1,-0.3062287014476025,3390.094151658487,55.368,-15999810.952212134,0.010777,200000,360132.6956210173,160132.6956210173,1.8006634781050865
2021-08-22,-1,-0.35450706522127257,3390.094151658487,55.495,-15999810.952212134,0.011033,200000,364659.18918204424,164659.18918204424,1.8232959459102211
2021-08-23,0,0.30528495975975545,0.0,60.763,0.0,0.011176,200000,351217.1252845152,151217.1252845152,1.7560856264225762
2021-08-24,0,0.16470807457516012,0.0,55.528,0.0,0.010591,200000,351217.1252845152,151217.1252845152,1.7560856264225762
2021-08-25,0,0.20210771688241844,0.0,56.304,0.0,0.010917,200000,351217.1252845152,151217.1252845152,1.7560856264225762
2021-08-26,0,0.29599315655486347,0.0,51.39,0.0,0.00995,200000,351217.1252845152,151217.1252845152,1.7560856264225762
2021-08-27,0,0.7316844703667202,0.0,55.52,0.0,0.010566,200000,351217.1252845152,151217.1252845152,1.7560856264225762
2021-08-28,0,-0.5952751028259475,0.0,54.51,0.0,0.011382,200000,351217.1252845152,151217.1252845152,1.7560856264225762
2021-08-29,0,-0.03335122325360036,0.0,54.45,0.0,0.011022,200000,351217.1252845152,151217.1252845152,1.7560856264225762
2021-08-30,0,-0.09897230965286767,0.0,51.58,0.0,0.010465,200000,351217.1252845152,151217.1252845152,1.7560856264225762
2021-08-31,0,-0.23260984915768831,0.0,52.09,0.0,0.010549,200000,351217.1252845152,151217.1252845152,1.7560856264225762
2021-09-01,0,-0.07740232418782682,0.0,55.19,0.0,0.011023,200000,351217.1252845152,151217.1252845152,1.7560856264225762
2021-09-02,-2,-3.1216982357171323,0.0,55.41,0.0,0.012984,200000,351217.1252845152,151217.1252845152,1.7560856264225762
2021-09-03,-2,-1.5449210419934376,0.0,57.27,0.0,0.012381,200000,351217.1252845152,151217.1252845152,1.7560856264225762
2021-09-04,0,-0.7368419738759144,0.0,57.95,0.0,0.012047,200000,351217.1252845152,151217.1252845152,1.7560856264225762
2021-09-05,0,0.14274012513689724,0.0,65.78,0.0,0.013077,200000,351217.1252845152,151217.1252845152,1.7560856264225762
2021-09-06,0,0.6794095628350325,0.0,63.62,0.0,0.012305,200000,351217.1252845152,151217.1252845152,1.7560856264225762
2021-09-07,0,-0.14283467192130078,0.0,49.84,0.0,0.010046,200000,351217.1252845152,151217.1252845152,1.7560856264225762
2021-09-08,0,-0.5613674610966269,0.0,49.14,0.0,0.010142,200000,351217.1252845152,151217.1252845152,1.7560856264225762
2021-09-09,0,-0.08094357743803748,0.0,50.62,0.0,0.010196,200000,351217.1252845152,151217.1252845152,1.7560856264225762
2021-09-10,0,-0.1529474731785721,0.0,48.09,0.0,0.009741,200000,351217.1252845152,151217.1252845152,1.7560856264225762
2021-09-11,0,0.08072296972394415,0.0,49.03,0.0,0.009819,200000,351217.1252845152,151217.1252845152,1.7560856264225762
2021-09-12,0,0.836533549165557,0.0,51.56,0.0,0.010011,200000,351217.1252845152,151217.1252845152,1.7560856264225762
2021-09-13,0,0.4151872878604884,0.0,48.43,0.0,0.009609,200000,351217.1252845152,151217.1252845152,1.7560856264225762
2021-09-14,2,1.3307039477509202,0.0,51.83,0.0,0.009865,200000,351217.1252845152,151217.1252845152,1.7560856264225762
2021-09-15,1,1.1646185459613443,-3326.5497753790037,52.79,17374944.359578274,0.010107,200000,351217.1252845152,151217.1252845152,1.7560856264225762
2021-09-16,1,1.074357281287355,-3326.5497753790037,50.62,17374944.359578274,0.009743,200000,337674.0325250563,137674.03252505627,1.6883701626252814
2021-09-17,1,0.7102052151664577,-3326.5497753790037,48.77,17374944.359578274,0.009506,200000,327402.05362738506,127402.05362738506,1.6370102681369252
2021-09-18,1,0.5446506373845386,-3326.5497753790037,49.65,17374944.359578274,0.009731,200000,334238.7799106237,134238.77991062368,1.6711938995531184
2021-09-19,1,0.4369007993247476,-3326.5497753790037,48.16,17374944.359578274,0.009469,200000,324729.9853230995,124729.98532309948,1.6236499266154973
2021-09-20,1,0.5450806200403647,-3326.5497753790037,41.57,17374944.359578274,0.008118,200000,279334.47247356165,79334.47247356165,1.3966723623678083
2021-09-21,0,-0.2974377060405618,0.0,37.49,0.0,0.007615,200000,343619.2750652855,143619.2750652855,1.7180963753264276
2021-09-22,0,-0.9729853404810473,0.0,42.93,0.0,0.00882,200000,343619.2750652855,143619.2750652855,1.7180963753264276
2021-09-23,0,-0.43789756851709905,0.0,43.9,0.0,0.00881,200000,343619.2750652855,143619.2750652855,1.7180963753264276
2021-09-24,-2,-1.5072215388037038,0.0,39.74,0.0,0.008189,200000,343619.2750652855,143619.2750652855,1.7180963753264276
2021-09-25,-1,-1.0190718596746118,4404.24602749661,39.01,-21597691.70743466,0.007955,200000,343619.2750652855,143619.2750652855,1.7180963753264276
2021-09-26,-1,-0.9536198360929462,4404.24602749661,38.72,-21597691.70743466,0.007903,200000,341218.96374852484,141218.96374852484,1.7060948187426241
2021-09-27,-2,-1.2313538541009936,0.0,37.45,0.0,0.007718,200000,345371.2459335181,145371.2459335181,1.7268562296675904
2021-09-28,-2,-1.553993874906518,0.0,35.93,0.0,0.007482,200000,345371.2459335181,145371.2459335181,1.7268562296675904
2021-09-29,0,-0.9351125531443846,0.0,37.08,0.0,0.007599,200000,345371.2459335181,145371.2459335181,1.7268562296675904
2021-09-30,0,-0.3533606734617997,0.0,39.25,0.0,0.00791,200000,345371.2459335181,145371.2459335181,1.7268562296675904
2021-10-01,0,-0.6848456147382975,0.0,42.37,0.0,0.008628,200000,345371.2459335181,145371.2459335181,1.7268562296675904
2021-10-02,0,-0.5460529798661776,0.0,42.33,0.0,0.008603,200000,345371.2459335181,145371.2459335181,1.7268562296675904
2021-10-03,-2,-1.7059634451422978,0.0,44.47,0.0,0.009413,200000,345371.2459335181,145371.2459335181,1.7268562296675904
2021-10-04,-2,-1.5507642119365512,0.0,43.01,0.0,0.009096,200000,345371.2459335181,145371.2459335181,1.7268562296675904
2021-10-05,-2,-1.2476315705434848,0.0,46.81,0.0,0.009834,200000,345371.2459335181,145371.2459335181,1.7268562296675904
2021-10-06,0,-0.9554533872897696,0.0,46.32,0.0,0.009668,200000,345371.2459335181,145371.2459335181,1.7268562296675904
2021-10-07,0,-0.14307070632803157,0.0,46.08,0.0,0.00944,200000,345371.2459335181,145371.2459335181,1.7268562296675904
2021-10-08,0,0.7242304836796571,0.0,46.82,0.0,0.009428,200000,345371.2459335181,145371.2459335181,1.7268562296675904
2021-10-09,2,1.4198008599370826,0.0,48.74,0.0,0.009693,200000,345371.2459335181,145371.2459335181,1.7268562296675904
2021-10-10,0,0.690084957597204,0.0,45.31,0.0,0.009179,200000,345371.2459335181,145371.2459335181,1.7268562296675904
2021-10-11,0,0.1873377240785878,0.0,45.12,0.0,0.009222,200000,345371.2459335181,145371.2459335181,1.7268562296675904
2021-10-12,0,-0.25581044295298605,0.0,44.28,0.0,0.00912,200000,345371.2459335181,145371.2459335181,1.7268562296675904
2021-10-13,0,-0.1290062672937895,0.0,44.83,0.0,0.009224,200000,345371.2459335181,145371.2459335181,1.7268562296675904
2021-10-14,0,0.09738966479376467,0.0,44.91,0.0,0.009204,200000,345371.2459335181,145371.2459335181,1.7268562296675904
2021-10-15,0,0.13967148065632645,0.0,44.73,0.0,0.009163,200000,345371.2459335181,145371.2459335181,1.7268562296675904
2021-10-16,0,-0.9558232159941594,0.0,44.49,0.0,0.009292,200000,345371.2459335181,145371.2459335181,1.7268562296675904
2021-10-17,-2,-2.2657647402792604,0.0,43.26,0.0,0.009326,200000,345371.2459335181,145371.2459335181,1.7268562296675904
2021-10-18,-2,-1.7986622475824054,0.0,42.94,0.0,0.009215,200000,345371.2459335181,145371.2459335181,1.7268562296675904
2021-10-19,-2,-1.4143737097254978,0.0,42.91,0.0,0.009166,200000,345371.2459335181,145371.2459335181,1.7268562296675904
2021-10-20,-2,-1.3207426256451789,0.0,45.51,0.0,0.009734,200000,345371.2459335181,145371.2459335181,1.7268562296675904
2021-10-21,0,-0.9101451121086119,0.0,45.01,0.0,0.009555,200000,345371.2459335181,145371.2459335181,1.7268562296675904
2021-10-22,-2,-1.5595821347123304,0.0,44.4,0.0,0.009623,200000,345371.2459335181,145371.2459335181,1.7268562296675904
2021-10-23,-1,-1.0960769578689815,3859.7591186133,44.74,-17995583.885656424,0.009596,200000,345371.2459335181,145371.2459335181,1.7268562296675904
2021-10-24,-1,-0.6033208465601863,3859.7591186133,43.79,-17995583.885656424,0.009275,200000,335927.89234353974,135927.89234353974,1.6796394617176986
2021-10-25,-2,-1.2434464550524351,0.0,44.55,0.0,0.00962,200000,346536.4941793104,146536.4941793104,1.732682470896552
2021-10-26,-2,-3.6238122647760402,0.0,44.37,0.0,0.011476,200000,346536.4941793104,146536.4941793104,1.732682470896552
2021-10-27,-2,-2.7779592868794643,0.0,39.23,0.0,0.010298,200000,346536.4941793104,146536.4941793104,1.732682470896552
2021-10-28,-2,-1.7780453639094673,0.0,41.33,0.0,0.010241,200000,346536.4941793104,146536.4941793104,1.732682470896552
2021-10-29,-2,-1.6570825583778805,0.0,43.28,0.0,0.010822,200000,346536.4941793104,146536.4941793104,1.732682470896552
2021-10-30,-2,-1.4156951170019094,0.0,42.57,0.0,0.010581,200000,346536.4941793104,146536.4941793104,1.732682470896552
2021-10-31,-2,-2.7181220649191387,0.0,44.67,0.0,0.014002,200000,346536.4941793104,146536.4941793104,1.732682470896552
2021-11-01,-2,-1.8427137225074814,0.0,45.18,0.0,0.013082,200000,346536.4941793104,146536.4941793104,1.732682470896552
2021-11-02,-2,-1.785550236756816,0.0,46.39,0.0,0.013897,200000,346536.4941793104,146536.4941793104,1.732682470896552
2021-11-03,-2,-2.0379167427537834,0.0,46.99,0.0,0.015722,200000,346536.4941793104,146536.4941793104,1.732682470896552
2021-11-04,-2,-1.606188396234208,0.0,46.4,0.0,0.014876,200000,346536.4941793104,146536.4941793104,1.732682470896552
2021-11-05,-2,-1.3349397935611726,0.0,45.17,0.0,0.014149,200000,346536.4941793104,146536.4941793104,1.732682470896552
2021-11-06,-2,-1.3814214083846452,0.0,45.0,0.0,0.014733,200000,346536.4941793104,146536.4941793104,1.732682470896552
2021-11-07,-1,-1.1459836398758325,3739.8715106767795,46.33,-11700989.13355316,0.014808,200000,346536.4941793104,146536.4941793104,1.732682470896552
2021-11-08,-1,-0.6273681163276755,3739.8715106767795,50.59,-11700989.13355316,0.014773,200000,362058.8121951191,162058.8121951191,1.8102940609755955
2021-11-09,-1,-0.3990422825194872,3739.8715106767795,52.54,-11700989.13355316,0.014898,200000,370814.18528263294,170814.18528263294,1.8540709264131647
2021-11-10,-1,-0.3401561427249639,3739.8715106767795,48.22,-11700989.13355316,0.013712,200000,340780.5672441153,140780.5672441153,1.7039028362205766
2021-11-11,-1,-0.3021209720642036,3739.8715106767795,48.52,-11700989.13355316,0.013885,200000,343926.799817423,143926.799817423,1.7196339990871148
2021-11-12,0,-0.17293732698044562,0.0,47.31,0.0,0.013453,200000,327016.5798228826,127016.5798228826,1.6350828991144128
2021-11-13,0,0.23151195329372576,0.0,49.05,0.0,0.013462,200000,327016.5798228826,127016.5798228826,1.6350828991144128
2021-11-14,0,0.39206299914412335,0.0,48.48,0.0,0.01337,200000,327016.5798228826,127016.5798228826,1.6350828991144128
2021-11-15,0,-0.06463353275250622,0.0,47.07,0.0,0.013618,200000,327016.5798228826,127016.5798228826,1.6350828991144128
2021-11-16,0,-0.19384362681686748,0.0,42.83,0.0,0.012609,200000,327016.5798228826,127016.5798228826,1.6350828991144128
2021-11-17,0,0.10360554897140886,0.0,43.28,0.0,0.012524,200000,327016.5798228826,127016.5798228826,1.6350828991144128
2021-11-18,0,0.06852385014264473,0.0,39.84,0.0,0.011668,200000,327016.5798228826,127016.5798228826,1.6350828991144128
2021-11-19,0,-0.4638189441206455,0.0,41.51,0.0,0.012686,200000,327016.5798228826,127016.5798228826,1.6350828991144128
2021-11-20,-2,-1.2993211362386938,0.0,42.08,0.0,0.013566,200000,327016.5798228826,127016.5798228826,1.6350828991144128
2021-11-21,-2,-1.5922318059622762,0.0,41.57,0.0,0.013858,200000,327016.5798228826,127016.5798228826,1.6350828991144128
2021-11-22,-1,-1.0771633676575318,4064.3373082635176,40.23,-12548602.449074544,0.01303,200000,327016.5798228826,127016.5798228826,1.6350828991144128
2021-11-23,-2,-1.9409479751474823,0.0,40.28,0.0,0.014014,200000,339161.1877673588,139161.1877673588,1.695805938836794
2021-11-24,-2,-1.5456076290810365,0.0,39.15,0.0,0.01333,200000,339161.1877673588,139161.1877673588,1.695805938836794
2021-11-25,-2,-1.323325634877662,0.0,41.14,0.0,0.013879,200000,339161.1877673588,139161.1877673588,1.695805938836794
2021-11-26,0,-0.7492538440818627,0.0,37.14,0.0,0.011933,200000,339161.1877673588,139161.1877673588,1.695805938836794
2021-11-27,0,-0.8271906642995712,0.0,37.53,0.0,0.012146,200000,339161.1877673588,139161.1877673588,1.695805938836794
2021-11-28,0,-0.7991695357729339,0.0,38.04,0.0,0.012361,200000,339161.1877673588,139161.1877673588,1.695805938836794
2021-11-29,0,-0.5789871902679046,0.0,38.39,0.0,0.012325,200000,339161.1877673588,139161.1877673588,1.695805938836794
2021-11-30,0,-0.4852526604658037,0.0,37.5,0.0,0.012015,200000,339161.1877673588,139161.1877673588,1.695805938836794
2021-12-01,0,-0.22187663339006064,0.0,37.36,0.0,0.011786,200000,339161.1877673588,139161.1877673588,1.695805938836794
2021-12-02,0,-0.12956695433174698,0.0,36.53,0.0,0.011503,200000,339161.1877673588,139161.1877673588,1.695805938836794
2021-12-03,0,0.0012429496245682284,0.0,35.04,0.0,0.011013,200000,339161.1877673588,139161.1877673588,1.695805938836794
2021-12-04,-2,-1.260077675860581,0.0,29.63,0.0,0.010127,200000,339161.1877673588,139161.1877673588,1.695805938836794
2021-12-05,0,-0.5377710352073898,0.0,28.22,0.0,0.009285,200000,339161.1877673588,139161.1877673588,1.695805938836794
2021-12-06,0,-0.41516481595305743,0.0,29.37,0.0,0.00964,200000,339161.1877673588,139161.1877673588,1.695805938836794
2021-12-07,0,-0.08250597253000248,0.0,29.67,0.0,0.009636,200000,339161.1877673588,139161.1877673588,1.695805938836794
2021-12-08,0,0.7533317096122792,0.0,31.14,0.0,0.009886,200000,339161.1877673588,139161.1877673588,1.695805938836794
2021-12-09,0,0.7210583559731327,0.0,27.95,0.0,0.008923,200000,339161.1877673588,139161.1877673588,1.695805938836794
2021-12-10,1,1.1068382227457834,-6337.092447073221,26.76,20106781.347365353,0.008434,200000,339161.1877673588,139161.1877673588,1.695805938836794
2021-12-11,2,1.4090014550979189,0.0,28.03,0.0,0.008715,200000,341559.2896165321,141559.2896165321,1.7077964480826604
2021-12-12,2,1.3109591808481569,0.0,28.13,0.0,0.008736,200000,341559.2896165321,141559.2896165321,1.7077964480826604
2021-12-13,2,1.706057720167388,0.0,25.32,0.0,0.007747,200000,341559.2896165321,141559.2896165321,1.7077964480826604
2021-12-14,2,1.8208438847622226,0.0,26.34,0.0,0.007991,200000,341559.2896165321,141559.2896165321,1.7077964480826604
2021-12-15,2,1.771303466166516,0.0,27.14,0.0,0.008202,200000,341559.2896165321,141559.2896165321,1.7077964480826604
2021-12-16,2,2.110285107877442,0.0,26.43,0.0,0.007813,200000,341559.2896165321,141559.2896165321,1.7077964480826604
2021-12-17,2,2.222954797844126,0.0,25.4,0.0,0.007361,200000,341559.2896165321,141559.2896165321,1.7077964480826604
2021-12-18,2,1.9698553749615801,0.0,25.86,0.0,0.007463,200000,341559.2896165321,141559.2896165321,1.7077964480826604
2021-12-19,2,1.4790535813354992,0.0,25.31,0.0,0.00739,200000,341559.2896165321,141559.2896165321,1.7077964480826604
2021-12-20,0,0.9172546493942947,0.0,25.65,0.0,0.00764,200000,341559.2896165321,141559.2896165321,1.7077964480826604
2021-12-21,0,0.2817201523459658,0.0,26.38,0.0,0.008069,200000,341559.2896165321,141559.2896165321,1.7077964480826604
2021-12-22,0,0.7500928755960038,0.0,27.3,0.0,0.008155,200000,341559.2896165321,141559.2896165321,1.7077964480826604
2021-12-23,2,1.2023059406468737,0.0,29.69,0.0,0.008646,200000,341559.2896165321,141559.2896165321,1.7077964480826604
2021-12-24,0,0.6805599142901975,0.0,28.95,0.0,0.008608,200000,341559.2896165321,141559.2896165321,1.7077964480826604
2021-12-25,0,0.9834330226385128,0.0,29.45,0.0,0.008624,200000,341559.2896165321,141559.2896165321,1.7077964480826604
2021-12-26,0,0.791823827072108,0.0,29.52,0.0,0.008685,200000,341559.2896165321,141559.2896165321,1.7077964480826604
2021-12-27,2,1.2197382849003888,0.0,29.58,0.0,0.008558,200000,341559.2896165321,141559.2896165321,1.7077964480826604
2021-12-28,2,1.6223845166949882,0.0,27.0,0.0,0.007677,200000,341559.2896165321,141559.2896165321,1.7077964480826604
2021-12-29,2,1.5201669634321509,0.0,26.06,0.0,0.007411,200000,341559.2896165321,141559.2896165321,1.7077964480826604
2021-12-30,2,1.702176491650077,0.0,26.14,0.0,0.007365,200000,341559.2896165321,141559.2896165321,1.7077964480826604
2021-12-31,2,1.294079631401688,0.0,25.69,0.0,0.007299,200000,341559.2896165321,141559.2896165321,1.7077964480826604
2022-01-01,2,1.4613730428318434,0.0,26.38,0.0,0.007441,200000,341559.2896165321,141559.2896165321,1.7077964480826604
2022-01-02,2,1.967430957687103,0.0,27.01,0.0,0.007471,200000,341559.2896165321,141559.2896165321,1.7077964480826604
2022-01-03,2,2.031809988752133,0.0,26.63,0.0,0.007291,200000,341559.2896165321,141559.2896165321,1.7077964480826604
2022-01-04,2,1.4527396014797764,0.0,26.03,0.0,0.00721,200000,341559.2896165321,141559.2896165321,1.7077964480826604
2022-01-05,2,1.4766368943049586,0.0,24.44,0.0,0.006729,200000,341559.2896165321,141559.2896165321,1.7077964480826604
2022-01-06,2,1.9508807105494441,0.0,24.75,0.0,0.006652,200000,341559.2896165321,141559.2896165321,1.7077964480826604
2022-01-07,2,1.9771840975654547,0.0,23.65,0.0,0.006275,200000,341559.2896165321,141559.2896165321,1.7077964480826604
2022-01-08,2,2.2761056340725276,0.0,23.07,0.0,0.00594,200000,341559.2896165321,141559.2896165321,1.7077964480826604
2022-01-09,2,2.0406552902051707,0.0,23.66,0.0,0.006056,200000,341559.2896165321,141559.2896165321,1.7077964480826604
2022-01-10,2,1.8965833412104594,0.0,22.68,0.0,0.00578,200000,341559.2896165321,141559.2896165321,1.7077964480826604
2022-01-11,2,1.6197319447847849,0.0,23.82,0.0,0.006092,200000,341559.2896165321,141559.2896165321,1.7077964480826604
2022-01-12,0,0.838261979203563,0.0,24.76,0.0,0.006542,200000,341559.2896165321,141559.2896165321,1.7077964480826604
2022-01-13,1,1.1172013992378322,-7257.9534555149185,23.53,27964572.590186026,0.006107,200000,341559.2896165321,141559.2896165321,1.7077964480826604
2022-01-14,2,1.401898972643,0.0,24.86,0.0,0.006329,200000,345004.2325973456,145004.2325973456,1.725021162986728
2022-01-15,2,1.7803465906965201,0.0,25.32,0.0,0.006283,200000,345004.2325973456,145004.2325973456,1.725021162986728
2022-01-16,1,1.1926864394493784,-6856.204940328807,25.16,27054911.590130616,0.006376,200000,345004.2325973456,145004.2325973456,1.725021162986728
2022-01-17,2,1.373872046098727,0.0,23.95,0.0,0.005983,200000,347340.80487446906,147340.80487446906,1.7367040243723453
2022-01-18,2,2.434913108054585,0.0,25.42,0.0,0.005928,200000,347340.80487446906,147340.80487446906,1.7367040243723453
2022-01-19,2,1.6478544010867116,0.0,23.83,0.0,0.005709,200000,347340.80487446906,147340.80487446906,1.7367040243723453
2022-01-20,2,1.4900283608387457,0.0,22.71,0.0,0.005442,200000,347340.80487446906,147340.80487446906,1.7367040243723453
2022-01-21,2,1.6473699101921775,0.0,19.56,0.0,0.00461,200000,347340.80487446906,147340.80487446906,1.7367040243723453
2022-01-22,0,0.8997017344495419,0.0,17.84,0.0,0.004344,200000,347340.80487446906,147340.80487446906,1.7367040243723453
2022-01-23,0,0.8259252381895977,0.0,18.61,0.0,0.004529,200000,347340.80487446906,147340.80487446906,1.7367040243723453
2022-01-24,0,0.2107900826174164,0.0,18.11,0.0,0.00452,200000,347340.80487446906,147340.80487446906,1.7367040243723453
2022-01-25,2,1.2885706872316058,0.0,18.24,0.0,0.004332,200000,347340.80487446906,147340.80487446906,1.7367040243723453
2022-01-26,0,0.24302194662030605,0.0,18.14,0.0,0.004477,200000,347340.80487446906,147340.80487446906,1.7367040243723453
2022-01-27,0,0.695086128879338,0.0,18.08,0.0,0.004376,200000,347340.80487446906,147340.80487446906,1.7367040243723453
2022-01-28,2,1.4142079906445446,0.0,19.04,0.0,0.004472,200000,347340.80487446906,147340.80487446906,1.7367040243723453
2022-01-29,0,0.9519903409118552,0.0,19.33,0.0,0.004597,200000,347340.80487446906,147340.80487446906,1.7367040243723453
2022-01-30,2,1.9515690127709295,0.0,19.57,0.0,0.004447,200000,347340.80487446906,147340.80487446906,1.7367040243723453
2022-01-31,2,1.4714325204595706,0.0,19.71,0.0,0.004528,200000,347340.80487446906,147340.80487446906,1.7367040243723453
