date,statusList,zscore,NULSUSDT_position,NULSUSDT_price,ZRXUSDT_position,ZRXUSDT_price,init,total_asset,pnl,return
2020-01-01,0,,0.0,0.2308,0.0,0.1825,200000,200000.0,0.0,1.0
2020-01-02,0,,0.0,0.2207,0.0,0.1752,200000,200000.0,0.0,1.0
2020-01-03,0,,0.0,0.2284,0.0,0.1821,200000,200000.0,0.0,1.0
2020-01-04,0,,0.0,0.2337,0.0,0.1864,200000,200000.0,0.0,1.0
2020-01-05,0,,0.0,0.234,0.0,0.1861,200000,200000.0,0.0,1.0
2020-01-06,0,,0.0,0.2456,0.0,0.1958,200000,200000.0,0.0,1.0
2020-01-07,0,,0.0,0.23,0.0,0.1878,200000,200000.0,0.0,1.0
2020-01-08,0,,0.0,0.2251,0.0,0.2133,200000,200000.0,0.0,1.0
2020-01-09,0,,0.0,0.226,0.0,0.2058,200000,200000.0,0.0,1.0
2020-01-10,0,,0.0,0.2279,0.0,0.2026,200000,200000.0,0.0,1.0
2020-01-11,0,,0.0,0.2339,0.0,0.2064,200000,200000.0,0.0,1.0
2020-01-12,0,,0.0,0.2382,0.0,0.2182,200000,200000.0,0.0,1.0
2020-01-13,0,,0.0,0.2348,0.0,0.2102,200000,200000.0,0.0,1.0
2020-01-14,0,,0.0,0.2461,0.0,0.238,200000,200000.0,0.0,1.0
2020-01-15,0,,0.0,0.2584,0.0,0.2459,200000,200000.0,0.0,1.0
2020-01-16,0,,0.0,0.2585,0.0,0.2474,200000,200000.0,0.0,1.0
2020-01-17,0,,0.0,0.2692,0.0,0.2547,200000,200000.0,0.0,1.0
2020-01-18,0,,0.0,0.2754,0.0,0.2455,200000,200000.0,0.0,1.0
2020-01-19,0,,0.0,0.2618,0.0,0.2312,200000,200000.0,0.0,1.0
2020-01-20,0,-0.12577737424683308,0.0,0.2635,0.0,0.2316,200000,200000.0,0.0,1.0
2020-01-21,0,-0.26749547214574476,0.0,0.2704,0.0,0.2415,200000,200000.0,0.0,1.0
2020-01-22,0,0.02545251048377892,0.0,0.2757,0.0,0.2425,200000,200000.0,0.0,1.0
2020-01-23,0,-0.011072736755046605,0.0,0.2575,0.0,0.2283,200000,200000.0,0.0,1.0
2020-01-24,0,0.842352101435082,0.0,0.2683,0.0,0.2275,200000,200000.0,0.0,1.0
2020-01-25,0,0.8620905520866402,0.0,0.2624,0.0,0.2242,200000,200000.0,0.0,1.0
2020-01-26,0,0.9716613552150416,0.0,0.2684,0.0,0.2305,200000,200000.0,0.0,1.0
2020-01-27,2,1.219090637496151,0.0,0.2704,0.0,0.2316,200000,200000.0,0.0,1.0
2020-01-28,2,1.3543428043364636,0.0,0.2733,0.0,0.2316,200000,200000.0,0.0,1.0
2020-01-29,2,1.6586001938162125,0.0,0.2717,0.0,0.2255,200000,200000.0,0.0,1.0
2020-01-30,2,1.3169240844191392,0.0,0.2786,0.0,0.2331,200000,200000.0,0.0,1.0
2020-01-31,2,1.7754153770130439,0.0,0.2815,0.0,0.2284,200000,200000.0,0.0,1.0
2020-02-01,2,1.830250707545379,0.0,0.2908,0.0,0.2321,200000,200000.0,0.0,1.0
2020-02-02,2,1.9665879452300243,0.0,0.3076,0.0,0.2395,200000,200000.0,0.0,1.0
2020-02-03,2,1.8763358990645955,0.0,0.3054,0.0,0.236,200000,200000.0,0.0,1.0
2020-02-04,2,1.8457210950907383,0.0,0.3321,0.0,0.2538,200000,200000.0,0.0,1.0
2020-02-05,2,1.9079090428772776,0.0,0.3427,0.0,0.2579,200000,200000.0,0.0,1.0
2020-02-06,2,1.2327111118989544,0.0,0.3579,0.0,0.2783,200000,200000.0,0.0,1.0
2020-02-07,0,0.5219190462113538,0.0,0.3448,0.0,0.2776,200000,200000.0,0.0,1.0
2020-02-08,0,0.9263062440333174,0.0,0.3482,0.0,0.273,200000,200000.0,0.0,1.0
2020-02-09,0,0.017949416079925232,0.0,0.3609,0.0,0.2959,200000,200000.0,0.0,1.0
2020-02-10,0,-0.047129598916982415,0.0,0.3461,0.0,0.2835,200000,200000.0,0.0,1.0
2020-02-11,0,-0.26733263771326665,0.0,0.3668,0.0,0.3025,200000,200000.0,0.0,1.0
2020-02-12,0,0.8573373192096396,0.0,0.3976,0.0,0.3109,200000,200000.0,0.0,1.0
2020-02-13,0,-0.2907704443508433,0.0,0.391,0.0,0.3198,200000,200000.0,0.0,1.0
2020-02-14,0,-0.1321311682658325,0.0,0.4271,0.0,0.3461,200000,200000.0,0.0,1.0
2020-02-15,-2,-1.813217289163715,0.0,0.3688,0.0,0.3201,200000,200000.0,0.0,1.0
2020-02-16,-2,-1.8490346290476725,0.0,0.3419,0.0,0.2984,200000,200000.0,0.0,1.0
2020-02-17,-2,-2.2124470121538096,0.0,0.3239,0.0,0.2918,200000,200000.0,0.0,1.0
2020-02-18,-2,-1.6605205274489656,0.0,0.3473,0.0,0.3073,200000,200000.0,0.0,1.0
2020-02-19,-2,-1.5125192379881065,0.0,0.3163,0.0,0.2798,200000,200000.0,0.0,1.0
2020-02-20,-2,-1.3387833898163997,0.0,0.3147,0.0,0.278,200000,200000.0,0.0,1.0
2020-02-21,-2,-1.262509302258123,0.0,0.3249,0.0,0.2882,200000,200000.0,0.0,1.0
2020-02-22,-2,-1.2079740415839169,0.0,0.3153,0.0,0.2811,200000,200000.0,0.0,1.0
2020-02-23,0,-0.9118118952194194,0.0,0.327,0.0,0.2878,200000,200000.0,0.0,1.0
2020-02-24,0,-0.6263422195839887,0.0,0.3079,0.0,0.2675,200000,200000.0,0.0,1.0
2020-02-25,-2,-1.4574330059423017,0.0,0.2752,0.0,0.2525,200000,200000.0,0.0,1.0
2020-02-26,-1,-1.1739088110092133,386100.3861003861,0.259,-425350.9145044662,0.2351,200000,200000.0,0.0,1.0
2020-02-27,-2,-1.816861015646252,0.0,0.2555,0.0,0.2441,200000,205179.50958189156,5179.509581891558,1.0258975479094579
2020-02-28,-2,-1.5234544808522585,0.0,0.2516,0.0,0.238,200000,205179.50958189156,5179.509581891558,1.0258975479094579
2020-02-29,-2,-1.50368949247621,0.0,0.2395,0.0,0.2288,200000,205179.50958189156,5179.509581891558,1.0258975479094579
2020-03-01,-2,-1.2636500115686031,0.0,0.2423,0.0,0.23,200000,205179.50958189156,5179.509581891558,1.0258975479094579
2020-03-02,-2,-1.2824397281983413,0.0,0.2614,0.0,0.2505,200000,205179.50958189156,5179.509581891558,1.0258975479094579
2020-03-03,-2,-1.8557109008335924,0.0,0.255,0.0,0.2543,200000,205179.50958189156,5179.509581891558,1.0258975479094579
2020-03-04,-2,-1.7540111524321282,0.0,0.2631,0.0,0.2633,200000,205179.50958189156,5179.509581891558,1.0258975479094579
2020-03-05,-2,-2.080760686101945,0.0,0.268,0.0,0.2758,200000,205179.50958189156,5179.509581891558,1.0258975479094579
2020-03-06,-2,-1.8503925618544461,0.0,0.2748,0.0,0.2838,200000,205179.50958189156,5179.509581891558,1.0258975479094579
2020-03-07,0,-0.9204346564553978,0.0,0.2675,0.0,0.2628,200000,205179.50958189156,5179.509581891558,1.0258975479094579
2020-03-08,0,-0.9928294850036936,0.0,0.2266,0.0,0.2249,200000,205179.50958189156,5179.509581891558,1.0258975479094579
2020-03-09,0,-0.3666826793940754,0.0,0.2307,0.0,0.2216,200000,205179.50958189156,5179.509581891558,1.0258975479094579
2020-03-10,-2,-1.4705125842812374,0.0,0.2303,0.0,0.2382,200000,205179.50958189156,5179.509581891558,1.0258975479094579
2020-03-11,0,-0.9300755243554297,0.0,0.2251,0.0,0.2266,200000,205179.50958189156,5179.509581891558,1.0258975479094579
2020-03-12,-2,-2.945198965026846,0.0,0.1184,0.0,0.1466,200000,205179.50958189156,5179.509581891558,1.0258975479094579
2020-03-13,-2,-2.4227687438712975,0.0,0.1342,0.0,0.1677,200000,205179.50958189156,5179.509581891558,1.0258975479094579
2020-03-14,-2,-2.0308160810957645,0.0,0.1262,0.0,0.1569,200000,205179.50958189156,5179.509581891558,1.0258975479094579
2020-03-15,-2,-1.582257181934842,0.0,0.1317,0.0,0.1584,200000,205179.50958189156,5179.509581891558,1.0258975479094579
2020-03-16,-2,-1.465850358227296,0.0,0.114,0.0,0.1381,200000,205179.50958189156,5179.509581891558,1.0258975479094579
2020-03-17,0,-0.6325681208843777,0.0,0.1283,0.0,0.1426,200000,205179.50958189156,5179.509581891558,1.0258975479094579
2020-03-18,0,-0.5908002146402859,0.0,0.1306,0.0,0.1456,200000,205179.50958189156,5179.509581891558,1.0258975479094579
2020-03-19,0,-0.27767816405930507,0.0,0.1496,0.0,0.1626,200000,205179.50958189156,5179.509581891558,1.0258975479094579
2020-03-20,0,0.6852665010051386,0.0,0.1525,0.0,0.1521,200000,205179.50958189156,5179.509581891558,1.0258975479094579
2020-03-21,0,0.4590526933658683,0.0,0.1517,0.0,0.1552,200000,205179.50958189156,5179.509581891558,1.0258975479094579
2020-03-22,0,0.6621193911116084,0.0,0.1391,0.0,0.1405,200000,205179.50958189156,5179.509581891558,1.0258975479094579
2020-03-23,0,0.5758882700758601,0.0,0.1487,0.0,0.1515,200000,205179.50958189156,5179.509581891558,1.0258975479094579
2020-03-24,0,0.599498038762366,0.0,0.1489,0.0,0.1516,200000,205179.50958189156,5179.509581891558,1.0258975479094579
2020-03-25,0,-0.05832510170330332,0.0,0.1458,0.0,0.1572,200000,205179.50958189156,5179.509581891558,1.0258975479094579
2020-03-26,2,3.1378600956788043,0.0,0.2099,0.0,0.1594,200000,205179.50958189156,5179.509581891558,1.0258975479094579
2020-03-27,2,1.6797569251946567,0.0,0.1749,0.0,0.1496,200000,205179.50958189156,5179.509581891558,1.0258975479094579
2020-03-28,2,1.2954079406680565,0.0,0.1697,0.0,0.1496,200000,205179.50958189156,5179.509581891558,1.0258975479094579
2020-03-29,0,0.7478096049184063,0.0,0.1533,0.0,0.1441,200000,205179.50958189156,5179.509581891558,1.0258975479094579
2020-03-30,2,2.381766034819646,0.0,0.2055,0.0,0.1504,200000,205179.50958189156,5179.509581891558,1.0258975479094579
2020-03-31,2,1.7759204435236002,0.0,0.2009,0.0,0.1529,200000,205179.50958189156,5179.509581891558,1.0258975479094579
2020-04-01,2,1.7844639590043767,0.0,0.207,0.0,0.1518,200000,205179.50958189156,5179.509581891558,1.0258975479094579
2020-04-02,2,1.2417242328024536,0.0,0.1985,0.0,0.1543,200000,205179.50958189156,5179.509581891558,1.0258975479094579
2020-04-03,1,1.039427710534077,-520760.17660378566,0.197,660165.7322454683,0.1554,200000,205179.50958189156,5179.509581891558,1.0258975479094579
2020-04-04,1,0.872852010322598,-520760.17660378566,0.1959,660165.7322454683,0.1563,200000,205200.8225466483,5200.822546648298,1.0260041127332415
2020-04-05,1,0.9167720913741959,-520760.17660378566,0.1961,660165.7322454683,0.1536,200000,203522.52710490627,3522.527104906272,1.0176126355245314
2020-04-06,1,0.40758490436632994,-520760.17660378566,0.2033,660165.7322454683,0.1692,200000,217570.58579948285,17570.585799482855,1.0878529289974144
2020-04-07,1,0.4213470193406872,-520760.17660378566,0.2061,660165.7322454683,0.1695,200000,219226.7640136471,19226.764013647102,1.0961338200682356
2020-04-08,0,0.06102820104281756,0.0,0.2078,0.0,0.1773,200000,196346.0899530367,-3653.910046963312,0.9817304497651834
2020-04-09,0,-0.7231535115673725,0.0,0.202,0.0,0.19,200000,196346.0899530367,-3653.910046963312,0.9817304497651834
2020-04-10,0,-0.35026367803263386,0.0,0.1903,0.0,0.169,200000,196346.0899530367,-3653.910046963312,0.9817304497651834
2020-04-11,0,-0.20757154192204255,0.0,0.1981,0.0,0.1715,200000,196346.0899530367,-3653.910046963312,0.9817304497651834
2020-04-12,0,-0.303444046795286,0.0,0.1941,0.0,0.1682,200000,196346.0899530367,-3653.910046963312,0.9817304497651834
2020-04-13,0,-0.30945597169284017,0.0,0.195,0.0,0.1673,200000,196346.0899530367,-3653.910046963312,0.9817304497651834
2020-04-14,0,-0.5981645885265431,0.0,0.1975,0.0,0.1707,200000,196346.0899530367,-3653.910046963312,0.9817304497651834
2020-04-15,0,-0.739025844210795,0.0,0.1861,0.0,0.1637,200000,196346.0899530367,-3653.910046963312,0.9817304497651834
2020-04-16,0,-0.6593799170235141,0.0,0.1978,0.0,0.1732,200000,196346.0899530367,-3653.910046963312,0.9817304497651834
2020-04-17,0,-0.7356983223015255,0.0,0.1955,0.0,0.1722,200000,196346.0899530367,-3653.910046963312,0.9817304497651834
2020-04-18,0,-0.7215593868323456,0.0,0.2049,0.0,0.1791,200000,196346.0899530367,-3653.910046963312,0.9817304497651834
2020-04-19,0,-0.643045965460155,0.0,0.196,0.0,0.1712,200000,196346.0899530367,-3653.910046963312,0.9817304497651834
2020-04-20,0,-0.821462454864063,0.0,0.1887,0.0,0.1677,200000,196346.0899530367,-3653.910046963312,0.9817304497651834
2020-04-21,-1,-1.0893508886828114,527528.4523187445,0.1861,-583321.7170321945,0.1683,200000,196346.0899530367,-3653.910046963312,0.9817304497651834
2020-04-22,-1,-0.4506244804027141,527528.4523187445,0.195,-583321.7170321945,0.1711,200000,202674.39398636366,2674.3939863636624,1.0133719699318182
2020-04-23,0,-0.0010677846351676906,0.0,0.2031,0.0,0.1753,200000,191461.35828284337,-8538.641717156628,0.9573067914142168
2020-04-24,0,-0.35698296511744315,0.0,0.211,0.0,0.1855,200000,191461.35828284337,-8538.641717156628,0.9573067914142168
2020-04-25,0,-0.08298242227164972,0.0,0.2111,0.0,0.1846,200000,191461.35828284337,-8538.641717156628,0.9573067914142168
2020-04-26,-2,-2.1696534342364724,0.0,0.2118,0.0,0.1986,200000,191461.35828284337,-8538.641717156628,0.9573067914142168
2020-04-27,-2,-3.0880558660551443,0.0,0.2068,0.0,0.2066,200000,191461.35828284337,-8538.641717156628,0.9573067914142168
2020-04-28,-2,-1.7902761937133442,0.0,0.2129,0.0,0.2041,200000,191461.35828284337,-8538.641717156628,0.9573067914142168
2020-04-29,-2,-1.939586541848245,0.0,0.2194,0.0,0.2132,200000,191461.35828284337,-8538.641717156628,0.9573067914142168
2020-04-30,0,-0.2165822776984718,0.0,0.2199,0.0,0.1982,200000,191461.35828284337,-8538.641717156628,0.9573067914142168
2020-05-01,-1,-1.1066117283285113,422092.94154066,0.2268,-448177.33680440864,0.2136,200000,191461.35828284337,-8538.641717156628,0.9573067914142168
2020-05-02,-1,-0.9866397899486106,422092.94154066,0.2276,-448177.33680440864,0.2142,200000,192067.93903815854,-7932.06096184146,0.9603396951907927
2020-05-03,-1,-0.948793890322589,422092.94154066,0.2186,-448177.33680440864,0.2063,200000,184728.50160353776,-15271.498396462237,0.9236425080176888
2020-05-04,-1,-0.882798120557758,422092.94154066,0.2159,-448177.33680440864,0.204,200000,182558.04278672783,-17441.957213272166,0.9127902139336391
2020-05-05,-1,-0.7471758819184715,422092.94154066,0.2191,-448177.33680440864,0.2065,200000,185029.183541669,-14970.816458331014,0.925145917708345
2020-05-06,-1,-1.1290025442106357,422092.94154066,0.218,-448177.33680440864,0.2102,200000,186223.13745215058,-13776.862547849421,0.9311156872607529
2020-05-07,-2,-3.6833944632798525,0.0,0.2185,0.0,0.3014,200000,234314.69986905798,34314.69986905798,1.17157349934529
2020-05-08,-2,-3.2332058820679137,0.0,0.2298,0.0,0.3943,200000,234314.69986905798,34314.69986905798,1.17157349934529
2020-05-09,-2,-2.6828625279173663,0.0,0.2226,0.0,0.4226,200000,234314.69986905798,34314.69986905798,1.17157349934529
2020-05-10,-2,-2.271148443997091,0.0,0.1979,0.0,0.3958,200000,234314.69986905798,34314.69986905798,1.17157349934529
2020-05-11,-2,-1.7417625015803402,0.0,0.1901,0.0,0.3439,200000,234314.69986905798,34314.69986905798,1.17157349934529
2020-05-12,-2,-1.4535183412989567,0.0,0.2048,0.0,0.3556,200000,234314.69986905798,34314.69986905798,1.17157349934529
2020-05-13,-1,-1.1499850487119523,544917.9066722279,0.215,-337143.4530490043,0.3475,200000,234314.69986905798,34314.69986905798,1.17157349934529
2020-05-14,-1,-0.992071944107626,544917.9066722279,0.2166,-337143.4530490043,0.3429,200000,233635.70863570814,33635.70863570814,1.1681785431785408
2020-05-15,-1,-1.164565022302783,544917.9066722279,0.2141,-337143.4530490043,0.3825,200000,245624.29460976814,45624.29460976814,1.2281214730488408
2020-05-16,-1,-1.0170861565531615,544917.9066722279,0.2183,-337143.4530490043,0.3834,200000,248216.3789255356,48216.378925535595,1.241081894627678
2020-05-17,-1,-0.8002231646181931,544917.9066722279,0.2245,-337143.4530490043,0.3729,200000,248054.86368988888,48054.86368988888,1.2402743184494445
2020-05-18,-1,-0.709041967690258,544917.9066722279,0.2245,-337143.4530490043,0.3711,200000,247448.00547440065,47448.00547440065,1.2372400273720032
2020-05-19,-1,-0.5555690500676853,544917.9066722279,0.2242,-337143.4530490043,0.3588,200000,243137.66562989625,43137.66562989625,1.2156883281494812
2020-05-20,-1,-0.497795781000216,544917.9066722279,0.224,-337143.4530490043,0.3608,200000,243702.96895465982,43702.968954659824,1.2185148447732992
2020-05-21,0,-0.15749735707251938,0.0,0.2197,0.0,0.3232,200000,223560.9997986077,23560.999798607692,1.1178049989930385
2020-05-22,0,0.1616774851057907,0.0,0.2426,0.0,0.3337,200000,223560.9997986077,23560.999798607692,1.1178049989930385
2020-05-23,0,0.22697147981343713,0.0,0.2342,0.0,0.3262,200000,223560.9997986077,23560.999798607692,1.1178049989930385
2020-05-24,0,0.5925114463904497,0.0,0.2259,0.0,0.3005,200000,223560.9997986077,23560.999798607692,1.1178049989930385
2020-05-25,0,0.8557149051824595,0.0,0.2395,0.0,0.3197,200000,223560.9997986077,23560.999798607692,1.1178049989930385
2020-05-26,2,1.3580530501877535,0.0,0.2572,0.0,0.3474,200000,223560.9997986077,23560.999798607692,1.1178049989930385
2020-05-27,2,1.8868406114840688,0.0,0.268,0.0,0.3364,200000,223560.9997986077,23560.999798607692,1.1178049989930385
2020-05-28,2,2.0067116835635628,0.0,0.2797,0.0,0.3328,200000,223560.9997986077,23560.999798607692,1.1178049989930385
2020-05-29,2,2.5999396475691676,0.0,0.3226,0.0,0.3327,200000,223560.9997986077,23560.999798607692,1.1178049989930385
2020-05-30,2,2.1378032522842565,0.0,0.3238,0.0,0.3373,200000,223560.9997986077,23560.999798607692,1.1178049989930385
2020-05-31,2,1.9862380915527553,0.0,0.3116,0.0,0.3164,200000,223560.9997986077,23560.999798607692,1.1178049989930385
2020-06-01,2,1.5995038880389831,0.0,0.321,0.0,0.3337,200000,223560.9997986077,23560.999798607692,1.1178049989930385
2020-06-02,2,1.3599243777538752,0.0,0.3099,0.0,0.3257,200000,223560.9997986077,23560.999798607692,1.1178049989930385
2020-06-03,2,1.4121872738663264,0.0,0.3249,0.0,0.3298,200000,223560.9997986077,23560.999798607692,1.1178049989930385
2020-06-04,2,1.451422311383792,0.0,0.3313,0.0,0.3263,200000,223560.9997986077,23560.999798607692,1.1178049989930385
2020-06-05,2,1.2909340695246805,0.0,0.3238,0.0,0.3206,200000,223560.9997986077,23560.999798607692,1.1178049989930385
2020-06-06,2,1.2126644882586182,0.0,0.3298,0.0,0.3246,200000,223560.9997986077,23560.999798607692,1.1178049989930385
2020-06-07,2,1.3072202021921144,0.0,0.3375,0.0,0.322,200000,223560.9997986077,23560.999798607692,1.1178049989930385
2020-06-08,2,1.5191876337886807,0.0,0.3516,0.0,0.3193,200000,223560.9997986077,23560.999798607692,1.1178049989930385
2020-06-09,0,0.7109792254479973,0.0,0.3471,0.0,0.349,200000,223560.9997986077,23560.999798607692,1.1178049989930385
2020-06-10,0,-0.1830531803776658,0.0,0.3443,0.0,0.3877,200000,223560.9997986077,23560.999798607692,1.1178049989930385
2020-06-11,0,0.7089562327371081,0.0,0.3362,0.0,0.3339,200000,223560.9997986077,23560.999798607692,1.1178049989930385
2020-06-12,0,0.39533011259380707,0.0,0.3484,0.0,0.3557,200000,223560.9997986077,23560.999798607692,1.1178049989930385
2020-06-13,0,0.25447093291625295,0.0,0.353,0.0,0.3627,200000,223560.9997986077,23560.999798607692,1.1178049989930385
2020-06-14,0,0.3567909950924415,0.0,0.3534,0.0,0.3566,200000,223560.9997986077,23560.999798607692,1.1178049989930385
2020-06-15,0,0.8764706404391035,0.0,0.3564,0.0,0.3441,200000,223560.9997986077,23560.999798607692,1.1178049989930385
2020-06-16,2,1.4638663894638115,0.0,0.3695,0.0,0.344,200000,223560.9997986077,23560.999798607692,1.1178049989930385
2020-06-17,2,2.888144625567347,0.0,0.4071,0.0,0.3426,200000,223560.9997986077,23560.999798607692,1.1178049989930385
2020-06-18,2,2.263467949491922,0.0,0.392,0.0,0.3311,200000,223560.9997986077,23560.999798607692,1.1178049989930385
2020-06-19,2,2.3353052622956376,0.0,0.4077,0.0,0.3306,200000,223560.9997986077,23560.999798607692,1.1178049989930385
2020-06-20,2,1.3429249906266354,0.0,0.4064,0.0,0.3499,200000,223560.9997986077,23560.999798607692,1.1178049989930385
2020-06-21,2,1.466435420344469,0.0,0.4125,0.0,0.3467,200000,223560.9997986077,23560.999798607692,1.1178049989930385
2020-06-22,2,2.208319215489693,0.0,0.4625,0.0,0.3543,200000,223560.9997986077,23560.999798607692,1.1178049989930385
2020-06-23,2,2.699102103437647,0.0,0.5335,0.0,0.3653,200000,223560.9997986077,23560.999798607692,1.1178049989930385
2020-06-24,2,2.207066462780384,0.0,0.5046,0.0,0.3447,200000,223560.9997986077,23560.999798607692,1.1178049989930385
2020-06-25,2,2.0257878218763943,0.0,0.5027,0.0,0.3353,200000,223560.9997986077,23560.999798607692,1.1178049989930385
2020-06-26,2,1.2881712685018119,0.0,0.492,0.0,0.3526,200000,223560.9997986077,23560.999798607692,1.1178049989930385
2020-06-27,1,1.1522678362227625,-241218.16983017663,0.4634,336181.95458437246,0.3325,200000,223560.9997986077,23560.999798607692,1.1178049989930385
2020-06-28,2,1.8625012080854462,0.0,0.5267,0.0,0.3312,200000,239267.14648981756,39267.14648981756,1.1963357324490878
2020-06-29,2,1.2116370785907669,0.0,0.5127,0.0,0.3459,200000,239267.14648981756,39267.14648981756,1.1963357324490878
2020-06-30,2,1.4129462839363898,0.0,0.5207,0.0,0.3352,200000,239267.14648981756,39267.14648981756,1.1963357324490878
2020-07-01,2,1.6187354774186213,0.0,0.5513,0.0,0.336,200000,239267.14648981756,39267.14648981756,1.1963357324490878
2020-07-02,0,0.9891317052780538,0.0,0.5251,0.0,0.3444,200000,239267.14648981756,39267.14648981756,1.1963357324490878
2020-07-03,0,0.7759988795269016,0.0,0.5697,0.0,0.3808,200000,239267.14648981756,39267.14648981756,1.1963357324490878
2020-07-04,0,0.4789324357333479,0.0,0.5628,0.0,0.3875,200000,239267.14648981756,39267.14648981756,1.1963357324490878
2020-07-05,0,0.6810491300007095,0.0,0.6252,0.0,0.4164,200000,239267.14648981756,39267.14648981756,1.1963357324490878
2020-07-06,2,1.5700283063615206,0.0,0.6666,0.0,0.3999,200000,239267.14648981756,39267.14648981756,1.1963357324490878
2020-07-07,0,0.4713527671149802,0.0,0.6149,0.0,0.4085,200000,239267.14648981756,39267.14648981756,1.1963357324490878
2020-07-08,-1,-1.066998033367619,207337.21532913134,0.577,-267337.59384337155,0.4475,200000,239267.14648981753,39267.14648981753,1.1963357324490878
2020-07-09,-1,-0.886689823850236,207337.21532913134,0.5633,-267337.59384337155,0.4253,200000,230491.7320564856,30491.732056485605,1.152458660282428
2020-07-10,-2,-1.2706201398477925,0.0,0.5325,0.0,0.4115,200000,238869.4991936025,38869.4991936025,1.1943474959680125
2020-07-11,-2,-1.5331046713172207,0.0,0.558,0.0,0.4362,200000,238869.4991936025,38869.4991936025,1.1943474959680125
2020-07-12,-2,-1.9381446064496717,0.0,0.5177,0.0,0.427,200000,238869.4991936025,38869.4991936025,1.1943474959680125
2020-07-13,-2,-1.954342091030116,0.0,0.4674,0.0,0.4011,200000,238869.4991936025,38869.4991936025,1.1943474959680125
2020-07-14,-2,-1.3331727721494937,0.0,0.4858,0.0,0.3949,200000,238869.4991936025,38869.4991936025,1.1943474959680125
2020-07-15,-2,-1.4090968053388349,0.0,0.4648,0.0,0.3896,200000,238869.4991936025,38869.4991936025,1.1943474959680125
2020-07-16,-2,-1.770619439726754,0.0,0.439,0.0,0.4008,200000,238869.4991936025,38869.4991936025,1.1943474959680125
2020-07-17,-2,-1.432514660477251,0.0,0.4463,0.0,0.3971,200000,238869.4991936025,38869.4991936025,1.1943474959680125
2020-07-18,-2,-1.2492679434813587,0.0,0.4734,0.0,0.418,200000,238869.4991936025,38869.4991936025,1.1943474959680125
2020-07-19,-2,-1.253528203058212,0.0,0.4642,0.0,0.4199,200000,238869.4991936025,38869.4991936025,1.1943474959680125
2020-07-20,0,-0.7701674478766393,0.0,0.4661,0.0,0.395,200000,238869.4991936025,38869.4991936025,1.1943474959680125
2020-07-21,0,-0.9752845487772174,0.0,0.4519,0.0,0.4005,200000,238869.4991936025,38869.4991936025,1.1943474959680125
2020-07-22,0,-0.6538142339717199,0.0,0.4673,0.0,0.3994,200000,238869.4991936025,38869.4991936025,1.1943474959680125
2020-07-23,0,-0.05065211393241712,0.0,0.4928,0.0,0.3919,200000,238869.4991936025,38869.4991936025,1.1943474959680125
2020-07-24,0,-0.06134850431590628,0.0,0.4814,0.0,0.3864,200000,238869.4991936025,38869.4991936025,1.1943474959680125
2020-07-25,0,-0.165429302269082,0.0,0.4804,0.0,0.3944,200000,238869.4991936025,38869.4991936025,1.1943474959680125
2020-07-26,0,-0.2524938814880937,0.0,0.4594,0.0,0.385,200000,238869.4991936025,38869.4991936025,1.1943474959680125
2020-07-27,0,-0.7427105945140585,0.0,0.4215,0.0,0.3667,200000,238869.4991936025,38869.4991936025,1.1943474959680125
2020-07-28,0,-0.3638761052480218,0.0,0.4471,0.0,0.3821,200000,238869.4991936025,38869.4991936025,1.1943474959680125
2020-07-29,0,-0.6559631560265552,0.0,0.4401,0.0,0.3836,200000,238869.4991936025,38869.4991936025,1.1943474959680125
2020-07-30,0,-0.873488775282533,0.0,0.4388,0.0,0.3879,200000,238869.4991936025,38869.4991936025,1.1943474959680125
2020-07-31,0,-0.46731084949974255,0.0,0.4373,0.0,0.3808,200000,238869.4991936025,38869.4991936025,1.1943474959680125
2020-08-01,0,-0.0488202461266593,0.0,0.4652,0.0,0.3992,200000,238869.4991936025,38869.4991936025,1.1943474959680125
2020-08-02,0,0.22706558510643327,0.0,0.4472,0.0,0.3795,200000,238869.4991936025,38869.4991936025,1.1943474959680125
2020-08-03,1,1.1508704763803095,-257070.05939905564,0.4646,313230.3949562058,0.3813,200000,238869.49919360253,38869.49919360253,1.1943474959680127
2020-08-04,0,-0.08742131950977228,0.0,0.4621,0.0,0.3976,200000,233121.16860731872,33121.168607318716,1.1656058430365936
2020-08-05,0,0.3429198220629402,0.0,0.4707,0.0,0.3974,200000,233121.16860731872,33121.168607318716,1.1656058430365936
2020-08-06,0,0.1965611853502071,0.0,0.4879,0.0,0.4131,200000,233121.16860731872,33121.168607318716,1.1656058430365936
2020-08-07,2,1.844441391349565,0.0,0.4939,0.0,0.3928,200000,233121.16860731872,33121.168607318716,1.1656058430365936
2020-08-08,2,1.7808059111726633,0.0,0.5315,0.0,0.4209,200000,233121.16860731872,33121.168607318716,1.1656058430365936
2020-08-09,0,0.06549814952160198,0.0,0.5218,0.0,0.4382,200000,233121.16860731872,33121.168607318716,1.1656058430365936
2020-08-10,0,-0.4016773333632252,0.0,0.5641,0.0,0.4804,200000,233121.16860731872,33121.168607318716,1.1656058430365936
2020-08-11,0,0.030156715519110096,0.0,0.5281,0.0,0.4428,200000,233121.16860731872,33121.168607318716,1.1656058430365936
2020-08-12,-1,-1.0561548192740782,220299.7246336408,0.5291,-252459.57180779587,0.4617,200000,233121.16860731872,33121.168607318716,1.1656058430365936
2020-08-13,-1,-1.1592809214427764,220299.7246336408,0.512,-252459.57180779587,0.4498,200000,226349.7744115707,26349.77441157069,1.1317488720578535
2020-08-14,-2,-3.517892813670098,0.0,0.5096,0.0,0.5391,200000,256957.3840955981,56957.3840955981,1.2847869204779905
2020-08-15,-2,-2.2021098868288944,0.0,0.4947,0.0,0.4969,200000,256957.3840955981,56957.3840955981,1.2847869204779905
2020-08-16,-2,-2.9809497805787704,0.0,0.5085,0.0,0.6092,200000,256957.3840955981,56957.3840955981,1.2847869204779905
2020-08-17,-2,-1.9314691040861125,0.0,0.5088,0.0,0.5619,200000,256957.3840955981,56957.3840955981,1.2847869204779905
2020-08-18,-2,-1.4361043522003414,0.0,0.532,0.0,0.5647,200000,256957.3840955981,56957.3840955981,1.2847869204779905
2020-08-19,-2,-1.3398233749490172,0.0,0.4801,0.0,0.5133,200000,256957.3840955981,56957.3840955981,1.2847869204779905
2020-08-20,-2,-1.8903765212518853,0.0,0.5013,0.0,0.6111,200000,256957.3840955981,56957.3840955981,1.2847869204779905
2020-08-21,-2,-2.3024644614562066,0.0,0.4698,0.0,0.694,200000,256957.3840955981,56957.3840955981,1.2847869204779905
2020-08-22,-2,-1.986182611517098,0.0,0.4844,0.0,0.7281,200000,256957.3840955981,56957.3840955981,1.2847869204779905
2020-08-23,-2,-1.730247731455584,0.0,0.4794,0.0,0.7223,200000,256957.3840955981,56957.3840955981,1.2847869204779905
2020-08-24,-2,-1.5127066279473917,0.0,0.4868,0.0,0.7305,200000,256957.3840955981,56957.3840955981,1.2847869204779905
2020-08-25,-2,-1.261673601494044,0.0,0.4468,0.0,0.6484,200000,256957.3840955981,56957.3840955981,1.2847869204779905
2020-08-26,-1,-1.1716497209758217,286335.3956937799,0.4487,-194930.49923805046,0.6591,200000,256957.38409559813,56957.38409559813,1.2847869204779907
2020-08-27,-1,-0.9265936639554676,286335.3956937799,0.433,-194930.49923805046,0.6055,200000,242013.64362404626,42013.643624046264,1.2100682181202314
2020-08-28,-1,-0.8813824813840679,286335.3956937799,0.4521,-194930.49923805046,0.6387,200000,253954.34225650073,53954.342256500735,1.2697717112825035
2020-08-29,-1,-0.46350428088395207,286335.3956937799,0.5003,-194930.49923805046,0.6443,200000,268847.31912467396,68847.31912467396,1.3442365956233697
2020-08-30,-1,-0.5976184683001066,286335.3956937799,0.4692,-194930.49923805046,0.6364,200000,258402.33737461682,58402.33737461682,1.2920116868730842
2020-08-31,-1,-0.4172868301325044,286335.3956937799,0.4623,-194930.49923805046,0.6121,200000,251689.81201284513,51689.81201284513,1.2584490600642257
2020-09-01,-1,-0.32269976463905947,286335.3956937799,0.4549,-194930.49923805046,0.601,200000,247407.2015431688,47407.201543168805,1.237036007715844
2020-09-02,0,-0.02598179993226794,0.0,0.4352,0.0,0.5582,200000,241154.42456434487,41154.42456434487,1.2057721228217244
2020-09-03,0,-0.4289922444372658,0.0,0.3233,0.0,0.4443,200000,241154.42456434487,41154.42456434487,1.2057721228217244
2020-09-04,0,-0.9889456554106952,0.0,0.3423,0.0,0.5141,200000,241154.42456434487,41154.42456434487,1.2057721228217244
2020-09-05,0,-0.6749071476390113,0.0,0.2955,0.0,0.4299,200000,241154.42456434487,41154.42456434487,1.2057721228217244
2020-09-06,0,-0.7705838027370041,0.0,0.3096,0.0,0.4605,200000,241154.42456434487,41154.42456434487,1.2057721228217244
2020-09-07,0,-0.8646770233018588,0.0,0.3048,0.0,0.4598,200000,241154.42456434487,41154.42456434487,1.2057721228217244
2020-09-08,0,-0.5010085442923884,0.0,0.2971,0.0,0.433,200000,241154.42456434487,41154.42456434487,1.2057721228217244
2020-09-09,0,-0.476081295263295,0.0,0.3145,0.0,0.4597,200000,241154.42456434487,41154.42456434487,1.2057721228217244
2020-09-10,0,-0.2736446400673359,0.0,0.3262,0.0,0.4707,200000,241154.42456434487,41154.42456434487,1.2057721228217244
2020-09-11,-2,-1.4639298705721038,0.0,0.3396,0.0,0.5277,200000,241154.42456434487,41154.42456434487,1.2057721228217244
2020-09-12,-2,-1.4112005749355068,0.0,0.3318,0.0,0.5162,200000,241154.42456434487,41154.42456434487,1.2057721228217244
2020-09-13,-2,-1.8745183590788486,0.0,0.301,0.0,0.4905,200000,241154.42456434487,41154.42456434487,1.2057721228217244
2020-09-14,-2,-1.3335672123388793,0.0,0.299,0.0,0.4729,200000,241154.42456434487,41154.42456434487,1.2057721228217244
2020-09-15,-2,-1.5898221348213475,0.0,0.274,0.0,0.4486,200000,241154.42456434487,41154.42456434487,1.2057721228217244
2020-09-16,0,-0.7804440845907488,0.0,0.2778,0.0,0.4283,200000,241154.42456434487,41154.42456434487,1.2057721228217244
2020-09-17,-2,-1.4223633199686687,0.0,0.267,0.0,0.4407,200000,241154.42456434487,41154.42456434487,1.2057721228217244
2020-09-18,0,-0.670186297717968,0.0,0.268,0.0,0.4167,200000,241154.42456434487,41154.42456434487,1.2057721228217244
2020-09-19,0,-0.94231791238117,0.0,0.2678,0.0,0.429,200000,241154.42456434487,41154.42456434487,1.2057721228217244
2020-09-20,0,-0.02726965033024815,0.0,0.2633,0.0,0.3953,200000,241154.42456434487,41154.42456434487,1.2057721228217244
2020-09-21,0,-0.06553788936989804,0.0,0.2424,0.0,0.3674,200000,241154.42456434487,41154.42456434487,1.2057721228217244
2020-09-22,0,-0.005212862265379237,0.0,0.2496,0.0,0.3804,200000,241154.42456434487,41154.42456434487,1.2057721228217244
2020-09-23,2,2.1253925343367848,0.0,0.2452,0.0,0.3407,200000,241154.42456434487,41154.42456434487,1.2057721228217244
2020-09-24,0,0.8782006607553241,0.0,0.2615,0.0,0.3825,200000,241154.42456434487,41154.42456434487,1.2057721228217244
2020-09-25,0,-0.8270952671660653,0.0,0.2553,0.0,0.406,200000,241154.42456434487,41154.42456434487,1.2057721228217244
2020-09-26,0,0.3349873313889088,0.0,0.2597,0.0,0.3914,200000,241154.42456434487,41154.42456434487,1.2057721228217244
2020-09-27,0,0.334817235852027,0.0,0.2623,0.0,0.3953,200000,241154.42456434487,41154.42456434487,1.2057721228217244
2020-09-28,2,1.9457115883958216,0.0,0.297,0.0,0.4132,200000,241154.42456434487,41154.42456434487,1.2057721228217244
2020-09-29,2,1.2094239861276088,0.0,0.284,0.0,0.408,200000,241154.42456434487,41154.42456434487,1.2057721228217244
2020-09-30,0,0.7353609814866336,0.0,0.2778,0.0,0.4091,200000,241154.42456434487,41154.42456434487,1.2057721228217244
2020-10-01,0,0.9931474728722983,0.0,0.2755,0.0,0.3989,200000,241154.42456434487,41154.42456434487,1.2057721228217244
2020-10-02,0,0.7643535276984935,0.0,0.2671,0.0,0.3897,200000,241154.42456434487,41154.42456434487,1.2057721228217244
2020-10-03,2,2.0238511950654337,0.0,0.2783,0.0,0.3762,200000,241154.42456434487,41154.42456434487,1.2057721228217244
2020-10-04,2,1.8382260620301645,0.0,0.2801,0.0,0.3764,200000,241154.42456434487,41154.42456434487,1.2057721228217244
2020-10-05,1,1.1296709092384218,-444606.23997851193,0.2712,320173.1606005641,0.3766,200000,241154.42456434487,41154.42456434487,1.2057721228217244
2020-10-06,1,0.7782717519131651,-444606.23997851193,0.2497,320173.1606005641,0.3518,200000,223655.09602191288,23655.096021912876,1.1182754801095645
2020-10-07,1,1.1623702047327935,-444606.23997851193,0.2595,320173.1606005641,0.3568,200000,229613.10297670512,29613.102976705122,1.1480655148835257
2020-10-08,1,0.5299913204659085,-444606.23997851193,0.2599,320173.1606005641,0.3674,200000,233184.78097506252,33184.78097506252,1.1659239048753125
2020-10-09,0,0.16289961322867208,0.0,0.2719,0.0,0.3896,200000,237303.39784452246,37303.397844522464,1.1865169892226124
2020-10-10,0,0.2775589657684882,0.0,0.2778,0.0,0.3951,200000,237303.39784452246,37303.397844522464,1.1865169892226124
2020-10-11,0,0.08275181794284583,0.0,0.273,0.0,0.3905,200000,237303.39784452246,37303.397844522464,1.1865169892226124
2020-10-12,0,-0.31593143993950096,0.0,0.2727,0.0,0.3954,200000,237303.39784452246,37303.397844522464,1.1865169892226124
2020-10-13,-2,-1.8932818859787048,0.0,0.2664,0.0,0.4182,200000,237303.39784452246,37303.397844522464,1.1865169892226124
2020-10-14,0,-0.5879016730499731,0.0,0.2614,0.0,0.3867,200000,237303.39784452246,37303.397844522464,1.1865169892226124
2020-10-15,0,-0.7519191031521851,0.0,0.2687,0.0,0.3974,200000,237303.39784452246,37303.397844522464,1.1865169892226124
2020-10-16,-2,-1.9252404864868664,0.0,0.2494,0.0,0.3898,200000,237303.39784452246,37303.397844522464,1.1865169892226124
2020-10-17,-2,-1.5894023076986652,0.0,0.2484,0.0,0.3841,200000,237303.39784452246,37303.397844522464,1.1865169892226124
2020-10-18,-2,-1.2093939042972688,0.0,0.2542,0.0,0.3887,200000,237303.39784452246,37303.397844522464,1.1865169892226124
2020-10-19,-2,-1.3490438585740963,0.0,0.2512,0.0,0.3895,200000,237303.39784452246,37303.397844522464,1.1865169892226124
2020-10-20,-2,-1.3025785152772735,0.0,0.2339,0.0,0.364,200000,237303.39784452246,37303.397844522464,1.1865169892226124
2020-10-21,0,-0.9864715443845292,0.0,0.244,0.0,0.3752,200000,237303.39784452246,37303.397844522464,1.1865169892226124
2020-10-22,-1,-1.0314333718977802,482323.9793587855,0.246,-311421.7819481922,0.381,200000,237303.39784452246,37303.397844522464,1.1865169892226124
2020-10-23,-1,-1.1398304433096422,482323.9793587855,0.2398,-311421.7819481922,0.3757,200000,232662.45372817258,32662.45372817258,1.1633122686408628
2020-10-24,-1,-0.8019171571120948,482323.9793587855,0.2454,-311421.7819481922,0.3789,200000,236360.017714816,36360.017714816,1.18180008857408
2020-10-25,-1,-0.9972612207428454,482323.9793587855,0.2355,-311421.7819481922,0.3687,200000,228408.50814329245,28408.50814329245,1.1420425407164623
2020-10-26,-1,-0.4156615913497273,482323.9793587855,0.2336,-311421.7819481922,0.3572,200000,223910.74209010656,23910.742090106563,1.1195537104505329
2020-10-27,-1,-0.6598237714058213,482323.9793587855,0.2329,-311421.7819481922,0.3609,200000,224725.3758977637,24725.375897763704,1.1236268794888185
2020-10-28,-1,-1.1105304148887305,482323.9793587855,0.2128,-311421.7819481922,0.3366,200000,207463.11461131106,7463.114611311059,1.0373155730565553
2020-10-29,-2,-2.202141069840249,0.0,0.2016,0.0,0.3369,200000,244984.88194413725,44984.88194413725,1.2249244097206862
2020-10-30,-2,-2.0142039119387047,0.0,0.1949,0.0,0.326,200000,244984.88194413725,44984.88194413725,1.2249244097206862
2020-10-31,-2,-1.4316617440622554,0.0,0.1965,0.0,0.3219,200000,244984.88194413725,44984.88194413725,1.2249244097206862
2020-11-01,0,-0.7146855697108253,0.0,0.2114,0.0,0.338,200000,244984.88194413725,44984.88194413725,1.2249244097206862
2020-11-02,0,-0.2741850959120727,0.0,0.2085,0.0,0.3287,200000,244984.88194413725,44984.88194413725,1.2249244097206862
2020-11-03,-1,-1.122803082085395,611544.8875290495,0.2003,-376205.2855407513,0.3256,200000,244984.88194413725,44984.88194413725,1.2249244097206862
2020-11-04,-2,-1.4255068230781078,0.0,0.1929,0.0,0.3174,200000,246425.43077041808,46425.43077041808,1.2321271538520904
2020-11-05,-2,-2.0965511856136394,0.0,0.2041,0.0,0.3474,200000,246425.43077041808,46425.43077041808,1.2321271538520904
2020-11-06,-2,-2.184842954223378,0.0,0.2169,0.0,0.3769,200000,246425.43077041808,46425.43077041808,1.2321271538520904
2020-11-07,-2,-1.9699579227067872,0.0,0.1997,0.0,0.3489,200000,246425.43077041808,46425.43077041808,1.2321271538520904
2020-11-08,-2,-1.5841024614048564,0.0,0.2115,0.0,0.3668,200000,246425.43077041808,46425.43077041808,1.2321271538520904
2020-11-09,-1,-1.1554065615067266,594655.9622838275,0.2072,-347763.80295006785,0.3543,200000,246425.43077041808,46425.43077041808,1.2321271538520904
2020-11-10,-1,-0.8999862496982117,594655.9622838275,0.2286,-347763.80295006785,0.3879,200000,270835.93214241427,70835.93214241427,1.3541796607120713
2020-11-11,0,3.584566053686741,0.0,0.2908,0.0,0.3651,200000,200468.04139535083,468.04139535082504,1.0023402069767542
2020-11-12,0,0.9698345598961692,0.0,0.2421,0.0,0.3605,200000,200468.04139535083,468.04139535082504,1.0023402069767542
2020-11-13,0,0.28374607510396643,0.0,0.246,0.0,0.3864,200000,200468.04139535083,468.04139535082504,1.0023402069767542
2020-11-14,0,0.26217310870033084,0.0,0.2377,0.0,0.3741,200000,200468.04139535083,468.04139535082504,1.0023402069767542
2020-11-15,0,0.9314767438782066,0.0,0.2407,0.0,0.3592,200000,200468.04139535083,468.04139535082504,1.0023402069767542
2020-11-16,0,0.7918083262112849,0.0,0.247,0.0,0.3717,200000,200468.04139535083,468.04139535082504,1.0023402069767542
2020-11-17,0,0.20971251857261133,0.0,0.243,0.0,0.3827,200000,200468.04139535083,468.04139535082504,1.0023402069767542
2020-11-18,0,0.31966465146590584,0.0,0.2344,0.0,0.3647,200000,200468.04139535083,468.04139535082504,1.0023402069767542
2020-11-19,0,-0.301588214374288,0.0,0.2233,0.0,0.3649,200000,200468.04139535083,468.04139535082504,1.0023402069767542
2020-11-20,0,-0.19214260675859338,0.0,0.2317,0.0,0.375,200000,200468.04139535083,468.04139535082504,1.0023402069767542
2020-11-21,0,-0.5457782820785071,0.0,0.2498,0.0,0.4174,200000,200468.04139535083,468.04139535082504,1.0023402069767542
2020-11-22,0,0.2153755770586195,0.0,0.2532,0.0,0.3973,200000,200468.04139535083,468.04139535082504,1.0023402069767542
2020-11-23,0,-0.13496338157388826,0.0,0.2715,0.0,0.4381,200000,200468.04139535083,468.04139535082504,1.0023402069767542
2020-11-24,0,-0.3721669779283098,0.0,0.2822,0.0,0.4644,200000,200468.04139535083,468.04139535082504,1.0023402069767542
2020-11-25,0,0.27696656151364635,0.0,0.2845,0.0,0.4423,200000,200468.04139535083,468.04139535082504,1.0023402069767542
2020-11-26,0,-0.48099167602494786,0.0,0.2475,0.0,0.4074,200000,200468.04139535083,468.04139535082504,1.0023402069767542
2020-11-27,0,0.15732757399615038,0.0,0.2589,0.0,0.4034,200000,200468.04139535083,468.04139535082504,1.0023402069767542
2020-11-28,0,-0.27815789645611344,0.0,0.2596,0.0,0.4158,200000,200468.04139535083,468.04139535082504,1.0023402069767542
2020-11-29,0,-0.7907415117852664,0.0,0.2503,0.0,0.4151,200000,200468.04139535083,468.04139535082504,1.0023402069767542
2020-11-30,0,-0.5791065789629982,0.0,0.2636,0.0,0.4292,200000,200468.04139535083,468.04139535082504,1.0023402069767542
2020-12-01,0,0.056220420172498696,0.0,0.2524,0.0,0.3994,200000,200468.04139535083,468.04139535082504,1.0023402069767542
2020-12-02,-2,-1.2439026145915135,0.0,0.2572,0.0,0.427,200000,200468.04139535083,468.04139535082504,1.0023402069767542
2020-12-03,-1,-1.1898240310645438,387452.7278611342,0.2587,-232777.5678069564,0.4306,200000,200468.04139535083,468.04139535082504,1.0023402069767542
2020-12-04,0,-0.12739982529358504,0.0,0.2444,0.0,0.3928,200000,197209.6233406621,-2790.376659337897,0.9860481167033105
2020-12-05,2,1.267309903367,0.0,0.2641,0.0,0.4081,200000,197209.6233406621,-2790.376659337897,0.9860481167033105
2020-12-06,2,1.3582819531764005,0.0,0.2581,0.0,0.3999,200000,197209.6233406621,-2790.376659337897,0.9860481167033105
2020-12-07,0,0.6546588066510979,0.0,0.2564,0.0,0.4047,200000,197209.6233406621,-2790.376659337897,0.9860481167033105
2020-12-08,2,3.2147521705846382,0.0,0.2674,0.0,0.3797,200000,197209.6233406621,-2790.376659337897,0.9860481167033105
2020-12-09,2,3.243364082340609,0.0,0.2875,0.0,0.3811,200000,197209.6233406621,-2790.376659337897,0.9860481167033105
2020-12-10,2,1.8112641893886354,0.0,0.2634,0.0,0.3698,200000,197209.6233406621,-2790.376659337897,0.9860481167033105
2020-12-11,2,1.309064204606061,0.0,0.2483,0.0,0.3558,200000,197209.6233406621,-2790.376659337897,0.9860481167033105
2020-12-12,0,0.48156400185194426,0.0,0.2605,0.0,0.3921,200000,197209.6233406621,-2790.376659337897,0.9860481167033105
2020-12-13,0,0.20174956914363906,0.0,0.2591,0.0,0.3961,200000,197209.6233406621,-2790.376659337897,0.9860481167033105
2020-12-14,2,1.6662296387296622,0.0,0.2809,0.0,0.3868,200000,197209.6233406621,-2790.376659337897,0.9860481167033105
2020-12-15,0,0.6872200862778781,0.0,0.2681,0.0,0.3915,200000,197209.6233406621,-2790.376659337897,0.9860481167033105
2020-12-16,2,1.2213902154761083,0.0,0.2963,0.0,0.4143,200000,197209.6233406621,-2790.376659337897,0.9860481167033105
2020-12-17,0,0.2887413792248695,0.0,0.2744,0.0,0.4072,200000,197209.6233406621,-2790.376659337897,0.9860481167033105
2020-12-18,0,0.18403826741461032,0.0,0.2771,0.0,0.4128,200000,197209.6233406621,-2790.376659337897,0.9860481167033105
2020-12-19,0,0.3766920748398602,0.0,0.2894,0.0,0.4236,200000,197209.6233406621,-2790.376659337897,0.9860481167033105
2020-12-20,2,1.5820324199169027,0.0,0.294,0.0,0.3953,200000,197209.6233406621,-2790.376659337897,0.9860481167033105
2020-12-21,0,0.9646765526763457,0.0,0.2724,0.0,0.3779,200000,197209.6233406621,-2790.376659337897,0.9860481167033105
2020-12-22,0,0.5437153037731612,0.0,0.2646,0.0,0.3751,200000,197209.6233406621,-2790.376659337897,0.9860481167033105
2020-12-23,0,-0.10978478959527059,0.0,0.2262,0.0,0.3311,200000,197209.6233406621,-2790.376659337897,0.9860481167033105
2020-12-24,0,-0.3035417994384097,0.0,0.2476,0.0,0.3641,200000,197209.6233406621,-2790.376659337897,0.9860481167033105
2020-12-25,0,-0.5841734854233939,0.0,0.2414,0.0,0.3588,200000,197209.6233406621,-2790.376659337897,0.9860481167033105
2020-12-26,-2,-1.2485658096783203,0.0,0.231,0.0,0.3539,200000,197209.6233406621,-2790.376659337897,0.9860481167033105
2020-12-27,-2,-2.2947892609353278,0.0,0.2296,0.0,0.3738,200000,197209.6233406621,-2790.376659337897,0.9860481167033105
2020-12-28,-2,-2.0942817100505753,0.0,0.2285,0.0,0.3771,200000,197209.6233406621,-2790.376659337897,0.9860481167033105
2020-12-29,-2,-2.131894268267551,0.0,0.2164,0.0,0.3652,200000,197209.6233406621,-2790.376659337897,0.9860481167033105
2020-12-30,-2,-2.271519923897426,0.0,0.2032,0.0,0.3595,200000,197209.6233406621,-2790.376659337897,0.9860481167033105
2020-12-31,-2,-1.4368578758224053,0.0,0.2112,0.0,0.3548,200000,197209.6233406621,-2790.376659337897,0.9860481167033105
2021-01-01,-2,-1.7390356739964696,0.0,0.2125,0.0,0.3744,200000,197209.6233406621,-2790.376659337897,0.9860481167033105
2021-01-02,-2,-1.4949186671563006,0.0,0.2058,0.0,0.3604,200000,197209.6233406621,-2790.376659337897,0.9860481167033105
2021-01-03,-2,-1.4952910545096896,0.0,0.22,0.0,0.3923,200000,197209.6233406621,-2790.376659337897,0.9860481167033105
2021-01-04,-2,-1.5116271483872057,0.0,0.2163,0.0,0.3948,200000,197209.6233406621,-2790.376659337897,0.9860481167033105
2021-01-05,-2,-1.6941232106061692,0.0,0.2322,0.0,0.4447,200000,197209.6233406621,-2790.376659337897,0.9860481167033105
2021-01-06,-1,-1.1055557464200163,386533.95401932986,0.2551,-213522.7623870313,0.4618,200000,197209.6233406621,-2790.376659337897,0.9860481167033105
2021-01-07,-1,-0.7477212107821166,386533.95401932986,0.2504,-213522.7623870313,0.4386,200000,190439.1856693921,-9560.814330607885,0.9521959283469605
2021-01-08,-1,-0.7452854073261169,386533.95401932986,0.2489,-213522.7623870313,0.44,200000,190158.31660570498,-9841.683394295018,0.950791583028525
2021-01-09,-2,-1.505682814755935,0.0,0.2753,0.0,0.5405,200000,206205.87886933098,6205.878869330976,1.0310293943466549
2021-01-10,-2,-1.3297723316632635,0.0,0.2716,0.0,0.5276,200000,206205.87886933098,6205.878869330976,1.0310293943466549
2021-01-11,0,-0.6742190218265,0.0,0.2397,0.0,0.4365,200000,206205.87886933098,6205.878869330976,1.0310293943466549
2021-01-12,0,-0.25607287792586186,0.0,0.2421,0.0,0.4272,200000,206205.87886933098,6205.878869330976,1.0310293943466549
2021-01-13,-2,-1.3266171356089969,0.0,0.2597,0.0,0.506,200000,206205.87886933098,6205.878869330976,1.0310293943466549
2021-01-14,-2,-1.531854826719702,0.0,0.2536,0.0,0.504,200000,206205.87886933098,6205.878869330976,1.0310293943466549
2021-01-15,-2,-1.4915975600124465,0.0,0.2596,0.0,0.5154,200000,206205.87886933098,6205.878869330976,1.0310293943466549
2021-01-16,-1,-1.1862384469180998,382713.2124523589,0.2694,-195567.03231158096,0.5272,200000,206205.87886933098,6205.878869330976,1.0310293943466549
2021-01-17,-2,-2.0884743028877892,0.0,0.2804,0.0,0.5942,200000,215099.02469723095,15099.024697230954,1.0754951234861547
2021-01-18,-2,-1.2313051746708819,0.0,0.2906,0.0,0.5847,200000,215099.02469723095,15099.024697230954,1.0754951234861547
2021-01-19,2,1.2290483760614268,0.0,0.3148,0.0,0.5422,200000,215099.02469723095,15099.024697230954,1.0754951234861547
2021-01-20,0,-0.23013484751634342,0.0,0.2948,0.0,0.5582,200000,215099.02469723095,15099.024697230954,1.0754951234861547
2021-01-21,1,1.1631548235918807,-404017.7022863091,0.2662,231289.27386799027,0.465,200000,215099.02469723095,15099.024697230954,1.0754951234861547
2021-01-22,2,2.153864807211276,0.0,0.3136,0.0,0.5106,200000,223702.67289722164,23702.672897221637,1.1185133644861083
2021-01-23,2,2.973594703830846,0.0,0.3879,0.0,0.562,200000,223702.67289722164,23702.672897221637,1.1185133644861083
2021-01-24,2,1.6132452863033486,0.0,0.3477,0.0,0.5483,200000,223702.67289722164,23702.672897221637,1.1185133644861083
2021-01-25,2,1.3033281523405016,0.0,0.3259,0.0,0.5207,200000,223702.67289722164,23702.672897221637,1.1185133644861083
2021-01-26,0,0.7311713954630547,0.0,0.3245,0.0,0.5435,200000,223702.67289722164,23702.672897221637,1.1185133644861083
2021-01-27,-1,-1.0569910986405975,390815.29157446127,0.2862,-191788.98568005968,0.5832,200000,223702.67289722164,23702.672897221637,1.1185133644861083
2021-01-28,-1,-0.884020510973202,390815.29157446127,0.302,-191788.98568005968,0.6086,200000,234748.99474037165,34748.99474037165,1.1737449737018584
2021-01-29,-1,-0.4261517310701179,390815.29157446127,0.315,-191788.98568005968,0.6009,200000,238352.81834110315,38352.81834110315,1.1917640917055157
2021-01-30,-1,-1.1626978486697985,390815.29157446127,0.3121,-191788.98568005968,0.6542,200000,247441.80693228438,47441.80693228438,1.237209034661422
2021-01-31,-2,-1.7780102562302647,0.0,0.2986,0.0,0.7064,200000,242484.96631748168,42484.96631748168,1.2124248315874084
2021-02-01,0,-0.28503726227728055,0.0,0.3568,0.0,0.6865,200000,242484.96631748168,42484.96631748168,1.2124248315874084
2021-02-02,0,-0.03156677234499469,0.0,0.3677,0.0,0.6837,200000,242484.96631748168,42484.96631748168,1.2124248315874084
2021-02-03,0,-0.45018230869981674,0.0,0.391,0.0,0.7658,200000,242484.96631748168,42484.96631748168,1.2124248315874084
2021-02-04,-2,-2.1690953597872094,0.0,0.3815,0.0,1.0351,200000,242484.96631748168,42484.96631748168,1.2124248315874084
2021-02-05,-2,-2.6995119777036765,0.0,0.4073,0.0,1.5939,200000,242484.96631748168,42484.96631748168,1.2124248315874084
2021-02-06,-2,-2.0854170868150272,0.0,0.4026,0.0,1.4509,200000,242484.96631748168,42484.96631748168,1.2124248315874084
2021-02-07,-2,-1.8218609848584673,0.0,0.3865,0.0,1.4099,200000,242484.96631748168,42484.96631748168,1.2124248315874084
2021-02-08,-2,-1.4960891898628783,0.0,0.4254,0.0,1.4689,200000,242484.96631748168,42484.96631748168,1.2124248315874084
2021-02-09,-1,-1.1371970894342731,249932.96878734455,0.4851,-80234.58616818266,1.5111,200000,242484.96631748165,42484.96631748165,1.2124248315874082
2021-02-10,-1,-0.5561820372492932,249932.96878734455,0.5865,-80234.58616818266,1.4998,200000,266921.518528818,66921.51852881798,1.33460759264409
2021-02-11,-1,-0.6926331885920916,249932.96878734455,0.6379,-80234.58616818266,1.7619,200000,300797.5581591681,100797.55815916811,1.5039877907958406
2021-02-12,-1,-0.5772046761403226,249932.96878734455,0.6631,-80234.58616818266,1.8037,200000,310449.67467443924,110449.67467443924,1.5522483733721963
2021-02-13,-1,-0.20243261512223032,249932.96878734455,0.7623,-80234.58616818266,1.8912,200000,342263.55146785977,142263.55146785977,1.7113177573392988
2021-02-14,0,-0.1569781573487957,0.0,0.7152,0.0,1.7952,200000,207770.03612989435,7770.036129894346,1.0388501806494717
2021-02-15,0,0.0906258577613454,0.0,0.669,0.0,1.6186,200000,207770.03612989435,7770.036129894346,1.0388501806494717
2021-02-16,0,0.06482287628541251,0.0,0.6444,0.0,1.5848,200000,207770.03612989435,7770.036129894346,1.0388501806494717
2021-02-17,0,0.29996284995605754,0.0,0.6621,0.0,1.5649,200000,207770.03612989435,7770.036129894346,1.0388501806494717
2021-02-18,0,0.7091849318273282,0.0,0.7278,0.0,1.6107,200000,207770.03612989435,7770.036129894346,1.0388501806494717
2021-02-19,0,0.8232542980719868,0.0,0.7168,0.0,1.5594,200000,207770.03612989435,7770.036129894346,1.0388501806494717
2021-02-20,0,0.39166582174398096,0.0,0.65,0.0,1.5306,200000,207770.03612989435,7770.036129894346,1.0388501806494717
2021-02-21,0,0.11974608915458672,0.0,0.6818,0.0,1.7232,200000,207770.03612989435,7770.036129894346,1.0388501806494717
2021-02-22,0,0.12359339005177669,0.0,0.6054,0.0,1.563,200000,207770.03612989435,7770.036129894346,1.0388501806494717
2021-02-23,0,-0.9971636257523109,0.0,0.4859,0.0,1.5769,200000,207770.03612989435,7770.036129894346,1.0388501806494717
2021-02-24,0,-0.6257377149670931,0.0,0.5013,0.0,1.5267,200000,207770.03612989435,7770.036129894346,1.0388501806494717
2021-02-25,0,-0.7198558307631098,0.0,0.4605,0.0,1.3959,200000,207770.03612989435,7770.036129894346,1.0388501806494717
2021-02-26,0,-0.24973204072415928,0.0,0.4773,0.0,1.3192,200000,207770.03612989435,7770.036129894346,1.0388501806494717
2021-02-27,0,-0.22590008210609924,0.0,0.4919,0.0,1.3328,200000,207770.03612989435,7770.036129894346,1.0388501806494717
2021-02-28,0,0.4046226489847636,0.0,0.4872,0.0,1.2115,200000,207770.03612989435,7770.036129894346,1.0388501806494717
2021-03-01,0,0.26621665553833235,0.0,0.542,0.0,1.3565,200000,207770.03612989435,7770.036129894346,1.0388501806494717
2021-03-02,0,0.21611750180232925,0.0,0.5419,0.0,1.3617,200000,207770.03612989435,7770.036129894346,1.0388501806494717
2021-03-03,0,0.37305400316798354,0.0,0.5944,0.0,1.4635,200000,207770.03612989435,7770.036129894346,1.0388501806494717
2021-03-04,0,-0.1416797825025968,0.0,0.5315,0.0,1.3724,200000,207770.03612989435,7770.036129894346,1.0388501806494717
2021-03-05,0,0.6862243475999433,0.0,0.5625,0.0,1.3389,200000,207770.03612989435,7770.036129894346,1.0388501806494717
2021-03-06,0,0.6611919434361697,0.0,0.5763,0.0,1.3703,200000,207770.03612989435,7770.036129894346,1.0388501806494717
2021-03-07,2,1.467498695535754,0.0,0.6502,0.0,1.4204,200000,207770.03612989435,7770.036129894346,1.0388501806494717
2021-03-08,2,2.1994393631597924,0.0,0.7219,0.0,1.4198,200000,207770.03612989435,7770.036129894346,1.0388501806494717
2021-03-09,1,1.1819285558506094,-151967.55129453947,0.6836,70397.11192311932,1.4757,200000,207770.03612989438,7770.036129894375,1.0388501806494719
2021-03-10,2,2.542287120985403,0.0,0.7867,0.0,1.3933,200000,229238.6126908264,29238.612690826412,1.146193063454132
2021-03-11,2,2.4458772303971448,0.0,0.8182,0.0,1.3743,200000,229238.6126908264,29238.612690826412,1.146193063454132
2021-03-12,2,2.913944980963092,0.0,0.9702,0.0,1.3396,200000,229238.6126908264,29238.612690826412,1.146193063454132
2021-03-13,2,1.7522231126920111,0.0,0.886,0.0,1.393,200000,229238.6126908264,29238.612690826412,1.146193063454132
2021-03-14,2,1.4833650665657359,0.0,0.8322,0.0,1.3247,200000,229238.6126908264,29238.612690826412,1.146193063454132
2021-03-15,2,1.5875944788609164,0.0,0.8813,0.0,1.3282,200000,229238.6126908264,29238.612690826412,1.146193063454132
2021-03-16,1,1.1020303998194128,-129513.34050329175,0.885,80153.36108070854,1.43,200000,229238.6126908264,29238.612690826412,1.146193063454132
2021-03-17,1,0.9915100002493554,-129513.34050329175,0.8933,80153.36108070854,1.4469,200000,231668.1652192677,31668.165219267714,1.1583408260963386
2021-03-18,1,0.5407535743305686,-129513.34050329175,0.8695,80153.36108070854,1.5162,200000,234140.37563818245,34140.37563818245,1.1707018781909122
2021-03-19,1,0.29569023557715896,-129513.34050329175,0.863,80153.36108070854,1.5586,200000,236697.04143473308,36697.04143473308,1.1834852071736655
2021-03-20,1,0.6049398436954149,-129513.34050329175,0.8924,80153.36108070854,1.5,200000,235807.74668620038,35807.74668620038,1.179038733431002
2021-03-21,1,0.35273657906825673,-129513.34050329175,0.8395,80153.36108070854,1.458,200000,225590.04980818648,25590.04980818648,1.1279502490409323
2021-03-22,1,0.7556178287734016,-129513.34050329175,0.8847,80153.36108070854,1.417,200000,228157.76499462622,28157.764994626225,1.140788824973131
2021-03-23,1,0.7952837000438111,-129513.34050329175,0.9526,80153.36108070854,1.498,200000,243444.14306233713,43444.14306233713,1.2172207153116856
2021-03-24,1,0.6348587200871865,-129513.34050329175,0.86,80153.36108070854,1.3704,200000,221223.63885783387,21223.638857833866,1.1061181942891694
2021-03-25,1,0.3109791761179515,-129513.34050329175,0.7957,80153.36108070854,1.3095,200000,208014.59137365708,8014.59137365708,1.0400729568682854
2021-03-26,1,0.48726974213913304,-129513.34050329175,0.8683,80153.36108070854,1.3873,200000,223653.19138627517,23653.191386275168,1.1182659569313758
2021-03-27,1,0.5938416904911916,-129513.34050329175,0.9015,80153.36108070854,1.4158,200000,230237.40508178464,30237.405081784644,1.1511870254089231
2021-03-28,1,0.5183556355086657,-129513.34050329175,0.9259,80153.36108070854,1.4542,200000,236475.41965556418,36475.41965556418,1.182377098277821
2021-03-29,2,1.2413452318512386,0.0,1.0675,0.0,1.5948,200000,239665.52342657637,39665.52342657637,1.1983276171328818
2021-03-30,0,-0.811055640335352,0.0,1.0929,0.0,1.8486,200000,239665.52342657637,39665.52342657637,1.1983276171328818
2021-03-31,-1,-1.0725231725530935,109837.54510842181,1.091,-63679.860619241255,1.8818,200000,239665.52342657637,39665.52342657637,1.1983276171328818
2021-04-01,-2,-1.7198572288629506,0.0,1.0929,0.0,1.964,200000,244691.316633772,44691.31663377199,1.22345658316886
2021-04-02,-1,-1.1872971353877197,109599.26392267848,1.1163,-62418.06964791898,1.9601,200000,244691.316633772,44691.31663377199,1.22345658316886
2021-04-03,0,0.07862716145214839,0.0,1.0549,0.0,1.7262,200000,236821.1249479762,36821.124947976205,1.184105624739881
2021-04-04,2,2.527754144949808,0.0,1.2974,0.0,1.835,200000,236821.1249479762,36821.124947976205,1.184105624739881
2021-04-05,2,3.139982481182345,0.0,1.4393,0.0,1.8058,200000,236821.1249479762,36821.124947976205,1.184105624739881
2021-04-06,1,1.0701574095532715,-89684.58871013262,1.3203,61476.85087689534,1.9261,200000,236821.1249479762,36821.124947976205,1.184105624739881
2021-04-07,1,1.0389254344786325,-89684.58871013262,1.1815,61476.85087689534,1.712,200000,211210.7102622665,11210.710262266512,1.0560535513113325
2021-04-08,1,0.6476712869300042,-89684.58871013262,1.2455,61476.85087689534,1.8545,200000,225710.9751896726,25710.97518967261,1.128554875948363
2021-04-09,0,-0.030918753361954796,0.0,1.3685,0.0,2.1552,200000,227059.5755879079,27059.575587907893,1.1352978779395395
2021-04-10,0,0.5865638107816777,0.0,1.4653,0.0,2.1747,200000,227059.5755879079,27059.575587907893,1.1352978779395395
2021-04-11,0,-0.061591696184360306,0.0,1.3614,0.0,2.1306,200000,227059.5755879079,27059.575587907893,1.1352978779395395
2021-04-12,0,-0.7651158408607182,0.0,1.2752,0.0,2.1328,200000,227059.5755879079,27059.575587907893,1.1352978779395395
2021-04-13,-2,-1.4970422401128904,0.0,1.2578,0.0,2.2968,200000,227059.5755879079,27059.575587907893,1.1352978779395395
2021-04-14,0,-0.8952804201023363,0.0,1.2544,0.0,2.1585,200000,227059.5755879079,27059.575587907893,1.1352978779395395
2021-04-15,0,0.08002762352271353,0.0,1.4081,0.0,2.1978,200000,227059.5755879079,27059.575587907893,1.1352978779395395
2021-04-16,0,0.12579719445130821,0.0,1.3355,0.0,2.0744,200000,227059.5755879079,27059.575587907893,1.1352978779395395
2021-04-17,2,1.2781603884297887,0.0,1.4681,0.0,2.0355,200000,227059.5755879079,27059.575587907893,1.1352978779395395
2021-04-18,2,2.5875782957197537,0.0,1.5061,0.0,1.762,200000,227059.5755879079,27059.575587907893,1.1352978779395395
2021-04-19,2,1.9771615369924693,0.0,1.3236,0.0,1.5827,200000,227059.5755879079,27059.575587907893,1.1352978779395395
2021-04-20,0,0.6883967877676531,0.0,1.2422,0.0,1.7029,200000,227059.5755879079,27059.575587907893,1.1352978779395395
2021-04-21,0,0.19945898434819392,0.0,1.1335,0.0,1.636,200000,227059.5755879079,27059.575587907893,1.1352978779395395
2021-04-22,0,0.04398859698014853,0.0,1.0221,0.0,1.4909,200000,227059.5755879079,27059.575587907893,1.1352978779395395
2021-04-23,0,-0.46622175443895186,0.0,0.9553,0.0,1.4752,200000,227059.5755879079,27059.575587907893,1.1352978779395395
2021-04-24,0,-0.2791917688042209,0.0,0.8762,0.0,1.328,200000,227059.5755879079,27059.575587907893,1.1352978779395395
2021-04-25,0,-0.13245128824314015,0.0,0.892,0.0,1.3408,200000,227059.5755879079,27059.575587907893,1.1352978779395395
2021-04-26,0,-0.00367683073477422,0.0,1.0264,0.0,1.5226,200000,227059.5755879079,27059.575587907893,1.1352978779395395
2021-04-27,0,-0.9333696547037971,0.0,1.0958,0.0,1.8259,200000,227059.5755879079,27059.575587907893,1.1352978779395395
2021-04-28,0,-0.7919587015858159,0.0,1.0359,0.0,1.7083,200000,227059.5755879079,27059.575587907893,1.1352978779395395
2021-04-29,0,-0.6173502857166611,0.0,1.035,0.0,1.6732,200000,227059.5755879079,27059.575587907893,1.1352978779395395
2021-04-30,0,-0.36510177618042994,0.0,1.1463,0.0,1.8027,200000,227059.5755879079,27059.575587907893,1.1352978779395395
2021-05-01,0,-0.7072602179796343,0.0,1.18,0.0,1.9426,200000,227059.5755879079,27059.575587907893,1.1352978779395395
2021-05-02,0,-0.6789245118867391,0.0,1.1394,0.0,1.866,200000,227059.5755879079,27059.575587907893,1.1352978779395395
2021-05-03,0,-0.5672749867851775,0.0,1.1886,0.0,1.9001,200000,227059.5755879079,27059.575587907893,1.1352978779395395
2021-05-04,0,-0.7642685311172062,0.0,1.0301,0.0,1.6773,200000,227059.5755879079,27059.575587907893,1.1352978779395395
2021-05-05,0,-0.9518508900394888,0.0,1.1233,0.0,1.8811,200000,227059.5755879079,27059.575587907893,1.1352978779395395
2021-05-06,-2,-1.2164850586057152,0.0,1.1709,0.0,2.0519,200000,227059.5755879079,27059.575587907893,1.1352978779395395
2021-05-07,0,-0.6037944367810695,0.0,1.2302,0.0,2.0107,200000,227059.5755879079,27059.575587907893,1.1352978779395395
2021-05-08,0,0.842959647681052,0.0,1.3673,0.0,1.9526,200000,227059.5755879079,27059.575587907893,1.1352978779395395
2021-05-09,0,0.4304007337207057,0.0,1.288,0.0,1.9563,200000,227059.5755879079,27059.575587907893,1.1352978779395395
2021-05-10,0,0.5987518117233543,0.0,1.1437,0.0,1.7365,200000,227059.5755879079,27059.575587907893,1.1352978779395395
2021-05-11,0,-0.06645846123734288,0.0,1.1779,0.0,1.8645,200000,227059.5755879079,27059.575587907893,1.1352978779395395
2021-05-12,0,-0.44716487658526655,0.0,1.0148,0.0,1.6462,200000,227059.5755879079,27059.575587907893,1.1352978779395395
2021-05-13,0,-0.7104455353519218,0.0,0.9763,0.0,1.6112,200000,227059.5755879079,27059.575587907893,1.1352978779395395
2021-05-14,-1,-1.1045790675006542,113066.21630709486,1.0041,-66676.33041284663,1.7027,200000,227059.57558790792,27059.575587907922,1.1352978779395397
2021-05-15,-1,-0.7975745050003371,113066.21630709486,0.9301,-66676.33041284663,1.5585,200000,209077.9487356504,9077.948735650396,1.045389743678252
2021-05-16,-2,-1.3426826937094787,0.0,0.9045,0.0,1.5692,200000,229419.68062197953,29419.680621979525,1.1470984031098976
2021-05-17,-2,-1.5559583311105456,0.0,0.829,0.0,1.4667,200000,229419.68062197953,29419.680621979525,1.1470984031098976
2021-05-18,-2,-2.1898443281725166,0.0,0.8473,0.0,1.5998,200000,229419.68062197953,29419.680621979525,1.1470984031098976
2021-05-19,0,0.09922282449600614,0.0,0.6098,0.0,0.9923,200000,229419.68062197953,29419.680621979525,1.1470984031098976
2021-05-20,0,-0.8019211222050334,0.0,0.6684,0.0,1.1564,200000,229419.68062197953,29419.680621979525,1.1470984031098976
2021-05-21,0,-0.841689450393435,0.0,0.5938,0.0,1.0341,200000,229419.68062197953,29419.680621979525,1.1470984031098976
2021-05-22,0,-0.743261953352902,0.0,0.5519,0.0,0.9585,200000,229419.68062197953,29419.680621979525,1.1470984031098976
2021-05-23,0,-0.2021579124239579,0.0,0.4733,0.0,0.7951,200000,229419.68062197953,29419.680621979525,1.1470984031098976
2021-05-24,-1,-1.0895876783399632,208791.11814887106,0.5494,-116291.40339719156,0.9864,200000,229419.68062197953,29419.680621979525,1.1470984031098976
2021-05-25,-1,-0.5533996660681841,208791.11814887106,0.5636,-116291.40339719156,0.9767,200000,231256.4878867407,31256.48788674071,1.1562824394337035
2021-05-26,-1,-0.9951053928609338,208791.11814887106,0.6416,-116291.40339719156,1.1494,200000,267625.72046904766,67625.72046904766,1.3381286023452383
2021-05-27,-1,-1.0007666069164174,208791.11814887106,0.6111,-116291.40339719156,1.103,200000,255861.6702478774,55861.670247877395,1.279308351239387
2021-05-28,-1,-0.5907438037108068,208791.11814887106,0.5489,-116291.40339719156,0.9645,200000,226768.5033285066,26768.503328506602,1.133842516642533
2021-05-29,0,0.13840820918399815,0.0,0.5311,0.0,0.9005,200000,223251.12653228507,23251.126532285067,1.1162556326614252
2021-05-30,2,1.3515265725175616,0.0,0.5788,0.0,0.9363,200000,223251.12653228507,23251.126532285067,1.1162556326614252
2021-05-31,0,0.07720952969632382,0.0,0.5947,0.0,1.0201,200000,223251.12653228507,23251.126532285067,1.1162556326614252
2021-06-01,0,-0.6654482050747568,0.0,0.579,0.0,1.0262,200000,223251.12653228507,23251.126532285067,1.1162556326614252
2021-06-02,-2,-1.7464020871459287,0.0,0.6139,0.0,1.1463,200000,223251.12653228507,23251.126532285067,1.1162556326614252
2021-06-03,-1,-1.1097529711755056,171599.6360740085,0.6505,-93905.58026932155,1.1887,200000,223251.12653228507,23251.126532285067,1.1162556326614252
2021-06-04,-1,-0.9124636347220549,171599.6360740085,0.5863,-93905.58026932155,1.0668,200000,200787.33966150344,787.3396615034435,1.0039366983075173
2021-06-05,-1,-1.1903946869394069,171599.6360740085,0.5619,-93905.58026932155,1.04,200000,194083.6389900798,-5916.361009920191,0.970418194950399
2021-06-06,-1,-0.4133587903635015,171599.6360740085,0.5927,-93905.58026932155,1.0612,200000,201359.70608286886,1359.7060828688554,1.0067985304143443
2021-06-07,-1,-0.5636757535816208,171599.6360740085,0.531,-93905.58026932155,0.953,200000,180611.42475196195,-19388.575248038047,0.9030571237598097
2021-06-08,-1,-0.835704284578389,171599.6360740085,0.5248,-93905.58026932155,0.9547,200000,179707.14649476093,-20292.853505239065,0.8985357324738047
2021-06-09,0,-0.1823612644130536,0.0,0.5432,0.0,0.9663,200000,220779.16643112904,20779.166431129037,1.1038958321556451
2021-06-10,0,-0.6944364221538537,0.0,0.5144,0.0,0.9343,200000,220779.16643112904,20779.166431129037,1.1038958321556451
2021-06-11,0,0.6748331890821632,0.0,0.4995,0.0,0.8635,200000,220779.16643112904,20779.166431129037,1.1038958321556451
2021-06-12,0,0.2536144819260784,0.0,0.4843,0.0,0.8523,200000,220779.16643112904,20779.166431129037,1.1038958321556451
2021-06-13,0,-0.5437698954436339,0.0,0.4948,0.0,0.8951,200000,220779.16643112904,20779.166431129037,1.1038958321556451
2021-06-14,0,-0.20019013982487063,0.0,0.5085,0.0,0.9105,200000,220779.16643112904,20779.166431129037,1.1038958321556451
2021-06-15,0,0.5795271500866326,0.0,0.513,0.0,0.8936,200000,220779.16643112904,20779.166431129037,1.1038958321556451
2021-06-16,0,0.8195612947758714,0.0,0.5034,0.0,0.8677,200000,220779.16643112904,20779.166431129037,1.1038958321556451
2021-06-17,0,0.25040487664190403,0.0,0.4981,0.0,0.8751,200000,220779.16643112904,20779.166431129037,1.1038958321556451
2021-06-18,0,0.1815042674603659,0.0,0.4628,0.0,0.8169,200000,220779.16643112904,20779.166431129037,1.1038958321556451
2021-06-19,0,0.9230113214480463,0.0,0.452,0.0,0.7885,200000,220779.16643112904,20779.166431129037,1.1038958321556451
2021-06-20,2,3.4698472371638998,0.0,0.5034,0.0,0.7898,200000,220779.16643112904,20779.166431129037,1.1038958321556451
2021-06-21,2,3.563995041994167,0.0,0.4273,0.0,0.6018,200000,220779.16643112904,20779.166431129037,1.1038958321556451
2021-06-22,2,1.500308377217822,0.0,0.3695,0.0,0.5799,200000,220779.16643112904,20779.166431129037,1.1038958321556451
2021-06-23,0,0.3156385218691121,0.0,0.3801,0.0,0.6432,200000,220779.16643112904,20779.166431129037,1.1038958321556451
2021-06-24,0,-0.25463836377927407,0.0,0.3769,0.0,0.6623,200000,220779.16643112904,20779.166431129037,1.1038958321556451
2021-06-25,0,0.15929977833932088,0.0,0.3533,0.0,0.6011,200000,220779.16643112904,20779.166431129037,1.1038958321556451
2021-06-26,0,0.5563332726180468,0.0,0.3637,0.0,0.6007,200000,220779.16643112904,20779.166431129037,1.1038958321556451
2021-06-27,0,-0.19489480336573925,0.0,0.3685,0.0,0.6381,200000,220779.16643112904,20779.166431129037,1.1038958321556451
2021-06-28,-2,-1.303438763918866,0.0,0.3738,0.0,0.7013,200000,220779.16643112904,20779.166431129037,1.1038958321556451
2021-06-29,0,-0.9920927363941072,0.0,0.3952,0.0,0.7271,200000,220779.16643112904,20779.166431129037,1.1038958321556451
2021-06-30,-2,-1.4007705119036278,0.0,0.3888,0.0,0.7425,200000,220779.16643112904,20779.166431129037,1.1038958321556451
2021-07-01,0,-0.6500200293905107,0.0,0.3813,0.0,0.6892,200000,220779.16643112904,20779.166431129037,1.1038958321556451
2021-07-02,0,-0.8303641730054018,0.0,0.3758,0.0,0.691,200000,220779.16643112904,20779.166431129037,1.1038958321556451
2021-07-03,0,-0.7375112100644574,0.0,0.3845,0.0,0.7024,200000,220779.16643112904,20779.166431129037,1.1038958321556451
2021-07-04,0,-0.9999868536267035,0.0,0.3869,0.0,0.7246,200000,220779.16643112904,20779.166431129037,1.1038958321556451
2021-07-05,0,-0.8462657063148749,0.0,0.3731,0.0,0.6933,200000,220779.16643112904,20779.166431129037,1.1038958321556451
2021-07-06,0,-0.29483727397987247,0.0,0.4007,0.0,0.7131,200000,220779.16643112904,20779.166431129037,1.1038958321556451
2021-07-07,-2,-1.4388592477592708,0.0,0.3974,0.0,0.7897,200000,220779.16643112904,20779.166431129037,1.1038958321556451
2021-07-08,-2,-2.279784317851807,0.0,0.3691,0.0,0.8455,200000,220779.16643112904,20779.166431129037,1.1038958321556451
2021-07-09,-2,-1.828379662847433,0.0,0.3727,0.0,0.8384,200000,220779.16643112904,20779.166431129037,1.1038958321556451
2021-07-10,-2,-1.3698636495790488,0.0,0.3664,0.0,0.7901,200000,220779.16643112904,20779.166431129037,1.1038958321556451
2021-07-11,-1,-1.1450104014263773,289660.4125310011,0.3811,-138558.53296794844,0.7967,200000,220779.16643112904,20779.166431129037,1.1038958321556451
2021-07-12,-1,-0.7879315067965896,289660.4125310011,0.3714,-138558.53296794844,0.7525,200000,211845.17327239498,11845.173272394983,1.059225866361975
2021-07-13,-1,-0.40989290984053034,289660.4125310011,0.3639,-138558.53296794844,0.7158,200000,204587.6220184888,4587.622018488793,1.022938110092444
2021-07-14,0,-0.08290419539322036,0.0,0.3737,0.0,0.717,200000,211879.538406313,11879.53840631299,1.0593976920315649
2021-07-15,0,0.1780895964290562,0.0,0.3554,0.0,0.671,200000,211879.538406313,11879.53840631299,1.0593976920315649
2021-07-16,2,1.4047335269647132,0.0,0.3579,0.0,0.6201,200000,211879.538406313,11879.53840631299,1.0593976920315649
2021-07-17,1,1.0510430524760594,-301050.77920760587,0.3519,168882.144433535,0.6273,200000,211879.538406313,11879.53840631299,1.0593976920315649
2021-07-18,1,1.1051130949973555,-301050.77920760587,0.3526,168882.144433535,0.6228,200000,211330.30430180742,11330.304301807424,1.056651521509037
2021-07-19,1,1.1092668126351137,-301050.77920760587,0.3323,168882.144433535,0.5842,200000,198700.12270875857,-1299.8772912414279,0.9935006135437928
2021-07-20,2,1.2703630611297323,0.0,0.3181,0.0,0.5476,200000,215163.92898044863,15163.928980448633,1.0758196449022432
2021-07-21,0,0.13037420714276446,0.0,0.337,0.0,0.6358,200000,215163.92898044863,15163.928980448633,1.0758196449022432
2021-07-22,0,0.1581774991054561,0.0,0.3405,0.0,0.6418,200000,215163.92898044863,15163.928980448633,1.0758196449022432
2021-07-23,0,0.588610215504871,0.0,0.3573,0.0,0.6507,200000,215163.92898044863,15163.928980448633,1.0758196449022432
2021-07-24,0,0.4020795200136852,0.0,0.356,0.0,0.6574,200000,215163.92898044863,15163.928980448633,1.0758196449022432
2021-07-25,0,0.37087364690716734,0.0,0.3559,0.0,0.6587,200000,215163.92898044863,15163.928980448633,1.0758196449022432
2021-07-26,0,0.8325662811797375,0.0,0.3783,0.0,0.6755,200000,215163.92898044863,15163.928980448633,1.0758196449022432
2021-07-27,0,0.5080513826234806,0.0,0.3896,0.0,0.7105,200000,215163.92898044863,15163.928980448633,1.0758196449022432
2021-07-28,0,0.09217275153537777,0.0,0.3782,0.0,0.7071,200000,215163.92898044863,15163.928980448633,1.0758196449022432
2021-07-29,0,-0.20780952123877477,0.0,0.4008,0.0,0.7575,200000,215163.92898044863,15163.928980448633,1.0758196449022432
2021-07-30,0,-0.9121298202725145,0.0,0.4003,0.0,0.7797,200000,215163.92898044863,15163.928980448633,1.0758196449022432
2021-07-31,-2,-1.8595449238500965,0.0,0.4021,0.0,0.8192,200000,215163.92898044863,15163.928980448633,1.0758196449022432
2021-08-01,-2,-1.435301704042675,0.0,0.3924,0.0,0.7794,200000,215163.92898044863,15163.928980448633,1.0758196449022432
2021-08-02,-2,-2.2272779448400475,0.0,0.3883,0.0,0.8171,200000,215163.92898044863,15163.928980448633,1.0758196449022432
2021-08-03,-2,-2.4033875930346036,0.0,0.3888,0.0,0.8576,200000,215163.92898044863,15163.928980448633,1.0758196449022432
2021-08-04,-2,-1.2920489691167942,0.0,0.4232,0.0,0.87,200000,215163.92898044863,15163.928980448633,1.0758196449022432
2021-08-05,0,-0.9697804707757686,0.0,0.4392,0.0,0.8884,200000,215163.92898044863,15163.928980448633,1.0758196449022432
2021-08-06,2,1.556740169509626,0.0,0.5248,0.0,0.8964,200000,215163.92898044863,15163.928980448633,1.0758196449022432
2021-08-07,0,0.32775444493648515,0.0,0.5034,0.0,0.9334,200000,215163.92898044863,15163.928980448633,1.0758196449022432
2021-08-08,0,-0.31679336984744355,0.0,0.4789,0.0,0.9312,200000,215163.92898044863,15163.928980448633,1.0758196449022432
2021-08-09,0,-0.08350837935560348,0.0,0.4965,0.0,0.956,200000,215163.92898044863,15163.928980448633,1.0758196449022432
2021-08-10,0,-0.39690488624446596,0.0,0.4952,0.0,0.974,200000,215163.92898044863,15163.928980448633,1.0758196449022432
2021-08-11,0,-0.055277437905514294,0.0,0.5156,0.0,0.9943,200000,215163.92898044863,15163.928980448633,1.0758196449022432
2021-08-12,0,0.7024330937955033,0.0,0.5163,0.0,0.9531,200000,215163.92898044863,15163.928980448633,1.0758196449022432
2021-08-13,2,2.305943899497976,0.0,0.6434,0.0,1.0596,200000,215163.92898044863,15163.928980448633,1.0758196449022432
2021-08-14,2,1.2850689682472272,0.0,0.6131,0.0,1.0687,200000,215163.92898044863,15163.928980448633,1.0758196449022432
2021-08-15,2,1.2928647582138264,0.0,0.6117,0.0,1.062,200000,215163.92898044863,15163.928980448633,1.0758196449022432
2021-08-16,1,1.0789453502070352,-183806.5342392351,0.5853,104723.02588360198,1.0273,200000,215163.92898044863,15163.928980448633,1.0758196449022432
2021-08-17,1,0.8977328542681993,-183806.5342392351,0.5591,104723.02588360198,0.9899,200000,206431.55661533395,6431.556615333946,1.0321577830766697
2021-08-18,1,0.9005021014939412,-183806.5342392351,0.548,104723.02588360198,0.9653,200000,201815.11764854184,1815.11764854184,1.0090755882427092
2021-08-19,1,0.7983440682386351,-183806.5342392351,0.5823,104723.02588360198,1.0278,200000,214664.87089067273,14664.870890672726,1.0733243544533637
2021-08-20,1,0.6866211661300887,-183806.5342392351,0.5984,104723.02588360198,1.0589,200000,220881.04219690443,20881.042196904426,1.1044052109845222
2021-08-21,1,0.2841061616165556,-183806.5342392351,0.5894,104723.02588360198,1.0706,200000,220452.04279158945,20452.042791589454,1.1022602139579472
2021-08-22,1,0.4496533622850326,-183806.5342392351,0.6291,104723.02588360198,1.1226,200000,233194.7595468344,33194.75954683439,1.165973797734172
2021-08-23,0,0.06127617780444882,0.0,0.6376,0.0,1.1594,200000,210943.09900193685,10943.099001936847,1.0547154950096842
2021-08-24,2,2.288825721697744,0.0,0.6712,0.0,1.0606,200000,210943.09900193685,10943.099001936847,1.0547154950096842
2021-08-25,0,-0.024026453374465247,0.0,0.6415,0.0,1.1502,200000,210943.09900193685,10943.099001936847,1.0547154950096842
2021-08-26,0,0.6039503674226752,0.0,0.604,0.0,1.048,200000,210943.09900193685,10943.099001936847,1.0547154950096842
2021-08-27,0,0.9406918939648373,0.0,0.6555,0.0,1.112,200000,210943.09900193685,10943.099001936847,1.0547154950096842
2021-08-28,0,0.7959841915260362,0.0,0.6344,0.0,1.0798,200000,210943.09900193685,10943.099001936847,1.0547154950096842
2021-08-29,0,0.3164839866243918,0.0,0.631,0.0,1.0961,200000,210943.09900193685,10943.099001936847,1.0547154950096842
2021-08-30,0,0.877949192835896,0.0,0.6205,0.0,1.0473,200000,210943.09900193685,10943.099001936847,1.0547154950096842
2021-08-31,0,0.14680586809511495,0.0,0.6139,0.0,1.0636,200000,210943.09900193685,10943.099001936847,1.0547154950096842
2021-09-01,0,-0.6342477741954882,0.0,0.6314,0.0,1.122,200000,210943.09900193685,10943.099001936847,1.0547154950096842
2021-09-02,-2,-1.3608768439824124,0.0,0.611,0.0,1.1188,200000,210943.09900193685,10943.099001936847,1.0547154950096842
2021-09-03,-2,-1.9259186056994684,0.0,0.6231,0.0,1.1788,200000,210943.09900193685,10943.099001936847,1.0547154950096842
2021-09-04,-2,-1.8457382682142358,0.0,0.6516,0.0,1.2449,200000,210943.09900193685,10943.099001936847,1.0547154950096842
2021-09-05,-2,-1.623432356957743,0.0,0.6874,0.0,1.3138,200000,210943.09900193685,10943.099001936847,1.0547154950096842
2021-09-06,0,-0.9330511791692617,0.0,0.6962,0.0,1.2915,200000,210943.09900193685,10943.099001936847,1.0547154950096842
2021-09-07,0,-0.8134747573496922,0.0,0.547,0.0,1.0121,200000,210943.09900193685,10943.099001936847,1.0547154950096842
2021-09-08,-1,-1.1621589918840383,198143.05748819918,0.5323,-104613.71702139301,1.0082,200000,210943.09900193685,10943.099001936847,1.0547154950096842
2021-09-09,-2,-1.5350786000394643,0.0,0.5481,0.0,1.0708,200000,214361.25737916247,14361.257379162475,1.0718062868958125
2021-09-10,-2,-1.5534105018802469,0.0,0.51,0.0,1.0085,200000,214361.25737916247,14361.257379162475,1.0718062868958125
2021-09-11,0,-0.5290829622361721,0.0,0.5543,0.0,1.0318,200000,214361.25737916247,14361.257379162475,1.0718062868958125
2021-09-12,0,-0.3913161208301948,0.0,0.5757,0.0,1.0638,200000,214361.25737916247,14361.257379162475,1.0718062868958125
2021-09-13,0,-0.8449338473505339,0.0,0.531,0.0,1.0102,200000,214361.25737916247,14361.257379162475,1.0718062868958125
2021-09-14,-2,-1.2759773369856056,0.0,0.543,0.0,1.0646,200000,214361.25737916247,14361.257379162475,1.0718062868958125
2021-09-15,-1,-1.1440850563979825,193501.766906628,0.5539,-98747.58493604316,1.0854,200000,214361.25737916247,14361.257379162475,1.0718062868958125
2021-09-16,-2,-2.341420059398774,0.0,0.5292,0.0,1.1429,200000,224818.73715557868,24818.73715557868,1.1240936857778934
2021-09-17,-2,-1.7696598046962237,0.0,0.5128,0.0,1.0809,200000,224818.73715557868,24818.73715557868,1.1240936857778934
2021-09-18,-2,-1.6516153571698633,0.0,0.5262,0.0,1.1155,200000,224818.73715557868,24818.73715557868,1.1240936857778934
2021-09-19,-1,-1.0154622901633368,214767.61287311683,0.5234,-105370.6117152131,1.0668,200000,224818.73715557868,24818.73715557868,1.1240936857778934
2021-09-20,-1,-0.939602511760266,214767.61287311683,0.4461,-105370.6117152131,0.9087,200000,191558.10696831156,-8441.893031688436,0.9577905348415579
2021-09-21,-1,-1.068017392750183,214767.61287311683,0.4099,-105370.6117152131,0.8448,200000,177050.3372937026,-22949.662706297386,0.885251686468513
2021-09-22,-2,-1.77669121649172,0.0,0.4483,0.0,0.9727,200000,231032.4103199482,31032.41031994819,1.155162051599741
2021-09-23,-2,-1.3194102393705307,0.0,0.4663,0.0,0.9946,200000,231032.4103199482,31032.41031994819,1.155162051599741
2021-09-24,-2,-1.4492870417061883,0.0,0.4224,0.0,0.9181,200000,231032.4103199482,31032.41031994819,1.155162051599741
2021-09-25,2,2.467091588748221,0.0,0.5363,0.0,0.9067,200000,231032.4103199482,31032.41031994819,1.155162051599741
2021-09-26,0,0.6122310761953559,0.0,0.4704,0.0,0.8948,200000,231032.4103199482,31032.41031994819,1.155162051599741
2021-09-27,0,0.08322168122663524,0.0,0.4303,0.0,0.8509,200000,231032.4103199482,31032.41031994819,1.155162051599741
2021-09-28,0,0.0706529298022596,0.0,0.4109,0.0,0.8152,200000,231032.4103199482,31032.41031994819,1.155162051599741
2021-09-29,0,0.06283113165327703,0.0,0.4193,0.0,0.833,200000,231032.4103199482,31032.41031994819,1.155162051599741
2021-09-30,0,0.41720621100320576,0.0,0.4721,0.0,0.9158,200000,231032.4103199482,31032.41031994819,1.155162051599741
2021-10-01,0,-0.6871814840435886,0.0,0.4671,0.0,0.98,200000,231032.4103199482,31032.41031994819,1.155162051599741
2021-10-02,0,-0.6219028872870567,0.0,0.4636,0.0,0.9734,200000,231032.4103199482,31032.41031994819,1.155162051599741
2021-10-03,0,-0.7077280142371394,0.0,0.4731,0.0,1.0041,200000,231032.4103199482,31032.41031994819,1.155162051599741
2021-10-04,0,-0.8555570323774551,0.0,0.451,0.0,0.9719,200000,231032.4103199482,31032.41031994819,1.155162051599741
2021-10-05,0,-0.8264737694609894,0.0,0.4745,0.0,1.0263,200000,231032.4103199482,31032.41031994819,1.155162051599741
2021-10-06,0,-0.5234628555585443,0.0,0.49,0.0,1.0372,200000,231032.4103199482,31032.41031994819,1.155162051599741
2021-10-07,0,0.9701051457929682,0.0,0.5356,0.0,1.0271,200000,231032.4103199482,31032.41031994819,1.155162051599741
2021-10-08,0,-0.6849345936790109,0.0,0.5082,0.0,1.0832,200000,231032.4103199482,31032.41031994819,1.155162051599741
2021-10-09,0,-0.6133721125234903,0.0,0.5254,0.0,1.1174,200000,231032.4103199482,31032.41031994819,1.155162051599741
2021-10-10,0,0.8406973277388965,0.0,0.5418,0.0,1.0449,200000,231032.4103199482,31032.41031994819,1.155162051599741
2021-10-11,0,0.6255337144075449,0.0,0.5223,0.0,1.0179,200000,231032.4103199482,31032.41031994819,1.155162051599741
2021-10-12,0,0.8515362747280587,0.0,0.5232,0.0,0.9994,200000,231032.4103199482,31032.41031994819,1.155162051599741
2021-10-13,0,0.45790358334783904,0.0,0.5272,0.0,1.0284,200000,231032.4103199482,31032.41031994819,1.155162051599741
2021-10-14,0,0.9640165392295444,0.0,0.5509,0.0,1.0352,200000,231032.4103199482,31032.41031994819,1.155162051599741
2021-10-15,2,1.7659362036733979,0.0,0.559,0.0,1.0251,200000,231032.4103199482,31032.41031994819,1.155162051599741
2021-10-16,2,2.4007784135257655,0.0,0.5786,0.0,1.0054,200000,231032.4103199482,31032.41031994819,1.155162051599741
2021-10-17,2,2.5777713384401566,0.0,0.6008,0.0,0.9908,200000,231032.4103199482,31032.41031994819,1.155162051599741
2021-10-18,2,2.1112938341461795,0.0,0.5875,0.0,0.9697,200000,231032.4103199482,31032.41031994819,1.155162051599741
2021-10-19,2,1.5685419660972244,0.0,0.5715,0.0,0.9665,200000,231032.4103199482,31032.41031994819,1.155162051599741
2021-10-20,2,1.3819880655979846,0.0,0.5922,0.0,1.0039,200000,231032.4103199482,31032.41031994819,1.155162051599741
2021-10-21,0,0.8175609883612859,0.0,0.5688,0.0,1.0055,200000,231032.4103199482,31032.41031994819,1.155162051599741
2021-10-22,1,1.0286787521242655,-197869.48468649213,0.5838,115136.25551676875,1.0033,200000,231032.4103199482,31032.41031994819,1.155162051599741
2021-10-23,1,0.9612662203020537,-197869.48468649213,0.5919,115136.25551676875,1.0144,200000,233913.16558214492,33913.165582144924,1.1695658279107246
2021-10-24,1,0.7342066953900779,-197869.48468649213,0.5737,115136.25551676875,0.9958,200000,228170.40660823887,28170.406608238874,1.1408520330411944
2021-10-25,1,0.7965120292464491,-197869.48468649213,0.5893,115136.25551676875,1.0111,200000,233018.75527875475,33018.75527875475,1.1650937763937737
2021-10-26,0,-0.04815622018041065,0.0,0.5855,0.0,1.0671,200000,224023.09534194542,24023.095341945416,1.120115476709727
2021-10-27,0,0.3373532615221119,0.0,0.5279,0.0,0.9313,200000,224023.09534194542,24023.095341945416,1.120115476709727
2021-10-28,0,-0.24866840364917236,0.0,0.5354,0.0,0.9772,200000,224023.09534194542,24023.095341945416,1.120115476709727
2021-10-29,0,-0.7669577555931301,0.0,0.565,0.0,1.0523,200000,224023.09534194542,24023.095341945416,1.120115476709727
2021-10-30,-2,-2.308549471095788,0.0,0.552,0.0,1.152,200000,224023.09534194542,24023.095341945416,1.120115476709727
2021-10-31,-2,-2.1462793494187555,0.0,0.5645,0.0,1.1875,200000,224023.09534194542,24023.095341945416,1.120115476709727
2021-11-01,-2,-2.3605434522880624,0.0,0.5556,0.0,1.241,200000,224023.09534194542,24023.095341945416,1.120115476709727
2021-11-02,-2,-2.088590964413491,0.0,0.584,0.0,1.3122,200000,224023.09534194542,24023.095341945416,1.120115476709727
2021-11-03,-2,-1.4354672379803006,0.0,0.582,0.0,1.2375,200000,224023.09534194542,24023.095341945416,1.120115476709727
2021-11-04,-1,-1.102901142337981,194329.5414139013,0.5764,-93796.30520094851,1.1942,200000,224023.09534194542,24023.095341945416,1.120115476709727
2021-11-05,-2,-1.2080523723939007,0.0,0.5593,0.0,1.1914,200000,227083.50084556045,27083.500845560455,1.1354175042278023
2021-11-06,-2,-1.362998628735837,0.0,0.5605,0.0,1.2398,200000,227083.50084556045,27083.500845560455,1.1354175042278023
2021-11-07,0,-0.9490574376786206,0.0,0.5726,0.0,1.2174,200000,227083.50084556045,27083.500845560455,1.1354175042278023
2021-11-08,0,-0.853781087664551,0.0,0.5941,0.0,1.2622,200000,227083.50084556045,27083.500845560455,1.1354175042278023
2021-11-09,0,-0.843475275614123,0.0,0.6111,0.0,1.3099,200000,227083.50084556045,27083.500845560455,1.1354175042278023
2021-11-10,0,-0.658936308540157,0.0,0.5694,0.0,1.2058,200000,227083.50084556045,27083.500845560455,1.1354175042278023
2021-11-11,-2,-1.2191559886707741,0.0,0.5741,0.0,1.313,200000,227083.50084556045,27083.500845560455,1.1354175042278023
2021-11-12,-2,-1.3771855205497403,0.0,0.5592,0.0,1.3216,200000,227083.50084556045,27083.500845560455,1.1354175042278023
2021-11-13,0,-0.9636637320092561,0.0,0.5698,0.0,1.2961,200000,227083.50084556045,27083.500845560455,1.1354175042278023
2021-11-14,0,-0.7510217553024009,0.0,0.5699,0.0,1.2753,200000,227083.50084556045,27083.500845560455,1.1354175042278023
2021-11-15,0,-0.27919184483788084,0.0,0.5674,0.0,1.2261,200000,227083.50084556045,27083.500845560455,1.1354175042278023
2021-11-16,0,-0.2149650868951086,0.0,0.5157,0.0,1.1176,200000,227083.50084556045,27083.500845560455,1.1354175042278023
2021-11-17,0,-0.3023171391167459,0.0,0.5259,0.0,1.1527,200000,227083.50084556045,27083.500845560455,1.1354175042278023
2021-11-18,0,-0.6799388771220723,0.0,0.4742,0.0,1.0583,200000,227083.50084556045,27083.500845560455,1.1354175042278023
2021-11-19,-1,-1.1938711070252295,226992.70376405484,0.5002,-99423.59931942227,1.142,200000,227083.50084556045,27083.500845560455,1.1354175042278023
2021-11-20,0,0.9323029792426636,0.0,0.5436,0.0,1.1541,200000,218435.0430539655,18435.04305396549,1.0921752152698274
2021-11-21,2,1.3875464945550458,0.0,0.5373,0.0,1.1176,200000,218435.0430539655,18435.04305396549,1.0921752152698274
2021-11-22,2,1.4369316759583513,0.0,0.522,0.0,1.0773,200000,218435.0430539655,18435.04305396549,1.0921752152698274
2021-11-23,2,1.779160064711163,0.0,0.5557,0.0,1.1243,200000,218435.0430539655,18435.04305396549,1.0921752152698274
2021-11-24,0,-0.40498502246302875,0.0,0.5269,0.0,1.164,200000,218435.0430539655,18435.04305396549,1.0921752152698274
2021-11-25,2,2.0587748300717115,0.0,0.5878,0.0,1.1679,200000,218435.0430539655,18435.04305396549,1.0921752152698274
2021-11-26,0,0.8173916491546572,0.0,0.5234,0.0,1.091,200000,218435.0430539655,18435.04305396549,1.0921752152698274
2021-11-27,-2,-1.6125769477185297,0.0,0.5262,0.0,1.2379,200000,218435.0430539655,18435.04305396549,1.0921752152698274
2021-11-28,0,-0.39511223530309497,0.0,0.5293,0.0,1.1736,200000,218435.0430539655,18435.04305396549,1.0921752152698274
2021-11-29,0,-0.9132016156939688,0.0,0.5252,0.0,1.1999,200000,218435.0430539655,18435.04305396549,1.0921752152698274
2021-11-30,0,-0.8589743892145899,0.0,0.5154,0.0,1.1795,200000,218435.0430539655,18435.04305396549,1.0921752152698274
2021-12-01,0,-0.40667995618610797,0.0,0.5167,0.0,1.1535,200000,218435.0430539655,18435.04305396549,1.0921752152698274
2021-12-02,2,4.181254881463808,0.0,1.0919,0.0,1.1155,200000,218435.0430539655,18435.04305396549,1.0921752152698274
2021-12-03,2,3.0013719822831564,0.0,1.0559,0.0,1.0429,200000,218435.0430539655,18435.04305396549,1.0921752152698274
2021-12-04,2,1.913505473344122,0.0,0.7968,0.0,0.8949,200000,218435.0430539655,18435.04305396549,1.0921752152698274
2021-12-05,2,1.4900555391582149,0.0,0.7076,0.0,0.8338,200000,218435.0430539655,18435.04305396549,1.0921752152698274
2021-12-06,2,1.9210537556865879,0.0,0.866,0.0,0.8626,200000,218435.0430539655,18435.04305396549,1.0921752152698274
2021-12-07,2,1.371308828659679,0.0,0.8285,0.0,0.9,200000,218435.0430539655,18435.04305396549,1.0921752152698274
2021-12-08,1,1.002327337498018,-138777.02862386627,0.787,119337.32684329408,0.9152,200000,218435.0430539655,18435.04305396549,1.0921752152698274
2021-12-09,1,0.6421383583344157,-138777.02862386627,0.6846,119337.32684329408,0.8638,200000,198090.33672313625,-1909.66327686375,0.9904516836156813
2021-12-10,2,1.5988979062738289,0.0,0.8539,0.0,0.7999,200000,241478.82005393395,41478.820053933945,1.2073941002696698
2021-12-11,1,1.055462105384871,-148092.00297677785,0.8153,142381.37974878182,0.848,200000,241478.82005393397,41478.820053933974,1.2073941002696698
2021-12-12,1,1.023189330406499,-148092.00297677785,0.8231,142381.37974878182,0.8394,200000,241409.45781131333,41409.45781131333,1.2070472890565667
2021-12-13,1,1.1307068816510595,-148092.00297677785,0.7805,142381.37974878182,0.7513,200000,222556.9389286349,22556.93892863489,1.1127846946431745
2021-12-14,2,1.2664903565317185,0.0,0.8508,0.0,0.7672,200000,258240.50164331112,58240.501643311116,1.2912025082165557
2021-12-15,2,1.4028356453423512,0.0,0.938,0.0,0.7901,200000,258240.50164331112,58240.501643311116,1.2912025082165557
2021-12-16,2,1.6313261637252432,0.0,1.0157,0.0,0.7795,200000,258240.50164331112,58240.501643311116,1.2912025082165557
2021-12-17,1,1.1534234588335677,-139363.46553875398,0.9265,167232.54866164428,0.7721,200000,258240.50164331112,58240.501643311116,1.2912025082165557
2021-12-18,1,1.0444706153704526,-139363.46553875398,0.9381,167232.54866164428,0.7859,200000,262164.92701509135,62164.92701509135,1.3108246350754569
2021-12-19,1,1.1311357065735403,-139363.46553875398,0.9499,167232.54866164428,0.7714,200000,261384.5439528548,61384.54395285479,1.3069227197642739
2021-12-20,1,0.8845676587910425,-139363.46553875398,0.8923,167232.54866164428,0.7546,200000,250547.70152030693,50547.70152030693,1.2527385076015347
2021-12-21,1,0.8079762341311647,-139363.46553875398,0.9112,167232.54866164428,0.7832,200000,257964.5219107124,57964.521910712414,1.289822609553562
2021-12-22,0,0.09648801163656363,0.0,0.8766,0.0,0.8235,200000,242690.5117117188,42690.511711718806,1.213452558558594
2021-12-23,0,-0.13543279731478955,0.0,0.9143,0.0,0.8859,200000,242690.5117117188,42690.511711718806,1.213452558558594
2021-12-24,0,-0.193143422314231,0.0,0.8767,0.0,0.8497,200000,242690.5117117188,42690.511711718806,1.213452558558594
2021-12-25,0,-0.3422052123215698,0.0,0.8821,0.0,0.8625,200000,242690.5117117188,42690.511711718806,1.213452558558594
2021-12-26,0,-0.3956547891810344,0.0,0.8932,0.0,0.8787,200000,242690.5117117188,42690.511711718806,1.213452558558594
2021-12-27,0,-0.4340294260867024,0.0,0.8919,0.0,0.876,200000,242690.5117117188,42690.511711718806,1.213452558558594
2021-12-28,0,-0.5271785509035799,0.0,0.8147,0.0,0.7992,200000,242690.5117117188,42690.511711718806,1.213452558558594
2021-12-29,0,-0.07988562176787899,0.0,0.827,0.0,0.7601,200000,242690.5117117188,42690.511711718806,1.213452558558594
2021-12-30,0,-0.6658355253025029,0.0,0.8203,0.0,0.7964,200000,242690.5117117188,42690.511711718806,1.213452558558594
2021-12-31,0,-0.8956180785275862,0.0,0.815,0.0,0.8042,200000,242690.5117117188,42690.511711718806,1.213452558558594
2022-01-01,-2,-1.7451784096330667,0.0,0.8085,0.0,0.8748,200000,242690.5117117188,42690.511711718806,1.213452558558594
2022-01-02,-2,-1.7611112926303023,0.0,0.7993,0.0,0.8876,200000,242690.5117117188,42690.511711718806,1.213452558558594
2022-01-03,-2,-2.11842185695998,0.0,0.7652,0.0,0.9401,200000,242690.5117117188,42690.511711718806,1.213452558558594
2022-01-04,-2,-1.6861746274704648,0.0,0.7433,0.0,0.8888,200000,242690.5117117188,42690.511711718806,1.213452558558594
2022-01-05,-2,-1.6382628388683262,0.0,0.682,0.0,0.8259,200000,242690.5117117188,42690.511711718806,1.213452558558594
2022-01-06,-2,-1.4493922983736187,0.0,0.6625,0.0,0.7988,200000,242690.5117117188,42690.511711718806,1.213452558558594
2022-01-07,-2,-1.5735820855994351,0.0,0.5954,0.0,0.7526,200000,242690.5117117188,42690.511711718806,1.213452558558594
2022-01-08,0,-0.2024201861900511,0.0,0.6773,0.0,0.7094,200000,242690.5117117188,42690.511711718806,1.213452558558594
2022-01-09,0,-0.4000606248184185,0.0,0.6686,0.0,0.7242,200000,242690.5117117188,42690.511711718806,1.213452558558594
2022-01-10,0,-0.5225222546934861,0.0,0.6215,0.0,0.6884,200000,242690.5117117188,42690.511711718806,1.213452558558594
2022-01-11,0,-0.6352229303744167,0.0,0.6358,0.0,0.7184,200000,242690.5117117188,42690.511711718806,1.213452558558594
2022-01-12,0,-0.7825765751105772,0.0,0.6505,0.0,0.753,200000,242690.5117117188,42690.511711718806,1.213452558558594
2022-01-13,-1,-1.0253779338779647,197695.10566285337,0.6138,-164535.94014353817,0.7375,200000,242690.5117117188,42690.511711718806,1.213452558558594
2022-01-14,-1,-0.9921101321002623,197695.10566285337,0.6184,-164535.94014353817,0.7487,200000,245442.71172737557,45442.71172737557,1.227213558636878
2022-01-15,-1,-0.6297885447202376,197695.10566285337,0.6461,-164535.94014353817,0.7587,200000,252564.22555567196,52564.22555567196,1.2628211277783599
2022-01-16,-1,-1.1579009133756224,197695.10566285337,0.6085,-164535.94014353817,0.7651,200000,246183.91959966734,46183.91959966734,1.2309195979983367
2022-01-17,-2,-1.4738329916463313,0.0,0.5481,0.0,0.7266,200000,253885.6384062037,53885.63840620371,1.2694281920310186
2022-01-18,-2,-1.3928491367620193,0.0,0.547,0.0,0.72,200000,253885.6384062037,53885.63840620371,1.2694281920310186
2022-01-19,-2,-1.243424957357404,0.0,0.5258,0.0,0.6852,200000,253885.6384062037,53885.63840620371,1.2694281920310186
2022-01-20,-2,-1.2064902887175206,0.0,0.5035,0.0,0.6552,200000,253885.6384062037,53885.63840620371,1.2694281920310186
2022-01-21,-2,-1.982675874607439,0.0,0.3931,0.0,0.5589,200000,253885.6384062037,53885.63840620371,1.2694281920310186
2022-01-22,-2,-1.9359371683902804,0.0,0.3558,0.0,0.5192,200000,253885.6384062037,53885.63840620371,1.2694281920310186
2022-01-23,-2,-1.9145000332230309,0.0,0.3609,0.0,0.544,200000,253885.6384062037,53885.63840620371,1.2694281920310186
2022-01-24,0,-0.6722521907742541,0.0,0.38,0.0,0.5036,200000,253885.6384062037,53885.63840620371,1.2694281920310186
2022-01-25,-2,-1.3063882174835406,0.0,0.3604,0.0,0.5196,200000,253885.6384062037,53885.63840620371,1.2694281920310186
2022-01-26,0,-0.9384780717844375,0.0,0.3798,0.0,0.5302,200000,253885.6384062037,53885.63840620371,1.2694281920310186
2022-01-27,0,-0.9636712722604326,0.0,0.3752,0.0,0.53,200000,253885.6384062037,53885.63840620371,1.2694281920310186
2022-01-28,-1,-1.0933519952575723,337613.8808593134,0.376,-233222.15543469015,0.5443,200000,253885.6384062037,53885.63840620371,1.2694281920310186
2022-01-29,-2,-1.2631704861685387,0.0,0.3791,0.0,0.5655,200000,257783.34507075525,57783.345070755255,1.2889167253537763
2022-01-30,0,-0.8356309242744588,0.0,0.3862,0.0,0.554,200000,257783.34507075525,57783.345070755255,1.2889167253537763
2022-01-31,0,-0.6505180716446445,0.0,0.3997,0.0,0.5669,200000,257783.34507075525,57783.345070755255,1.2889167253537763
