date,statusList,zscore,NULSUSDT_position,NULSUSDT_price,ICXUSDT_position,ICXUSDT_price,init,total_asset,pnl,return
2020-01-01,0,,0.0,0.2308,0.0,0.1146,200000,200000.0,0.0,1.0
2020-01-02,0,,0.0,0.2207,0.0,0.1096,200000,200000.0,0.0,1.0
2020-01-03,0,,0.0,0.2284,0.0,0.1142,200000,200000.0,0.0,1.0
2020-01-04,0,,0.0,0.2337,0.0,0.1139,200000,200000.0,0.0,1.0
2020-01-05,0,,0.0,0.234,0.0,0.1135,200000,200000.0,0.0,1.0
2020-01-06,0,,0.0,0.2456,0.0,0.1248,200000,200000.0,0.0,1.0
2020-01-07,0,,0.0,0.23,0.0,0.1201,200000,200000.0,0.0,1.0
2020-01-08,0,,0.0,0.2251,0.0,0.1171,200000,200000.0,0.0,1.0
2020-01-09,0,,0.0,0.226,0.0,0.1167,200000,200000.0,0.0,1.0
2020-01-10,0,,0.0,0.2279,0.0,0.1188,200000,200000.0,0.0,1.0
2020-01-11,0,,0.0,0.2339,0.0,0.1202,200000,200000.0,0.0,1.0
2020-01-12,0,,0.0,0.2382,0.0,0.1215,200000,200000.0,0.0,1.0
2020-01-13,0,,0.0,0.2348,0.0,0.1229,200000,200000.0,0.0,1.0
2020-01-14,0,,0.0,0.2461,0.0,0.1394,200000,200000.0,0.0,1.0
2020-01-15,0,,0.0,0.2584,0.0,0.143,200000,200000.0,0.0,1.0
2020-01-16,0,,0.0,0.2585,0.0,0.1455,200000,200000.0,0.0,1.0
2020-01-17,0,,0.0,0.2692,0.0,0.1527,200000,200000.0,0.0,1.0
2020-01-18,0,,0.0,0.2754,0.0,0.1532,200000,200000.0,0.0,1.0
2020-01-19,0,,0.0,0.2618,0.0,0.1462,200000,200000.0,0.0,1.0
2020-01-20,-2,-1.531760129014639,0.0,0.2635,0.0,0.1511,200000,200000.0,0.0,1.0
2020-01-21,-2,-1.5396702948433019,0.0,0.2704,0.0,0.157,200000,200000.0,0.0,1.0
2020-01-22,-1,-1.0556153712855727,362713.09394269134,0.2757,-639386.189258312,0.1564,200000,200000.0,0.0,1.0
2020-01-23,-2,-1.2899129300175638,0.0,0.2575,0.0,0.1495,200000,202189.61360387463,2189.6136038746336,1.0109480680193732
2020-01-24,0,-0.6820331576332838,0.0,0.2683,0.0,0.1507,200000,202189.61360387463,2189.6136038746336,1.0109480680193732
2020-01-25,-2,-1.4863096003919498,0.0,0.2624,0.0,0.155,200000,202189.61360387463,2189.6136038746336,1.0109480680193732
2020-01-26,-2,-2.4840547235887716,0.0,0.2684,0.0,0.1738,200000,202189.61360387463,2189.6136038746336,1.0109480680193732
2020-01-27,-2,-2.1978831008200777,0.0,0.2704,0.0,0.1775,200000,202189.61360387463,2189.6136038746336,1.0109480680193732
2020-01-28,-2,-2.1824484867166283,0.0,0.2733,0.0,0.186,200000,202189.61360387463,2189.6136038746336,1.0109480680193732
2020-01-29,-2,-2.6724363601685597,0.0,0.2717,0.0,0.2112,200000,202189.61360387463,2189.6136038746336,1.0109480680193732
2020-01-30,-2,-2.5821406082385634,0.0,0.2786,0.0,0.238,200000,202189.61360387463,2189.6136038746336,1.0109480680193732
2020-01-31,-2,-2.396878762753113,0.0,0.2815,0.0,0.2589,200000,202189.61360387463,2189.6136038746336,1.0109480680193732
2020-02-01,-2,-2.1228165196194446,0.0,0.2908,0.0,0.2751,200000,202189.61360387463,2189.6136038746336,1.0109480680193732
2020-02-02,-2,-2.071563795243687,0.0,0.3076,0.0,0.3176,200000,202189.61360387463,2189.6136038746336,1.0109480680193732
2020-02-03,-2,-2.1194811165937497,0.0,0.3054,0.0,0.3705,200000,202189.61360387463,2189.6136038746336,1.0109480680193732
2020-02-04,-2,-2.1720731915314535,0.0,0.3321,0.0,0.5091,200000,202189.61360387463,2189.6136038746336,1.0109480680193732
2020-02-05,-2,-1.5922343640701218,0.0,0.3427,0.0,0.4369,200000,202189.61360387463,2189.6136038746336,1.0109480680193732
2020-02-06,-2,-1.4200862988377245,0.0,0.3579,0.0,0.4574,200000,202189.61360387463,2189.6136038746336,1.0109480680193732
2020-02-07,-1,-1.162634343377538,293198.395597266,0.3448,-245197.2030122176,0.4123,200000,202189.61360387463,2189.6136038746336,1.0109480680193732
2020-02-08,-1,-1.0050810699727701,293198.395597266,0.3482,-245197.2030122176,0.4056,200000,201543.6668887235,1543.6668887234991,1.0077183344436176
2020-02-09,-1,-0.9894732385957892,293198.395597266,0.3609,-245197.2030122176,0.438,200000,213211.67589040461,13211.675890404615,1.066058379452023
2020-02-10,-1,-0.839202152326176,293198.395597266,0.3461,-245197.2030122176,0.4077,200000,201442.86438429487,1442.8643842948659,1.0072143219214744
2020-02-11,-1,-0.6778959841074614,293198.395597266,0.3668,-245197.2030122176,0.4161,200000,209571.7276784609,9571.727678460913,1.0478586383923045
2020-02-12,-1,-0.4426244308159281,293198.395597266,0.3976,-245197.2030122176,0.423,200000,220294.09896364098,20294.09896364098,1.1014704948182048
2020-02-13,0,-0.11711925505568674,0.0,0.391,0.0,0.3843,200000,181778.3260429388,-18221.673957061197,0.908891630214694
2020-02-14,0,0.14477276999069327,0.0,0.4271,0.0,0.4036,200000,181778.3260429388,-18221.673957061197,0.908891630214694
2020-02-15,0,0.1362887155352076,0.0,0.3688,0.0,0.3595,200000,181778.3260429388,-18221.673957061197,0.908891630214694
2020-02-16,0,0.048999892195201185,0.0,0.3419,0.0,0.35,200000,181778.3260429388,-18221.673957061197,0.908891630214694
2020-02-17,0,-0.02295941592662298,0.0,0.3239,0.0,0.3455,200000,181778.3260429388,-18221.673957061197,0.908891630214694
2020-02-18,0,-0.11330182288183187,0.0,0.3473,0.0,0.3826,200000,181778.3260429388,-18221.673957061197,0.908891630214694
2020-02-19,0,-0.32569236609986474,0.0,0.3163,0.0,0.3633,200000,181778.3260429388,-18221.673957061197,0.908891630214694
2020-02-20,0,-0.8106325240941665,0.0,0.3147,0.0,0.3896,200000,181778.3260429388,-18221.673957061197,0.908891630214694
2020-02-21,-1,-1.078606210742613,279745.03853945644,0.3249,-215275.1374265026,0.4222,200000,181778.3260429388,-18221.673957061197,0.908891630214694
2020-02-22,-1,-0.9247231507634295,279745.03853945644,0.3153,-215275.1374265026,0.4067,200000,175756.00904284924,-24243.99095715076,0.8787800452142462
2020-02-23,-1,-0.5652907959247343,279745.03853945644,0.327,-215275.1374265026,0.4033,200000,178297.09052651073,-21702.90947348927,0.8914854526325536
2020-02-24,-1,-0.38777186186926826,279745.03853945644,0.3079,-215275.1374265026,0.365,200000,164708.92252697208,-35291.07747302792,0.8235446126348605
2020-02-25,-1,-0.44289972374628434,279745.03853945644,0.2752,-215275.1374265026,0.3266,200000,147294.69448955415,-52705.30551044585,0.7364734724477708
2020-02-26,-1,-0.34591057919438023,279745.03853945644,0.259,-215275.1374265026,0.3027,200000,137617.74908072158,-62382.25091927842,0.688088745403608
2020-02-27,-1,-0.7098782037651312,279745.03853945644,0.2555,-215275.1374265026,0.3099,200000,138188.62243530428,-61811.37756469572,0.6909431121765214
2020-02-28,-1,-0.7067897066879094,279745.03853945644,0.2516,-215275.1374265026,0.306,200000,136258.04374903702,-63741.956250962976,0.6812902187451851
2020-02-29,-1,-0.7786847885507951,279745.03853945644,0.2395,-215275.1374265026,0.2937,200000,130225.24459236363,-69774.75540763637,0.6511262229618182
2020-03-01,-1,-0.45265298615835997,279745.03853945644,0.2423,-215275.1374265026,0.2875,200000,129673.82484822978,-70326.17515177022,0.6483691242411489
2020-03-02,-1,-0.6287715538287652,279745.03853945644,0.2614,-215275.1374265026,0.3171,200000,141389.0991521579,-58610.9008478421,0.7069454957607895
2020-03-03,-2,-1.329836442895521,0.0,0.255,0.0,0.3399,200000,183615.36042664564,-16384.63957335436,0.9180768021332282
2020-03-04,0,-0.6103253486312022,0.0,0.2631,0.0,0.3257,200000,183615.36042664564,-16384.63957335436,0.9180768021332282
2020-03-05,-2,-2.0712892452302065,0.0,0.268,0.0,0.3958,200000,183615.36042664564,-16384.63957335436,0.9180768021332282
2020-03-06,-2,-1.4899919477944492,0.0,0.2748,0.0,0.3812,200000,183615.36042664564,-16384.63957335436,0.9180768021332282
2020-03-07,0,-0.8483489904120209,0.0,0.2675,0.0,0.351,200000,183615.36042664564,-16384.63957335436,0.9180768021332282
2020-03-08,0,-0.4691495523996628,0.0,0.2266,0.0,0.2903,200000,183615.36042664564,-16384.63957335436,0.9180768021332282
2020-03-09,-2,-1.7147094188981282,0.0,0.2307,0.0,0.3266,200000,183615.36042664564,-16384.63957335436,0.9180768021332282
2020-03-10,-1,-1.1361597540040183,398643.85676649073,0.2303,-291360.4576747789,0.3151,200000,183615.36042664564,-16384.63957335436,0.9180768021332282
2020-03-11,-1,-0.7523369064441342,398643.85676649073,0.2251,-291360.4576747789,0.3014,200000,177550.77410131542,-22449.225898684585,0.8877538705065771
2020-03-12,-2,-1.2426223662552836,0.0,0.1184,0.0,0.1653,200000,184577.81143913412,-15422.188560865878,0.9228890571956706
2020-03-13,-2,-1.3613511995329328,0.0,0.1342,0.0,0.1911,200000,184577.81143913412,-15422.188560865878,0.9228890571956706
2020-03-14,-2,-1.3467409111020556,0.0,0.1262,0.0,0.1819,200000,184577.81143913412,-15422.188560865878,0.9228890571956706
2020-03-15,-1,-1.1448947550572643,700750.9925555584,0.1317,-489596.31681467936,0.1885,200000,184577.81143913412,-15422.188560865878,0.9228890571956706
2020-03-16,-2,-1.3541585132662761,0.0,0.114,0.0,0.1682,200000,187042.2987760295,-12957.701223970507,0.9352114938801475
2020-03-17,0,-0.7133408129026111,0.0,0.1283,0.0,0.1804,200000,187042.2987760295,-12957.701223970507,0.9352114938801475
2020-03-18,0,-0.5377381579596864,0.0,0.1306,0.0,0.1822,200000,187042.2987760295,-12957.701223970507,0.9352114938801475
2020-03-19,0,-0.45012175030580953,0.0,0.1496,0.0,0.2085,200000,187042.2987760295,-12957.701223970507,0.9352114938801475
2020-03-20,0,0.37653709794487694,0.0,0.1525,0.0,0.2021,200000,187042.2987760295,-12957.701223970507,0.9352114938801475
2020-03-21,0,0.5545746857020921,0.0,0.1517,0.0,0.201,200000,187042.2987760295,-12957.701223970507,0.9352114938801475
2020-03-22,0,0.8168753931319349,0.0,0.1391,0.0,0.1837,200000,187042.2987760295,-12957.701223970507,0.9352114938801475
2020-03-23,0,0.5216664197159686,0.0,0.1487,0.0,0.1991,200000,187042.2987760295,-12957.701223970507,0.9352114938801475
2020-03-24,0,-0.3973397719238923,0.0,0.1489,0.0,0.2089,200000,187042.2987760295,-12957.701223970507,0.9352114938801475
2020-03-25,0,-0.6081945933195259,0.0,0.1458,0.0,0.2055,200000,187042.2987760295,-12957.701223970507,0.9352114938801475
2020-03-26,2,3.8968752088046275,0.0,0.2099,0.0,0.2092,200000,187042.2987760295,-12957.701223970507,0.9352114938801475
2020-03-27,2,1.9962621162996343,0.0,0.1749,0.0,0.1945,200000,187042.2987760295,-12957.701223970507,0.9352114938801475
2020-03-28,2,1.639426513182378,0.0,0.1697,0.0,0.1913,200000,187042.2987760295,-12957.701223970507,0.9352114938801475
2020-03-29,1,1.1471593275338847,-610053.15973917,0.1533,522756.5644942132,0.1789,200000,187042.2987760295,-12957.701223970507,0.9352114938801475
2020-03-30,2,2.270272969200591,0.0,0.2055,0.0,0.2055,200000,204981.7490988681,4981.749098868109,1.0249087454943406
2020-03-31,2,1.544112662393866,0.0,0.2009,0.0,0.2118,200000,204981.7490988681,4981.749098868109,1.0249087454943406
2020-04-01,0,0.5267237663296521,0.0,0.207,0.0,0.2447,200000,204981.7490988681,4981.749098868109,1.0249087454943406
2020-04-02,0,-0.01744125445939219,0.0,0.1985,0.0,0.2505,200000,204981.7490988681,4981.749098868109,1.0249087454943406
2020-04-03,0,0.13832388521046607,0.0,0.197,0.0,0.2419,200000,204981.7490988681,4981.749098868109,1.0249087454943406
2020-04-04,0,0.12789887358485266,0.0,0.1959,0.0,0.2392,200000,204981.7490988681,4981.749098868109,1.0249087454943406
2020-04-05,0,0.35918600071303425,0.0,0.1961,0.0,0.231,200000,204981.7490988681,4981.749098868109,1.0249087454943406
2020-04-06,0,-0.13705941465324692,0.0,0.2033,0.0,0.2519,200000,204981.7490988681,4981.749098868109,1.0249087454943406
2020-04-07,0,0.06800026836835268,0.0,0.2061,0.0,0.2479,200000,204981.7490988681,4981.749098868109,1.0249087454943406
2020-04-08,0,-0.10868308677609637,0.0,0.2078,0.0,0.253,200000,204981.7490988681,4981.749098868109,1.0249087454943406
2020-04-09,0,-0.44069493304863855,0.0,0.202,0.0,0.2538,200000,204981.7490988681,4981.749098868109,1.0249087454943406
2020-04-10,0,-0.05836237210871383,0.0,0.1903,0.0,0.2288,200000,204981.7490988681,4981.749098868109,1.0249087454943406
2020-04-11,0,0.2520713756113439,0.0,0.1981,0.0,0.2299,200000,204981.7490988681,4981.749098868109,1.0249087454943406
2020-04-12,0,-0.13897991699103554,0.0,0.1941,0.0,0.2323,200000,204981.7490988681,4981.749098868109,1.0249087454943406
2020-04-13,0,0.034073264505990596,0.0,0.195,0.0,0.2279,200000,204981.7490988681,4981.749098868109,1.0249087454943406
2020-04-14,0,0.08452262899449295,0.0,0.1975,0.0,0.228,200000,204981.7490988681,4981.749098868109,1.0249087454943406
2020-04-15,0,-0.18143741456396675,0.0,0.1861,0.0,0.2205,200000,204981.7490988681,4981.749098868109,1.0249087454943406
2020-04-16,0,-0.19434351449869888,0.0,0.1978,0.0,0.2353,200000,204981.7490988681,4981.749098868109,1.0249087454943406
2020-04-17,0,-0.11666569855144897,0.0,0.1955,0.0,0.2321,200000,204981.7490988681,4981.749098868109,1.0249087454943406
2020-04-18,0,-0.376184530480904,0.0,0.2049,0.0,0.2474,200000,204981.7490988681,4981.749098868109,1.0249087454943406
2020-04-19,0,-0.4118624952722231,0.0,0.196,0.0,0.2378,200000,204981.7490988681,4981.749098868109,1.0249087454943406
2020-04-20,0,0.8079242212606279,0.0,0.1887,0.0,0.2222,200000,204981.7490988681,4981.749098868109,1.0249087454943406
2020-04-21,0,-0.1483092084378113,0.0,0.1861,0.0,0.2245,200000,204981.7490988681,4981.749098868109,1.0249087454943406
2020-04-22,0,-0.6277157388499878,0.0,0.195,0.0,0.2372,200000,204981.7490988681,4981.749098868109,1.0249087454943406
2020-04-23,-1,-1.1041687335585193,504632.56794403767,0.2031,-410456.0454522789,0.2497,200000,204981.7490988681,4981.749098868109,1.0249087454943406
2020-04-24,-2,-1.827280843374441,0.0,0.211,0.0,0.265,200000,207275.12930753006,7275.129307530064,1.0363756465376504
2020-04-25,-2,-2.3063821162628746,0.0,0.2111,0.0,0.2722,200000,207275.12930753006,7275.129307530064,1.0363756465376504
2020-04-26,-2,-3.2718335281928654,0.0,0.2118,0.0,0.2989,200000,207275.12930753006,7275.129307530064,1.0363756465376504
2020-04-27,-2,-2.46471643320654,0.0,0.2068,0.0,0.2907,200000,207275.12930753006,7275.129307530064,1.0363756465376504
2020-04-28,-2,-1.4048030018671,0.0,0.2129,0.0,0.2839,200000,207275.12930753006,7275.129307530064,1.0363756465376504
2020-04-29,-2,-1.5763228547082198,0.0,0.2194,0.0,0.299,200000,207275.12930753006,7275.129307530064,1.0363756465376504
2020-04-30,0,-0.3992740458258708,0.0,0.2199,0.0,0.2786,200000,207275.12930753006,7275.129307530064,1.0363756465376504
2020-05-01,0,-0.15548567259416282,0.0,0.2268,0.0,0.2841,200000,207275.12930753006,7275.129307530064,1.0363756465376504
2020-05-02,0,-0.4217137833978679,0.0,0.2276,0.0,0.2906,200000,207275.12930753006,7275.129307530064,1.0363756465376504
2020-05-03,0,-0.03967518773030979,0.0,0.2186,0.0,0.2738,200000,207275.12930753006,7275.129307530064,1.0363756465376504
2020-05-04,0,-0.2962049369557133,0.0,0.2159,0.0,0.2756,200000,207275.12930753006,7275.129307530064,1.0363756465376504
2020-05-05,0,0.1270860808884623,0.0,0.2191,0.0,0.2742,200000,207275.12930753006,7275.129307530064,1.0363756465376504
2020-05-06,0,0.9969785513496704,0.0,0.218,0.0,0.2613,200000,207275.12930753006,7275.129307530064,1.0363756465376504
2020-05-07,0,-0.26169392811131914,0.0,0.2185,0.0,0.2801,200000,207275.12930753006,7275.129307530064,1.0363756465376504
2020-05-08,0,-0.6599050693690456,0.0,0.2298,0.0,0.3018,200000,207275.12930753006,7275.129307530064,1.0363756465376504
2020-05-09,0,-0.7788316986021239,0.0,0.2226,0.0,0.2954,200000,207275.12930753006,7275.129307530064,1.0363756465376504
2020-05-10,0,-0.747632381905736,0.0,0.1979,0.0,0.2632,200000,207275.12930753006,7275.129307530064,1.0363756465376504
2020-05-11,0,-0.561574178053431,0.0,0.1901,0.0,0.2515,200000,207275.12930753006,7275.129307530064,1.0363756465376504
2020-05-12,0,0.09599780634734653,0.0,0.2048,0.0,0.264,200000,207275.12930753006,7275.129307530064,1.0363756465376504
2020-05-13,0,0.6787970225082965,0.0,0.215,0.0,0.2712,200000,207275.12930753006,7275.129307530064,1.0363756465376504
2020-05-14,1,1.0911745748613506,-478474.44438488013,0.2166,385987.2054143949,0.2685,200000,207275.12930753006,7275.129307530064,1.0363756465376504
2020-05-15,1,0.7082259107080234,-478474.44438488013,0.2141,385987.2054143949,0.269,200000,206271.93679927508,6271.936799275078,1.0313596839963755
2020-05-16,1,0.8090335392644347,-478474.44438488013,0.2183,385987.2054143949,0.2725,200000,209632.48468464194,9632.484684641939,1.0481624234232096
2020-05-17,1,1.1063778660197128,-478474.44438488013,0.2245,385987.2054143949,0.277,200000,214335.968664193,14335.968664193002,1.071679843320965
2020-05-18,0,-0.04648368408961062,0.0,0.2245,0.0,0.2866,200000,204068.70900017009,4068.7090001700853,1.0203435450008504
2020-05-19,-2,-1.3106958047168025,0.0,0.2242,0.0,0.2961,200000,204068.70900017009,4068.7090001700853,1.0203435450008504
2020-05-20,-2,-3.3922834821993364,0.0,0.224,0.0,0.341,200000,204068.70900017009,4068.7090001700853,1.0203435450008504
2020-05-21,-2,-1.6092320471784909,0.0,0.2197,0.0,0.3083,200000,204068.70900017009,4068.7090001700853,1.0203435450008504
2020-05-22,0,-0.6981801814334891,0.0,0.2426,0.0,0.3254,200000,204068.70900017009,4068.7090001700853,1.0203435450008504
2020-05-23,0,-0.9027578747285935,0.0,0.2342,0.0,0.3191,200000,204068.70900017009,4068.7090001700853,1.0203435450008504
2020-05-24,0,-0.5753166791807565,0.0,0.2259,0.0,0.3033,200000,204068.70900017009,4068.7090001700853,1.0203435450008504
2020-05-25,-1,-1.0426849904795545,426030.707724781,0.2395,-307517.64466571744,0.3318,200000,204068.70900017009,4068.7090001700853,1.0203435450008504
2020-05-26,0,-0.13959019971499814,0.0,0.2572,0.0,0.3408,200000,199295.62427543293,-704.3757245670713,0.9964781213771646
2020-05-27,0,0.8265080325840859,0.0,0.268,0.0,0.3388,200000,199295.62427543293,-704.3757245670713,0.9964781213771646
2020-05-28,0,0.821975281269024,0.0,0.2797,0.0,0.3527,200000,199295.62427543293,-704.3757245670713,0.9964781213771646
2020-05-29,2,2.9358561653571096,0.0,0.3226,0.0,0.3492,200000,199295.62427543293,-704.3757245670713,0.9964781213771646
2020-05-30,2,2.110917889534978,0.0,0.3238,0.0,0.3579,200000,199295.62427543293,-704.3757245670713,0.9964781213771646
2020-05-31,2,2.309293638655984,0.0,0.3116,0.0,0.3272,200000,199295.62427543293,-704.3757245670713,0.9964781213771646
2020-06-01,2,1.804149751732542,0.0,0.321,0.0,0.3423,200000,199295.62427543293,-704.3757245670713,0.9964781213771646
2020-06-02,2,1.3799968618713971,0.0,0.3099,0.0,0.338,200000,199295.62427543293,-704.3757245670713,0.9964781213771646
2020-06-03,2,1.6487306753837843,0.0,0.3249,0.0,0.339,200000,199295.62427543293,-704.3757245670713,0.9964781213771646
2020-06-04,2,1.72773184960194,0.0,0.3313,0.0,0.3347,200000,199295.62427543293,-704.3757245670713,0.9964781213771646
2020-06-05,2,1.2946228729006923,0.0,0.3238,0.0,0.3368,200000,199295.62427543293,-704.3757245670713,0.9964781213771646
2020-06-06,2,1.317956183529231,0.0,0.3298,0.0,0.3368,200000,199295.62427543293,-704.3757245670713,0.9964781213771646
2020-06-07,2,1.423587308520095,0.0,0.3375,0.0,0.334,200000,199295.62427543293,-704.3757245670713,0.9964781213771646
2020-06-08,2,1.550809463849727,0.0,0.3516,0.0,0.335,200000,199295.62427543293,-704.3757245670713,0.9964781213771646
2020-06-09,2,1.3675822345199338,0.0,0.3471,0.0,0.3333,200000,199295.62427543293,-704.3757245670713,0.9964781213771646
2020-06-10,0,0.5156008518036557,0.0,0.3443,0.0,0.3623,200000,199295.62427543293,-704.3757245670713,0.9964781213771646
2020-06-11,2,1.252436576794403,0.0,0.3362,0.0,0.3213,200000,199295.62427543293,-704.3757245670713,0.9964781213771646
2020-06-12,2,1.2285791550421374,0.0,0.3484,0.0,0.33,200000,199295.62427543293,-704.3757245670713,0.9964781213771646
2020-06-13,1,1.0176972653660854,-282288.41965358774,0.353,294206.70840778406,0.3387,200000,199295.62427543293,-704.3757245670713,0.9964781213771646
2020-06-14,2,1.4907739150126433,0.0,0.3534,0.0,0.3221,200000,204292.37100286357,4292.371002863569,1.0214618550143177
2020-06-15,2,1.7515549258139236,0.0,0.3564,0.0,0.3151,200000,204292.37100286357,4292.371002863569,1.0214618550143177
2020-06-16,2,2.0013189094509136,0.0,0.3695,0.0,0.316,200000,204292.37100286357,4292.371002863569,1.0214618550143177
2020-06-17,2,2.5946354776663396,0.0,0.4071,0.0,0.324,200000,204292.37100286357,4292.371002863569,1.0214618550143177
2020-06-18,2,1.7574725940895086,0.0,0.392,0.0,0.3255,200000,204292.37100286357,4292.371002863569,1.0214618550143177
2020-06-19,2,2.087075455431826,0.0,0.4077,0.0,0.3201,200000,204292.37100286357,4292.371002863569,1.0214618550143177
2020-06-20,2,1.7809565509271579,0.0,0.4064,0.0,0.3197,200000,204292.37100286357,4292.371002863569,1.0214618550143177
2020-06-21,2,1.749549506721984,0.0,0.4125,0.0,0.318,200000,204292.37100286357,4292.371002863569,1.0214618550143177
2020-06-22,2,2.27024149016342,0.0,0.4625,0.0,0.3262,200000,204292.37100286357,4292.371002863569,1.0214618550143177
2020-06-23,2,2.8653401163618586,0.0,0.5335,0.0,0.3229,200000,204292.37100286357,4292.371002863569,1.0214618550143177
2020-06-24,2,2.0861909313271165,0.0,0.5046,0.0,0.3174,200000,204292.37100286357,4292.371002863569,1.0214618550143177
2020-06-25,2,1.9054486383035423,0.0,0.5027,0.0,0.3107,200000,204292.37100286357,4292.371002863569,1.0214618550143177
2020-06-26,2,1.7496545320062327,0.0,0.492,0.0,0.2998,200000,204292.37100286357,4292.371002863569,1.0214618550143177
2020-06-27,2,1.5569196253285598,0.0,0.4634,0.0,0.2818,200000,204292.37100286357,4292.371002863569,1.0214618550143177
2020-06-28,2,1.9746634240241576,0.0,0.5267,0.0,0.2876,200000,204292.37100286357,4292.371002863569,1.0214618550143177
2020-06-29,2,1.405556547177488,0.0,0.5127,0.0,0.297,200000,204292.37100286357,4292.371002863569,1.0214618550143177
2020-06-30,2,1.5017359840545008,0.0,0.5207,0.0,0.2899,200000,204292.37100286357,4292.371002863569,1.0214618550143177
2020-07-01,2,1.5010420654262864,0.0,0.5513,0.0,0.2989,200000,204292.37100286357,4292.371002863569,1.0214618550143177
2020-07-02,0,0.7171242434841115,0.0,0.5251,0.0,0.3184,200000,204292.37100286357,4292.371002863569,1.0214618550143177
2020-07-03,0,0.7542836208226865,0.0,0.5697,0.0,0.3391,200000,204292.37100286357,4292.371002863569,1.0214618550143177
2020-07-04,0,0.6619302121088477,0.0,0.5628,0.0,0.3358,200000,204292.37100286357,4292.371002863569,1.0214618550143177
2020-07-05,1,1.1158184765079648,-163381.61468559148,0.6252,295134.8902092799,0.3461,200000,204292.37100286357,4292.371002863569,1.0214618550143177
2020-07-06,2,1.376076897932944,0.0,0.6666,0.0,0.3522,200000,209256.04702057043,9256.047020570433,1.0462802351028522
2020-07-07,0,-0.19848377101759712,0.0,0.6149,0.0,0.3935,200000,209256.04702057043,9256.047020570433,1.0462802351028522
2020-07-08,0,-0.8498185202439967,0.0,0.577,0.0,0.3962,200000,209256.04702057043,9256.047020570433,1.0462802351028522
2020-07-09,-1,-1.0123634790598683,185741.20985316034,0.5633,-268897.5160891422,0.3891,200000,209256.04702057046,9256.047020570462,1.0462802351028524
2020-07-10,-2,-1.7847357058679794,0.0,0.5325,0.0,0.402,200000,218445.65424159775,18445.654241597746,1.0922282712079887
2020-07-11,-2,-1.545219295665833,0.0,0.558,0.0,0.4039,200000,218445.65424159775,18445.654241597746,1.0922282712079887
2020-07-12,-2,-1.8856087915275523,0.0,0.5177,0.0,0.3976,200000,218445.65424159775,18445.654241597746,1.0922282712079887
2020-07-13,-2,-2.302145128423823,0.0,0.4674,0.0,0.4138,200000,218445.65424159775,18445.654241597746,1.0922282712079887
2020-07-14,-2,-1.7518751109454764,0.0,0.4858,0.0,0.4093,200000,218445.65424159775,18445.654241597746,1.0922282712079887
2020-07-15,-2,-1.6377732356314214,0.0,0.4648,0.0,0.401,200000,218445.65424159775,18445.654241597746,1.0922282712079887
2020-07-16,-2,-1.5031982358591258,0.0,0.439,0.0,0.3841,200000,218445.65424159775,18445.654241597746,1.0922282712079887
2020-07-17,-2,-1.3452163120103953,0.0,0.4463,0.0,0.3909,200000,218445.65424159775,18445.654241597746,1.0922282712079887
2020-07-18,0,-0.9582691827276817,0.0,0.4734,0.0,0.388,200000,218445.65424159775,18445.654241597746,1.0922282712079887
2020-07-19,-2,-1.265450779906586,0.0,0.4642,0.0,0.4223,200000,218445.65424159775,18445.654241597746,1.0922282712079887
2020-07-20,0,-0.9278929498918478,0.0,0.4661,0.0,0.3998,200000,218445.65424159775,18445.654241597746,1.0922282712079887
2020-07-21,-1,-1.0959456677115849,241696.89559813868,0.4519,-264911.0529245667,0.4123,200000,218445.65424159775,18445.654241597746,1.0922282712079887
2020-07-22,-1,-0.8668277151259178,241696.89559813868,0.4673,-264911.0529245667,0.4131,200000,222379.71527614872,22379.715276148723,1.1118985763807436
2020-07-23,-1,-0.4939514522008456,241696.89559813868,0.4928,-264911.0529245667,0.4083,200000,227271.41305986332,27271.41305986332,1.1363570652993167
2020-07-24,-1,-0.35624384899367545,241696.89559813868,0.4814,-264911.0529245667,0.3938,200000,220674.85818263833,20674.85818263833,1.1033742909131916
2020-07-25,-1,-0.35543162567081,241696.89559813868,0.4804,-264911.0529245667,0.399,200000,221810.69876224798,21810.69876224798,1.10905349381124
2020-07-26,-1,-0.3743333999303487,241696.89559813868,0.4594,-264911.0529245667,0.3863,200000,213370.69358254503,13370.693582545035,1.066853467912725
2020-07-27,-1,-0.7049141038633138,241696.89559813868,0.4215,-264911.0529245667,0.3695,200000,199759.87555024284,-240.12444975716062,0.9987993777512142
2020-07-28,-1,-0.2687701926995651,241696.89559813868,0.4471,-264911.0529245667,0.3794,200000,208569.93550150841,8569.935501508415,1.042849677507542
2020-07-29,-1,-0.29234082618359736,241696.89559813868,0.4401,-264911.0529245667,0.3768,200000,206189.28849471756,6189.288494717563,1.030946442473588
2020-07-30,0,-0.018061897806891693,0.0,0.4388,0.0,0.3715,200000,210803.512614611,10803.512614611012,1.054017563073055
2020-07-31,0,-0.04029569638261905,0.0,0.4373,0.0,0.3738,200000,210803.512614611,10803.512614611012,1.054017563073055
2020-08-01,2,1.3772193818381666,0.0,0.4652,0.0,0.3814,200000,210803.512614611,10803.512614611012,1.054017563073055
2020-08-02,0,0.6498810012975871,0.0,0.4472,0.0,0.3742,200000,210803.512614611,10803.512614611012,1.054017563073055
2020-08-03,2,1.6063609844132607,0.0,0.4646,0.0,0.3754,200000,210803.512614611,10803.512614611012,1.054017563073055
2020-08-04,0,-0.2512369136655793,0.0,0.4621,0.0,0.3971,200000,210803.512614611,10803.512614611012,1.054017563073055
2020-08-05,0,0.7610313451373218,0.0,0.4707,0.0,0.3899,200000,210803.512614611,10803.512614611012,1.054017563073055
2020-08-06,2,1.6396074356117059,0.0,0.4879,0.0,0.3898,200000,210803.512614611,10803.512614611012,1.054017563073055
2020-08-07,2,2.3833027226294017,0.0,0.4939,0.0,0.3783,200000,210803.512614611,10803.512614611012,1.054017563073055
2020-08-08,2,2.5216815496980387,0.0,0.5315,0.0,0.3963,200000,210803.512614611,10803.512614611012,1.054017563073055
2020-08-09,0,0.42158517087100583,0.0,0.5218,0.0,0.4258,200000,210803.512614611,10803.512614611012,1.054017563073055
2020-08-10,0,0.6304343097914711,0.0,0.5641,0.0,0.4545,200000,210803.512614611,10803.512614611012,1.054017563073055
2020-08-11,0,0.7701268897826007,0.0,0.5281,0.0,0.4217,200000,210803.512614611,10803.512614611012,1.054017563073055
2020-08-12,0,-0.8264744525863746,0.0,0.5291,0.0,0.4512,200000,210803.512614611,10803.512614611012,1.054017563073055
2020-08-13,-2,-2.5292443081210254,0.0,0.512,0.0,0.4877,200000,210803.512614611,10803.512614611012,1.054017563073055
2020-08-14,-2,-3.028519588223267,0.0,0.5096,0.0,0.5501,200000,210803.512614611,10803.512614611012,1.054017563073055
2020-08-15,-2,-2.097374383435018,0.0,0.4947,0.0,0.5104,200000,210803.512614611,10803.512614611012,1.054017563073055
2020-08-16,-2,-1.973923303300542,0.0,0.5085,0.0,0.5368,200000,210803.512614611,10803.512614611012,1.054017563073055
2020-08-17,-2,-1.3182529905271183,0.0,0.5088,0.0,0.5063,200000,210803.512614611,10803.512614611012,1.054017563073055
2020-08-18,0,-0.6839514405338942,0.0,0.532,0.0,0.4951,200000,210803.512614611,10803.512614611012,1.054017563073055
2020-08-19,0,-0.774726454940811,0.0,0.4801,0.0,0.4547,200000,210803.512614611,10803.512614611012,1.054017563073055
2020-08-20,-2,-1.6073403995679616,0.0,0.5013,0.0,0.5412,200000,210803.512614611,10803.512614611012,1.054017563073055
2020-08-21,-2,-1.897962835950847,0.0,0.4698,0.0,0.5576,200000,210803.512614611,10803.512614611012,1.054017563073055
2020-08-22,-2,-2.08610138144455,0.0,0.4844,0.0,0.6455,200000,210803.512614611,10803.512614611012,1.054017563073055
2020-08-23,-2,-1.654947163819774,0.0,0.4794,0.0,0.6133,200000,210803.512614611,10803.512614611012,1.054017563073055
2020-08-24,-2,-1.3983208802529852,0.0,0.4868,0.0,0.6116,200000,210803.512614611,10803.512614611012,1.054017563073055
2020-08-25,-2,-1.3558035928128946,0.0,0.4468,0.0,0.5779,200000,210803.512614611,10803.512614611012,1.054017563073055
2020-08-26,-2,-1.5338212328581853,0.0,0.4487,0.0,0.6398,200000,210803.512614611,10803.512614611012,1.054017563073055
2020-08-27,-2,-1.204877087278362,0.0,0.433,0.0,0.5815,200000,210803.512614611,10803.512614611012,1.054017563073055
2020-08-28,-1,-1.173581067052608,233138.1471075105,0.4521,-171412.841612141,0.6149,200000,210803.512614611,10803.512614611012,1.054017563073055
2020-08-29,-1,-0.7920500823301737,233138.1471075105,0.5003,-171412.841612141,0.6333,200000,225194.76759085638,25194.767590856383,1.1259738379542819
2020-08-30,-1,-0.879587693006846,233138.1471075105,0.4692,-171412.841612141,0.6153,200000,214858.74006679427,14858.740066794271,1.0742937003339714
2020-08-31,-1,-0.7385101829389072,233138.1471075105,0.4623,-171412.841612141,0.5953,200000,209821.83001950965,9821.830019509653,1.0491091500975482
2020-09-01,-1,-0.658315572208487,233138.1471075105,0.4549,-171412.841612141,0.5838,200000,206125.36005237442,6125.360052374424,1.0306268002618721
2020-09-02,-1,-0.45554973430730433,233138.1471075105,0.4352,-171412.841612141,0.5476,200000,195327.39368799696,-4672.606312003045,0.9766369684399848
2020-09-03,-1,-0.8502069862068667,233138.1471075105,0.3233,-171412.841612141,0.437,200000,150280.97474436375,-49719.025255636254,0.7514048737218187
2020-09-04,-1,-0.7483258367216095,233138.1471075105,0.3423,-171412.841612141,0.4613,200000,158875.9315905815,-41124.06840941851,0.7943796579529074
2020-09-05,-1,-0.9473893520429234,233138.1471075105,0.2955,-171412.841612141,0.417,200000,140371.47742253216,-59628.52257746784,0.7018573871126608
2020-09-06,-1,-0.9161605082543302,233138.1471075105,0.3096,-171412.841612141,0.4401,200000,147618.3619379885,-52381.63806201151,0.7380918096899425
2020-09-07,-1,-0.7910741421100177,233138.1471075105,0.3048,-171412.841612141,0.4261,200000,144099.51904930247,-55900.48095069753,0.7204975952465124
2020-09-08,-1,-0.5507337710178264,233138.1471075105,0.2971,-171412.841612141,0.4036,200000,138447.5663803015,-61552.43361969851,0.6922378319015074
2020-09-09,0,-0.03661787768647337,0.0,0.3145,0.0,0.4165,200000,208875.0138807557,8875.013880755694,1.0443750694037786
2020-09-10,-1,-1.1290498172323185,320164.0310863821,0.3262,-228929.2129337524,0.4562,200000,208875.0138807557,8875.013880755694,1.0443750694037786
2020-09-11,0,0.22938865195550975,0.0,0.3396,0.0,0.4483,200000,202776.27508202146,2776.275082021457,1.0138813754101073
2020-09-12,-2,-2.05079435125159,0.0,0.3318,0.0,0.492,200000,202776.27508202146,2776.275082021457,1.0138813754101073
2020-09-13,-2,-2.635326550275046,0.0,0.301,0.0,0.4792,200000,202776.27508202146,2776.275082021457,1.0138813754101073
2020-09-14,-2,-2.755504740636661,0.0,0.299,0.0,0.5144,200000,202776.27508202146,2776.275082021457,1.0138813754101073
2020-09-15,-2,-2.6769057322134517,0.0,0.274,0.0,0.5096,200000,202776.27508202146,2776.275082021457,1.0138813754101073
2020-09-16,-2,-1.9587615479433997,0.0,0.2778,0.0,0.4953,200000,202776.27508202146,2776.275082021457,1.0138813754101073
2020-09-17,-2,-1.6338228539689412,0.0,0.267,0.0,0.4707,200000,202776.27508202146,2776.275082021457,1.0138813754101073
2020-09-18,-2,-1.4899792087519133,0.0,0.268,0.0,0.4754,200000,202776.27508202146,2776.275082021457,1.0138813754101073
2020-09-19,-2,-1.2370369938138572,0.0,0.2678,0.0,0.4672,200000,202776.27508202146,2776.275082021457,1.0138813754101073
2020-09-20,-1,-1.1081370424996517,385066.9864831399,0.2633,-221130.0709727606,0.4585,200000,202776.27508202146,2776.275082021457,1.0138813754101073
2020-09-21,-1,-0.8490723427282749,385066.9864831399,0.2424,-221130.0709727606,0.4115,200000,184335.2617288041,-15664.738271195907,0.9216763086440205
2020-09-22,-1,-0.6891353097582557,385066.9864831399,0.2496,-221130.0709727606,0.4187,200000,188699.8805424866,-11300.119457513414,0.9434994027124329
2020-09-23,0,0.17007751175203073,0.0,0.2452,0.0,0.3715,200000,190507.67136273612,-9492.328637263883,0.9525383568136806
2020-09-24,0,-0.011253745798499597,0.0,0.2615,0.0,0.4079,200000,190507.67136273612,-9492.328637263883,0.9525383568136806
2020-09-25,0,-0.26935097473814323,0.0,0.2553,0.0,0.4131,200000,190507.67136273612,-9492.328637263883,0.9525383568136806
2020-09-26,0,-0.32941026362915826,0.0,0.2597,0.0,0.4261,200000,190507.67136273612,-9492.328637263883,0.9525383568136806
2020-09-27,0,0.0414300635080823,0.0,0.2623,0.0,0.4155,200000,190507.67136273612,-9492.328637263883,0.9525383568136806
2020-09-28,2,1.646237612363058,0.0,0.297,0.0,0.4009,200000,190507.67136273612,-9492.328637263883,0.9525383568136806
2020-09-29,0,0.6802909247031641,0.0,0.284,0.0,0.4261,200000,190507.67136273612,-9492.328637263883,0.9525383568136806
2020-09-30,0,0.6598589179712607,0.0,0.2778,0.0,0.4206,200000,190507.67136273612,-9492.328637263883,0.9525383568136806
2020-10-01,0,0.40862794126323393,0.0,0.2755,0.0,0.4333,200000,190507.67136273612,-9492.328637263883,0.9525383568136806
2020-10-02,2,1.2212061995798928,0.0,0.2671,0.0,0.3948,200000,190507.67136273612,-9492.328637263883,0.9525383568136806
2020-10-03,2,1.730617199345131,0.0,0.2783,0.0,0.3896,200000,190507.67136273612,-9492.328637263883,0.9525383568136806
2020-10-04,2,1.4684870983987472,0.0,0.2801,0.0,0.3942,200000,190507.67136273612,-9492.328637263883,0.9525383568136806
2020-10-05,1,1.0026733965676666,-351230.9575271684,0.2712,242006.69634493918,0.3936,200000,190507.67136273612,-9492.328637263883,0.9525383568136806
2020-10-06,1,1.0433429991843255,-351230.9575271684,0.2497,242006.69634493918,0.3583,200000,174413.36939492566,-25586.630605074344,0.8720668469746282
2020-10-07,1,1.081017848074169,-351230.9575271684,0.2595,242006.69634493918,0.3683,200000,180275.49974214128,-19724.500257858715,0.9013774987107064
2020-10-08,1,0.6480423294002636,-351230.9575271684,0.2599,242006.69634493918,0.379,200000,183005.46377604303,-16994.536223956966,0.9150273188802152
2020-10-09,1,0.513688869552242,-351230.9575271684,0.2719,242006.69634493918,0.3982,200000,191866.76383619185,-8133.236163808149,0.9593338191809593
2020-10-10,1,0.9605845002021879,-351230.9575271684,0.2778,242006.69634493918,0.3931,200000,192704.79233424296,-7295.207665757043,0.9635239616712148
2020-10-11,1,0.483118551872033,-351230.9575271684,0.273,242006.69634493918,0.3959,200000,191696.50248787837,-8303.497512121627,0.9584825124393919
2020-10-12,0,-0.15234518259067392,0.0,0.2727,0.0,0.4075,200000,187670.6247198322,-12329.375280167791,0.938353123599161
2020-10-13,0,-0.7016939808619954,0.0,0.2664,0.0,0.4102,200000,187670.6247198322,-12329.375280167791,0.938353123599161
2020-10-14,0,-0.15584637865111178,0.0,0.2614,0.0,0.3901,200000,187670.6247198322,-12329.375280167791,0.938353123599161
2020-10-15,0,0.8107392491646731,0.0,0.2687,0.0,0.3808,200000,187670.6247198322,-12329.375280167791,0.938353123599161
2020-10-16,0,-0.17493800285192315,0.0,0.2494,0.0,0.3676,200000,187670.6247198322,-12329.375280167791,0.938353123599161
2020-10-17,-2,-1.287817729977199,0.0,0.2484,0.0,0.3814,200000,187670.6247198322,-12329.375280167791,0.938353123599161
2020-10-18,0,-0.8927178239118259,0.0,0.2542,0.0,0.385,200000,187670.6247198322,-12329.375280167791,0.938353123599161
2020-10-19,0,-0.38103733249250143,0.0,0.2512,0.0,0.3738,200000,187670.6247198322,-12329.375280167791,0.938353123599161
2020-10-20,0,-0.9210352524882922,0.0,0.2339,0.0,0.3544,200000,187670.6247198322,-12329.375280167791,0.938353123599161
2020-10-21,-2,-1.3066244005119676,0.0,0.244,0.0,0.3728,200000,187670.6247198322,-12329.375280167791,0.938353123599161
2020-10-22,-2,-1.5931415854950124,0.0,0.246,0.0,0.3817,200000,187670.6247198322,-12329.375280167791,0.938353123599161
2020-10-23,-2,-1.631290090111635,0.0,0.2398,0.0,0.3749,200000,187670.6247198322,-12329.375280167791,0.938353123599161
2020-10-24,0,-0.7499442675417431,0.0,0.2454,0.0,0.3732,200000,187670.6247198322,-12329.375280167791,0.938353123599161
2020-10-25,-2,-1.6059284277681118,0.0,0.2355,0.0,0.3711,200000,187670.6247198322,-12329.375280167791,0.938353123599161
2020-10-26,0,-0.9590271706907693,0.0,0.2336,0.0,0.3611,200000,187670.6247198322,-12329.375280167791,0.938353123599161
2020-10-27,0,-0.6374417536480319,0.0,0.2329,0.0,0.357,200000,187670.6247198322,-12329.375280167791,0.938353123599161
2020-10-28,-2,-1.6684102839655388,0.0,0.2128,0.0,0.3399,200000,187670.6247198322,-12329.375280167791,0.938353123599161
2020-10-29,-2,-2.37387622655709,0.0,0.2016,0.0,0.3376,200000,187670.6247198322,-12329.375280167791,0.938353123599161
2020-10-30,-2,-1.749678921729329,0.0,0.1949,0.0,0.32,200000,187670.6247198322,-12329.375280167791,0.938353123599161
2020-10-31,-2,-1.2814403833694845,0.0,0.1965,0.0,0.3181,200000,187670.6247198322,-12329.375280167791,0.938353123599161
2020-11-01,0,-0.8614395756854257,0.0,0.2114,0.0,0.3377,200000,187670.6247198322,-12329.375280167791,0.938353123599161
2020-11-02,0,0.12012068191339996,0.0,0.2085,0.0,0.3204,200000,187670.6247198322,-12329.375280167791,0.938353123599161
2020-11-03,0,-0.46406804216750414,0.0,0.2003,0.0,0.3157,200000,187670.6247198322,-12329.375280167791,0.938353123599161
2020-11-04,-1,-1.1379357058897126,486445.3725241893,0.1929,-300369.11766938574,0.3124,200000,187670.6247198322,-12329.375280167791,0.938353123599161
2020-11-05,0,0.3091322989521568,0.0,0.2041,0.0,0.316,200000,183303.76537117112,-16696.234628828883,0.9165188268558556
2020-11-06,-2,-1.7039552326471277,0.0,0.2169,0.0,0.3604,200000,183303.76537117112,-16696.234628828883,0.9165188268558556
2020-11-07,-2,-1.7690240712806573,0.0,0.1997,0.0,0.3357,200000,183303.76537117112,-16696.234628828883,0.9165188268558556
2020-11-08,-2,-1.3285253982258818,0.0,0.2115,0.0,0.3512,200000,183303.76537117112,-16696.234628828883,0.9165188268558556
2020-11-09,-1,-1.1971935905468103,442335.34114664845,0.2072,-266507.36459896935,0.3439,200000,183303.76537117112,-16696.234628828883,0.9165188268558556
2020-11-10,0,0.5831041782547424,0.0,0.2286,0.0,0.3578,200000,177542.2414385585,-22457.7585614415,0.8877112071927925
2020-11-11,2,3.8012309598143816,0.0,0.2908,0.0,0.3613,200000,177542.2414385585,-22457.7585614415,0.8877112071927925
2020-11-12,0,0.5998139554497413,0.0,0.2421,0.0,0.365,200000,177542.2414385585,-22457.7585614415,0.8877112071927925
2020-11-13,0,0.48054436124635297,0.0,0.246,0.0,0.3739,200000,177542.2414385585,-22457.7585614415,0.8877112071927925
2020-11-14,0,0.7975646496266794,0.0,0.2377,0.0,0.3522,200000,177542.2414385585,-22457.7585614415,0.8877112071927925
2020-11-15,2,1.3372035315625683,0.0,0.2407,0.0,0.341,200000,177542.2414385585,-22457.7585614415,0.8877112071927925
2020-11-16,1,1.125067456963129,-359397.2498756245,0.247,251547.52258225915,0.3529,200000,177542.2414385585,-22457.7585614415,0.8877112071927925
2020-11-17,1,0.4679704917602088,-359397.2498756245,0.243,251547.52258225915,0.3631,200000,178670.43716939504,-21329.562830604962,0.8933521858469752
2020-11-18,1,0.5098484120987811,-359397.2498756245,0.2344,251547.52258225915,0.3474,200000,171630.3247159232,-28369.675284076802,0.858151623579616
2020-11-19,0,-0.11810038481334834,0.0,0.2233,0.0,0.3458,200000,170810.51402684022,-29189.485973159783,0.8540525701342011
2020-11-20,0,-0.26209081666902395,0.0,0.2317,0.0,0.362,200000,170810.51402684022,-29189.485973159783,0.8540525701342011
2020-11-21,0,-0.7696276685236081,0.0,0.2498,0.0,0.4062,200000,170810.51402684022,-29189.485973159783,0.8540525701342011
2020-11-22,0,-0.010220645174132096,0.0,0.2532,0.0,0.3886,200000,170810.51402684022,-29189.485973159783,0.8540525701342011
2020-11-23,0,-0.6321292222280779,0.0,0.2715,0.0,0.4374,200000,170810.51402684022,-29189.485973159783,0.8540525701342011
2020-11-24,0,-0.9270147239169088,0.0,0.2822,0.0,0.4662,200000,170810.51402684022,-29189.485973159783,0.8540525701342011
2020-11-25,0,-0.9183233681043546,0.0,0.2845,0.0,0.4722,200000,170810.51402684022,-29189.485973159783,0.8540525701342011
2020-11-26,0,-0.7314892962338518,0.0,0.2475,0.0,0.4039,200000,170810.51402684022,-29189.485973159783,0.8540525701342011
2020-11-27,0,0.015783814165139756,0.0,0.2589,0.0,0.3966,200000,170810.51402684022,-29189.485973159783,0.8540525701342011
2020-11-28,0,-0.36714046071161927,0.0,0.2596,0.0,0.4078,200000,170810.51402684022,-29189.485973159783,0.8540525701342011
2020-11-29,0,-0.8807437428702539,0.0,0.2503,0.0,0.4079,200000,170810.51402684022,-29189.485973159783,0.8540525701342011
2020-11-30,-1,-1.1002446449025078,323995.66393558466,0.2636,-194367.90399048728,0.4394,200000,170810.51402684022,-29189.485973159783,0.8540525701342011
2020-12-01,-1,-1.1745144156695695,323995.66393558466,0.2524,-194367.90399048728,0.4179,200000,163002.85265496618,-36997.14734503382,0.8150142632748308
2020-12-02,-2,-1.4659390387273226,0.0,0.2572,0.0,0.4373,200000,172475.91367764794,-27524.086322352057,0.8623795683882397
2020-12-03,-2,-1.3207933598148127,0.0,0.2587,0.0,0.4402,200000,172475.91367764794,-27524.086322352057,0.8623795683882397
2020-12-04,0,-0.5598392000304832,0.0,0.2444,0.0,0.3991,200000,172475.91367764794,-27524.086322352057,0.8623795683882397
2020-12-05,0,-0.10168520410411269,0.0,0.2641,0.0,0.4227,200000,172475.91367764794,-27524.086322352057,0.8623795683882397
2020-12-06,0,0.009642725568711433,0.0,0.2581,0.0,0.4134,200000,172475.91367764794,-27524.086322352057,0.8623795683882397
2020-12-07,0,-0.5794125907353646,0.0,0.2564,0.0,0.4219,200000,172475.91367764794,-27524.086322352057,0.8623795683882397
2020-12-08,2,2.6958993175472528,0.0,0.2674,0.0,0.3884,200000,172475.91367764794,-27524.086322352057,0.8623795683882397
2020-12-09,2,3.1621698558505402,0.0,0.2875,0.0,0.3882,200000,172475.91367764794,-27524.086322352057,0.8623795683882397
2020-12-10,2,1.6768098340256639,0.0,0.2634,0.0,0.3791,200000,172475.91367764794,-27524.086322352057,0.8623795683882397
2020-12-11,2,1.3740762562954432,0.0,0.2483,0.0,0.3601,200000,172475.91367764794,-27524.086322352057,0.8623795683882397
2020-12-12,1,1.0516085365003185,-331047.81895901717,0.2605,224695.0412684314,0.3838,200000,172475.91367764794,-27524.086322352057,0.8623795683882397
2020-12-13,1,0.7614274558884422,-331047.81895901717,0.2591,224695.0412684314,0.3871,200000,172753.94036729116,-27246.059632708842,0.8637697018364558
2020-12-14,1,1.1859321737390058,-331047.81895901717,0.2809,224695.0412684314,0.4052,200000,184037.7630675563,-15962.236932443688,0.9201888153377815
2020-12-15,1,0.589489616724946,-331047.81895901717,0.2681,224695.0412684314,0.4001,200000,178654.40627441191,-21345.593725588085,0.8932720313720596
2020-12-16,1,1.091396634549875,-331047.81895901717,0.2963,224695.0412684314,0.4251,200000,193607.330800767,-6392.669199233002,0.968036654003835
2020-12-17,1,0.48871889069466923,-331047.81895901717,0.2744,224695.0412684314,0.4087,200000,182672.38488876223,-17327.61511123777,0.9133619244438111
2020-12-18,0,-0.2397311240026787,0.0,0.2771,0.0,0.4336,200000,166781.49441719975,-33218.50558280025,0.8339074720859987
2020-12-19,0,0.3354966859819928,0.0,0.2894,0.0,0.4338,200000,166781.49441719975,-33218.50558280025,0.8339074720859987
2020-12-20,0,0.7170968801327586,0.0,0.294,0.0,0.4277,200000,166781.49441719975,-33218.50558280025,0.8339074720859987
2020-12-21,0,0.4757859679976693,0.0,0.2724,0.0,0.4005,200000,166781.49441719975,-33218.50558280025,0.8339074720859987
2020-12-22,0,0.0786050918525104,0.0,0.2646,0.0,0.3964,200000,166781.49441719975,-33218.50558280025,0.8339074720859987
2020-12-23,0,-0.7886354308645869,0.0,0.2262,0.0,0.3529,200000,166781.49441719975,-33218.50558280025,0.8339074720859987
2020-12-24,0,-0.46968031923478143,0.0,0.2476,0.0,0.3781,200000,166781.49441719975,-33218.50558280025,0.8339074720859987
2020-12-25,-2,-2.0878065538804513,0.0,0.2414,0.0,0.4034,200000,166781.49441719975,-33218.50558280025,0.8339074720859987
2020-12-26,-2,-2.689095898162076,0.0,0.231,0.0,0.4167,200000,166781.49441719975,-33218.50558280025,0.8339074720859987
2020-12-27,-2,-2.0518347338283713,0.0,0.2296,0.0,0.4014,200000,166781.49441719975,-33218.50558280025,0.8339074720859987
2020-12-28,-2,-2.6165027569784387,0.0,0.2285,0.0,0.4496,200000,166781.49441719975,-33218.50558280025,0.8339074720859987
2020-12-29,-2,-2.663177742293517,0.0,0.2164,0.0,0.4673,200000,166781.49441719975,-33218.50558280025,0.8339074720859987
2020-12-30,-2,-2.4632299858603584,0.0,0.2032,0.0,0.4728,200000,166781.49441719975,-33218.50558280025,0.8339074720859987
2020-12-31,-2,-1.8561970032572848,0.0,0.2112,0.0,0.4665,200000,166781.49441719975,-33218.50558280025,0.8339074720859987
2021-01-01,-2,-1.4430174335233523,0.0,0.2125,0.0,0.4497,200000,166781.49441719975,-33218.50558280025,0.8339074720859987
2021-01-02,-2,-1.275301014208094,0.0,0.2058,0.0,0.434,200000,166781.49441719975,-33218.50558280025,0.8339074720859987
2021-01-03,-2,-1.3493201295926822,0.0,0.22,0.0,0.4864,200000,166781.49441719975,-33218.50558280025,0.8339074720859987
2021-01-04,-2,-1.542458749870761,0.0,0.2163,0.0,0.523,200000,166781.49441719975,-33218.50558280025,0.8339074720859987
2021-01-05,-2,-1.2973621243465892,0.0,0.2322,0.0,0.5472,200000,166781.49441719975,-33218.50558280025,0.8339074720859987
2021-01-06,-2,-1.3115353132261562,0.0,0.2551,0.0,0.6253,200000,166781.49441719975,-33218.50558280025,0.8339074720859987
2021-01-07,0,-0.9382286595881113,0.0,0.2504,0.0,0.574,200000,166781.49441719975,-33218.50558280025,0.8339074720859987
2021-01-08,-2,-1.203221106311742,0.0,0.2489,0.0,0.628,200000,166781.49441719975,-33218.50558280025,0.8339074720859987
2021-01-09,-1,-1.0593004058834565,302908.63497493597,0.2753,-121756.09170477424,0.6849,200000,166781.49441719975,-33218.50558280025,0.8339074720859987
2021-01-10,-1,-0.7177548728984137,302908.63497493597,0.2716,-121756.09170477424,0.6342,200000,159487.69861836045,-40512.301381639554,0.7974384930918023
2021-01-11,-1,-1.0171362956864527,302908.63497493597,0.2397,-121756.09170477424,0.6058,200000,146367.04015824437,-53632.959841755626,0.7318352007912219
2021-01-12,-1,-0.5882431397318492,302908.63497493597,0.2421,-121756.09170477424,0.5695,200000,142674.27475330094,-57325.72524669906,0.7133713737665046
2021-01-13,-1,-0.7082380374382272,302908.63497493597,0.2597,-121756.09170477424,0.6271,200000,155018.6176110548,-44981.3823889452,0.775093088055274
2021-01-14,-1,-0.540595815842246,302908.63497493597,0.2536,-121756.09170477424,0.603,200000,150236.55312762264,-49763.44687237736,0.7511827656381131
2021-01-15,-1,-0.3759763715725795,302908.63497493597,0.2596,-121756.09170477424,0.6112,200000,153052.4048894514,-46947.5951105486,0.765262024447257
2021-01-16,-1,-0.8210626945325447,302908.63497493597,0.2694,-121756.09170477424,0.66,200000,161962.60678739875,-38037.39321260125,0.8098130339369938
2021-01-17,-1,-0.21125758438629308,302908.63497493597,0.2804,-121756.09170477424,0.6625,200000,165598.99200138496,-34401.00799861504,0.8279949600069249
2021-01-18,-2,-1.4691566088248413,0.0,0.2906,0.0,0.7455,200000,169525.41145939252,-30474.58854060748,0.8476270572969626
2021-01-19,1,1.096740557082953,269258.91273728164,0.3148,-121855.52865108721,0.6956,200000,169525.41145939252,-30474.58854060748,0.8476270572969626
2021-01-20,0,-2.0379686297430797,0.0,0.2948,0.0,0.8043,200000,150894.53724027373,-49105.46275972627,0.7544726862013686
2021-01-21,-2,-1.4005011144860642,0.0,0.2662,0.0,0.6985,200000,150894.53724027373,-49105.46275972627,0.7544726862013686
2021-01-22,2,1.2401091085920994,0.0,0.3136,0.0,0.7073,200000,150894.53724027373,-49105.46275972627,0.7544726862013686
2021-01-23,2,3.3393079564861314,0.0,0.3879,0.0,0.7289,200000,150894.53724027373,-49105.46275972627,0.7544726862013686
2021-01-24,1,1.037186526548298,-216989.55599694236,0.3477,99298.85314574475,0.7598,200000,150894.53724027373,-49105.46275972627,0.7544726862013686
2021-01-25,0,-0.4985584928351129,0.0,0.3259,0.0,0.8088,200000,141298.5211153989,-58701.47888460109,0.7064926055769946
2021-01-26,-2,-1.4815831615129627,0.0,0.3245,0.0,0.8941,200000,141298.5211153989,-58701.47888460109,0.7064926055769946
2021-01-27,-2,-1.4221832937893704,0.0,0.2862,0.0,0.7986,200000,141298.5211153989,-58701.47888460109,0.7064926055769946
2021-01-28,-1,-1.065143719114071,233937.94886655448,0.302,-86548.15699828428,0.8163,200000,141298.5211153989,-58701.47888460109,0.7064926055769946
2021-01-29,-1,-0.4922789760915663,233937.94886655448,0.315,-86548.15699828428,0.8025,200000,143145.3498840878,-56854.6501159122,0.715726749420439
2021-01-30,0,-0.0929558313764314,0.0,0.3121,0.0,0.7655,200000,134539.10145633388,-65460.89854366612,0.6726955072816694
2021-01-31,0,0.05462635733214022,0.0,0.2986,0.0,0.7202,200000,134539.10145633388,-65460.89854366612,0.6726955072816694
2021-02-01,2,1.2141773427440494,0.0,0.3568,0.0,0.7669,200000,134539.10145633388,-65460.89854366612,0.6726955072816694
2021-02-02,1,1.1336172347731726,-182946.8336365704,0.3677,85302.49902126165,0.7886,200000,134539.10145633388,-65460.89854366612,0.6726955072816694
2021-02-03,2,1.3988926914318385,0.0,0.391,0.0,0.8069,200000,137240.72694797692,-62759.27305202308,0.6862036347398845
2021-02-04,2,1.5547120074051235,0.0,0.3815,0.0,0.7617,200000,137240.72694797692,-62759.27305202308,0.6862036347398845
2021-02-05,1,1.1925661735938073,-168476.21771173202,0.4073,82436.76534597363,0.8324,200000,137240.72694797692,-62759.27305202308,0.6862036347398845
2021-02-06,1,1.0568692511304656,-168476.21771173202,0.4026,82436.76534597363,0.8262,200000,135937.78077958676,-64062.219220413244,0.6796889038979338
2021-02-07,1,0.6325639333816062,-168476.21771173202,0.3865,82436.76534597363,0.8249,200000,133118.14587947808,-66881.85412052192,0.6655907293973904
2021-02-08,1,1.1948286836052648,-168476.21771173202,0.4254,82436.76534597363,0.8455,200000,141370.0681145915,-58629.9318854085,0.7068503405729575
2021-02-09,2,1.2916846918224583,0.0,0.4851,0.0,0.9404,200000,141445.0060285845,-58554.993971415504,0.7072250301429225
2021-02-10,0,0.5273776171704772,0.0,0.5865,0.0,1.227,200000,141445.0060285845,-58554.993971415504,0.7072250301429225
2021-02-11,0,0.5214670572854772,0.0,0.6379,0.0,1.3298,200000,141445.0060285845,-58554.993971415504,0.7072250301429225
2021-02-12,0,0.3214933346516602,0.0,0.6631,0.0,1.4273,200000,141445.0060285845,-58554.993971415504,0.7072250301429225
2021-02-13,0,0.4501507554129418,0.0,0.7623,0.0,1.6156,200000,141445.0060285845,-58554.993971415504,0.7072250301429225
2021-02-14,0,0.6966783940931923,0.0,0.7152,0.0,1.4652,200000,141445.0060285845,-58554.993971415504,0.7072250301429225
2021-02-15,-2,-1.5781587287374237,0.0,0.669,0.0,1.7707,200000,141445.0060285845,-58554.993971415504,0.7072250301429225
2021-02-16,-2,-1.7349327819540377,0.0,0.6444,0.0,1.725,200000,141445.0060285845,-58554.993971415504,0.7072250301429225
2021-02-17,-2,-2.3079044399148754,0.0,0.6621,0.0,1.9668,200000,141445.0060285845,-58554.993971415504,0.7072250301429225
2021-02-18,-2,-2.241365996684927,0.0,0.7278,0.0,2.2613,200000,141445.0060285845,-58554.993971415504,0.7072250301429225
2021-02-19,-2,-2.0346499826697237,0.0,0.7168,0.0,2.2766,200000,141445.0060285845,-58554.993971415504,0.7072250301429225
2021-02-20,-2,-1.754961828757636,0.0,0.65,0.0,2.0461,200000,141445.0060285845,-58554.993971415504,0.7072250301429225
2021-02-21,-2,-1.357927720815191,0.0,0.6818,0.0,2.0416,200000,141445.0060285845,-58554.993971415504,0.7072250301429225
2021-02-22,-2,-1.2212004235704104,0.0,0.6054,0.0,1.8129,200000,141445.0060285845,-58554.993971415504,0.7072250301429225
2021-02-23,-1,-1.1061108973834721,145549.50198454878,0.4859,-48546.47378795459,1.4568,200000,141445.0060285845,-58554.993971415504,0.7072250301429225
2021-02-24,-2,-1.3719030697361418,0.0,0.5013,0.0,1.6695,200000,149529.3786727204,-50470.6213272796,0.747646893363602
2021-02-25,-2,-1.248592712342166,0.0,0.4605,0.0,1.5406,200000,149529.3786727204,-50470.6213272796,0.747646893363602
2021-02-26,0,-0.8767229629063803,0.0,0.4773,0.0,1.4844,200000,149529.3786727204,-50470.6213272796,0.747646893363602
2021-02-27,0,-0.7862491912115938,0.0,0.4919,0.0,1.5276,200000,149529.3786727204,-50470.6213272796,0.747646893363602
2021-02-28,0,-0.35841126671912943,0.0,0.4872,0.0,1.3919,200000,149529.3786727204,-50470.6213272796,0.747646893363602
2021-03-01,0,-0.6336256340070815,0.0,0.542,0.0,1.6715,200000,149529.3786727204,-50470.6213272796,0.747646893363602
2021-03-02,0,-0.5292030381194567,0.0,0.5419,0.0,1.661,200000,149529.3786727204,-50470.6213272796,0.747646893363602
2021-03-03,0,-0.31511917563857217,0.0,0.5944,0.0,1.7768,200000,149529.3786727204,-50470.6213272796,0.747646893363602
2021-03-04,-2,-1.3129270112386606,0.0,0.5315,0.0,1.9399,200000,149529.3786727204,-50470.6213272796,0.747646893363602
2021-03-05,0,-0.7338867257756347,0.0,0.5625,0.0,1.8595,200000,149529.3786727204,-50470.6213272796,0.747646893363602
2021-03-06,0,-0.5179982594069473,0.0,0.5763,0.0,1.8405,200000,149529.3786727204,-50470.6213272796,0.747646893363602
2021-03-07,0,0.42439852688878116,0.0,0.6502,0.0,1.958,200000,149529.3786727204,-50470.6213272796,0.747646893363602
2021-03-08,2,2.6708671534154664,0.0,0.7219,0.0,1.889,200000,149529.3786727204,-50470.6213272796,0.747646893363602
2021-03-09,0,0.94543147644628,0.0,0.6836,0.0,1.9806,200000,149529.3786727204,-50470.6213272796,0.747646893363602
2021-03-10,2,2.9968972922991632,0.0,0.7867,0.0,1.8591,200000,149529.3786727204,-50470.6213272796,0.747646893363602
2021-03-11,2,2.5435709032253184,0.0,0.8182,0.0,1.8846,200000,149529.3786727204,-50470.6213272796,0.747646893363602
2021-03-12,2,3.240903574356563,0.0,0.9702,0.0,1.7958,200000,149529.3786727204,-50470.6213272796,0.747646893363602
2021-03-13,2,1.918917202691382,0.0,0.886,0.0,1.8371,200000,149529.3786727204,-50470.6213272796,0.747646893363602
2021-03-14,2,1.6262785074808468,0.0,0.8322,0.0,1.7388,200000,149529.3786727204,-50470.6213272796,0.747646893363602
2021-03-15,1,1.1567651309727425,-84834.55047811211,0.8813,38478.99605576953,1.943,200000,149529.3786727204,-50470.6213272796,0.747646893363602
2021-03-16,1,1.1303310937514626,-84834.55047811211,0.885,38478.99605576953,1.9204,200000,148973.64119862905,-51026.35880137095,0.7448682059931453
2021-03-17,2,1.2003627655060523,0.0,0.8933,0.0,1.8758,200000,153133.18181340548,-46866.81818659452,0.7656659090670274
2021-03-18,0,0.9629229361548616,0.0,0.8695,0.0,1.8669,200000,153133.18181340548,-46866.81818659452,0.7656659090670274
2021-03-19,0,0.5493872213246884,0.0,0.863,0.0,1.9662,200000,153133.18181340548,-46866.81818659452,0.7656659090670274
2021-03-20,0,0.792772732461086,0.0,0.8924,0.0,1.9247,200000,153133.18181340548,-46866.81818659452,0.7656659090670274
2021-03-21,0,0.3380657123238908,0.0,0.8395,0.0,1.937,200000,153133.18181340548,-46866.81818659452,0.7656659090670274
2021-03-22,0,0.8884016181872744,0.0,0.8847,0.0,1.8366,200000,153133.18181340548,-46866.81818659452,0.7656659090670274
2021-03-23,1,1.1286675033763587,-80376.43387224726,0.9526,40863.84741778446,1.8737,200000,153133.18181340548,-46866.81818659452,0.7656659090670274
2021-03-24,1,0.3003294601977999,-80376.43387224726,0.86,40863.84741778446,1.8979,200000,146679.2291443458,-53320.770855654206,0.733396145721729
2021-03-25,0,-0.0024461531322936855,0.0,0.7957,0.0,1.8076,200000,143223.2196531654,-56776.780346834596,0.716116098265827
2021-03-26,0,-0.4153480278956088,0.0,0.8683,0.0,2.0416,200000,143223.2196531654,-56776.780346834596,0.716116098265827
2021-03-27,0,-0.8446414969914843,0.0,0.9015,0.0,2.1777,200000,143223.2196531654,-56776.780346834596,0.716116098265827
2021-03-28,-2,-1.3203257904873833,0.0,0.9259,0.0,2.3399,200000,143223.2196531654,-56776.780346834596,0.716116098265827
2021-03-29,-1,-1.109440460762458,67083.47524738427,1.0675,-27893.744333183775,2.5673,200000,143223.2196531654,-56776.780346834596,0.716116098265827
2021-03-30,-2,-1.2154017130383301,0.0,1.0929,0.0,2.6613,200000,144141.3113492011,-55858.6886507989,0.7207065567460056
2021-03-31,-2,-2.196602619019808,0.0,1.091,0.0,3.0308,200000,144141.3113492011,-55858.6886507989,0.7207065567460056
2021-04-01,-2,-1.4268713295084365,0.0,1.0929,0.0,2.8069,200000,144141.3113492011,-55858.6886507989,0.7207065567460056
2021-04-02,0,-0.8653494690971463,0.0,1.1163,0.0,2.7439,200000,144141.3113492011,-55858.6886507989,0.7207065567460056
2021-04-03,0,-0.23579425599694587,0.0,1.0549,0.0,2.4666,200000,144141.3113492011,-55858.6886507989,0.7207065567460056
2021-04-04,2,1.5499999922713437,0.0,1.2974,0.0,2.6105,200000,144141.3113492011,-55858.6886507989,0.7207065567460056
2021-04-05,2,2.6319860876006533,0.0,1.4393,0.0,2.5272,200000,144141.3113492011,-55858.6886507989,0.7207065567460056
2021-04-06,2,1.669315111732458,0.0,1.3203,0.0,2.4811,200000,144141.3113492011,-55858.6886507989,0.7207065567460056
2021-04-07,1,1.1637630760224194,-60999.285378417735,1.1815,31144.140562032997,2.3141,200000,144141.3113492011,-55858.6886507989,0.7207065567460056
2021-04-08,1,0.9179275977728862,-60999.285378417735,1.2455,31144.140562032997,2.4822,200000,153280.5956418976,-46719.40435810239,0.7664029782094881
2021-04-09,1,1.1641678109516589,-60999.285378417735,1.3685,31144.140562032997,2.6295,200000,165371.03964823042,-34628.96035176958,0.8268551982411521
2021-04-10,2,1.803769771603028,0.0,1.4653,0.0,2.5537,200000,153990.77246093296,-46009.22753906704,0.7699538623046648
2021-04-11,1,1.0037037257414476,-56556.035133294026,1.3614,29862.85002926986,2.5783,200000,153990.77246093296,-46009.22753906704,0.7699538623046648
2021-04-12,1,0.2551894524469487,-56556.035133294026,1.2752,29862.85002926986,2.6644,200000,151686.83361996314,-48313.166380036855,0.7584341680998157
2021-04-13,1,0.3721071069923105,-56556.035133294026,1.2578,29862.85002926986,2.5786,200000,148140.5260761325,-51859.47392386751,0.7407026303806625
2021-04-14,1,0.49541946039115703,-56556.035133294026,1.2544,29862.85002926986,2.5159,200000,146075.83485984406,-53924.165140155936,0.7303791742992203
2021-04-15,1,1.1799230666840428,-56556.035133294026,1.4081,29862.85002926986,2.5585,200000,156040.65487107827,-43959.345128921734,0.7802032743553913
2021-04-16,1,0.5476053445819338,-56556.035133294026,1.3355,29862.85002926986,2.6004,200000,153185.94013662753,-46814.05986337247,0.7659297006831376
2021-04-17,1,0.967376406499848,-56556.035133294026,1.4681,29862.85002926986,2.6851,200000,163214.65379278146,-36785.346207218536,0.8160732689639073
2021-04-18,2,2.057959159509346,0.0,1.5061,0.0,2.354,200000,168872.66800628585,-31127.33199371415,0.8443633400314292
2021-04-19,2,1.5692883628616456,0.0,1.3236,0.0,2.1366,200000,168872.66800628585,-31127.33199371415,0.8443633400314292
2021-04-20,0,0.6902790832200538,0.0,1.2422,0.0,2.2134,200000,168872.66800628585,-31127.33199371415,0.8443633400314292
2021-04-21,0,0.0900918539810444,0.0,1.1335,0.0,2.14,200000,168872.66800628585,-31127.33199371415,0.8443633400314292
2021-04-22,0,0.039360891192978295,0.0,1.0221,0.0,1.9181,200000,168872.66800628585,-31127.33199371415,0.8443633400314292
2021-04-23,0,-0.35313239957640447,0.0,0.9553,0.0,1.8336,200000,168872.66800628585,-31127.33199371415,0.8443633400314292
2021-04-24,0,-0.18384531363749568,0.0,0.8762,0.0,1.6537,200000,168872.66800628585,-31127.33199371415,0.8443633400314292
2021-04-25,0,-0.49636185822751566,0.0,0.892,0.0,1.7332,200000,168872.66800628585,-31127.33199371415,0.8443633400314292
2021-04-26,0,-0.39257122847279236,0.0,1.0264,0.0,1.9813,200000,168872.66800628585,-31127.33199371415,0.8443633400314292
2021-04-27,-2,-1.4085189932657545,0.0,1.0958,0.0,2.3196,200000,168872.66800628585,-31127.33199371415,0.8443633400314292
2021-04-28,-2,-2.019927389312651,0.0,1.0359,0.0,2.3933,200000,168872.66800628585,-31127.33199371415,0.8443633400314292
2021-04-29,-2,-1.6720705936562814,0.0,1.035,0.0,2.3613,200000,168872.66800628585,-31127.33199371415,0.8443633400314292
2021-04-30,-2,-1.441510453008878,0.0,1.1463,0.0,2.5999,200000,168872.66800628585,-31127.33199371415,0.8443633400314292
2021-05-01,-1,-1.1020690333332352,71556.21525690079,1.18,-32431.854812038768,2.6035,200000,168872.66800628585,-31127.33199371415,0.8443633400314292
2021-05-02,-1,-1.0417159365980733,71556.21525690079,1.1394,-32431.854812038768,2.5085,200000,162886.459459712,-37113.540540288,0.81443229729856
2021-05-03,-1,-0.5070852490712598,71556.21525690079,1.1886,-32431.854812038768,2.4556,200000,164691.38013079469,-35308.619869205315,0.8234569006539734
2021-05-04,-1,-0.583485376011189,71556.21525690079,1.0301,-32431.854812038768,2.1529,200000,143532.59756097174,-56467.40243902826,0.7176629878048587
2021-05-05,-1,-0.6444103564605694,71556.21525690079,1.1233,-32431.854812038768,2.3844,200000,157709.61121190188,-42290.38878809812,0.7885480560595094
2021-05-06,-1,-0.5934861042581924,71556.21525690079,1.1709,-32431.854812038768,2.483,200000,164313.4679425974,-35686.5320574026,0.821567339712987
2021-05-07,-1,-0.8753360739859567,71556.21525690079,1.2302,-32431.854812038768,2.7322,200000,176638.76972649168,-23361.23027350832,0.8831938486324584
2021-05-08,0,0.36341098379457026,0.0,1.3673,0.0,2.6727,200000,157714.47324166138,-42285.526758338616,0.788572366208307
2021-05-09,0,-0.005690368999449263,0.0,1.288,0.0,2.6422,200000,157714.47324166138,-42285.526758338616,0.788572366208307
2021-05-10,0,0.4105220169199452,0.0,1.1437,0.0,2.2957,200000,157714.47324166138,-42285.526758338616,0.788572366208307
2021-05-11,0,-0.3824450381030485,0.0,1.1779,0.0,2.5093,200000,157714.47324166138,-42285.526758338616,0.788572366208307
2021-05-12,0,0.589715530889534,0.0,1.0148,0.0,2.0412,200000,157714.47324166138,-42285.526758338616,0.788572366208307
2021-05-13,0,-0.428786280857124,0.0,0.9763,0.0,2.1,200000,157714.47324166138,-42285.526758338616,0.788572366208307
2021-05-14,0,-0.1700327242278328,0.0,1.0041,0.0,2.138,200000,157714.47324166138,-42285.526758338616,0.788572366208307
2021-05-15,0,-0.368003989119556,0.0,0.9301,0.0,2.01,200000,157714.47324166138,-42285.526758338616,0.788572366208307
2021-05-16,0,-0.670291909854679,0.0,0.9045,0.0,1.9916,200000,157714.47324166138,-42285.526758338616,0.788572366208307
2021-05-17,0,-0.9430202712916089,0.0,0.829,0.0,1.8558,200000,157714.47324166138,-42285.526758338616,0.788572366208307
2021-05-18,-1,-1.1664087925551399,93068.85001868369,0.8473,-41262.747433849974,1.9111,200000,157714.47324166138,-42285.526758338616,0.788572366208307
2021-05-19,0,2.0178968986944246,0.0,0.6098,0.0,1.1823,200000,149746.03479130892,-50253.96520869108,0.7487301739565446
2021-05-20,0,0.3885582014230734,0.0,0.6684,0.0,1.3884,200000,149746.03479130892,-50253.96520869108,0.7487301739565446
2021-05-21,0,-0.33916155736706305,0.0,0.5938,0.0,1.2715,200000,149746.03479130892,-50253.96520869108,0.7487301739565446
2021-05-22,0,0.45986157112590603,0.0,0.5519,0.0,1.1386,200000,149746.03479130892,-50253.96520869108,0.7487301739565446
2021-05-23,0,0.47737844926645073,0.0,0.4733,0.0,0.9756,200000,149746.03479130892,-50253.96520869108,0.7487301739565446
2021-05-24,0,-0.4215777751630078,0.0,0.5494,0.0,1.1779,200000,149746.03479130892,-50253.96520869108,0.7487301739565446
2021-05-25,0,0.8749636201090105,0.0,0.5636,0.0,1.1406,200000,149746.03479130892,-50253.96520869108,0.7487301739565446
2021-05-26,0,0.12428836583755724,0.0,0.6416,0.0,1.3394,200000,149746.03479130892,-50253.96520869108,0.7487301739565446
2021-05-27,0,0.8479599763811692,0.0,0.6111,0.0,1.2327,200000,149746.03479130892,-50253.96520869108,0.7487301739565446
2021-05-28,2,1.519907839886315,0.0,0.5489,0.0,1.079,200000,149746.03479130892,-50253.96520869108,0.7487301739565446
2021-05-29,2,1.950348370180454,0.0,0.5311,0.0,1.0142,200000,149746.03479130892,-50253.96520869108,0.7487301739565446
2021-05-30,2,2.41722020440804,0.0,0.5788,0.0,1.0584,200000,149746.03479130892,-50253.96520869108,0.7487301739565446
2021-05-31,2,1.3936051053895218,0.0,0.5947,0.0,1.1341,200000,149746.03479130892,-50253.96520869108,0.7487301739565446
2021-06-01,0,0.6522334432281047,0.0,0.579,0.0,1.1483,200000,149746.03479130892,-50253.96520869108,0.7487301739565446
2021-06-02,0,0.6372433822372857,0.0,0.6139,0.0,1.2138,200000,149746.03479130892,-50253.96520869108,0.7487301739565446
2021-06-03,0,0.9518296361633648,0.0,0.6505,0.0,1.2575,200000,149746.03479130892,-50253.96520869108,0.7487301739565446
2021-06-04,0,0.6532549182069157,0.0,0.5863,0.0,1.1474,200000,149746.03479130892,-50253.96520869108,0.7487301739565446
2021-06-05,0,0.46304082012554276,0.0,0.5619,0.0,1.1067,200000,149746.03479130892,-50253.96520869108,0.7487301739565446
2021-06-06,0,0.6252281468321985,0.0,0.5927,0.0,1.1533,200000,149746.03479130892,-50253.96520869108,0.7487301739565446
2021-06-07,0,0.4069279605473137,0.0,0.531,0.0,1.0402,200000,149746.03479130892,-50253.96520869108,0.7487301739565446
2021-06-08,0,0.9473749380899172,0.0,0.5248,0.0,1.0052,200000,149746.03479130892,-50253.96520869108,0.7487301739565446
2021-06-09,0,0.7524752953988636,0.0,0.5432,0.0,1.0451,200000,149746.03479130892,-50253.96520869108,0.7487301739565446
2021-06-10,0,0.8062605827123044,0.0,0.5144,0.0,0.9849,200000,149746.03479130892,-50253.96520869108,0.7487301739565446
2021-06-11,2,2.023334985709481,0.0,0.4995,0.0,0.905,200000,149746.03479130892,-50253.96520869108,0.7487301739565446
2021-06-12,2,1.291382991737628,0.0,0.4843,0.0,0.8972,200000,149746.03479130892,-50253.96520869108,0.7487301739565446
2021-06-13,0,0.38441520114099154,0.0,0.4948,0.0,0.9465,200000,149746.03479130892,-50253.96520869108,0.7487301739565446
2021-06-14,0,-0.1191487591214119,0.0,0.5085,0.0,0.9871,200000,149746.03479130892,-50253.96520869108,0.7487301739565446
2021-06-15,-2,-2.829754573370807,0.0,0.513,0.0,1.1075,200000,149746.03479130892,-50253.96520869108,0.7487301739565446
2021-06-16,0,-0.9571254990060829,0.0,0.5034,0.0,1.0095,200000,149746.03479130892,-50253.96520869108,0.7487301739565446
2021-06-17,-2,-2.2740678199690847,0.0,0.4981,0.0,1.0726,200000,149746.03479130892,-50253.96520869108,0.7487301739565446
2021-06-18,-2,-1.7764675480053718,0.0,0.4628,0.0,0.9871,200000,149746.03479130892,-50253.96520869108,0.7487301739565446
2021-06-19,-2,-1.426238450670681,0.0,0.452,0.0,0.9541,200000,149746.03479130892,-50253.96520869108,0.7487301739565446
2021-06-20,0,0.6772099787105907,0.0,0.5034,0.0,0.9606,200000,149746.03479130892,-50253.96520869108,0.7487301739565446
2021-06-21,2,2.2373078055693947,0.0,0.4273,0.0,0.7441,200000,149746.03479130892,-50253.96520869108,0.7487301739565446
2021-06-22,0,0.31335796442986635,0.0,0.3695,0.0,0.7093,200000,149746.03479130892,-50253.96520869108,0.7487301739565446
2021-06-23,0,-0.9076196297525071,0.0,0.3801,0.0,0.7848,200000,149746.03479130892,-50253.96520869108,0.7487301739565446
2021-06-24,-2,-1.4523134808866003,0.0,0.3769,0.0,0.813,200000,149746.03479130892,-50253.96520869108,0.7487301739565446
2021-06-25,0,-0.6174696030236941,0.0,0.3533,0.0,0.724,200000,149746.03479130892,-50253.96520869108,0.7487301739565446
2021-06-26,0,-0.17540763225370684,0.0,0.3637,0.0,0.7259,200000,149746.03479130892,-50253.96520869108,0.7487301739565446
2021-06-27,0,-0.22901643105942596,0.0,0.3685,0.0,0.7388,200000,149746.03479130892,-50253.96520869108,0.7487301739565446
2021-06-28,0,-0.4681113294076431,0.0,0.3738,0.0,0.7632,200000,149746.03479130892,-50253.96520869108,0.7487301739565446
2021-06-29,0,-0.6285488253279807,0.0,0.3952,0.0,0.8184,200000,149746.03479130892,-50253.96520869108,0.7487301739565446
2021-06-30,-1,-1.0934155683661297,192574.6332192759,0.3888,-89507.49240365147,0.8365,200000,149746.03479130892,-50253.96520869108,0.7487301739565446
2021-07-01,-1,-0.7257203273558536,192574.6332192759,0.3813,-89507.49240365147,0.8043,200000,145419.58378676677,-54580.41621323323,0.7270979189338338
2021-07-02,-1,-1.102273351975959,192574.6332192759,0.3758,-89507.49240365147,0.8172,200000,145515.0699560679,-54484.93004393211,0.7275753497803394
2021-07-03,-1,-0.9492830054975879,192574.6332192759,0.3845,-89507.49240365147,0.8333,200000,148631.53989277437,-51368.460107225634,0.7431576994638718
2021-07-04,-1,-1.0663672976277294,192574.6332192759,0.3869,-89507.49240365147,0.8507,200000,150651.14938032418,-49348.850619675824,0.7532557469016209
2021-07-05,-2,-2.0796994879159696,0.0,0.3731,0.0,0.8979,200000,158265.2165664357,-41734.7834335643,0.7913260828321785
2021-07-06,-1,-1.0849013255122095,197485.92034743662,0.4007,-87720.43928967725,0.9021,200000,158265.2165664357,-41734.7834335643,0.7913260828321785
2021-07-07,-2,-1.4325265413810295,0.0,0.3974,0.0,0.9283,200000,161215.1956129718,-38784.80438702821,0.806075978064859
2021-07-08,-2,-2.636988340089764,0.0,0.3691,0.0,1.0412,200000,161215.1956129718,-38784.80438702821,0.806075978064859
2021-07-09,-2,-1.7698281037694776,0.0,0.3727,0.0,0.9786,200000,161215.1956129718,-38784.80438702821,0.806075978064859
2021-07-10,-2,-1.2643510084725122,0.0,0.3664,0.0,0.9184,200000,161215.1956129718,-38784.80438702821,0.806075978064859
2021-07-11,-2,-1.2007662944401045,0.0,0.3811,0.0,0.9519,200000,161215.1956129718,-38784.80438702821,0.806075978064859
2021-07-12,0,-0.9415441776288852,0.0,0.3714,0.0,0.9104,200000,161215.1956129718,-38784.80438702821,0.806075978064859
2021-07-13,0,-0.514097556552434,0.0,0.3639,0.0,0.8598,200000,161215.1956129718,-38784.80438702821,0.806075978064859
2021-07-14,0,0.1069752542177918,0.0,0.3737,0.0,0.8336,200000,161215.1956129718,-38784.80438702821,0.806075978064859
2021-07-15,0,0.24041839799657364,0.0,0.3554,0.0,0.7868,200000,161215.1956129718,-38784.80438702821,0.806075978064859
2021-07-16,1,1.133134993320158,-225223.79940342525,0.3579,109357.75038188291,0.7371,200000,161215.1956129718,-38784.80438702821,0.806075978064859
2021-07-17,0,0.18178875755592086,0.0,0.3519,0.0,0.7903,200000,154046.02049623505,-45953.979503764946,0.7702301024811753
2021-07-18,0,0.6513489104734087,0.0,0.3526,0.0,0.7666,200000,154046.02049623505,-45953.979503764946,0.7702301024811753
2021-07-19,0,0.6179964222794646,0.0,0.3323,0.0,0.7277,200000,154046.02049623505,-45953.979503764946,0.7702301024811753
2021-07-20,0,0.9273391237504954,0.0,0.3181,0.0,0.6807,200000,154046.02049623505,-45953.979503764946,0.7702301024811753
2021-07-21,0,0.5219473945534453,0.0,0.337,0.0,0.7456,200000,154046.02049623505,-45953.979503764946,0.7702301024811753
2021-07-22,0,0.24171259851434165,0.0,0.3405,0.0,0.7708,200000,154046.02049623505,-45953.979503764946,0.7702301024811753
2021-07-23,0,0.451147734519496,0.0,0.3573,0.0,0.7982,200000,154046.02049623505,-45953.979503764946,0.7702301024811753
2021-07-24,0,0.26393492723097656,0.0,0.356,0.0,0.8075,200000,154046.02049623505,-45953.979503764946,0.7702301024811753
2021-07-25,0,-0.07586655544303084,0.0,0.3559,0.0,0.8259,200000,154046.02049623505,-45953.979503764946,0.7702301024811753
2021-07-26,0,0.5511973654720151,0.0,0.3783,0.0,0.8388,200000,154046.02049623505,-45953.979503764946,0.7702301024811753
2021-07-27,0,0.4523582137965838,0.0,0.3896,0.0,0.8677,200000,154046.02049623505,-45953.979503764946,0.7702301024811753
2021-07-28,0,-0.12500987082948192,0.0,0.3782,0.0,0.8683,200000,154046.02049623505,-45953.979503764946,0.7702301024811753
2021-07-29,0,-0.24609824605460706,0.0,0.4008,0.0,0.9188,200000,154046.02049623505,-45953.979503764946,0.7702301024811753
2021-07-30,-2,-1.768255840122282,0.0,0.4003,0.0,0.9888,200000,154046.02049623505,-45953.979503764946,0.7702301024811753
2021-07-31,-2,-1.9545010762957258,0.0,0.4021,0.0,1.0024,200000,154046.02049623505,-45953.979503764946,0.7702301024811753
2021-08-01,-2,-2.071958689279952,0.0,0.3924,0.0,0.992,200000,154046.02049623505,-45953.979503764946,0.7702301024811753
2021-08-02,-2,-2.31718815969959,0.0,0.3883,0.0,1.0239,200000,154046.02049623505,-45953.979503764946,0.7702301024811753
2021-08-03,-2,-1.8166048531809553,0.0,0.3888,0.0,1.0121,200000,154046.02049623505,-45953.979503764946,0.7702301024811753
2021-08-04,-1,-1.0300654624208805,182001.44198515482,0.4232,-73432.17680247643,1.0489,200000,154046.02049623505,-45953.979503764946,0.7702301024811753
2021-08-05,-1,-0.63340850063276,182001.44198515482,0.4392,-73432.17680247643,1.0637,200000,158044.83978467417,-41955.16021532583,0.7902241989233709
2021-08-06,0,1.5248111114668017,0.0,0.5248,0.0,1.1064,200000,139777.02415668571,-60222.975843314285,0.6988851207834286
2021-08-07,0,0.59879759899611,0.0,0.5034,0.0,1.1257,200000,139777.02415668571,-60222.975843314285,0.6988851207834286
2021-08-08,0,0.846617331212043,0.0,0.4789,0.0,1.0553,200000,139777.02415668571,-60222.975843314285,0.6988851207834286
2021-08-09,0,0.6139779000541814,0.0,0.4965,0.0,1.1142,200000,139777.02415668571,-60222.975843314285,0.6988851207834286
2021-08-10,0,0.4532001563246664,0.0,0.4952,0.0,1.1239,200000,139777.02415668571,-60222.975843314285,0.6988851207834286
2021-08-11,0,0.3381818806748599,0.0,0.5156,0.0,1.1789,200000,139777.02415668571,-60222.975843314285,0.6988851207834286
2021-08-12,1,1.1148092273975012,-135364.1527761822,0.5163,62090.00717692152,1.1256,200000,139777.02415668571,-60222.975843314285,0.6988851207834286
2021-08-13,2,2.6765838929874533,0.0,0.6434,0.0,1.2274,200000,150661.04524392786,-49338.95475607214,0.7533052262196394
2021-08-14,2,1.494373157374727,0.0,0.6131,0.0,1.25,200000,150661.04524392786,-49338.95475607214,0.7533052262196394
2021-08-15,2,1.256159090581171,0.0,0.6117,0.0,1.26,200000,150661.04524392786,-49338.95475607214,0.7533052262196394
2021-08-16,0,0.543520298252789,0.0,0.5853,0.0,1.2747,200000,150661.04524392786,-49338.95475607214,0.7533052262196394
2021-08-17,0,0.8952321608663371,0.0,0.5591,0.0,1.1763,200000,150661.04524392786,-49338.95475607214,0.7533052262196394
2021-08-18,0,0.6600561211372834,0.0,0.548,0.0,1.1708,200000,150661.04524392786,-49338.95475607214,0.7533052262196394
2021-08-19,0,0.3321735045345392,0.0,0.5823,0.0,1.2728,200000,150661.04524392786,-49338.95475607214,0.7533052262196394
2021-08-20,0,-0.7603240848929373,0.0,0.5984,0.0,1.4356,200000,150661.04524392786,-49338.95475607214,0.7533052262196394
2021-08-21,0,-0.7652462814634902,0.0,0.5894,0.0,1.4074,200000,150661.04524392786,-49338.95475607214,0.7533052262196394
2021-08-22,0,-0.7442122645922209,0.0,0.6291,0.0,1.4833,200000,150661.04524392786,-49338.95475607214,0.7533052262196394
2021-08-23,-2,-1.3919707347069001,0.0,0.6376,0.0,1.5689,200000,150661.04524392786,-49338.95475607214,0.7533052262196394
2021-08-24,0,0.4733612686689178,0.0,0.6712,0.0,1.4367,200000,150661.04524392786,-49338.95475607214,0.7533052262196394
2021-08-25,0,-0.8606027413101606,0.0,0.6415,0.0,1.4938,200000,150661.04524392786,-49338.95475607214,0.7533052262196394
2021-08-26,0,0.17903633098284283,0.0,0.604,0.0,1.318,200000,150661.04524392786,-49338.95475607214,0.7533052262196394
2021-08-27,0,0.5250108629645065,0.0,0.6555,0.0,1.397,200000,150661.04524392786,-49338.95475607214,0.7533052262196394
2021-08-28,0,-0.05132146166223175,0.0,0.6344,0.0,1.401,200000,150661.04524392786,-49338.95475607214,0.7533052262196394
2021-08-29,0,0.05112203645561419,0.0,0.631,0.0,1.383,200000,150661.04524392786,-49338.95475607214,0.7533052262196394
2021-08-30,0,0.47581698229607716,0.0,0.6205,0.0,1.321,200000,150661.04524392786,-49338.95475607214,0.7533052262196394
2021-08-31,0,0.18229256762259985,0.0,0.6139,0.0,1.327,200000,150661.04524392786,-49338.95475607214,0.7533052262196394
2021-09-01,0,-0.46466119825969693,0.0,0.6314,0.0,1.423,200000,150661.04524392786,-49338.95475607214,0.7533052262196394
2021-09-02,-2,-1.2146076993771684,0.0,0.611,0.0,1.447,200000,150661.04524392786,-49338.95475607214,0.7533052262196394
2021-09-03,-2,-1.696474235407931,0.0,0.6231,0.0,1.535,200000,150661.04524392786,-49338.95475607214,0.7533052262196394
2021-09-04,-2,-1.9305794532331098,0.0,0.6516,0.0,1.656,200000,150661.04524392786,-49338.95475607214,0.7533052262196394
2021-09-05,-2,-1.9382227726209356,0.0,0.6874,0.0,1.79,200000,150661.04524392786,-49338.95475607214,0.7533052262196394
2021-09-06,-2,-1.2566258226279639,0.0,0.6962,0.0,1.742,200000,150661.04524392786,-49338.95475607214,0.7533052262196394
2021-09-07,-2,-1.2557543040963874,0.0,0.547,0.0,1.382,200000,150661.04524392786,-49338.95475607214,0.7533052262196394
2021-09-08,-2,-1.6114925504195678,0.0,0.5323,0.0,1.404,200000,150661.04524392786,-49338.95475607214,0.7533052262196394
2021-09-09,-2,-2.2136263061145303,0.0,0.5481,0.0,1.583,200000,150661.04524392786,-49338.95475607214,0.7533052262196394
2021-09-10,-2,-2.81109786711673,0.0,0.51,0.0,1.786,200000,150661.04524392786,-49338.95475607214,0.7533052262196394
2021-09-11,-2,-1.8236964942011753,0.0,0.5543,0.0,1.746,200000,150661.04524392786,-49338.95475607214,0.7533052262196394
2021-09-12,-2,-1.4180245094453083,0.0,0.5757,0.0,1.743,200000,150661.04524392786,-49338.95475607214,0.7533052262196394
2021-09-13,-2,-2.0353105302127346,0.0,0.531,0.0,1.93,200000,150661.04524392786,-49338.95475607214,0.7533052262196394
2021-09-14,-2,-1.9051748155636097,0.0,0.543,0.0,2.074,200000,150661.04524392786,-49338.95475607214,0.7533052262196394
2021-09-15,-2,-1.7338113780647233,0.0,0.5539,0.0,2.166,200000,150661.04524392786,-49338.95475607214,0.7533052262196394
2021-09-16,-2,-1.5137684619267535,0.0,0.5292,0.0,2.048,200000,150661.04524392786,-49338.95475607214,0.7533052262196394
2021-09-17,-1,-1.185829187135114,146900.3951286348,0.5128,-40133.46969737024,1.877,200000,150661.04524392786,-49338.95475607214,0.7533052262196394
2021-09-18,-1,-1.081600826796094,146900.3951286348,0.5262,-40133.46969737024,1.928,200000,154676.31749321742,-45323.682506782585,0.7733815874660871
2021-09-19,-1,-0.7507409540328748,146900.3951286348,0.5234,-40133.46969737024,1.796,200000,148967.3783868044,-51032.6216131956,0.744836891934022
2021-09-20,-1,-1.0060383121863097,146900.3951286348,0.4461,-40133.46969737024,1.661,200000,132193.95943421594,-67806.04056578406,0.6609697971710797
2021-09-21,-1,-0.768906372918967,146900.3951286348,0.4099,-40133.46969737024,1.469,200000,119170.53894866428,-80829.46105133572,0.5958526947433214
2021-09-22,-1,-0.8251182925017557,146900.3951286348,0.4483,-40133.46969737024,1.654,200000,132236.20601561735,-67763.79398438265,0.6611810300780867
2021-09-23,-1,-0.7075324738540084,146900.3951286348,0.4663,-40133.46969737024,1.706,200000,136967.35355219603,-63032.64644780397,0.6848367677609801
2021-09-24,-1,-0.7806934748105709,146900.3951286348,0.4224,-40133.46969737024,1.592,200000,125943.21066054876,-74056.78933945124,0.6297160533027438
2021-09-25,0,0.9375890990935003,0.0,0.5363,0.0,1.547,200000,133964.84095827275,-66035.15904172725,0.6698242047913637
2021-09-26,0,-0.2381355813959776,0.0,0.4704,0.0,1.64,200000,133964.84095827275,-66035.15904172725,0.6698242047913637
2021-09-27,0,-0.14378480634130342,0.0,0.4303,0.0,1.503,200000,133964.84095827275,-66035.15904172725,0.6698242047913637
2021-09-28,0,0.19651025702484465,0.0,0.4109,0.0,1.406,200000,133964.84095827275,-66035.15904172725,0.6698242047913637
2021-09-29,0,0.37301745467571873,0.0,0.4193,0.0,1.431,200000,133964.84095827275,-66035.15904172725,0.6698242047913637
2021-09-30,0,0.9583205441246644,0.0,0.4721,0.0,1.53,200000,133964.84095827275,-66035.15904172725,0.6698242047913637
2021-10-01,-2,-1.5148108804648721,0.0,0.4671,0.0,1.911,200000,133964.84095827275,-66035.15904172725,0.6698242047913637
2021-10-02,-2,-1.652914176833746,0.0,0.4636,0.0,1.948,200000,133964.84095827275,-66035.15904172725,0.6698242047913637
2021-10-03,-2,-2.0525284384638245,0.0,0.4731,0.0,2.162,200000,133964.84095827275,-66035.15904172725,0.6698242047913637
2021-10-04,-2,-2.074306201486372,0.0,0.451,0.0,2.171,200000,133964.84095827275,-66035.15904172725,0.6698242047913637
2021-10-05,-2,-1.8403073057201011,0.0,0.4745,0.0,2.295,200000,133964.84095827275,-66035.15904172725,0.6698242047913637
2021-10-06,-2,-1.2925425215023458,0.0,0.49,0.0,2.213,200000,133964.84095827275,-66035.15904172725,0.6698242047913637
2021-10-07,0,-0.4478030460598042,0.0,0.5356,0.0,2.141,200000,133964.84095827275,-66035.15904172725,0.6698242047913637
2021-10-08,0,-0.7203383106232396,0.0,0.5082,0.0,2.132,200000,133964.84095827275,-66035.15904172725,0.6698242047913637
2021-10-09,0,-0.5318605143534092,0.0,0.5254,0.0,2.163,200000,133964.84095827275,-66035.15904172725,0.6698242047913637
2021-10-10,0,-0.08313216823457222,0.0,0.5418,0.0,2.096,200000,133964.84095827275,-66035.15904172725,0.6698242047913637
2021-10-11,0,-0.470308716116448,0.0,0.5223,0.0,2.151,200000,133964.84095827275,-66035.15904172725,0.6698242047913637
2021-10-12,0,-0.05886624445176003,0.0,0.5232,0.0,2.037,200000,133964.84095827275,-66035.15904172725,0.6698242047913637
2021-10-13,0,-0.3184984779706585,0.0,0.5272,0.0,2.141,200000,133964.84095827275,-66035.15904172725,0.6698242047913637
2021-10-14,0,0.17058085728912467,0.0,0.5509,0.0,2.09,200000,133964.84095827275,-66035.15904172725,0.6698242047913637
2021-10-15,0,0.8272153576581749,0.0,0.559,0.0,2.008,200000,133964.84095827275,-66035.15904172725,0.6698242047913637
2021-10-16,1,1.1800138024426907,-115766.36792107912,0.5786,33457.75248708111,2.002,200000,133964.84095827275,-66035.15904172725,0.6698242047913637
2021-10-17,2,1.7139458204331999,0.0,0.6008,0.0,1.946,200000,138408.48846539724,-61591.51153460276,0.6920424423269862
2021-10-18,2,1.2227829906216723,0.0,0.5875,0.0,2.001,200000,138408.48846539724,-61591.51153460276,0.6920424423269862
2021-10-19,0,0.6521432601616016,0.0,0.5715,0.0,2.084,200000,138408.48846539724,-61591.51153460276,0.6920424423269862
2021-10-20,0,0.9718707486010919,0.0,0.5922,0.0,2.111,200000,138408.48846539724,-61591.51153460276,0.6920424423269862
2021-10-21,0,0.8535528314854013,0.0,0.5688,0.0,2.036,200000,138408.48846539724,-61591.51153460276,0.6920424423269862
2021-10-22,0,0.7788227081111597,0.0,0.5838,0.0,2.089,200000,138408.48846539724,-61591.51153460276,0.6920424423269862
2021-10-23,0,0.9103683514368304,0.0,0.5919,0.0,2.07,200000,138408.48846539724,-61591.51153460276,0.6920424423269862
2021-10-24,0,0.7031897640934259,0.0,0.5737,0.0,2.034,200000,138408.48846539724,-61591.51153460276,0.6920424423269862
2021-10-25,0,0.5183250194103233,0.0,0.5893,0.0,2.112,200000,138408.48846539724,-61591.51153460276,0.6920424423269862
2021-10-26,0,0.7905412332239004,0.0,0.5855,0.0,2.045,200000,138408.48846539724,-61591.51153460276,0.6920424423269862
2021-10-27,0,0.9849489299047257,0.0,0.5279,0.0,1.807,200000,138408.48846539724,-61591.51153460276,0.6920424423269862
2021-10-28,0,-0.12784686913864723,0.0,0.5354,0.0,1.966,200000,138408.48846539724,-61591.51153460276,0.6920424423269862
2021-10-29,0,-0.32575423913614754,0.0,0.565,0.0,2.087,200000,138408.48846539724,-61591.51153460276,0.6920424423269862
2021-10-30,-1,-1.0319707732694907,125370.00766793227,0.552,-32520.791462734313,2.128,200000,138408.48846539724,-61591.51153460276,0.6920424423269862
2021-10-31,-2,-2.11222921725053,0.0,0.5645,0.0,2.336,200000,143605.68799379683,-56394.31200620317,0.7180284399689842
2021-11-01,-2,-2.093699789084782,0.0,0.5556,0.0,2.34,200000,143605.68799379683,-56394.31200620317,0.7180284399689842
2021-11-02,-2,-1.8435928683238885,0.0,0.584,0.0,2.426,200000,143605.68799379683,-56394.31200620317,0.7180284399689842
2021-11-03,0,-0.9102757049889604,0.0,0.582,0.0,2.261,200000,143605.68799379683,-56394.31200620317,0.7180284399689842
2021-11-04,0,-0.34207359198684045,0.0,0.5764,0.0,2.155,200000,143605.68799379683,-56394.31200620317,0.7180284399689842
2021-11-05,0,-0.32145496428664005,0.0,0.5593,0.0,2.096,200000,143605.68799379683,-56394.31200620317,0.7180284399689842
2021-11-06,0,0.06253407923938019,0.0,0.5605,0.0,2.061,200000,143605.68799379683,-56394.31200620317,0.7180284399689842
2021-11-07,0,0.6794334681120787,0.0,0.5726,0.0,2.038,200000,143605.68799379683,-56394.31200620317,0.7180284399689842
2021-11-08,0,0.4150781453141655,0.0,0.5941,0.0,2.145,200000,143605.68799379683,-56394.31200620317,0.7180284399689842
2021-11-09,0,0.7428657435053344,0.0,0.6111,0.0,2.165,200000,143605.68799379683,-56394.31200620317,0.7180284399689842
2021-11-10,0,0.6502269691937784,0.0,0.5694,0.0,2.027,200000,143605.68799379683,-56394.31200620317,0.7180284399689842
2021-11-11,0,0.4974566606732854,0.0,0.5741,0.0,2.062,200000,143605.68799379683,-56394.31200620317,0.7180284399689842
2021-11-12,0,-0.9554781981737652,0.0,0.5592,0.0,2.203,200000,143605.68799379683,-56394.31200620317,0.7180284399689842
2021-11-13,-2,-1.2512922703931073,0.0,0.5698,0.0,2.308,200000,143605.68799379683,-56394.31200620317,0.7180284399689842
2021-11-14,-2,-1.6435774480436125,0.0,0.5699,0.0,2.409,200000,143605.68799379683,-56394.31200620317,0.7180284399689842
2021-11-15,-2,-1.830149872552947,0.0,0.5674,0.0,2.483,200000,143605.68799379683,-56394.31200620317,0.7180284399689842
2021-11-16,-2,-1.9056488752792937,0.0,0.5157,0.0,2.318,200000,143605.68799379683,-56394.31200620317,0.7180284399689842
2021-11-17,-2,-1.3346687460877804,0.0,0.5259,0.0,2.284,200000,143605.68799379683,-56394.31200620317,0.7180284399689842
2021-11-18,-2,-1.2729397144993506,0.0,0.4742,0.0,2.075,200000,143605.68799379683,-56394.31200620317,0.7180284399689842
2021-11-19,-1,-1.1680546043110465,143548.26868632232,0.5002,-32756.77189639526,2.192,200000,143605.68799379683,-56394.31200620317,0.7180284399689842
2021-11-20,-1,-0.22348815442419084,143548.26868632232,0.5436,-32756.77189639526,2.187,200000,149671.89899530122,-50328.10100469878,0.7483594949765061
2021-11-21,-2,-1.746072014474077,0.0,0.5373,0.0,2.53,200000,149351.83612651582,-50648.16387348418,0.7467591806325791
2021-11-22,0,-0.5359233442851918,0.0,0.522,0.0,2.177,200000,149351.83612651582,-50648.16387348418,0.7467591806325791
2021-11-23,0,0.5429330532048281,0.0,0.5557,0.0,2.099,200000,149351.83612651582,-50648.16387348418,0.7467591806325791
2021-11-24,0,0.6892589331185676,0.0,0.5269,0.0,1.965,200000,149351.83612651582,-50648.16387348418,0.7467591806325791
2021-11-25,2,1.6424477464215492,0.0,0.5878,0.0,1.999,200000,149351.83612651582,-50648.16387348418,0.7467591806325791
2021-11-26,2,1.8639965642178369,0.0,0.5234,0.0,1.713,200000,149351.83612651582,-50648.16387348418,0.7467591806325791
2021-11-27,2,1.649570290016931,0.0,0.5262,0.0,1.734,200000,149351.83612651582,-50648.16387348418,0.7467591806325791
2021-11-28,2,1.471927813749172,0.0,0.5293,0.0,1.754,200000,149351.83612651582,-50648.16387348418,0.7467591806325791
2021-11-29,2,1.208222776770025,0.0,0.5252,0.0,1.778,200000,149351.83612651582,-50648.16387348418,0.7467591806325791
2021-11-30,1,1.1373697926392659,-144889.2473093867,0.5154,42696.35109391533,1.749,200000,149351.83612651582,-50648.16387348418,0.7467591806325791
2021-12-01,1,1.0413310190836287,-144889.2473093867,0.5167,42696.35109391533,1.763,200000,150137.94106333284,-49862.05893666716,0.7506897053166641
2021-12-02,2,3.980390130041189,0.0,1.0919,0.0,1.7,200000,234972.60840397916,34972.60840397916,1.1748630420198958
2021-12-03,2,2.9141141119589244,0.0,1.0559,0.0,1.59,200000,234972.60840397916,34972.60840397916,1.1748630420198958
2021-12-04,2,1.982086315032394,0.0,0.7968,0.0,1.337,200000,234972.60840397916,34972.60840397916,1.1748630420198958
2021-12-05,2,1.6103838664897423,0.0,0.7076,0.0,1.227,200000,234972.60840397916,34972.60840397916,1.1748630420198958
2021-12-06,2,1.983740358683374,0.0,0.866,0.0,1.256,200000,234972.60840397916,34972.60840397916,1.1748630420198958
2021-12-07,2,1.500095394301948,0.0,0.8285,0.0,1.29,200000,234972.60840397916,34972.60840397916,1.1748630420198958
2021-12-08,1,1.0603694743195784,-149283.74104445943,0.787,87350.41204608891,1.345,200000,234972.60840397916,34972.60840397916,1.1748630420198958
2021-12-09,1,0.9016889690886893,-149283.74104445943,0.6846,87350.41204608891,1.193,200000,206408.690690021,6408.6906900210015,1.032043453450105
2021-12-10,2,1.6516320037113905,0.0,0.8539,0.0,1.141,200000,262779.1747372556,62779.17473725561,1.313895873686278
2021-12-11,1,1.1676395214385404,-161154.89680930675,0.8153,109674.11299551571,1.198,200000,262779.1747372556,62779.17473725561,1.313895873686278
2021-12-12,1,0.9777095234843243,-161154.89680930675,0.8231,109674.11299551571,1.24,200000,268642.4956781799,68642.4956781799,1.3432124783908994
2021-12-13,1,1.127671526249299,-161154.89680930675,0.7805,109674.11299551571,1.095,200000,245874.5506897536,45874.55068975361,1.229372753448768
2021-12-14,1,1.1496437902957148,-161154.89680930675,0.8508,109674.11299551571,1.153,200000,263564.83848918776,63564.838489187765,1.3178241924459388
2021-12-15,2,1.3212614547235302,0.0,0.938,0.0,1.181,200000,284417.3404966813,84417.34049668128,1.4220867024834063
2021-12-16,2,1.447554083960279,0.0,1.0157,0.0,1.201,200000,284417.3404966813,84417.34049668128,1.4220867024834063
2021-12-17,0,0.938690587666485,0.0,0.9265,0.0,1.205,200000,284417.3404966813,84417.34049668128,1.4220867024834063
2021-12-18,0,0.850013880657881,0.0,0.9381,0.0,1.224,200000,284417.3404966813,84417.34049668128,1.4220867024834063
2021-12-19,0,0.9367601902234965,0.0,0.9499,0.0,1.203,200000,284417.3404966813,84417.34049668128,1.4220867024834063
2021-12-20,0,0.4388711784818161,0.0,0.8923,0.0,1.227,200000,284417.3404966813,84417.34049668128,1.4220867024834063
2021-12-21,0,0.1909887482583236,0.0,0.9112,0.0,1.282,200000,284417.3404966813,84417.34049668128,1.4220867024834063
2021-12-22,-2,-1.2740199252604325,0.0,0.8766,0.0,1.486,200000,284417.3404966813,84417.34049668128,1.4220867024834063
2021-12-23,-1,-1.014369359818502,155538.30279814135,0.9143,-94240.33813674,1.509,200000,284417.3404966813,84417.34049668128,1.4220867024834063
2021-12-24,-1,-1.167615963547279,155538.30279814135,0.8767,-94240.33813674,1.479,200000,275741.89016736904,75741.89016736904,1.3787094508368452
2021-12-25,-2,-1.4150806108758363,0.0,0.8821,0.0,1.544,200000,292724.0856815673,92724.08568156732,1.4636204284078365
2021-12-26,-2,-1.2068942755427066,0.0,0.8932,0.0,1.543,200000,292724.0856815673,92724.08568156732,1.4636204284078365
2021-12-27,-1,-1.1905919124114572,164101.40468750268,0.8919,-94063.0095377787,1.556,200000,292724.0856815673,92724.08568156732,1.4636204284078365
2021-12-28,-2,-2.149675295117147,0.0,0.8147,0.0,1.786,200000,327027.20631713164,127027.20631713164,1.6351360315856582
2021-12-29,0,-0.9758187362798069,0.0,0.827,0.0,1.437,200000,327027.20631713164,127027.20631713164,1.6351360315856582
2021-12-30,0,-0.21995074975532747,0.0,0.8203,0.0,1.267,200000,327027.20631713164,127027.20631713164,1.6351360315856582
2021-12-31,0,-0.0234338566062864,0.0,0.815,0.0,1.223,200000,327027.20631713164,127027.20631713164,1.6351360315856582
2022-01-01,0,-0.22520541545026576,0.0,0.8085,0.0,1.253,200000,327027.20631713164,127027.20631713164,1.6351360315856582
2022-01-02,0,-0.30043924407754474,0.0,0.7993,0.0,1.261,200000,327027.20631713164,127027.20631713164,1.6351360315856582
2022-01-03,0,-0.3254131505257533,0.0,0.7652,0.0,1.222,200000,327027.20631713164,127027.20631713164,1.6351360315856582
2022-01-04,0,-0.35305430121417514,0.0,0.7433,0.0,1.206,200000,327027.20631713164,127027.20631713164,1.6351360315856582
2022-01-05,0,-0.2088878200396382,0.0,0.682,0.0,1.098,200000,327027.20631713164,127027.20631713164,1.6351360315856582
2022-01-06,0,-0.48392377080726184,0.0,0.6625,0.0,1.118,200000,327027.20631713164,127027.20631713164,1.6351360315856582
2022-01-07,0,-0.7417235224053741,0.0,0.5954,0.0,1.049,200000,327027.20631713164,127027.20631713164,1.6351360315856582
2022-01-08,2,1.2165578092231948,0.0,0.6773,0.0,0.986,200000,327027.20631713164,127027.20631713164,1.6351360315856582
2022-01-09,0,0.8761304301983422,0.0,0.6686,0.0,1.015,200000,327027.20631713164,127027.20631713164,1.6351360315856582
2022-01-10,0,0.9145862587519954,0.0,0.6215,0.0,0.95,200000,327027.20631713164,127027.20631713164,1.6351360315856582
2022-01-11,0,0.7518513080102984,0.0,0.6358,0.0,0.979,200000,327027.20631713164,127027.20631713164,1.6351360315856582
2022-01-12,0,0.2527101767392898,0.0,0.6505,0.0,1.041,200000,327027.20631713164,127027.20631713164,1.6351360315856582
2022-01-13,0,0.01590883453627707,0.0,0.6138,0.0,1.0,200000,327027.20631713164,127027.20631713164,1.6351360315856582
2022-01-14,0,-0.36712528919531495,0.0,0.6184,0.0,1.038,200000,327027.20631713164,127027.20631713164,1.6351360315856582
2022-01-15,0,-0.047737919443659904,0.0,0.6461,0.0,1.053,200000,327027.20631713164,127027.20631713164,1.6351360315856582
2022-01-16,0,-0.8665528527384002,0.0,0.6085,0.0,1.062,200000,327027.20631713164,127027.20631713164,1.6351360315856582
2022-01-17,-2,-1.85584250037615,0.0,0.5481,0.0,0.989,200000,327027.20631713164,127027.20631713164,1.6351360315856582
2022-01-18,-2,-1.4118100313845083,0.0,0.547,0.0,0.961,200000,327027.20631713164,127027.20631713164,1.6351360315856582
2022-01-19,-2,-1.2249577227183377,0.0,0.5258,0.0,0.921,200000,327027.20631713164,127027.20631713164,1.6351360315856582
2022-01-20,-1,-1.100126717691107,324753.9288154237,0.5035,-185600.00358520524,0.881,200000,327027.20631713164,127027.20631713164,1.6351360315856582
2022-01-21,-2,-2.056430232805939,0.0,0.3931,0.0,0.754,200000,339308.83960303327,139308.83960303327,1.6965441980151663
2022-01-22,-2,-1.7756530414139027,0.0,0.3558,0.0,0.683,200000,339308.83960303327,139308.83960303327,1.6965441980151663
2022-01-23,-2,-1.6977056296501478,0.0,0.3609,0.0,0.704,200000,339308.83960303327,139308.83960303327,1.6965441980151663
2022-01-24,0,-0.43113106835051446,0.0,0.38,0.0,0.665,200000,339308.83960303327,139308.83960303327,1.6965441980151663
2022-01-25,-1,-1.1903934826885316,470739.23363350896,0.3604,-248760.14633653464,0.682,200000,339308.83960303327,139308.83960303327,1.6965441980151663
2022-01-26,-1,-0.6515086581468187,470739.23363350896,0.3798,-248760.14633653464,0.687,200000,349684.98146720603,149684.98146720603,1.7484249073360303
2022-01-27,-1,-0.7968487856551612,470739.23363350896,0.3752,-248760.14633653464,0.69,200000,348265.86143150146,148265.86143150146,1.7413293071575073
2022-01-28,-1,-0.9716454508499349,470739.23363350896,0.376,-248760.14633653464,0.707,200000,352871.37530612934,152871.37530612934,1.7643568765306465
2022-01-29,-2,-1.3237893540725238,0.0,0.3791,0.0,0.742,200000,345431.62471427873,145431.62471427873,1.7271581235713938
2022-01-30,0,-0.8306193997810506,0.0,0.3862,0.0,0.729,200000,345431.62471427873,145431.62471427873,1.7271581235713938
2022-01-31,0,-0.7501819485550336,0.0,0.3997,0.0,0.753,200000,345431.62471427873,145431.62471427873,1.7271581235713938
