date,statusList,zscore,ONGUSDT_position,ONGUSDT_price,TRXUSDT_position,TRXUSDT_price,init,total_asset,pnl,return
2020-01-01,0,,0.0,0.0956,0.0,0.01322,200000,200000.0,0.0,1.0
2020-01-02,0,,0.0,0.095,0.0,0.01284,200000,200000.0,0.0,1.0
2020-01-03,0,,0.0,0.0995,0.0,0.01344,200000,200000.0,0.0,1.0
2020-01-04,0,,0.0,0.0981,0.0,0.01344,200000,200000.0,0.0,1.0
2020-01-05,0,,0.0,0.0998,0.0,0.01353,200000,200000.0,0.0,1.0
2020-01-06,0,,0.0,0.1024,0.0,0.01472,200000,200000.0,0.0,1.0
2020-01-07,0,,0.0,0.0997,0.0,0.01434,200000,200000.0,0.0,1.0
2020-01-08,0,,0.0,0.1016,0.0,0.01402,200000,200000.0,0.0,1.0
2020-01-09,0,,0.0,0.0991,0.0,0.01398,200000,200000.0,0.0,1.0
2020-01-10,0,,0.0,0.0996,0.0,0.01469,200000,200000.0,0.0,1.0
2020-01-11,0,,0.0,0.1039,0.0,0.0146,200000,200000.0,0.0,1.0
2020-01-12,0,,0.0,0.105,0.0,0.01503,200000,200000.0,0.0,1.0
2020-01-13,0,,0.0,0.1027,0.0,0.01464,200000,200000.0,0.0,1.0
2020-01-14,0,,0.0,0.1132,0.0,0.01677,200000,200000.0,0.0,1.0
2020-01-15,0,,0.0,0.1149,0.0,0.01729,200000,200000.0,0.0,1.0
2020-01-16,0,,0.0,0.1116,0.0,0.01734,200000,200000.0,0.0,1.0
2020-01-17,0,,0.0,0.1156,0.0,0.01758,200000,200000.0,0.0,1.0
2020-01-18,0,,0.0,0.1128,0.0,0.01766,200000,200000.0,0.0,1.0
2020-01-19,0,,0.0,0.1069,0.0,0.01665,200000,200000.0,0.0,1.0
2020-01-20,-2,-1.7511094460830148,0.0,0.1043,0.0,0.01661,200000,200000.0,0.0,1.0
2020-01-21,-2,-1.8450449256431405,0.0,0.1062,0.0,0.01732,200000,200000.0,0.0,1.0
2020-01-22,-2,-1.6257148724393382,0.0,0.107,0.0,0.01743,200000,200000.0,0.0,1.0
2020-01-23,0,-0.22581564300027795,0.0,0.1087,0.0,0.01628,200000,200000.0,0.0,1.0
2020-01-24,0,-0.999870739120198,0.0,0.104,0.0,0.01639,200000,200000.0,0.0,1.0
2020-01-25,0,-0.7018794824606008,0.0,0.1037,0.0,0.01613,200000,200000.0,0.0,1.0
2020-01-26,-1,-1.0845708932501976,948766.6034155599,0.1054,-5938242.280285035,0.01684,200000,200000.0,0.0,1.0
2020-01-27,-1,-1.1915718696744717,948766.6034155599,0.1058,-5938242.280285035,0.01713,200000,202101.5969026489,2101.596902648889,1.0105079845132445
2020-01-28,-2,-1.9685597798509722,0.0,0.1083,0.0,0.0186,200000,207699.8832633965,7699.883263396507,1.0384994163169825
2020-01-29,0,-0.8269212374887003,0.0,0.1157,0.0,0.01866,200000,207699.8832633965,7699.883263396507,1.0384994163169825
2020-01-30,0,-0.24010301749724422,0.0,0.1244,0.0,0.0195,200000,207699.8832633965,7699.883263396507,1.0384994163169825
2020-01-31,2,2.9200992430159056,0.0,0.1429,0.0,0.01867,200000,207699.8832633965,7699.883263396507,1.0384994163169825
2020-02-01,2,1.9840604891797036,0.0,0.1404,0.0,0.01907,200000,207699.8832633965,7699.883263396507,1.0384994163169825
2020-02-02,2,1.9435803878777964,0.0,0.1419,0.0,0.01909,200000,207699.8832633965,7699.883263396507,1.0384994163169825
2020-02-03,2,1.8237801385756265,0.0,0.144,0.0,0.0192,200000,207699.8832633965,7699.883263396507,1.0384994163169825
2020-02-04,2,2.1933723342343723,0.0,0.1529,0.0,0.01925,200000,207699.8832633965,7699.883263396507,1.0384994163169825
2020-02-05,2,1.4781627106157855,0.0,0.1584,0.0,0.02076,200000,207699.8832633965,7699.883263396507,1.0384994163169825
2020-02-06,0,0.5787206573318066,0.0,0.1609,0.0,0.02271,200000,207699.8832633965,7699.883263396507,1.0384994163169825
2020-02-07,0,0.863904452070623,0.0,0.1614,0.0,0.02204,200000,207699.8832633965,7699.883263396507,1.0384994163169825
2020-02-08,0,0.5883344453397134,0.0,0.1565,0.0,0.02179,200000,207699.8832633965,7699.883263396507,1.0384994163169825
2020-02-09,0,0.7614907560217214,0.0,0.1621,0.0,0.02206,200000,207699.8832633965,7699.883263396507,1.0384994163169825
2020-02-10,0,0.20662950762200918,0.0,0.1557,0.0,0.02216,200000,207699.8832633965,7699.883263396507,1.0384994163169825
2020-02-11,0,0.21540381147987914,0.0,0.1607,0.0,0.02272,200000,207699.8832633965,7699.883263396507,1.0384994163169825
2020-02-12,0,0.9209723839273061,0.0,0.1808,0.0,0.02393,200000,207699.8832633965,7699.883263396507,1.0384994163169825
2020-02-13,2,1.6473980446244259,0.0,0.1948,0.0,0.02391,200000,207699.8832633965,7699.883263396507,1.0384994163169825
2020-02-14,2,1.3578738592018944,0.0,0.2128,0.0,0.02639,200000,207699.8832633965,7699.883263396507,1.0384994163169825
2020-02-15,2,2.3306174257885415,0.0,0.2142,0.0,0.02364,200000,207699.8832633965,7699.883263396507,1.0384994163169825
2020-02-16,2,1.5029247117469096,0.0,0.1902,0.0,0.02223,200000,207699.8832633965,7699.883263396507,1.0384994163169825
2020-02-17,1,1.1390420869906814,-572807.1794357323,0.1813,4765945.003749346,0.02179,200000,207699.8832633965,7699.883263396507,1.0384994163169825
2020-02-18,1,0.6708016354202226,-572807.1794357323,0.182,4765945.003749346,0.02262,200000,212056.5826421135,12056.582642113499,1.0602829132105676
2020-02-19,1,0.9828246542047533,-572807.1794357323,0.1671,4765945.003749346,0.0202,200000,191988.16875944764,-8011.831240552361,0.9599408437972382
2020-02-20,1,0.8252561001104369,-572807.1794357323,0.1628,4765945.003749346,0.0198,200000,187618.7198863743,-12381.28011362569,0.9380935994318715
2020-02-21,1,0.981498108204321,-572807.1794357323,0.1687,4765945.003749346,0.02016,200000,192714.02244639484,-7285.97755360516,0.9635701122319742
2020-02-22,1,0.27651507152438237,-572807.1794357323,0.16,4765945.003749346,0.02002,200000,187063.3676847791,-12936.632315220893,0.9353168384238956
2020-02-23,0,0.0387585520557703,0.0,0.168,0.0,0.02133,200000,202273.88247862604,2273.8824786260375,1.0113694123931303
2020-02-24,0,-0.02185990721761899,0.0,0.1558,0.0,0.01988,200000,202273.88247862604,2273.8824786260375,1.0113694123931303
2020-02-25,0,-0.6112950496653933,0.0,0.1418,0.0,0.01891,200000,202273.88247862604,2273.8824786260375,1.0113694123931303
2020-02-26,0,-0.8586604418707271,0.0,0.1209,0.0,0.01636,200000,202273.88247862604,2273.8824786260375,1.0113694123931303
2020-02-27,0,-0.5166947735740058,0.0,0.1292,0.0,0.01701,200000,202273.88247862604,2273.8824786260375,1.0113694123931303
2020-02-28,0,-0.6287093140427061,0.0,0.1294,0.0,0.0171,200000,202273.88247862604,2273.8824786260375,1.0113694123931303
2020-02-29,0,-0.5853743068474437,0.0,0.1254,0.0,0.01648,200000,202273.88247862604,2273.8824786260375,1.0113694123931303
2020-03-01,0,-0.316502350034995,0.0,0.1281,0.0,0.01643,200000,202273.88247862604,2273.8824786260375,1.0113694123931303
2020-03-02,0,-0.7117871103836343,0.0,0.135,0.0,0.01759,200000,202273.88247862604,2273.8824786260375,1.0113694123931303
2020-03-03,0,-0.7792171721519913,0.0,0.1319,0.0,0.01723,200000,202273.88247862604,2273.8824786260375,1.0113694123931303
2020-03-04,-2,-1.3075215176508461,0.0,0.1308,0.0,0.01774,200000,202273.88247862604,2273.8824786260375,1.0113694123931303
2020-03-05,0,-0.8333443265795588,0.0,0.135,0.0,0.01789,200000,202273.88247862604,2273.8824786260375,1.0113694123931303
2020-03-06,-2,-1.2066552662619165,0.0,0.1355,0.0,0.01833,200000,202273.88247862604,2273.8824786260375,1.0113694123931303
2020-03-07,0,-0.753312152308301,0.0,0.128,0.0,0.01699,200000,202273.88247862604,2273.8824786260375,1.0113694123931303
2020-03-08,0,-0.5249904533559753,0.0,0.1111,0.0,0.01465,200000,202273.88247862604,2273.8824786260375,1.0113694123931303
2020-03-09,0,-0.36440024265447846,0.0,0.1145,0.0,0.01504,200000,202273.88247862604,2273.8824786260375,1.0113694123931303
2020-03-10,0,-0.25776207216391406,0.0,0.1149,0.0,0.01508,200000,202273.88247862604,2273.8824786260375,1.0113694123931303
2020-03-11,0,-0.9274182055310553,0.0,0.1106,0.0,0.01489,200000,202273.88247862604,2273.8824786260375,1.0113694123931303
2020-03-12,-2,-3.442006352462037,0.0,0.0554,0.0,0.00841,200000,202273.88247862604,2273.8824786260375,1.0113694123931303
2020-03-13,-2,-3.3837447270430845,0.0,0.0616,0.0,0.01029,200000,202273.88247862604,2273.8824786260375,1.0113694123931303
2020-03-14,-2,-1.8052950055436203,0.0,0.0637,0.0,0.00973,200000,202273.88247862604,2273.8824786260375,1.0113694123931303
2020-03-15,0,0.7978045158676099,0.0,0.0796,0.0,0.01026,200000,202273.88247862604,2273.8824786260375,1.0113694123931303
2020-03-16,-2,-1.3065415447577466,0.0,0.0645,0.0,0.00961,200000,202273.88247862604,2273.8824786260375,1.0113694123931303
2020-03-17,-2,-1.2480584231475742,0.0,0.0669,0.0,0.01002,200000,202273.88247862604,2273.8824786260375,1.0113694123931303
2020-03-18,-2,-1.403629933417735,0.0,0.0665,0.0,0.01022,200000,202273.88247862604,2273.8824786260375,1.0113694123931303
2020-03-19,0,-0.8777397203156008,0.0,0.0784,0.0,0.01163,200000,202273.88247862604,2273.8824786260375,1.0113694123931303
2020-03-20,0,0.3454947621214033,0.0,0.0833,0.0,0.01127,200000,202273.88247862604,2273.8824786260375,1.0113694123931303
2020-03-21,0,0.19985264532559513,0.0,0.0818,0.0,0.01123,200000,202273.88247862604,2273.8824786260375,1.0113694123931303
2020-03-22,0,-0.27179394402188417,0.0,0.0722,0.0,0.0103,200000,202273.88247862604,2273.8824786260375,1.0113694123931303
2020-03-23,0,-0.21386392844378513,0.0,0.0797,0.0,0.01137,200000,202273.88247862604,2273.8824786260375,1.0113694123931303
2020-03-24,0,0.061357378439625014,0.0,0.0821,0.0,0.01151,200000,202273.88247862604,2273.8824786260375,1.0113694123931303
2020-03-25,0,0.202999623877009,0.0,0.0818,0.0,0.01139,200000,202273.88247862604,2273.8824786260375,1.0113694123931303
2020-03-26,0,-0.24172268468152727,0.0,0.0831,0.0,0.01196,200000,202273.88247862604,2273.8824786260375,1.0113694123931303
2020-03-27,0,0.13023777953342608,0.0,0.0796,0.0,0.01121,200000,202273.88247862604,2273.8824786260375,1.0113694123931303
2020-03-28,0,-0.20169095840388393,0.0,0.0788,0.0,0.01139,200000,202273.88247862604,2273.8824786260375,1.0113694123931303
2020-03-29,0,0.9413390401105289,0.0,0.0789,0.0,0.01066,200000,202273.88247862604,2273.8824786260375,1.0113694123931303
2020-03-30,0,0.7596708877580098,0.0,0.0835,0.0,0.01145,200000,202273.88247862604,2273.8824786260375,1.0113694123931303
2020-03-31,0,0.6153416269998295,0.0,0.0835,0.0,0.01157,200000,202273.88247862604,2273.8824786260375,1.0113694123931303
2020-04-01,0,0.40794285856948,0.0,0.0829,0.0,0.01158,200000,202273.88247862604,2273.8824786260375,1.0113694123931303
2020-04-02,0,0.01476329350490558,0.0,0.0844,0.0,0.01196,200000,202273.88247862604,2273.8824786260375,1.0113694123931303
2020-04-03,0,0.049223520019768575,0.0,0.0847,0.0,0.01194,200000,202273.88247862604,2273.8824786260375,1.0113694123931303
2020-04-04,0,0.3570845969142101,0.0,0.0854,0.0,0.01197,200000,202273.88247862604,2273.8824786260375,1.0113694123931303
2020-04-05,-2,-1.3306077714330362,0.0,0.0846,0.0,0.01257,200000,202273.88247862604,2273.8824786260375,1.0113694123931303
2020-04-06,-2,-2.1395353855704102,0.0,0.0892,0.0,0.01375,200000,202273.88247862604,2273.8824786260375,1.0113694123931303
2020-04-07,-2,-1.8053237695928253,0.0,0.0877,0.0,0.0133,200000,202273.88247862604,2273.8824786260375,1.0113694123931303
2020-04-08,-2,-1.6387144289759497,0.0,0.091,0.0,0.01376,200000,202273.88247862604,2273.8824786260375,1.0113694123931303
2020-04-09,0,-0.9028196612874847,0.0,0.0912,0.0,0.01345,200000,202273.88247862604,2273.8824786260375,1.0113694123931303
2020-04-10,-2,-1.5921855799119056,0.0,0.0818,0.0,0.01248,200000,202273.88247862604,2273.8824786260375,1.0113694123931303
2020-04-11,-1,-1.1505414933746587,1218517.3643290724,0.083,-8090955.299145041,0.0125,200000,202273.88247862604,2273.8824786260375,1.0113694123931303
2020-04-12,-1,-0.8353510396093552,1218517.3643290724,0.0849,-8090955.299145041,0.01266,200000,205883.61831871446,5883.618318714463,1.0294180915935722
2020-04-13,-1,-1.0401904013886423,1218517.3643290724,0.0832,-8090955.299145041,0.01257,200000,203083.95282243198,3083.95282243198,1.0154197641121598
2020-04-14,-1,-0.4899201005339561,1218517.3643290724,0.0841,-8090955.299145041,0.01245,200000,203209.70381443074,3209.7038144307444,1.0160485190721538
2020-04-15,-1,-0.7393085598557941,1218517.3643290724,0.0813,-8090955.299145041,0.01219,200000,197694.20681653163,-2305.7931834683695,0.9884710340826581
2020-04-16,-1,-1.1682592910541707,1218517.3643290724,0.0848,-8090955.299145041,0.01302,200000,208674.51048997376,8674.510489973763,1.0433725524498687
2020-04-17,-1,-1.0060317070367404,1218517.3643290724,0.0842,-8090955.299145041,0.01289,200000,206891.57588248746,6891.575882487465,1.0344578794124373
2020-04-18,-1,-1.058814748700498,1218517.3643290724,0.087,-8090955.299145041,0.01339,200000,214348.9021521814,14348.9021521814,1.071744510760907
2020-04-19,-1,-0.4996567406988218,1218517.3643290724,0.0855,-8090955.299145041,0.0129,200000,208556.55800910672,8556.558009106724,1.0427827900455335
2020-04-20,0,0.637151288271773,0.0,0.0852,0.0,0.0124,200000,198784.04874718754,-1215.9512528124615,0.9939202437359377
2020-04-21,0,-0.3123997813541264,0.0,0.083,0.0,0.01249,200000,198784.04874718754,-1215.9512528124615,0.9939202437359377
2020-04-22,0,-0.6188942477921252,0.0,0.0853,0.0,0.01298,200000,198784.04874718754,-1215.9512528124615,0.9939202437359377
2020-04-23,-2,-1.9988220496079057,0.0,0.0858,0.0,0.01361,200000,198784.04874718754,-1215.9512528124615,0.9939202437359377
2020-04-24,-2,-1.8853969355297715,0.0,0.0883,0.0,0.01392,200000,198784.04874718754,-1215.9512528124615,0.9939202437359377
2020-04-25,-1,-1.1609421225190077,1108049.3241203318,0.0897,-7119772.519598408,0.01396,200000,198784.04874718754,-1215.9512528124615,0.9939202437359377
2020-04-26,0,-0.10341867062756359,0.0,0.0938,0.0,0.01426,200000,196376.97827417374,-3623.0217258262564,0.9818848913708688
2020-04-27,-2,-1.949718209561529,0.0,0.0911,0.0,0.01452,200000,196376.97827417374,-3623.0217258262564,0.9818848913708688
2020-04-28,-2,-2.61505202915491,0.0,0.0922,0.0,0.01528,200000,196376.97827417374,-3623.0217258262564,0.9818848913708688
2020-04-29,-2,-2.680736799922663,0.0,0.095,0.0,0.01624,200000,196376.97827417374,-3623.0217258262564,0.9818848913708688
2020-04-30,-2,-1.6417898105147473,0.0,0.0918,0.0,0.01519,200000,196376.97827417374,-3623.0217258262564,0.9818848913708688
2020-05-01,-2,-1.2245018102177807,0.0,0.0967,0.0,0.01581,200000,196376.97827417374,-3623.0217258262564,0.9818848913708688
2020-05-02,0,-0.20108931344750955,0.0,0.1043,0.0,0.01635,200000,196376.97827417374,-3623.0217258262564,0.9818848913708688
2020-05-03,-1,-1.159061681978583,1008095.371017319,0.0974,-6140618.457603931,0.01599,200000,196376.97827417374,-3623.0217258262564,0.9818848913708688
2020-05-04,-2,-1.9761320064834171,0.0,0.0938,0.0,0.01623,200000,201479.87003966104,1479.8700396610366,1.0073993501983052
2020-05-05,-2,-1.6063096710358615,0.0,0.0926,0.0,0.0159,200000,201479.87003966104,1479.8700396610366,1.0073993501983052
2020-05-06,-2,-1.4581265914976236,0.0,0.0903,0.0,0.01554,200000,201479.87003966104,1479.8700396610366,1.0073993501983052
2020-05-07,-2,-1.45370335337731,0.0,0.0922,0.0,0.01603,200000,201479.87003966104,1479.8700396610366,1.0073993501983052
2020-05-08,0,-0.9326254379201039,0.0,0.0959,0.0,0.01627,200000,201479.87003966104,1479.8700396610366,1.0073993501983052
2020-05-09,-2,-1.2788756467042424,0.0,0.0922,0.0,0.01609,200000,201479.87003966104,1479.8700396610366,1.0073993501983052
2020-05-10,2,2.1889975050216655,0.0,0.0988,0.0,0.01426,200000,201479.87003966104,1479.8700396610366,1.0073993501983052
2020-05-11,0,0.9501359870109087,0.0,0.0906,0.0,0.01398,200000,201479.87003966104,1479.8700396610366,1.0073993501983052
2020-05-12,0,0.41855964020860104,0.0,0.0914,0.0,0.01455,200000,201479.87003966104,1479.8700396610366,1.0073993501983052
2020-05-13,0,-0.044563622541180285,0.0,0.0919,0.0,0.01501,200000,201479.87003966104,1479.8700396610366,1.0073993501983052
2020-05-14,0,-0.3590931752956062,0.0,0.0917,0.0,0.01527,200000,201479.87003966104,1479.8700396610366,1.0073993501983052
2020-05-15,0,-0.25102846675455076,0.0,0.0896,0.0,0.01488,200000,201479.87003966104,1479.8700396610366,1.0073993501983052
2020-05-16,0,0.23122179521953215,0.0,0.092,0.0,0.01497,200000,201479.87003966104,1479.8700396610366,1.0073993501983052
2020-05-17,0,0.17176960991952203,0.0,0.0918,0.0,0.015,200000,201479.87003966104,1479.8700396610366,1.0073993501983052
2020-05-18,0,0.42009396069919547,0.0,0.0953,0.0,0.01537,200000,201479.87003966104,1479.8700396610366,1.0073993501983052
2020-05-19,0,0.1308529538801361,0.0,0.0952,0.0,0.01553,200000,201479.87003966104,1479.8700396610366,1.0073993501983052
2020-05-20,2,1.889897792286961,0.0,0.1009,0.0,0.015,200000,201479.87003966104,1479.8700396610366,1.0073993501983052
2020-05-21,2,2.354854920369782,0.0,0.1005,0.0,0.01421,200000,201479.87003966104,1479.8700396610366,1.0073993501983052
2020-05-22,2,2.4509933632555736,0.0,0.1092,0.0,0.01484,200000,201479.87003966104,1479.8700396610366,1.0073993501983052
2020-05-23,2,1.3065807073461186,0.0,0.1032,0.0,0.01496,200000,201479.87003966104,1479.8700396610366,1.0073993501983052
2020-05-24,2,1.236798361211554,0.0,0.0985,0.0,0.01421,200000,201479.87003966104,1479.8700396610366,1.0073993501983052
2020-05-25,2,2.4571291727848443,0.0,0.1158,0.0,0.01472,200000,201479.87003966104,1479.8700396610366,1.0073993501983052
2020-05-26,2,3.4706276215356144,0.0,0.1467,0.0,0.01458,200000,201479.87003966104,1479.8700396610366,1.0073993501983052
2020-05-27,2,1.708713940968223,0.0,0.1261,0.0,0.0147,200000,201479.87003966104,1479.8700396610366,1.0073993501983052
2020-05-28,1,1.0190610436111667,-835322.8442772017,0.1206,6653892.669737815,0.01514,200000,201479.87003966104,1479.8700396610366,1.0073993501983052
2020-05-29,1,1.0424881813736118,-835322.8442772017,0.1216,6653892.669737815,0.015,200000,201383.64791017494,1383.6479101749428,1.0069182395508747
2020-05-30,1,0.34183961495987086,-835322.8442772017,0.121,6653892.669737815,0.01638,200000,210064.8260878468,10064.826087846799,1.050324130439234
2020-05-31,1,0.2802034261358184,-835322.8442772017,0.1165,6653892.669737815,0.01582,200000,202579.69339354624,2579.693393546244,1.0128984669677312
2020-06-01,0,0.035006228320639564,0.0,0.122,0.0,0.01707,200000,189807.30916905514,-10192.690830944863,0.9490365458452756
2020-06-02,0,0.8418427852973974,0.0,0.1323,0.0,0.01637,200000,189807.30916905514,-10192.690830944863,0.9490365458452756
2020-06-03,0,0.26033275322231847,0.0,0.1276,0.0,0.01691,200000,189807.30916905514,-10192.690830944863,0.9490365458452756
2020-06-04,0,0.11622327256586087,0.0,0.126,0.0,0.01687,200000,189807.30916905514,-10192.690830944863,0.9490365458452756
2020-06-05,0,-0.05910382590410938,0.0,0.1241,0.0,0.01685,200000,189807.30916905514,-10192.690830944863,0.9490365458452756
2020-06-06,0,-0.01182788325077148,0.0,0.1274,0.0,0.01704,200000,189807.30916905514,-10192.690830944863,0.9490365458452756
2020-06-07,0,-0.7537394201416724,0.0,0.1257,0.0,0.0182,200000,189807.30916905514,-10192.690830944863,0.9490365458452756
2020-06-08,0,-0.5517634109639281,0.0,0.1284,0.0,0.01794,200000,189807.30916905514,-10192.690830944863,0.9490365458452756
2020-06-09,0,0.16233542538785398,0.0,0.1358,0.0,0.01754,200000,189807.30916905514,-10192.690830944863,0.9490365458452756
2020-06-10,0,-0.21792363838308246,0.0,0.1318,0.0,0.0176,200000,189807.30916905514,-10192.690830944863,0.9490365458452756
2020-06-11,0,-0.6675630699864888,0.0,0.1125,0.0,0.01573,200000,189807.30916905514,-10192.690830944863,0.9490365458452756
2020-06-12,0,-0.04527424432715111,0.0,0.1256,0.0,0.01644,200000,189807.30916905514,-10192.690830944863,0.9490365458452756
2020-06-13,0,-0.059733428302903374,0.0,0.1279,0.0,0.01668,200000,189807.30916905514,-10192.690830944863,0.9490365458452756
2020-06-14,0,-0.1673361770263116,0.0,0.1225,0.0,0.01616,200000,189807.30916905514,-10192.690830944863,0.9490365458452756
2020-06-15,0,-0.055826460575439676,0.0,0.1212,0.0,0.01606,200000,189807.30916905514,-10192.690830944863,0.9490365458452756
2020-06-16,0,0.07239211043740129,0.0,0.1216,0.0,0.01613,200000,189807.30916905514,-10192.690830944863,0.9490365458452756
2020-06-17,2,2.267877312625326,0.0,0.1347,0.0,0.01621,200000,189807.30916905514,-10192.690830944863,0.9490365458452756
2020-06-18,2,2.92544087996075,0.0,0.1416,0.0,0.01602,200000,189807.30916905514,-10192.690830944863,0.9490365458452756
2020-06-19,2,1.6806101000509313,0.0,0.1334,0.0,0.01586,200000,189807.30916905514,-10192.690830944863,0.9490365458452756
2020-06-20,2,1.522040626352878,0.0,0.1347,0.0,0.01597,200000,189807.30916905514,-10192.690830944863,0.9490365458452756
2020-06-21,2,2.6649806986961098,0.0,0.1494,0.0,0.01582,200000,189807.30916905514,-10192.690830944863,0.9490365458452756
2020-06-22,2,2.901940449585269,0.0,0.1696,0.0,0.01638,200000,189807.30916905514,-10192.690830944863,0.9490365458452756
2020-06-23,2,2.2150126451526044,0.0,0.1686,0.0,0.0165,200000,189807.30916905514,-10192.690830944863,0.9490365458452756
2020-06-24,2,2.2537659867058655,0.0,0.172,0.0,0.01593,200000,189807.30916905514,-10192.690830944863,0.9490365458452756
2020-06-25,2,2.8225532345434634,0.0,0.2028,0.0,0.0159,200000,189807.30916905514,-10192.690830944863,0.9490365458452756
2020-06-26,2,3.2071063806255435,0.0,0.2574,0.0,0.01585,200000,189807.30916905514,-10192.690830944863,0.9490365458452756
2020-06-27,2,2.191932311097812,0.0,0.2322,0.0,0.01544,200000,189807.30916905514,-10192.690830944863,0.9490365458452756
2020-06-28,2,2.1952657044326407,0.0,0.2577,0.0,0.01577,200000,189807.30916905514,-10192.690830944863,0.9490365458452756
2020-06-29,2,2.2027579036743363,0.0,0.2896,0.0,0.01619,200000,189807.30916905514,-10192.690830944863,0.9490365458452756
2020-06-30,1,1.1749379245189533,-392163.86191953544,0.242,5800956.881694839,0.01636,200000,189807.30916905514,-10192.690830944863,0.9490365458452756
2020-07-01,1,0.9170616917438994,-392163.86191953544,0.2398,5800956.881694839,0.01686,200000,191845.0271136796,-8154.972886320407,0.959225135568398
2020-07-02,1,0.3577760219097199,-392163.86191953544,0.2068,5800956.881694839,0.01658,200000,177279.35174346037,-22720.64825653963,0.8863967587173018
2020-07-03,0,0.10621440002900774,0.0,0.1962,0.0,0.01662,200000,170337.95550389978,-29662.04449610022,0.8516897775194989
2020-07-04,0,0.2686158451056693,0.0,0.2113,0.0,0.01682,200000,170337.95550389978,-29662.04449610022,0.8516897775194989
2020-07-05,0,0.10502407616577249,0.0,0.2069,0.0,0.01688,200000,170337.95550389978,-29662.04449610022,0.8516897775194989
2020-07-06,0,-0.24441955341418387,0.0,0.2059,0.0,0.01802,200000,170337.95550389978,-29662.04449610022,0.8516897775194989
2020-07-07,0,-0.10896560723169414,0.0,0.2067,0.0,0.0172,200000,170337.95550389978,-29662.04449610022,0.8516897775194989
2020-07-08,0,-0.37114177165351603,0.0,0.2055,0.0,0.01791,200000,170337.95550389978,-29662.04449610022,0.8516897775194989
2020-07-09,0,-0.8368007857006571,0.0,0.1942,0.0,0.01856,200000,170337.95550389978,-29662.04449610022,0.8516897775194989
2020-07-10,-1,-1.0007649381494708,457405.8955528995,0.1862,-4700274.71037251,0.01812,200000,170337.95550389978,-29662.04449610022,0.8516897775194989
2020-07-11,-1,-0.9068113274063672,457405.8955528995,0.1951,-4700274.71037251,0.01837,200000,175583.9366519137,-24416.06334808629,0.8779196832595686
2020-07-12,-1,-0.987175618136256,457405.8955528995,0.1899,-4700274.71037251,0.01818,200000,172312.37380006787,-27687.62619993213,0.8615618690003394
2020-07-13,-1,-0.9281041205735929,457405.8955528995,0.1865,-4700274.71037251,0.01756,200000,167843.02343475702,-32156.976565242978,0.8392151171737852
2020-07-14,-1,-0.5500281751095338,457405.8955528995,0.2035,-4700274.71037251,0.01765,200000,176041.94838308985,-23958.051616910147,0.8802097419154493
2020-07-15,-1,-0.7743561810885441,457405.8955528995,0.1916,-4700274.71037251,0.01757,200000,170222.79624918054,-29777.203750819463,0.8511139812459027
2020-07-16,-1,-0.8522098314319291,457405.8955528995,0.1809,-4700274.71037251,0.01716,200000,163401.44053551182,-36598.55946448818,0.8170072026775591
2020-07-17,-1,-0.6277595265255695,457405.8955528995,0.1865,-4700274.71037251,0.01717,200000,166009.91629771178,-33990.08370228822,0.8300495814885589
2020-07-18,-1,-0.6295011401866356,457405.8955528995,0.1867,-4700274.71037251,0.01742,200000,167276.46615441548,-32723.53384558452,0.8363823307720775
2020-07-19,-1,-0.7423646317596397,457405.8955528995,0.1859,-4700274.71037251,0.01753,200000,167427.57165611413,-32572.42834388587,0.8371378582805706
2020-07-20,-1,-0.44914594725530527,457405.8955528995,0.1869,-4700274.71037251,0.01716,200000,166145.8759088292,-33854.12409117079,0.830729379544146
2020-07-21,-1,-0.8144132283231243,457405.8955528995,0.186,-4700274.71037251,0.01762,200000,167896.33696960297,-32103.66303039703,0.8394816848480149
2020-07-22,-1,-0.7947739296349671,457405.8955528995,0.1887,-4700274.71037251,0.01794,200000,170635.420794915,-29364.579205085,0.853177103974575
2020-07-23,-1,-0.8831848420374984,457405.8955528995,0.1863,-4700274.71037251,0.01792,200000,169443.64115138055,-30556.35884861945,0.8472182057569028
2020-07-24,-2,-1.3178941942815967,0.0,0.1811,0.0,0.01794,200000,171824.67612335255,-28175.323876647453,0.8591233806167627
2020-07-25,-2,-1.8196321812401468,0.0,0.1834,0.0,0.01877,200000,171824.67612335255,-28175.323876647453,0.8591233806167627
2020-07-26,-2,-1.7845258424084798,0.0,0.1788,0.0,0.01852,200000,171824.67612335255,-28175.323876647453,0.8591233806167627
2020-07-27,-2,-2.699797299537435,0.0,0.1667,0.0,0.01872,200000,171824.67612335255,-28175.323876647453,0.8591233806167627
2020-07-28,-2,-2.242189024996092,0.0,0.1709,0.0,0.01912,200000,171824.67612335255,-28175.323876647453,0.8591233806167627
2020-07-29,-2,-1.5971771162966957,0.0,0.1763,0.0,0.01915,200000,171824.67612335255,-28175.323876647453,0.8591233806167627
2020-07-30,-2,-1.5424054061495618,0.0,0.1746,0.0,0.01917,200000,171824.67612335255,-28175.323876647453,0.8591233806167627
2020-07-31,-2,-1.6338977558237786,0.0,0.1744,0.0,0.01968,200000,171824.67612335255,-28175.323876647453,0.8591233806167627
2020-08-01,-2,-1.6977795267672016,0.0,0.176,0.0,0.02046,200000,171824.67612335255,-28175.323876647453,0.8591233806167627
2020-08-02,-2,-1.2356802255363217,0.0,0.1693,0.0,0.01907,200000,171824.67612335255,-28175.323876647453,0.8591233806167627
2020-08-03,-2,-1.486580686764706,0.0,0.1697,0.0,0.01987,200000,171824.67612335255,-28175.323876647453,0.8591233806167627
2020-08-04,-2,-1.5928323615596514,0.0,0.1687,0.0,0.02039,200000,171824.67612335255,-28175.323876647453,0.8591233806167627
2020-08-05,-2,-1.2397615613480057,0.0,0.1719,0.0,0.02031,200000,171824.67612335255,-28175.323876647453,0.8591233806167627
2020-08-06,0,-0.9230356889286789,0.0,0.1753,0.0,0.02022,200000,171824.67612335255,-28175.323876647453,0.8591233806167627
2020-08-07,0,-0.5987291342792583,0.0,0.1767,0.0,0.01988,200000,171824.67612335255,-28175.323876647453,0.8591233806167627
2020-08-08,0,-0.2778394762867202,0.0,0.1861,0.0,0.02046,200000,171824.67612335255,-28175.323876647453,0.8591233806167627
2020-08-09,0,0.2778900595977841,0.0,0.193,0.0,0.02045,200000,171824.67612335255,-28175.323876647453,0.8591233806167627
2020-08-10,0,-0.004999129244571737,0.0,0.1968,0.0,0.02146,200000,171824.67612335255,-28175.323876647453,0.8591233806167627
2020-08-11,0,0.011426954463568418,0.0,0.1831,0.0,0.0201,200000,171824.67612335255,-28175.323876647453,0.8591233806167627
2020-08-12,0,0.3521881201099267,0.0,0.1858,0.0,0.02019,200000,171824.67612335255,-28175.323876647453,0.8591233806167627
2020-08-13,-2,-1.6346902444470572,0.0,0.1854,0.0,0.02238,200000,171824.67612335255,-28175.323876647453,0.8591233806167627
2020-08-14,-2,-2.7865125167949945,0.0,0.1855,0.0,0.02471,200000,171824.67612335255,-28175.323876647453,0.8591233806167627
2020-08-15,-2,-2.629798059529901,0.0,0.1832,0.0,0.02526,200000,171824.67612335255,-28175.323876647453,0.8591233806167627
2020-08-16,-2,-2.4363574616242536,0.0,0.1968,0.0,0.02824,200000,171824.67612335255,-28175.323876647453,0.8591233806167627
2020-08-17,-2,-2.492724781478101,0.0,0.1949,0.0,0.03036,200000,171824.67612335255,-28175.323876647453,0.8591233806167627
2020-08-18,-2,-1.8510752190056132,0.0,0.1924,0.0,0.02875,200000,171824.67612335255,-28175.323876647453,0.8591233806167627
2020-08-19,-2,-1.326209556663167,0.0,0.186,0.0,0.02648,200000,171824.67612335255,-28175.323876647453,0.8591233806167627
2020-08-20,0,-0.6872768855446416,0.0,0.2075,0.0,0.02746,200000,171824.67612335255,-28175.323876647453,0.8591233806167627
2020-08-21,0,-0.3503301645026945,0.0,0.19,0.0,0.02425,200000,171824.67612335255,-28175.323876647453,0.8591233806167627
2020-08-22,0,-0.20570232211098596,0.0,0.1991,0.0,0.02512,200000,171824.67612335255,-28175.323876647453,0.8591233806167627
2020-08-23,0,0.056175680960391654,0.0,0.1984,0.0,0.02435,200000,171824.67612335255,-28175.323876647453,0.8591233806167627
2020-08-24,0,-0.13125699319685133,0.0,0.1998,0.0,0.0251,200000,171824.67612335255,-28175.323876647453,0.8591233806167627
2020-08-25,0,0.24355531681686007,0.0,0.1907,0.0,0.02299,200000,171824.67612335255,-28175.323876647453,0.8591233806167627
2020-08-26,0,0.027320625888975977,0.0,0.1911,0.0,0.02369,200000,171824.67612335255,-28175.323876647453,0.8591233806167627
2020-08-27,0,-0.10280378727262093,0.0,0.1823,0.0,0.02307,200000,171824.67612335255,-28175.323876647453,0.8591233806167627
2020-08-28,0,-0.20695097240244556,0.0,0.1854,0.0,0.02392,200000,171824.67612335255,-28175.323876647453,0.8591233806167627
2020-08-29,0,-0.29048657079232326,0.0,0.1896,0.0,0.02491,200000,171824.67612335255,-28175.323876647453,0.8591233806167627
2020-08-30,0,-0.6334340690679668,0.0,0.1966,0.0,0.02696,200000,171824.67612335255,-28175.323876647453,0.8591233806167627
2020-08-31,-2,-1.5958508012586583,0.0,0.1904,0.0,0.02917,200000,171824.67612335255,-28175.323876647453,0.8591233806167627
2020-09-01,-2,-2.584309613464637,0.0,0.1936,0.0,0.03466,200000,171824.67612335255,-28175.323876647453,0.8591233806167627
2020-09-02,-2,-2.5050684822051164,0.0,0.1776,0.0,0.03449,200000,171824.67612335255,-28175.323876647453,0.8591233806167627
2020-09-03,-2,-3.0261811940599426,0.0,0.1367,0.0,0.03996,200000,171824.67612335255,-28175.323876647453,0.8591233806167627
2020-09-04,-2,-2.0203260991595413,0.0,0.1473,0.0,0.03552,200000,171824.67612335255,-28175.323876647453,0.8591233806167627
2020-09-05,-2,-1.4893860672478307,0.0,0.138,0.0,0.02988,200000,171824.67612335255,-28175.323876647453,0.8591233806167627
2020-09-06,-2,-1.4464959825086894,0.0,0.1399,0.0,0.03142,200000,171824.67612335255,-28175.323876647453,0.8591233806167627
2020-09-07,-2,-1.453612286506998,0.0,0.1355,0.0,0.03249,200000,171824.67612335255,-28175.323876647453,0.8591233806167627
2020-09-08,-1,-1.1810685218212726,553202.434395855,0.1553,-2442078.967074368,0.03518,200000,171824.67612335255,-28175.323876647453,0.8591233806167627
2020-09-09,-1,-0.8887898768169384,553202.434395855,0.1617,-2442078.967074368,0.03397,200000,172410.25615332602,-27589.743846673984,0.8620512807666301
2020-09-10,-1,-0.7019330925446842,553202.434395855,0.1633,-2442078.967074368,0.03299,200000,170902.1426606265,-29097.8573393735,0.8545107133031324
2020-09-11,-1,-0.6244444918398325,553202.434395855,0.166,-2442078.967074368,0.0335,200000,173641.2495067033,-26358.750493296713,0.8682062475335164
2020-09-12,-1,-0.6054016975818857,553202.434395855,0.159,-2442078.967074368,0.03272,200000,167864.01087161427,-32135.98912838573,0.8393200543580713
2020-09-13,-1,-0.5402330409402789,553202.434395855,0.1485,-2442078.967074368,0.03065,200000,157000.28184861384,-42999.71815138616,0.7850014092430693
2020-09-14,-1,-0.31714457402097695,553202.434395855,0.1541,-2442078.967074368,0.03039,200000,159463.2749497913,-40536.72505020871,0.7973163747489564
2020-09-15,0,-0.147633698765291,0.0,0.1447,0.0,0.02788,200000,159861.4454683057,-40138.5545316943,0.7993072273415285
2020-09-16,0,0.10840985987376453,0.0,0.1421,0.0,0.02639,200000,159861.4454683057,-40138.5545316943,0.7993072273415285
2020-09-17,0,0.06971154525873949,0.0,0.1463,0.0,0.02813,200000,159861.4454683057,-40138.5545316943,0.7993072273415285
2020-09-18,0,-0.18343910236256902,0.0,0.1406,0.0,0.02905,200000,159861.4454683057,-40138.5545316943,0.7993072273415285
2020-09-19,0,0.22899424712147667,0.0,0.139,0.0,0.02768,200000,159861.4454683057,-40138.5545316943,0.7993072273415285
2020-09-20,0,0.3159723906148587,0.0,0.1335,0.0,0.02694,200000,159861.4454683057,-40138.5545316943,0.7993072273415285
2020-09-21,0,0.12678566126901009,0.0,0.12,0.0,0.0249,200000,159861.4454683057,-40138.5545316943,0.7993072273415285
2020-09-22,0,0.3487485940606523,0.0,0.1226,0.0,0.02499,200000,159861.4454683057,-40138.5545316943,0.7993072273415285
2020-09-23,0,-0.8344641902595288,0.0,0.1126,0.0,0.02486,200000,159861.4454683057,-40138.5545316943,0.7993072273415285
2020-09-24,0,-0.8788828130280785,0.0,0.1198,0.0,0.02625,200000,159861.4454683057,-40138.5545316943,0.7993072273415285
2020-09-25,-1,-1.1750695459228715,660584.4854062219,0.121,-2945126.1140071056,0.02714,200000,159861.4454683057,-40138.5545316943,0.7993072273415285
2020-09-26,-1,-1.0247563066127507,660584.4854062219,0.1226,-2945126.1140071056,0.02718,200000,161036.18568951596,-38963.81431048404,0.8051809284475798
2020-09-27,-1,-1.1461347982626693,660584.4854062219,0.1204,-2945126.1140071056,0.02659,200000,157845.27541435807,-42154.72458564193,0.7892263770717903
2020-09-28,-1,-0.9115612844076835,660584.4854062219,0.1211,-2945126.1140071056,0.02625,200000,157306.34167538,-42693.65832461999,0.7865317083769001
2020-09-29,0,0.24909270151639692,0.0,0.1294,0.0,0.0263,200000,151838.62985512748,-48161.37014487252,0.7591931492756374
2020-09-30,1,1.150936805041703,-559876.9537430954,0.1356,2896578.2116582883,0.02621,200000,151838.62985512748,-48161.37014487252,0.7591931492756374
2020-10-01,2,1.9763727041996038,0.0,0.1416,0.0,0.02581,200000,156356.52286224935,-43643.477137750655,0.7817826143112467
2020-10-02,0,0.3419926847389342,0.0,0.1296,0.0,0.0259,200000,156356.52286224935,-43643.477137750655,0.7817826143112467
2020-10-03,0,-0.8481132501581866,0.0,0.1259,0.0,0.02719,200000,156356.52286224935,-43643.477137750655,0.7817826143112467
2020-10-04,0,-0.6491346016255378,0.0,0.1235,0.0,0.02644,200000,156356.52286224935,-43643.477137750655,0.7817826143112467
2020-10-05,0,-0.848962722984545,0.0,0.1211,0.0,0.02643,200000,156356.52286224935,-43643.477137750655,0.7817826143112467
2020-10-06,-2,-1.3408276563172492,0.0,0.1125,0.0,0.02556,200000,156356.52286224935,-43643.477137750655,0.7817826143112467
2020-10-07,0,-0.3067414882584358,0.0,0.1194,0.0,0.02551,200000,156356.52286224935,-43643.477137750655,0.7817826143112467
2020-10-08,0,-0.12765501527770923,0.0,0.1215,0.0,0.02572,200000,156356.52286224935,-43643.477137750655,0.7817826143112467
2020-10-09,0,0.37037258622858327,0.0,0.1274,0.0,0.02627,200000,156356.52286224935,-43643.477137750655,0.7817826143112467
2020-10-10,0,0.14792371949967112,0.0,0.1264,0.0,0.02644,200000,156356.52286224935,-43643.477137750655,0.7817826143112467
2020-10-11,0,0.11838728233493151,0.0,0.1267,0.0,0.02656,200000,156356.52286224935,-43643.477137750655,0.7817826143112467
2020-10-12,0,-0.24816610958196597,0.0,0.1263,0.0,0.02709,200000,156356.52286224935,-43643.477137750655,0.7817826143112467
2020-10-13,0,-0.4615125189313752,0.0,0.1236,0.0,0.0268,200000,156356.52286224935,-43643.477137750655,0.7817826143112467
2020-10-14,0,-0.8896843062301363,0.0,0.1203,0.0,0.02676,200000,156356.52286224935,-43643.477137750655,0.7817826143112467
2020-10-15,0,-0.4717053335547804,0.0,0.1224,0.0,0.02652,200000,156356.52286224935,-43643.477137750655,0.7817826143112467
2020-10-16,0,-0.42807251905636823,0.0,0.1192,0.0,0.02572,200000,156356.52286224935,-43643.477137750655,0.7817826143112467
2020-10-17,0,-0.09649564356414285,0.0,0.1217,0.0,0.02574,200000,156356.52286224935,-43643.477137750655,0.7817826143112467
2020-10-18,0,-0.23286267697886315,0.0,0.1219,0.0,0.02594,200000,156356.52286224935,-43643.477137750655,0.7817826143112467
2020-10-19,0,-0.2755612684674201,0.0,0.1211,0.0,0.02589,200000,156356.52286224935,-43643.477137750655,0.7817826143112467
2020-10-20,-1,-1.1268458503721532,677454.6051223975,0.1154,-3016136.6292872173,0.02592,200000,156356.52286224935,-43643.477137750655,0.7817826143112467
2020-10-21,-2,-1.443360213930275,0.0,0.1187,0.0,0.02667,200000,156383.02513731085,-43616.97486268915,0.7819151256865542
2020-10-22,-2,-1.3673082425183893,0.0,0.1208,0.0,0.02708,200000,156383.02513731085,-43616.97486268915,0.7819151256865542
2020-10-23,0,-0.24377971277212226,0.0,0.1227,0.0,0.02669,200000,156383.02513731085,-43616.97486268915,0.7819151256865542
2020-10-24,0,-0.0431433862408179,0.0,0.125,0.0,0.02706,200000,156383.02513731085,-43616.97486268915,0.7819151256865542
2020-10-25,0,0.17827731497390048,0.0,0.1255,0.0,0.02699,200000,156383.02513731085,-43616.97486268915,0.7819151256865542
2020-10-26,-2,-1.5126319386683695,0.0,0.1191,0.0,0.02675,200000,156383.02513731085,-43616.97486268915,0.7819151256865542
2020-10-27,-2,-1.9254757513347227,0.0,0.1178,0.0,0.02701,200000,156383.02513731085,-43616.97486268915,0.7819151256865542
2020-10-28,-2,-2.410743818039668,0.0,0.1132,0.0,0.02688,200000,156383.02513731085,-43616.97486268915,0.7819151256865542
2020-10-29,-2,-2.615707184411137,0.0,0.1081,0.0,0.02655,200000,156383.02513731085,-43616.97486268915,0.7819151256865542
2020-10-30,-2,-2.1818792796672026,0.0,0.1042,0.0,0.0256,200000,156383.02513731085,-43616.97486268915,0.7819151256865542
2020-10-31,-2,-1.752771685884176,0.0,0.1058,0.0,0.02576,200000,156383.02513731085,-43616.97486268915,0.7819151256865542
2020-11-01,-2,-1.3401437527575932,0.0,0.1071,0.0,0.02574,200000,156383.02513731085,-43616.97486268915,0.7819151256865542
2020-11-02,-1,-1.0974670887582045,763588.9899282756,0.1024,-3198016.873973637,0.02445,200000,156383.02513731085,-43616.97486268915,0.7819151256865542
2020-11-03,-1,-1.1238325097085737,763588.9899282756,0.1015,-3198016.873973637,0.02442,200000,155599.8545401562,-44400.1454598438,0.777999272700781
2020-11-04,-1,-0.7070704649689623,763588.9899282756,0.1025,-3198016.873973637,0.0242,200000,155659.87981781026,-44340.12018218974,0.7782993990890513
2020-11-05,-1,-0.4823829233408592,763588.9899282756,0.1065,-3198016.873973637,0.02493,200000,161048.78809552413,-38951.21190447587,0.8052439404776206
2020-11-06,0,0.028952633780412355,0.0,0.1143,0.0,0.02616,200000,152764.92501165927,-47235.074988340726,0.7638246250582964
2020-11-07,0,0.32564880721477574,0.0,0.1097,0.0,0.02486,200000,152764.92501165927,-47235.074988340726,0.7638246250582964
2020-11-08,2,1.774599919492496,0.0,0.1192,0.0,0.02535,200000,152764.92501165927,-47235.074988340726,0.7638246250582964
2020-11-09,2,1.8262205444460868,0.0,0.1181,0.0,0.02479,200000,152764.92501165927,-47235.074988340726,0.7638246250582964
2020-11-10,2,1.8557359161491696,0.0,0.12,0.0,0.02483,200000,152764.92501165927,-47235.074988340726,0.7638246250582964
2020-11-11,2,1.5915203877162807,0.0,0.1203,0.0,0.02498,200000,152764.92501165927,-47235.074988340726,0.7638246250582964
2020-11-12,0,0.9915682933052862,0.0,0.1162,0.0,0.0249,200000,152764.92501165927,-47235.074988340726,0.7638246250582964
2020-11-13,0,0.956482053319717,0.0,0.1184,0.0,0.0254,200000,152764.92501165927,-47235.074988340726,0.7638246250582964
2020-11-14,0,0.809802676863688,0.0,0.1161,0.0,0.02513,200000,152764.92501165927,-47235.074988340726,0.7638246250582964
2020-11-15,0,0.5982603549210757,0.0,0.1158,0.0,0.02533,200000,152764.92501165927,-47235.074988340726,0.7638246250582964
2020-11-16,0,0.5775266343810224,0.0,0.1167,0.0,0.02549,200000,152764.92501165927,-47235.074988340726,0.7638246250582964
2020-11-17,0,0.04468702899933075,0.0,0.1178,0.0,0.02649,200000,152764.92501165927,-47235.074988340726,0.7638246250582964
2020-11-18,0,0.5106488292416075,0.0,0.1229,0.0,0.02678,200000,152764.92501165927,-47235.074988340726,0.7638246250582964
2020-11-19,0,0.6736248934684141,0.0,0.12,0.0,0.02581,200000,152764.92501165927,-47235.074988340726,0.7638246250582964
2020-11-20,0,0.5774435467654816,0.0,0.1221,0.0,0.02629,200000,152764.92501165927,-47235.074988340726,0.7638246250582964
2020-11-21,-2,-1.4394521417197412,0.0,0.1286,0.0,0.03057,200000,152764.92501165927,-47235.074988340726,0.7638246250582964
2020-11-22,-1,-1.047587681667275,616982.7342958775,0.1238,-2656781.304550596,0.02875,200000,152764.92501165927,-47235.074988340726,0.7638246250582964
2020-11-23,-2,-2.1902541710477843,0.0,0.128,0.0,0.03174,200000,158117.37362822288,-41882.62637177712,0.7905868681411143
2020-11-24,-2,-2.4695837141990813,0.0,0.1359,0.0,0.03523,200000,158117.37362822288,-41882.62637177712,0.7905868681411143
2020-11-25,2,4.195097444382025,0.0,0.384,0.0,0.03304,200000,158117.37362822288,-41882.62637177712,0.7905868681411143
2020-11-26,2,1.6887666136055588,0.0,0.2355,0.0,0.02942,200000,158117.37362822288,-41882.62637177712,0.7905868681411143
2020-11-27,2,1.252266668971396,0.0,0.22,0.0,0.02938,200000,158117.37362822288,-41882.62637177712,0.7905868681411143
2020-11-28,2,1.962859387661738,0.0,0.2886,0.0,0.03047,200000,158117.37362822288,-41882.62637177712,0.7905868681411143
2020-11-29,2,1.5857460977622373,0.0,0.2814,0.0,0.03072,200000,158117.37362822288,-41882.62637177712,0.7905868681411143
2020-11-30,1,1.054433696979421,-297101.41606204974,0.2661,2443099.098087498,0.03236,200000,158117.37362822288,-41882.62637177712,0.7905868681411143
2020-12-01,1,1.0593372740908158,-297101.41606204974,0.2565,2443099.098087498,0.03024,200000,150085.8299460817,-49914.17005391829,0.7504291497304085
2020-12-02,1,1.0521662252389228,-297101.41606204974,0.272,2443099.098087498,0.03118,200000,156987.4150472457,-43012.58495275429,0.7849370752362286
2020-12-03,1,0.7609601769229491,-297101.41606204974,0.2601,2443099.098087498,0.03166,200000,154624.5957631893,-45375.40423681069,0.7731229788159466
2020-12-04,1,0.3734054210133363,-297101.41606204974,0.2186,2443099.098087498,0.02947,200000,136944.49997180264,-63055.50002819736,0.6847224998590131
2020-12-05,1,0.4813162338451452,-297101.41606204974,0.239,2443099.098087498,0.03056,200000,145668.34687638382,-54331.65312361618,0.7283417343819191
2020-12-06,1,0.4217040003796027,-297101.41606204974,0.2419,2443099.098087498,0.03091,200000,147385.0256672944,-52614.974332705606,0.736925128336472
2020-12-07,1,0.26336909644195716,-297101.41606204974,0.2303,2443099.098087498,0.03029,200000,142423.92780016037,-57576.07219983963,0.7121196390008018
2020-12-08,0,0.14171852566225832,0.0,0.2083,0.0,0.0279,200000,151841.13375730664,-48158.86624269336,0.7592056687865332
2020-12-09,0,-0.051471082963415106,0.0,0.2061,0.0,0.0287,200000,151841.13375730664,-48158.86624269336,0.7592056687865332
2020-12-10,0,-0.2950726121321854,0.0,0.1915,0.0,0.02811,200000,151841.13375730664,-48158.86624269336,0.7592056687865332
2020-12-11,0,-0.5436225897076493,0.0,0.1808,0.0,0.02778,200000,151841.13375730664,-48158.86624269336,0.7592056687865332
2020-12-12,0,-0.4687115056240762,0.0,0.1954,0.0,0.02855,200000,151841.13375730664,-48158.86624269336,0.7592056687865332
2020-12-13,0,-0.42712690005017184,0.0,0.2093,0.0,0.02921,200000,151841.13375730664,-48158.86624269336,0.7592056687865332
2020-12-14,0,-0.4269086354433335,0.0,0.2178,0.0,0.0291,200000,151841.13375730664,-48158.86624269336,0.7592056687865332
2020-12-15,0,-0.8096595811521736,0.0,0.2077,0.0,0.02918,200000,151841.13375730664,-48158.86624269336,0.7592056687865332
2020-12-16,-2,-1.2868943258360799,0.0,0.2085,0.0,0.03145,200000,151841.13375730664,-48158.86624269336,0.7592056687865332
2020-12-17,-2,-1.3211844494735103,0.0,0.1996,0.0,0.03072,200000,151841.13375730664,-48158.86624269336,0.7592056687865332
2020-12-18,0,-0.9084074124684896,0.0,0.2117,0.0,0.03109,200000,151841.13375730664,-48158.86624269336,0.7592056687865332
2020-12-19,0,-0.38357179826714094,0.0,0.2233,0.0,0.03124,200000,151841.13375730664,-48158.86624269336,0.7592056687865332
2020-12-20,0,-0.9961330704628352,0.0,0.2086,0.0,0.03122,200000,151841.13375730664,-48158.86624269336,0.7592056687865332
2020-12-21,0,-0.32537764425039734,0.0,0.2066,0.0,0.02926,200000,151841.13375730664,-48158.86624269336,0.7592056687865332
2020-12-22,0,-0.6549641471510383,0.0,0.1975,0.0,0.02885,200000,151841.13375730664,-48158.86624269336,0.7592056687865332
2020-12-23,-1,-1.1161162217002885,463212.73263363837,0.1639,-3061313.1805908596,0.0248,200000,151841.13375730664,-48158.86624269336,0.7592056687865332
2020-12-24,-1,-1.167336673299894,463212.73263363837,0.1809,-3061313.1805908596,0.02769,200000,168562.94530398608,-31437.054696013918,0.8428147265199304
2020-12-25,-1,-1.1568981407981334,463212.73263363837,0.1856,-3061313.1805908596,0.02854,200000,173342.16135086643,-26657.83864913357,0.8667108067543321
2020-12-26,0,0.9170242542994202,0.0,0.2019,0.0,0.0278,200000,143422.98945900096,-56577.010540999036,0.7171149472950048
2020-12-27,0,-0.4668459612616529,0.0,0.1949,0.0,0.02889,200000,143422.98945900096,-56577.010540999036,0.7171149472950048
2020-12-28,-1,-1.0871223002410144,371562.1488575154,0.193,-2423504.384234555,0.02959,200000,143422.98945900096,-56577.010540999036,0.7171149472950048
2020-12-29,0,-0.15460211454369652,0.0,0.1877,0.0,0.02767,200000,140739.14043021543,-59260.859569784574,0.7036957021510771
2020-12-30,0,0.5029072421663036,0.0,0.1882,0.0,0.02695,200000,140739.14043021543,-59260.859569784574,0.7036957021510771
2020-12-31,0,0.3170307630011548,0.0,0.186,0.0,0.02677,200000,140739.14043021543,-59260.859569784574,0.7036957021510771
2021-01-01,1,1.1062894212214032,-364043.3016818816,0.1933,2620840.6039146264,0.02685,200000,140739.14043021543,-59260.859569784574,0.7036957021510771
2021-01-02,2,1.981671327905734,0.0,0.2049,0.0,0.02721,200000,144018.540112316,-55981.459887684,0.72009270056158
2021-01-03,0,0.009833897633612733,0.0,0.2025,0.0,0.02949,200000,144018.540112316,-55981.459887684,0.72009270056158
2021-01-04,-2,-2.0247245985593563,0.0,0.1908,0.0,0.03095,200000,144018.540112316,-55981.459887684,0.72009270056158
2021-01-05,0,0.35623232745210653,0.0,0.1981,0.0,0.02852,200000,144018.540112316,-55981.459887684,0.72009270056158
2021-01-06,0,0.015996801162031424,0.0,0.2088,0.0,0.03046,200000,144018.540112316,-55981.459887684,0.72009270056158
2021-01-07,2,1.3292624986410584,0.0,0.2262,0.0,0.03095,200000,144018.540112316,-55981.459887684,0.72009270056158
2021-01-08,0,0.8830308236016772,0.0,0.2178,0.0,0.0304,200000,144018.540112316,-55981.459887684,0.72009270056158
2021-01-09,0,-0.1372250428329687,0.0,0.2313,0.0,0.03382,200000,144018.540112316,-55981.459887684,0.72009270056158
2021-01-10,0,0.5433544713221423,0.0,0.2312,0.0,0.03275,200000,144018.540112316,-55981.459887684,0.72009270056158
2021-01-11,2,2.8858135181696265,0.0,0.2383,0.0,0.02897,200000,144018.540112316,-55981.459887684,0.72009270056158
2021-01-12,2,1.3414089476201134,0.0,0.2182,0.0,0.02865,200000,144018.540112316,-55981.459887684,0.72009270056158
2021-01-13,0,0.627446765245056,0.0,0.2255,0.0,0.03079,200000,144018.540112316,-55981.459887684,0.72009270056158
2021-01-14,1,1.043271250214813,-316107.41903493414,0.2278,2389159.5904498342,0.03014,200000,144018.540112316,-55981.459887684,0.72009270056158
2021-01-15,1,0.9912285061808728,-316107.41903493414,0.2247,2389159.5904498342,0.02972,200000,142035.16008531878,-57964.839914681215,0.7101758004265939
2021-01-16,1,1.0267032050336289,-316107.41903493414,0.2294,2389159.5904498342,0.03008,200000,144380.9624073449,-55619.037592655106,0.7219048120367244
2021-01-17,1,1.1120001801953778,-316107.41903493414,0.233,2389159.5904498342,0.0302,200000,145805.64826672466,-54194.35173327534,0.7290282413336233
2021-01-18,1,0.9673677341415522,-316107.41903493414,0.2435,2389159.5904498342,0.03164,200000,152565.16597683923,-47434.83402316077,0.7628258298841961
2021-01-19,1,1.0812842716483184,-316107.41903493414,0.2389,2389159.5904498342,0.03063,200000,148698.0206629242,-51301.97933707581,0.743490103314621
2021-01-20,1,0.562874589064813,-316107.41903493414,0.2312,2389159.5904498342,0.03046,200000,145857.8364059787,-54142.16359402129,0.7292891820298936
2021-01-21,0,-0.08350530650794456,0.0,0.2016,0.0,0.02762,200000,141757.2079015343,-58242.792098465696,0.7087860395076715
2021-01-22,0,0.08508951937368764,0.0,0.2105,0.0,0.02857,200000,141757.2079015343,-58242.792098465696,0.7087860395076715
2021-01-23,0,0.11832428600897914,0.0,0.2167,0.0,0.02925,200000,141757.2079015343,-58242.792098465696,0.7087860395076715
2021-01-24,0,0.08394764687245036,0.0,0.2234,0.0,0.02999,200000,141757.2079015343,-58242.792098465696,0.7087860395076715
2021-01-25,0,-0.33434439546512207,0.0,0.2162,0.0,0.02949,200000,141757.2079015343,-58242.792098465696,0.7087860395076715
2021-01-26,0,-0.48023636500737427,0.0,0.2159,0.0,0.02949,200000,141757.2079015343,-58242.792098465696,0.7087860395076715
2021-01-27,-2,-1.6418215169369397,0.0,0.1954,0.0,0.02823,200000,141757.2079015343,-58242.792098465696,0.7087860395076715
2021-01-28,-1,-1.0697640021184285,338000.01884009136,0.2097,-2398599.1184692774,0.02955,200000,141757.2079015343,-58242.792098465696,0.7087860395076715
2021-01-29,-2,-2.8030133475242365,0.0,0.2114,0.0,0.03335,200000,150297.2845196894,-49702.71548031061,0.751486422598447
2021-01-30,-2,-2.075372202534937,0.0,0.2089,0.0,0.03216,200000,150297.2845196894,-49702.71548031061,0.751486422598447
2021-01-31,-2,-2.0100670134898677,0.0,0.2027,0.0,0.03154,200000,150297.2845196894,-49702.71548031061,0.751486422598447
2021-02-01,-2,-2.1245603065753857,0.0,0.2036,0.0,0.03295,200000,150297.2845196894,-49702.71548031061,0.751486422598447
2021-02-02,-2,-1.5358053981408624,0.0,0.2112,0.0,0.03317,200000,150297.2845196894,-49702.71548031061,0.751486422598447
2021-02-03,0,-0.9676323507590254,0.0,0.2283,0.0,0.03452,200000,150297.2845196894,-49702.71548031061,0.751486422598447
2021-02-04,0,-0.5515420431710254,0.0,0.2251,0.0,0.0331,200000,150297.2845196894,-49702.71548031061,0.751486422598447
2021-02-05,0,-0.4116708508618876,0.0,0.2479,0.0,0.03624,200000,150297.2845196894,-49702.71548031061,0.751486422598447
2021-02-06,0,0.7363988389044078,0.0,0.2597,0.0,0.03507,200000,150297.2845196894,-49702.71548031061,0.751486422598447
2021-02-07,0,-0.19944717466553943,0.0,0.2483,0.0,0.03597,200000,150297.2845196894,-49702.71548031061,0.751486422598447
2021-02-08,0,-0.8268006955717264,0.0,0.2655,0.0,0.04042,200000,150297.2845196894,-49702.71548031061,0.751486422598447
2021-02-09,-2,-1.5237793707657645,0.0,0.285,0.0,0.04608,200000,150297.2845196894,-49702.71548031061,0.751486422598447
2021-02-10,0,-0.4812015583713859,0.0,0.3065,0.0,0.04629,200000,150297.2845196894,-49702.71548031061,0.751486422598447
2021-02-11,-2,-1.5199929660115012,0.0,0.3457,0.0,0.05681,200000,150297.2845196894,-49702.71548031061,0.751486422598447
2021-02-12,-1,-1.0193848706581519,217443.98802038396,0.3456,-1362622.706434174,0.05515,200000,150297.2845196894,-49702.71548031061,0.751486422598447
2021-02-13,0,-0.1222400988440998,0.0,0.3969,0.0,0.05995,200000,145682.99692512772,-54317.00307487228,0.7284149846256386
2021-02-14,0,-0.021560317692272877,0.0,0.3657,0.0,0.05519,200000,145682.99692512772,-54317.00307487228,0.7284149846256386
2021-02-15,0,0.4990167231454291,0.0,0.344,0.0,0.05079,200000,145682.99692512772,-54317.00307487228,0.7284149846256386
2021-02-16,2,3.1098139148231256,0.0,0.424,0.0,0.05202,200000,145682.99692512772,-54317.00307487228,0.7284149846256386
2021-02-17,2,2.03349948418779,0.0,0.409,0.0,0.05256,200000,145682.99692512772,-54317.00307487228,0.7284149846256386
2021-02-18,2,2.1066814951258372,0.0,0.4426,0.0,0.05492,200000,145682.99692512772,-54317.00307487228,0.7284149846256386
2021-02-19,0,0.9613480416749413,0.0,0.451,0.0,0.06073,200000,145682.99692512772,-54317.00307487228,0.7284149846256386
2021-02-20,2,1.3686459557091546,0.0,0.4492,0.0,0.05773,200000,145682.99692512772,-54317.00307487228,0.7284149846256386
2021-02-21,2,3.4573845391516826,0.0,0.6419,0.0,0.05935,200000,145682.99692512772,-54317.00307487228,0.7284149846256386
2021-02-22,2,2.198704155992424,0.0,0.5432,0.0,0.05425,200000,145682.99692512772,-54317.00307487228,0.7284149846256386
2021-02-23,2,1.8156156042625082,0.0,0.4466,0.0,0.04501,200000,145682.99692512772,-54317.00307487228,0.7284149846256386
2021-02-24,2,2.2107393031557767,0.0,0.5354,0.0,0.048,200000,145682.99692512772,-54317.00307487228,0.7284149846256386
2021-02-25,2,1.786192138982193,0.0,0.4952,0.0,0.0452,200000,145682.99692512772,-54317.00307487228,0.7284149846256386
2021-02-26,2,1.4843038013075218,0.0,0.4866,0.0,0.04517,200000,145682.99692512772,-54317.00307487228,0.7284149846256386
2021-02-27,1,1.1934370641104597,-149295.95913622435,0.4879,1565810.371078329,0.04652,200000,145682.99692512772,-54317.00307487228,0.7284149846256386
2021-02-28,2,1.4733302732896274,0.0,0.5186,0.0,0.04562,200000,151675.6122045803,-48324.387795419694,0.7583780610229015
2021-03-01,1,1.185251145462587,-143469.17537323147,0.5286,1585238.4218706135,0.04784,200000,151675.6122045803,-48324.387795419694,0.7583780610229015
2021-03-02,1,0.8947716099674649,-143469.17537323147,0.4999,1585238.4218706135,0.04687,200000,146020.36560215405,-53979.63439784595,0.7301018280107703
2021-03-03,1,0.8074370425760534,-143469.17537323147,0.5203,1585238.4218706135,0.04883,200000,152054.2040866344,-47945.79591336561,0.760271020433172
2021-03-04,1,0.7938105597137527,-143469.17537323147,0.5541,1585238.4218706135,0.05142,200000,161009.2297268945,-38990.7702731055,0.8050461486344724
2021-03-05,2,2.1482146411791647,0.0,0.6913,0.0,0.05019,200000,171292.73674640912,-28707.263253590878,0.8564636837320456
2021-03-06,2,2.40559358910229,0.0,0.7626,0.0,0.05015,200000,171292.73674640912,-28707.263253590878,0.8564636837320456
2021-03-07,2,2.0943397543744817,0.0,0.7888,0.0,0.05173,200000,171292.73674640912,-28707.263253590878,0.8564636837320456
2021-03-08,2,1.534982779377692,0.0,0.7665,0.0,0.05307,200000,171292.73674640912,-28707.263253590878,0.8564636837320456
2021-03-09,2,1.3840575267296589,0.0,0.7679,0.0,0.0532,200000,171292.73674640912,-28707.263253590878,0.8564636837320456
2021-03-10,2,1.40973832378571,0.0,0.763,0.0,0.05142,200000,171292.73674640912,-28707.263253590878,0.8564636837320456
2021-03-11,1,1.1682590738801486,-114853.6521029966,0.7457,1662713.4221161825,0.05151,200000,171292.73674640912,-28707.263253590878,0.8564636837320456
2021-03-12,2,1.2595715955998519,0.0,0.742,0.0,0.04997,200000,173428.35690368694,-26571.643096313055,0.8671417845184347
2021-03-13,1,1.006474416873728,-112630.44350155017,0.7699,1638899.6116394533,0.05291,200000,173428.35690368694,-26571.643096313055,0.8671417845184347
2021-03-14,2,1.2000267763050236,0.0,0.7764,0.0,0.05105,200000,177208.8080640964,-22791.191935903596,0.886044040320482
2021-03-15,0,0.7856954447236797,0.0,0.7364,0.0,0.05069,200000,177208.8080640964,-22791.191935903596,0.886044040320482
2021-03-16,0,0.3520412800574736,0.0,0.722,0.0,0.05237,200000,177208.8080640964,-22791.191935903596,0.886044040320482
2021-03-17,0,0.4273897988042459,0.0,0.7711,0.0,0.05483,200000,177208.8080640964,-22791.191935903596,0.886044040320482
2021-03-18,0,0.5032031436458476,0.0,0.7644,0.0,0.05329,200000,177208.8080640964,-22791.191935903596,0.886044040320482
2021-03-19,0,0.16058206136348613,0.0,0.8133,0.0,0.05862,200000,177208.8080640964,-22791.191935903596,0.886044040320482
2021-03-20,0,-0.7242865918760085,0.0,0.7615,0.0,0.0609,200000,177208.8080640964,-22791.191935903596,0.886044040320482
2021-03-21,0,-0.8266248088495469,0.0,0.7915,0.0,0.06337,200000,177208.8080640964,-22791.191935903596,0.886044040320482
2021-03-22,0,-0.29022258368986936,0.0,0.7997,0.0,0.05927,200000,177208.8080640964,-22791.191935903596,0.886044040320482
2021-03-23,0,0.5038822913676115,0.0,0.856,0.0,0.05852,200000,177208.8080640964,-22791.191935903596,0.886044040320482
2021-03-24,-2,-1.2317535638564903,0.0,0.7352,0.0,0.05568,200000,177208.8080640964,-22791.191935903596,0.886044040320482
2021-03-25,-2,-1.8322710199230876,0.0,0.6915,0.0,0.05528,200000,177208.8080640964,-22791.191935903596,0.886044040320482
2021-03-26,-2,-2.2992952182610114,0.0,0.7518,0.0,0.06464,200000,177208.8080640964,-22791.191935903596,0.886044040320482
2021-03-27,0,0.13750820722308302,0.0,0.8921,0.0,0.0636,200000,177208.8080640964,-22791.191935903596,0.886044040320482
2021-03-28,0,-0.0625304172346497,0.0,0.8781,0.0,0.06362,200000,177208.8080640964,-22791.191935903596,0.886044040320482
2021-03-29,0,0.6343057614184097,0.0,0.937,0.0,0.06475,200000,177208.8080640964,-22791.191935903596,0.886044040320482
2021-03-30,2,1.4161471154678433,0.0,1.0083,0.0,0.06598,200000,177208.8080640964,-22791.191935903596,0.886044040320482
2021-03-31,-2,-2.313970064354514,0.0,1.0245,0.0,0.09296,200000,177208.8080640964,-22791.191935903596,0.886044040320482
2021-04-01,-2,-1.7636843504212603,0.0,0.969,0.0,0.08543,200000,177208.8080640964,-22791.191935903596,0.886044040320482
2021-04-02,-2,-1.3194787937871557,0.0,1.0801,0.0,0.09232,200000,177208.8080640964,-22791.191935903596,0.886044040320482
2021-04-03,-2,-1.7006696080141002,0.0,1.1088,0.0,0.10143,200000,177208.8080640964,-22791.191935903596,0.886044040320482
2021-04-04,-2,-2.254987735190159,0.0,1.214,0.0,0.12761,200000,177208.8080640964,-22791.191935903596,0.886044040320482
2021-04-05,-2,-2.3009555798568067,0.0,1.1686,0.0,0.13655,200000,177208.8080640964,-22791.191935903596,0.886044040320482
2021-04-06,-2,-1.822666724084952,0.0,1.0994,0.0,0.12401,200000,177208.8080640964,-22791.191935903596,0.886044040320482
2021-04-07,-2,-1.6686478612280466,0.0,0.9606,0.0,0.11045,200000,177208.8080640964,-22791.191935903596,0.886044040320482
2021-04-08,-2,-1.4495813181436288,0.0,1.0825,0.0,0.12349,200000,177208.8080640964,-22791.191935903596,0.886044040320482
2021-04-09,0,-0.7033039301669282,0.0,1.1855,0.0,0.11584,200000,177208.8080640964,-22791.191935903596,0.886044040320482
2021-04-10,0,-0.8454727629247114,0.0,1.2324,0.0,0.1263,200000,177208.8080640964,-22791.191935903596,0.886044040320482
2021-04-11,0,-0.6890603836695788,0.0,1.2135,0.0,0.12214,200000,177208.8080640964,-22791.191935903596,0.886044040320482
2021-04-12,-1,-1.0036356192138631,76133.70341299898,1.1638,-688243.0016471043,0.12874,200000,177208.8080640964,-22791.191935903596,0.886044040320482
2021-04-13,-2,-1.3593224240784763,0.0,1.1615,0.0,0.14622,200000,189414.40325073767,-10585.596749262331,0.9470720162536883
2021-04-14,-1,-1.1338001317198976,82634.32652069526,1.1461,-674552.7181294076,0.1404,200000,189414.40325073764,-10585.59674926236,0.9470720162536882
2021-04-15,-2,-1.2299054505952511,0.0,1.2549,0.0,0.16421,200000,196484.88874394723,-3515.111256052769,0.9824244437197361
2021-04-16,0,-0.808739803713398,0.0,1.3563,0.0,0.16091,200000,196484.88874394723,-3515.111256052769,0.9824244437197361
2021-04-17,0,-0.7585118836679515,0.0,1.3005,0.0,0.15535,200000,196484.88874394723,-3515.111256052769,0.9824244437197361
2021-04-18,0,-0.33997485647917997,0.0,1.2961,0.0,0.14302,200000,196484.88874394723,-3515.111256052769,0.9824244437197361
2021-04-19,0,-0.5334616236739362,0.0,1.131,0.0,0.12993,200000,196484.88874394723,-3515.111256052769,0.9824244437197361
2021-04-20,0,-0.7945230481275383,0.0,1.1021,0.0,0.13279,200000,196484.88874394723,-3515.111256052769,0.9824244437197361
2021-04-21,0,-0.48420817098623353,0.0,1.0513,0.0,0.12273,200000,196484.88874394723,-3515.111256052769,0.9824244437197361
2021-04-22,-2,-1.3874065626015595,0.0,0.8442,0.0,0.11001,200000,196484.88874394723,-3515.111256052769,0.9824244437197361
2021-04-23,-2,-1.7936906200602998,0.0,0.7958,0.0,0.10915,200000,196484.88874394723,-3515.111256052769,0.9824244437197361
2021-04-24,-2,-1.6997502494603247,0.0,0.7353,0.0,0.10249,200000,196484.88874394723,-3515.111256052769,0.9824244437197361
2021-04-25,-2,-1.2852584729821808,0.0,0.7533,0.0,0.10176,200000,196484.88874394723,-3515.111256052769,0.9824244437197361
2021-04-26,-1,-1.0188042286228682,111020.9564605872,0.8849,-837388.7177972521,0.11732,200000,196484.88874394723,-3515.111256052769,0.9824244437197361
2021-04-27,-1,-0.8286535814435839,111020.9564605872,0.9627,-837388.7177972521,0.12594,200000,212340.60990399323,12340.60990399323,1.0617030495199662
2021-04-28,-1,-0.8213949308376873,111020.9564605872,0.9299,-837388.7177972521,0.12266,200000,205952.487537711,5952.487537710986,1.029762437688555
2021-04-29,-1,-0.6535139682147749,111020.9564605872,0.9307,-837388.7177972521,0.12123,200000,204843.8384364294,4843.838436429389,1.0242191921821469
2021-04-30,-1,-0.6656851612873176,111020.9564605872,1.0069,-837388.7177972521,0.13223,200000,222514.9112144959,22514.911214495893,1.1125745560724796
2021-05-01,-1,-0.6163103404992573,111020.9564605872,0.9994,-837388.7177972521,0.13112,200000,220752.75256428652,20752.752564286522,1.1037637628214325
2021-05-02,0,-0.10238206733688501,0.0,1.003,0.0,0.12759,200000,191973.29591772967,-8026.7040822703275,0.9598664795886483
2021-05-03,0,-0.5311707952951294,0.0,1.0033,0.0,0.13159,200000,191973.29591772967,-8026.7040822703275,0.9598664795886483
2021-05-04,-1,-1.1057117663362923,110813.49337204438,0.8662,-805459.8301490714,0.11917,200000,191973.29591772967,-8026.7040822703275,0.9598664795886483
2021-05-05,-2,-1.8124305932233151,0.0,0.9898,0.0,0.14654,200000,200322.18368812508,322.18368812507833,1.0016109184406254
2021-05-06,0,-0.9271350394954112,0.0,1.0975,0.0,0.15216,200000,200322.18368812508,322.18368812507833,1.0016109184406254
2021-05-07,0,-0.9075742018954513,0.0,1.0584,0.0,0.14763,200000,200322.18368812508,322.18368812507833,1.0016109184406254
2021-05-08,0,-0.7254747676266335,0.0,1.0369,0.0,0.14301,200000,200322.18368812508,322.18368812507833,1.0016109184406254
2021-05-09,0,-0.7181601322213987,0.0,1.0338,0.0,0.14295,200000,200322.18368812508,322.18368812507833,1.0016109184406254
2021-05-10,-1,-1.0526140562266257,111438.68696491158,0.8988,-787677.6647063742,0.12716,200000,200322.18368812508,322.18368812507833,1.0016109184406254
2021-05-11,-2,-1.3560125395521356,0.0,0.9724,0.0,0.13893,200000,201391.2624411016,1391.2624411016004,1.006956312205508
2021-05-12,-2,-2.08522713555987,0.0,0.7956,0.0,0.11918,200000,201391.2624411016,1391.2624411016004,1.006956312205508
2021-05-13,-2,-1.9003184083304552,0.0,0.8062,0.0,0.12159,200000,201391.2624411016,1391.2624411016004,1.006956312205508
2021-05-14,-2,-1.4293236211398785,0.0,0.8414,0.0,0.12473,200000,201391.2624411016,1391.2624411016004,1.006956312205508
2021-05-15,-2,-1.823230511932982,0.0,0.7817,0.0,0.12059,200000,201391.2624411016,1391.2624411016004,1.006956312205508
2021-05-16,-2,-1.5348749744526675,0.0,0.7794,0.0,0.11964,200000,201391.2624411016,1391.2624411016004,1.006956312205508
2021-05-17,-2,-1.9743099454064341,0.0,0.6959,0.0,0.11279,200000,201391.2624411016,1391.2624411016004,1.006956312205508
2021-05-18,-2,-1.5746578357540633,0.0,0.7277,0.0,0.11627,200000,201391.2624411016,1391.2624411016004,1.006956312205508
2021-05-19,0,-0.9187071710867771,0.0,0.5153,0.0,0.07881,200000,201391.2624411016,1391.2624411016004,1.006956312205508
2021-05-20,2,4.226624039376778,0.0,2.4318,0.0,0.08928,200000,201391.2624411016,1391.2624411016004,1.006956312205508
2021-05-21,2,1.7715858201219756,0.0,1.3506,0.0,0.0779,200000,201391.2624411016,1391.2624411016004,1.006956312205508
2021-05-22,0,0.630261191114988,0.0,0.8925,0.0,0.07534,200000,201391.2624411016,1391.2624411016004,1.006956312205508
2021-05-23,0,0.6093737767693923,0.0,0.7534,0.0,0.06285,200000,201391.2624411016,1391.2624411016004,1.006956312205508
2021-05-24,0,0.5503504755942726,0.0,0.9185,0.0,0.07696,200000,201391.2624411016,1391.2624411016004,1.006956312205508
2021-05-25,0,0.7850913709498519,0.0,1.0436,0.0,0.07714,200000,201391.2624411016,1391.2624411016004,1.006956312205508
2021-05-26,0,0.817798720176708,0.0,1.1722,0.0,0.08312,200000,201391.2624411016,1391.2624411016004,1.006956312205508
2021-05-27,0,0.6228231686563647,0.0,1.065,0.0,0.07949,200000,201391.2624411016,1391.2624411016004,1.006956312205508
2021-05-28,1,1.0470397225934145,-86145.63369026504,1.1689,1397773.8925673347,0.07204,200000,201391.2624411016,1391.2624411016004,1.006956312205508
2021-05-29,1,0.7783209653198342,-86145.63369026504,1.0449,1397773.8925673347,0.06877,200000,186138.48323481355,-13861.516765186447,0.9306924161740677
2021-05-30,1,0.5652711593387091,-86145.63369026504,1.0348,1397773.8925673347,0.07196,200000,189727.31105183167,-10272.688948168332,0.9486365552591584
2021-05-31,1,0.40390112237235076,-86145.63369026504,1.0609,1397773.8925673347,0.07679,200000,198726.9599922478,-1273.0400077521917,0.993634799961239
2021-06-01,1,0.2564232299646849,-86145.63369026504,1.0147,1397773.8925673347,0.07614,200000,193838.4786855888,-6161.521314411191,0.969192393427944
2021-06-02,1,0.22598273362074375,-86145.63369026504,1.0517,1397773.8925673347,0.07804,200000,199681.63752800654,-318.3624719934596,0.9984081876400327
2021-06-03,0,0.1429905985528485,0.0,1.0986,0.0,0.08223,200000,181091.90842741483,-18908.091572585166,0.9054595421370741
2021-06-04,0,0.019280457287001358,0.0,1.0087,0.0,0.07714,200000,181091.90842741483,-18908.091572585166,0.9054595421370741
2021-06-05,0,-0.13689210341199556,0.0,0.9579,0.0,0.07552,200000,181091.90842741483,-18908.091572585166,0.9054595421370741
2021-06-06,0,-0.061972468073314614,0.0,1.0378,0.0,0.07745,200000,181091.90842741483,-18908.091572585166,0.9054595421370741
2021-06-07,0,-0.25443365711489146,0.0,0.935,0.0,0.0717,200000,181091.90842741483,-18908.091572585166,0.9054595421370741
2021-06-08,0,-0.4713189737094838,0.0,0.9221,0.0,0.07242,200000,181091.90842741483,-18908.091572585166,0.9054595421370741
2021-06-09,0,-0.39185366707209973,0.0,0.9842,0.0,0.07536,200000,181091.90842741483,-18908.091572585166,0.9054595421370741
2021-06-10,0,-0.4292375061978305,0.0,0.9379,0.0,0.07257,200000,181091.90842741483,-18908.091572585166,0.9054595421370741
2021-06-11,0,-0.9892096214670176,0.0,0.8579,0.0,0.06919,200000,181091.90842741483,-18908.091572585166,0.9054595421370741
2021-06-12,-2,-1.7633882425357317,0.0,0.784,0.0,0.06804,200000,181091.90842741483,-18908.091572585166,0.9054595421370741
2021-06-13,-2,-1.2058300643873454,0.0,0.8681,0.0,0.07153,200000,181091.90842741483,-18908.091572585166,0.9054595421370741
2021-06-14,0,-0.9020606993976857,0.0,0.8912,0.0,0.07203,200000,181091.90842741483,-18908.091572585166,0.9054595421370741
2021-06-15,-1,-1.0728047716896647,104580.68169751376,0.8658,-1262140.4267313553,0.07174,200000,181091.90842741483,-18908.091572585166,0.9054595421370741
2021-06-16,-1,-1.156821996538035,104580.68169751376,0.8172,-1262140.4267313553,0.06895,200000,172487.9155063352,-27512.08449366479,0.862439577531676
2021-06-17,-2,-1.8311230804223728,0.0,0.8242,0.0,0.0739,200000,188168.68810777113,-11831.31189222887,0.9408434405388556
2021-06-18,-2,-1.9663234378580015,0.0,0.7619,0.0,0.06962,200000,188168.68810777113,-11831.31189222887,0.9408434405388556
2021-06-19,-2,-1.8076270577389686,0.0,0.7464,0.0,0.06827,200000,188168.68810777113,-11831.31189222887,0.9408434405388556
2021-06-20,-2,-1.8734211613069944,0.0,0.7205,0.0,0.06768,200000,188168.68810777113,-11831.31189222887,0.9408434405388556
2021-06-21,-2,-2.5256183014758595,0.0,0.5021,0.0,0.05351,200000,188168.68810777113,-11831.31189222887,0.9408434405388556
2021-06-22,-2,-2.2208825183273757,0.0,0.4694,0.0,0.05103,200000,188168.68810777113,-11831.31189222887,0.9408434405388556
2021-06-23,-2,-2.125036226695933,0.0,0.5098,0.0,0.05797,200000,188168.68810777113,-11831.31189222887,0.9408434405388556
2021-06-24,-2,-1.8802904768122912,0.0,0.5747,0.0,0.06611,200000,188168.68810777113,-11831.31189222887,0.9408434405388556
2021-06-25,-2,-1.7989638703753874,0.0,0.514,0.0,0.06139,200000,188168.68810777113,-11831.31189222887,0.9408434405388556
2021-06-26,-2,-1.3581602318852233,0.0,0.5552,0.0,0.06274,200000,188168.68810777113,-11831.31189222887,0.9408434405388556
2021-06-27,-2,-1.3085025526820342,0.0,0.5636,0.0,0.06479,200000,188168.68810777113,-11831.31189222887,0.9408434405388556
2021-06-28,0,-0.9234340207131125,0.0,0.5991,0.0,0.06532,200000,188168.68810777113,-11831.31189222887,0.9408434405388556
2021-06-29,0,-0.3085759344484954,0.0,0.6821,0.0,0.06793,200000,188168.68810777113,-11831.31189222887,0.9408434405388556
2021-06-30,1,1.1096567404252702,-114110.78720907892,0.8245,1377919.5086977968,0.06828,200000,188168.68810777113,-11831.31189222887,0.9408434405388556
2021-07-01,1,0.6772863295439755,-114110.78720907892,0.735,1377919.5086977968,0.06471,200000,173036.60000650742,-26963.39999349258,0.8651830000325371
2021-07-02,1,0.25955970313605703,-114110.78720907892,0.7143,1377919.5086977968,0.06657,200000,173237.4369974574,-26762.563002542593,0.8661871849872871
2021-07-03,1,0.6096006960278145,-114110.78720907892,0.7438,1377919.5086977968,0.06683,200000,176961.96429238666,-23038.035707613337,0.8848098214619333
2021-07-04,1,0.8026066212685611,-114110.78720907892,0.7595,1377919.5086977968,0.06736,200000,179483.800991179,-20516.199008820986,0.8974190049558951
2021-07-05,2,1.6636862843428022,0.0,0.8009,0.0,0.06448,200000,190711.76766268845,-9288.23233731155,0.9535588383134422
2021-07-06,2,1.5026381126595345,0.0,0.7976,0.0,0.06494,200000,190711.76766268845,-9288.23233731155,0.9535588383134422
2021-07-07,2,1.7453250549020818,0.0,0.8286,0.0,0.06433,200000,190711.76766268845,-9288.23233731155,0.9535588383134422
2021-07-08,0,0.9462738640984235,0.0,0.7214,0.0,0.06106,200000,190711.76766268845,-9288.23233731155,0.9535588383134422
2021-07-09,0,0.9563980916717751,0.0,0.7407,0.0,0.06219,200000,190711.76766268845,-9288.23233731155,0.9535588383134422
2021-07-10,1,1.0079553835000772,-128269.95403732073,0.7434,1552521.7165637289,0.06142,200000,190711.76766268845,-9288.23233731155,0.9535588383134422
2021-07-11,1,1.0369500588253406,-128269.95403732073,0.7617,1552521.7165637289,0.06184,200000,193711.1669425282,-6288.833057471813,0.968555834712641
2021-07-12,1,1.1344122502601797,-128269.95403732073,0.7601,1552521.7165637289,0.06004,200000,190711.39592625375,-9288.604073746246,0.9535569796312687
2021-07-13,2,1.7314220275842371,0.0,0.8291,0.0,0.05937,200000,204887.1722426425,4887.172242642497,1.0244358612132125
2021-07-14,0,0.934234971891027,0.0,0.767,0.0,0.05989,200000,204887.1722426425,4887.172242642497,1.0244358612132125
2021-07-15,0,0.7032407229128543,0.0,0.726,0.0,0.05784,200000,204887.1722426425,4887.172242642497,1.0244358612132125
2021-07-16,2,1.310662881127721,0.0,0.753,0.0,0.05562,200000,204887.1722426425,4887.172242642497,1.0244358612132125
2021-07-17,0,0.5935201379957861,0.0,0.7084,0.0,0.05597,200000,204887.1722426425,4887.172242642497,1.0244358612132125
2021-07-18,0,0.49654342166631515,0.0,0.7055,0.0,0.05592,200000,204887.1722426425,4887.172242642497,1.0244358612132125
2021-07-19,0,0.07684531101359696,0.0,0.6591,0.0,0.05345,200000,204887.1722426425,4887.172242642497,1.0244358612132125
2021-07-20,0,-0.4686095243182089,0.0,0.6001,0.0,0.05045,200000,204887.1722426425,4887.172242642497,1.0244358612132125
2021-07-21,0,-0.25316868636390655,0.0,0.6524,0.0,0.05388,200000,204887.1722426425,4887.172242642497,1.0244358612132125
2021-07-22,0,-0.3520937094391958,0.0,0.6707,0.0,0.05526,200000,204887.1722426425,4887.172242642497,1.0244358612132125
2021-07-23,0,-0.47376901541648786,0.0,0.6797,0.0,0.056,200000,204887.1722426425,4887.172242642497,1.0244358612132125
2021-07-24,0,-0.44791113883063,0.0,0.7003,0.0,0.05727,200000,204887.1722426425,4887.172242642497,1.0244358612132125
2021-07-25,0,-0.44668500395806326,0.0,0.7075,0.0,0.05791,200000,204887.1722426425,4887.172242642497,1.0244358612132125
2021-07-26,0,0.5100477286030339,0.0,0.7453,0.0,0.05842,200000,204887.1722426425,4887.172242642497,1.0244358612132125
2021-07-27,0,0.19507305730373184,0.0,0.7566,0.0,0.06019,200000,204887.1722426425,4887.172242642497,1.0244358612132125
2021-07-28,0,-0.0390924395362857,0.0,0.7575,0.0,0.0607,200000,204887.1722426425,4887.172242642497,1.0244358612132125
2021-07-29,0,0.6662081508608313,0.0,0.7966,0.0,0.06185,200000,204887.1722426425,4887.172242642497,1.0244358612132125
2021-07-30,0,0.7786183679943375,0.0,0.8208,0.0,0.06325,200000,204887.1722426425,4887.172242642497,1.0244358612132125
2021-07-31,0,0.39231300651440304,0.0,0.8193,0.0,0.06396,200000,204887.1722426425,4887.172242642497,1.0244358612132125
2021-08-01,0,-0.44559892687121017,0.0,0.7825,0.0,0.0632,200000,204887.1722426425,4887.172242642497,1.0244358612132125
2021-08-02,0,-0.822163115815333,0.0,0.7883,0.0,0.06463,200000,204887.1722426425,4887.172242642497,1.0244358612132125
2021-08-03,-1,-1.1099881662336861,132888.29435895866,0.7709,-1599931.0654587105,0.06403,200000,204887.1722426425,4887.172242642497,1.0244358612132125
2021-08-04,-2,-1.4736901069931092,0.0,0.7965,0.0,0.06737,200000,206829.0016656852,6829.001665685209,1.034145008328426
2021-08-05,-2,-2.3329127332114057,0.0,0.8006,0.0,0.07013,200000,206829.0016656852,6829.001665685209,1.034145008328426
2021-08-06,-2,-1.6325729778105682,0.0,0.8346,0.0,0.07196,200000,206829.0016656852,6829.001665685209,1.034145008328426
2021-08-07,-2,-1.6476516496241602,0.0,0.8649,0.0,0.07527,200000,206829.0016656852,6829.001665685209,1.034145008328426
2021-08-08,0,-0.8373206119021925,0.0,0.85,0.0,0.07192,200000,206829.0016656852,6829.001665685209,1.034145008328426
2021-08-09,0,-0.7002279799271036,0.0,0.8785,0.0,0.07395,200000,206829.0016656852,6829.001665685209,1.034145008328426
2021-08-10,0,-0.9851093197450306,0.0,0.8747,0.0,0.07464,200000,206829.0016656852,6829.001665685209,1.034145008328426
2021-08-11,-2,-2.132637006564635,0.0,0.9151,0.0,0.08341,200000,206829.0016656852,6829.001665685209,1.034145008328426
2021-08-12,-2,-2.543680949821118,0.0,0.8683,0.0,0.08415,200000,206829.0016656852,6829.001665685209,1.034145008328426
2021-08-13,-2,-2.028028088809566,0.0,0.9299,0.0,0.08951,200000,206829.0016656852,6829.001665685209,1.034145008328426
2021-08-14,-2,-2.032719366429901,0.0,0.9328,0.0,0.09264,200000,206829.0016656852,6829.001665685209,1.034145008328426
2021-08-15,-2,-1.7697181732747669,0.0,0.9354,0.0,0.09295,200000,206829.0016656852,6829.001665685209,1.034145008328426
2021-08-16,-2,-1.4120340590805562,0.0,0.9144,0.0,0.08936,200000,206829.0016656852,6829.001665685209,1.034145008328426
2021-08-17,-2,-1.33558749136935,0.0,0.8641,0.0,0.08509,200000,206829.0016656852,6829.001665685209,1.034145008328426
2021-08-18,-2,-1.3422447203487018,0.0,0.8471,0.0,0.08456,200000,206829.0016656852,6829.001665685209,1.034145008328426
2021-08-19,-2,-1.3119983285508086,0.0,0.8775,0.0,0.08825,200000,206829.0016656852,6829.001665685209,1.034145008328426
2021-08-20,-1,-1.0990780686266033,113430.4056519059,0.9117,-1141566.4072507187,0.09059,200000,206829.0016656852,6829.001665685209,1.034145008328426
2021-08-21,-1,-0.6007306049557384,113430.4056519059,0.9182,-1141566.4072507187,0.08799,200000,204598.22664357073,4598.226643570728,1.0229911332178536
2021-08-22,-1,-0.5650341397889965,113430.4056519059,0.9149,-1141566.4072507187,0.08795,200000,204178.2436486294,4178.243648629403,1.020891218243147
2021-08-23,0,-0.013612926570300214,0.0,0.9678,0.0,0.08987,200000,199643.62809539278,-356.37190460722195,0.9982181404769639
2021-08-24,2,3.6019543970421917,0.0,1.3197,0.0,0.08457,200000,199643.62809539278,-356.37190460722195,0.9982181404769639
2021-08-25,2,1.665256605069555,0.0,1.1726,0.0,0.08758,200000,199643.62809539278,-356.37190460722195,0.9982181404769639
2021-08-26,2,1.395557670820772,0.0,1.0959,0.0,0.08303,200000,199643.62809539278,-356.37190460722195,0.9982181404769639
2021-08-27,1,1.1895861480526324,-86688.5054691241,1.1515,1130740.9837754462,0.08828,200000,199643.62809539278,-356.37190460722195,0.9982181404769639
2021-08-28,2,1.2570230868763166,0.0,1.1745,0.0,0.08829,200000,201626.1563113449,1626.1563113449083,1.0081307815567246
2021-08-29,0,0.952743010392592,0.0,1.1415,0.0,0.08847,200000,201626.1563113449,1626.1563113449083,1.0081307815567246
2021-08-30,0,0.7745256119579305,0.0,1.0925,0.0,0.08616,200000,201626.1563113449,1626.1563113449083,1.0081307815567246
2021-08-31,0,0.7366244912056766,0.0,1.129,0.0,0.08875,200000,201626.1563113449,1626.1563113449083,1.0081307815567246
2021-09-01,0,0.3652252247956692,0.0,1.1576,0.0,0.095,200000,201626.1563113449,1626.1563113449083,1.0081307815567246
2021-09-02,0,0.020775865567531835,0.0,1.1622,0.0,0.09953,200000,201626.1563113449,1626.1563113449083,1.0081307815567246
2021-09-03,0,0.09815815810773176,0.0,1.2082,0.0,0.10161,200000,201626.1563113449,1626.1563113449083,1.0081307815567246
2021-09-04,0,0.7627101369451867,0.0,1.3275,0.0,0.10146,200000,201626.1563113449,1626.1563113449083,1.0081307815567246
2021-09-05,0,0.6502360447584256,0.0,1.3703,0.0,0.10519,200000,201626.1563113449,1626.1563113449083,1.0081307815567246
2021-09-06,0,0.5153442459330313,0.0,1.3423,0.0,0.10381,200000,201626.1563113449,1626.1563113449083,1.0081307815567246
2021-09-07,0,0.5719079262687772,0.0,1.1209,0.0,0.08539,200000,201626.1563113449,1626.1563113449083,1.0081307815567246
2021-09-08,0,-0.16728750497153608,0.0,1.1326,0.0,0.09272,200000,201626.1563113449,1626.1563113449083,1.0081307815567246
2021-09-09,0,0.10543102795348969,0.0,1.1803,0.0,0.09303,200000,201626.1563113449,1626.1563113449083,1.0081307815567246
2021-09-10,0,-0.4069007589549985,0.0,1.1089,0.0,0.09075,200000,201626.1563113449,1626.1563113449083,1.0081307815567246
2021-09-11,0,-0.9376632583875096,0.0,1.1309,0.0,0.09555,200000,201626.1563113449,1626.1563113449083,1.0081307815567246
2021-09-12,-2,-2.5014237853761045,0.0,1.1385,0.0,0.11241,200000,201626.1563113449,1626.1563113449083,1.0081307815567246
2021-09-13,-2,-2.2816067796811987,0.0,1.0848,0.0,0.10462,200000,201626.1563113449,1626.1563113449083,1.0081307815567246
2021-09-14,-2,-2.513562543617645,0.0,1.1241,0.0,0.11822,200000,201626.1563113449,1626.1563113449083,1.0081307815567246
2021-09-15,-2,-2.001721935975931,0.0,1.1647,0.0,0.12069,200000,201626.1563113449,1626.1563113449083,1.0081307815567246
2021-09-16,-2,-1.6177404692949977,0.0,1.14,0.0,0.11594,200000,201626.1563113449,1626.1563113449083,1.0081307815567246
2021-09-17,0,-0.3892333720053545,0.0,1.1934,0.0,0.10545,200000,201626.1563113449,1626.1563113449083,1.0081307815567246
2021-09-18,0,-0.16905906723228778,0.0,1.2201,0.0,0.10586,200000,201626.1563113449,1626.1563113449083,1.0081307815567246
2021-09-19,0,-0.30646777688379084,0.0,1.1712,0.0,0.10369,200000,201626.1563113449,1626.1563113449083,1.0081307815567246
2021-09-20,0,-0.4104062047350488,0.0,1.0144,0.0,0.0914,200000,201626.1563113449,1626.1563113449083,1.0081307815567246
2021-09-21,0,-0.29176453355242143,0.0,0.9876,0.0,0.08826,200000,201626.1563113449,1626.1563113449083,1.0081307815567246
2021-09-22,0,-0.3692615514296776,0.0,1.093,0.0,0.09876,200000,201626.1563113449,1626.1563113449083,1.0081307815567246
2021-09-23,0,-0.14085604096866328,0.0,1.1219,0.0,0.09923,200000,201626.1563113449,1626.1563113449083,1.0081307815567246
2021-09-24,0,0.9828540722069264,0.0,1.1589,0.0,0.09226,200000,201626.1563113449,1626.1563113449083,1.0081307815567246
2021-09-25,0,0.9183933395749104,0.0,1.125,0.0,0.09055,200000,201626.1563113449,1626.1563113449083,1.0081307815567246
2021-09-26,1,1.035343535863313,-91949.17744953708,1.0964,1149653.07510175,0.08769,200000,201626.1563113449,1626.1563113449083,1.0081307815567246
2021-09-27,1,1.0307915521597626,-91949.17744953708,1.0672,1149653.07510175,0.08599,200000,196986.83010214544,-3013.169897854561,0.9849341505107272
2021-09-28,1,0.5683602938190699,-91949.17744953708,0.9897,1149653.07510175,0.08305,200000,186480.78880900718,-13519.21119099282,0.9324039440450359
2021-09-29,1,0.7423923284997419,-91949.17744953708,1.0326,1149653.07510175,0.08581,200000,193598.45100887315,-6401.548991126852,0.9679922550443657
2021-09-30,2,1.3390650012677492,0.0,1.1335,0.0,0.08943,200000,203037.0744440457,3037.074444045691,1.0151853722202284
2021-10-01,2,1.512488445896881,0.0,1.2327,0.0,0.09481,200000,203037.0744440457,3037.074444045691,1.0151853722202284
2021-10-02,2,1.5278425344947935,0.0,1.2345,0.0,0.09338,200000,203037.0744440457,3037.074444045691,1.0151853722202284
2021-10-03,2,1.7063854642030771,0.0,1.2995,0.0,0.09494,200000,203037.0744440457,3037.074444045691,1.0151853722202284
2021-10-04,2,1.293534312988876,0.0,1.2444,0.0,0.09351,200000,203037.0744440457,3037.074444045691,1.0151853722202284
2021-10-05,2,1.632238318835929,0.0,1.326,0.0,0.09618,200000,203037.0744440457,3037.074444045691,1.0151853722202284
2021-10-06,2,2.0256755884871964,0.0,1.371,0.0,0.09549,200000,203037.0744440457,3037.074444045691,1.0151853722202284
2021-10-07,2,2.2427917966541404,0.0,1.44,0.0,0.09547,200000,203037.0744440457,3037.074444045691,1.0151853722202284
2021-10-08,2,1.3034795994642683,0.0,1.3861,0.0,0.09771,200000,203037.0744440457,3037.074444045691,1.0151853722202284
2021-10-09,0,-0.20267871129831333,0.0,1.2868,0.0,0.10306,200000,203037.0744440457,3037.074444045691,1.0151853722202284
2021-10-10,0,0.3227634003040529,0.0,1.283,0.0,0.09747,200000,203037.0744440457,3037.074444045691,1.0151853722202284
2021-10-11,0,-0.10107843803158015,0.0,1.2423,0.0,0.09707,200000,203037.0744440457,3037.074444045691,1.0151853722202284
2021-10-12,0,-0.5972109256030136,0.0,1.1864,0.0,0.09549,200000,203037.0744440457,3037.074444045691,1.0151853722202284
2021-10-13,0,-0.31726083698227286,0.0,1.2515,0.0,0.09793,200000,203037.0744440457,3037.074444045691,1.0151853722202284
2021-10-14,0,-0.014902417515682217,0.0,1.2699,0.0,0.09729,200000,203037.0744440457,3037.074444045691,1.0151853722202284
2021-10-15,-2,-1.5198092881460106,0.0,1.1565,0.0,0.09861,200000,203037.0744440457,3037.074444045691,1.0151853722202284
2021-10-16,-2,-1.320160795679038,0.0,1.1666,0.0,0.09871,200000,203037.0744440457,3037.074444045691,1.0151853722202284
2021-10-17,-2,-1.4464290615900441,0.0,1.1449,0.0,0.0987,200000,203037.0744440457,3037.074444045691,1.0151853722202284
2021-10-18,-1,-1.0620757315801692,86487.08231557578,1.1738,-1034847.47423061,0.0981,200000,203037.0744440457,3037.074444045691,1.0151853722202284
2021-10-19,-2,-1.3787111335977638,0.0,1.1676,0.0,0.10055,200000,206108.67066626725,6108.670666267251,1.0305433533313362
2021-10-20,-2,-1.3217787076162546,0.0,1.1921,0.0,0.10324,200000,206108.67066626725,6108.670666267251,1.0305433533313362
2021-10-21,-1,-1.0010839460475487,87847.86917835959,1.1731,-1034889.8908730028,0.09958,200000,206108.67066626728,6108.6706662672805,1.0305433533313364
2021-10-22,-1,-0.5660002876616309,87847.86917835959,1.2155,-1034889.8908730028,0.09982,200000,210081.79389323923,10081.793893239228,1.0504089694661962
2021-10-23,0,-0.13735543905795253,0.0,1.2654,0.0,0.10066,200000,199117.9934232475,-882.0065767524939,0.9955899671162375
2021-10-24,0,-0.38761218554137,0.0,1.2159,0.0,0.09913,200000,199117.9934232475,-882.0065767524939,0.9955899671162375
2021-10-25,0,-0.41768878359016337,0.0,1.2257,0.0,0.10074,200000,199117.9934232475,-882.0065767524939,0.9955899671162375
2021-10-26,0,-0.7084783655218099,0.0,1.1943,0.0,0.10112,200000,199117.9934232475,-882.0065767524939,0.9955899671162375
2021-10-27,0,-0.687189980125146,0.0,1.0723,0.0,0.09064,200000,199117.9934232475,-882.0065767524939,0.9955899671162375
2021-10-28,0,-0.32133586076984866,0.0,1.1452,0.0,0.09527,200000,199117.9934232475,-882.0065767524939,0.9955899671162375
2021-10-29,0,-0.6441996930557384,0.0,1.178,0.0,0.0996,200000,199117.9934232475,-882.0065767524939,0.9955899671162375
2021-10-30,0,-0.05116208132539435,0.0,1.2204,0.0,0.10111,200000,199117.9934232475,-882.0065767524939,0.9955899671162375
2021-10-31,2,1.3369322323671307,0.0,1.2843,0.0,0.10152,200000,199117.9934232475,-882.0065767524939,0.9955899671162375
2021-11-01,0,0.5770770621217602,0.0,1.2381,0.0,0.10048,200000,199117.9934232475,-882.0065767524939,0.9955899671162375
2021-11-02,0,-0.6845592591945925,0.0,1.2641,0.0,0.10748,200000,199117.9934232475,-882.0065767524939,0.9955899671162375
2021-11-03,0,-0.26450669653165576,0.0,1.2587,0.0,0.10587,200000,199117.9934232475,-882.0065767524939,0.9955899671162375
2021-11-04,2,1.4801138139344838,0.0,1.2898,0.0,0.10329,200000,199117.9934232475,-882.0065767524939,0.9955899671162375
2021-11-05,0,-0.012883876049178141,0.0,1.243,0.0,0.10346,200000,199117.9934232475,-882.0065767524939,0.9955899671162375
2021-11-06,0,-0.27282540324424026,0.0,1.2254,0.0,0.10252,200000,199117.9934232475,-882.0065767524939,0.9955899671162375
2021-11-07,0,-0.784317011423603,0.0,1.2314,0.0,0.1045,200000,199117.9934232475,-882.0065767524939,0.9955899671162375
2021-11-08,-2,-2.1464305847062852,0.0,1.2398,0.0,0.10993,200000,199117.9934232475,-882.0065767524939,0.9955899671162375
2021-11-09,-2,-2.121716274667296,0.0,1.281,0.0,0.11436,200000,199117.9934232475,-882.0065767524939,0.9955899671162375
2021-11-10,-2,-2.1831116480724297,0.0,1.1743,0.0,0.10662,200000,199117.9934232475,-882.0065767524939,0.9955899671162375
2021-11-11,-2,-2.112837606257199,0.0,1.1815,0.0,0.10893,200000,199117.9934232475,-882.0065767524939,0.9955899671162375
2021-11-12,-2,-1.9619149754224485,0.0,1.1624,0.0,0.10796,200000,199117.9934232475,-882.0065767524939,0.9955899671162375
2021-11-13,-2,-1.9783141968423201,0.0,1.189,0.0,0.11255,200000,199117.9934232475,-882.0065767524939,0.9955899671162375
2021-11-14,-2,-2.215562258005046,0.0,1.1851,0.0,0.117,200000,199117.9934232475,-882.0065767524939,0.9955899671162375
2021-11-15,-2,-2.319630385410243,0.0,1.1954,0.0,0.1238,200000,199117.9934232475,-882.0065767524939,0.9955899671162375
2021-11-16,-1,-1.159748047949223,86882.79667651956,1.1459,-910545.0586393245,0.10934,200000,199117.9934232475,-882.0065767524939,0.9955899671162375
2021-11-17,-1,-0.5313072571123062,86882.79667651956,1.2172,-910545.0586393245,0.11119,200000,206997.2451847661,6997.2451847661,1.0349862259238305
2021-11-18,0,-0.15698824873216707,0.0,1.1267,0.0,0.10038,200000,192627.6593940283,-7372.3406059716945,0.9631382969701415
2021-11-19,0,-0.1907954166966665,0.0,1.1586,0.0,0.10387,200000,192627.6593940283,-7372.3406059716945,0.9631382969701415
2021-11-20,0,0.15640883498907696,0.0,1.1945,0.0,0.10519,200000,192627.6593940283,-7372.3406059716945,0.9631382969701415
2021-11-21,0,-0.05041438384323872,0.0,1.1865,0.0,0.10643,200000,192627.6593940283,-7372.3406059716945,0.9631382969701415
2021-11-22,0,0.01637535485061497,0.0,1.1367,0.0,0.10182,200000,192627.6593940283,-7372.3406059716945,0.9631382969701415
2021-11-23,0,0.10453902582777069,0.0,1.1502,0.0,0.10283,200000,192627.6593940283,-7372.3406059716945,0.9631382969701415
2021-11-24,0,0.5774615053625286,0.0,1.1146,0.0,0.09785,200000,192627.6593940283,-7372.3406059716945,0.9631382969701415
2021-11-25,0,0.7582113409771432,0.0,1.1458,0.0,0.10019,200000,192627.6593940283,-7372.3406059716945,0.9631382969701415
2021-11-26,2,1.6425447107471889,0.0,1.0977,0.0,0.09229,200000,192627.6593940283,-7372.3406059716945,0.9631382969701415
2021-11-27,2,1.6326171211407012,0.0,1.112,0.0,0.09335,200000,192627.6593940283,-7372.3406059716945,0.9631382969701415
2021-11-28,1,1.1732945327963318,-86418.86917632494,1.1145,1011912.4784304912,0.09518,200000,192627.6593940283,-7372.3406059716945,0.9631382969701415
2021-11-29,2,1.360765269017222,0.0,1.1478,0.0,0.09655,200000,194119.08764215015,-5880.912357849855,0.9705954382107507
2021-11-30,0,0.8928704748948101,0.0,1.1253,0.0,0.09652,200000,194119.08764215015,-5880.912357849855,0.9705954382107507
2021-12-01,0,0.7706774459179491,0.0,1.1267,0.0,0.09688,200000,194119.08764215015,-5880.912357849855,0.9705954382107507
2021-12-02,0,0.41470457610004646,0.0,1.1161,0.0,0.0975,200000,194119.08764215015,-5880.912357849855,0.9705954382107507
2021-12-03,0,0.318764074820848,0.0,1.0728,0.0,0.09388,200000,194119.08764215015,-5880.912357849855,0.9705954382107507
2021-12-04,-2,-1.528254401152302,0.0,0.9048,0.0,0.08696,200000,194119.08764215015,-5880.912357849855,0.9705954382107507
2021-12-05,-2,-2.5698615711671193,0.0,0.8387,0.0,0.08432,200000,194119.08764215015,-5880.912357849855,0.9705954382107507
2021-12-06,-2,-1.8436011650933266,0.0,0.8971,0.0,0.08729,200000,194119.08764215015,-5880.912357849855,0.9705954382107507
2021-12-07,-2,-2.1780656849357825,0.0,0.8879,0.0,0.08999,200000,194119.08764215015,-5880.912357849855,0.9705954382107507
2021-12-08,-1,-1.1453429988443666,100694.61958820943,0.9639,-1050769.1222374698,0.09237,200000,194119.08764215015,-5880.912357849855,0.9705954382107507
2021-12-09,-2,-1.912034861121196,0.0,0.862,0.0,0.08861,200000,200428.97747857578,428.97747857577633,1.0021448873928789
2021-12-10,-2,-2.0593046401394517,0.0,0.8171,0.0,0.08771,200000,200428.97747857578,428.97747857577633,1.0021448873928789
2021-12-11,-2,-1.8341496467451373,0.0,0.8467,0.0,0.0916,200000,200428.97747857578,428.97747857577633,1.0021448873928789
2021-12-12,-2,-1.5755021889447145,0.0,0.8443,0.0,0.09101,200000,200428.97747857578,428.97747857577633,1.0021448873928789
2021-12-13,-2,-1.679434651876494,0.0,0.7585,0.0,0.08497,200000,200428.97747857578,428.97747857577633,1.0021448873928789
2021-12-14,-2,-1.6243023965861487,0.0,0.7605,0.0,0.08707,200000,200428.97747857578,428.97747857577633,1.0021448873928789
2021-12-15,-2,-1.3392445533553152,0.0,0.7767,0.0,0.08754,200000,200428.97747857578,428.97747857577633,1.0021448873928789
2021-12-16,-1,-1.1386824174914396,130913.76713166283,0.7655,-1174434.416257915,0.08533,200000,200428.97747857578,428.97747857577633,1.0021448873928789
2021-12-17,-1,-0.4257776727706404,130913.76713166283,0.7719,-1174434.416257915,0.07951,200000,194431.61728559737,-5568.382714402629,0.9721580864279868
2021-12-18,-1,-0.334029002170959,130913.76713166283,0.7824,-1174434.416257915,0.08042,200000,196874.94715927454,-3125.0528407254606,0.9843747357963727
2021-12-19,-1,-0.25882388037580567,130913.76713166283,0.7723,-1174434.416257915,0.07944,200000,194401.77238331197,-5598.227616688033,0.9720088619165599
2021-12-20,-1,-0.3841738663437746,130913.76713166283,0.7394,-1174434.416257915,0.07759,200000,187922.0057746031,-12077.994225396891,0.9396100288730156
2021-12-21,0,-0.10721664240481349,0.0,0.7633,0.0,0.07884,200000,193094.90840475156,-6905.091595248436,0.9654745420237578
2021-12-22,0,0.2652948251106894,0.0,0.7796,0.0,0.07913,200000,193094.90840475156,-6905.091595248436,0.9654745420237578
2021-12-23,0,0.8747133169314016,0.0,0.8317,0.0,0.08274,200000,193094.90840475156,-6905.091595248436,0.9654745420237578
2021-12-24,0,0.924529849416254,0.0,0.8114,0.0,0.08085,200000,193094.90840475156,-6905.091595248436,0.9654745420237578
2021-12-25,1,1.0760976500074348,-116942.16836528074,0.8256,1184195.4397445822,0.08153,200000,193094.90840475156,-6905.091595248436,0.9654745420237578
2021-12-26,1,1.184913463245376,-116942.16836528074,0.8283,1184195.4397445822,0.08149,200000,193363.28444174805,-6636.715558251948,0.9668164222087403
2021-12-27,1,1.1746093907172395,-116942.16836528074,0.8271,1184195.4397445822,0.08114,200000,192808.48543579908,-7191.514564200916,0.9640424271789955
2021-12-28,1,0.6034999689953549,-116942.16836528074,0.7607,1184195.4397445822,0.07713,200000,180294.9017429687,-19705.09825703129,0.9014745087148436
2021-12-29,0,0.12829003901929986,0.0,0.7375,0.0,0.0765,200000,188748.8064336856,-11251.19356631441,0.943744032168428
2021-12-30,0,0.25169698680505315,0.0,0.7561,0.0,0.07782,200000,188748.8064336856,-11251.19356631441,0.943744032168428
2021-12-31,0,0.6238301621466248,0.0,0.7476,0.0,0.07539,200000,188748.8064336856,-11251.19356631441,0.943744032168428
2022-01-01,2,1.2287101100835198,0.0,0.7853,0.0,0.0766,200000,188748.8064336856,-11251.19356631441,0.943744032168428
2022-01-02,2,1.9192492206353482,0.0,0.8297,0.0,0.07762,200000,188748.8064336856,-11251.19356631441,0.943744032168428
2022-01-03,2,2.274012099687683,0.0,0.8468,0.0,0.07705,200000,188748.8064336856,-11251.19356631441,0.943744032168428
2022-01-04,2,1.5075138857231831,0.0,0.8091,0.0,0.07592,200000,188748.8064336856,-11251.19356631441,0.943744032168428
2022-01-05,1,1.1034209867411768,-126473.33585746824,0.7462,1326974.1734651686,0.07112,200000,188748.8064336856,-11251.19356631441,0.943744032168428
2022-01-06,1,0.8336382400296551,-126473.33585746824,0.7404,1326974.1734651686,0.07106,200000,187935.64263530436,-12064.357364695636,0.9396782131765218
2022-01-07,2,2.4047856632299403,0.0,0.771,0.0,0.0682,200000,195760.1097494691,-4239.890250530909,0.9788005487473455
2022-01-08,2,1.6473845746623328,0.0,0.7231,0.0,0.06539,200000,195760.1097494691,-4239.890250530909,0.9788005487473455
2022-01-09,2,1.4064826542975337,0.0,0.728,0.0,0.06611,200000,195760.1097494691,-4239.890250530909,0.9788005487473455
2022-01-10,1,1.0298809735617502,-141916.85497279186,0.6897,1543362.5808062842,0.06342,200000,195760.1097494691,-4239.890250530909,0.9788005487473455
2022-01-11,1,0.891776835627102,-141916.85497279186,0.7047,1543362.5808062842,0.06493,200000,200219.34007107845,219.3400710784481,1.0010967003553923
2022-01-12,1,0.5980638923742756,-141916.85497279186,0.7311,1543362.5808062842,0.06806,200000,208796.66992028384,8796.669920283835,1.0439833496014193
2022-01-13,1,0.22059794626976645,-141916.85497279186,0.7006,1543362.5808062842,0.0662,200000,201597.551443314,1597.5514433140052,1.00798775721657
2022-01-14,0,0.1473119851560539,0.0,0.715,0.0,0.06765,200000,192822.18246347015,-7177.817536529852,0.9641109123173507
2022-01-15,0,0.7350052752151763,0.0,0.7446,0.0,0.06842,200000,192822.18246347015,-7177.817536529852,0.9641109123173507
2022-01-16,2,1.5783334064729373,0.0,0.7957,0.0,0.06988,200000,192822.18246347015,-7177.817536529852,0.9641109123173507
2022-01-17,0,-0.3179529859473555,0.0,0.7422,0.0,0.07085,200000,192822.18246347015,-7177.817536529852,0.9641109123173507
2022-01-18,0,-0.502196563995487,0.0,0.716,0.0,0.06846,200000,192822.18246347015,-7177.817536529852,0.9641109123173507
2022-01-19,-2,-1.7388344142462373,0.0,0.6927,0.0,0.06915,200000,192822.18246347015,-7177.817536529852,0.9641109123173507
2022-01-20,-2,-2.0408917768901627,0.0,0.6703,0.0,0.06773,200000,192822.18246347015,-7177.817536529852,0.9641109123173507
2022-01-21,-2,-2.420099694546255,0.0,0.5831,0.0,0.06103,200000,192822.18246347015,-7177.817536529852,0.9641109123173507
2022-01-22,2,2.8198435978160274,0.0,0.7062,0.0,0.0568,200000,192822.18246347015,-7177.817536529852,0.9641109123173507
2022-01-23,2,1.5644359364192415,0.0,0.6777,0.0,0.05752,200000,192822.18246347015,-7177.817536529852,0.9641109123173507
2022-01-24,0,0.8326419306619388,0.0,0.6252,0.0,0.05506,200000,192822.18246347015,-7177.817536529852,0.9641109123173507
2022-01-25,0,0.07926351745311527,0.0,0.6079,0.0,0.05588,200000,192822.18246347015,-7177.817536529852,0.9641109123173507
2022-01-26,0,0.04508090089113116,0.0,0.6114,0.0,0.0562,200000,192822.18246347015,-7177.817536529852,0.9641109123173507
2022-01-27,0,-0.2097077371731193,0.0,0.6036,0.0,0.05649,200000,192822.18246347015,-7177.817536529852,0.9641109123173507
2022-01-28,0,-0.3060399243412518,0.0,0.6103,0.0,0.05757,200000,192822.18246347015,-7177.817536529852,0.9641109123173507
2022-01-29,0,-0.6550328922699351,0.0,0.624,0.0,0.06034,200000,192822.18246347015,-7177.817536529852,0.9641109123173507
2022-01-30,0,0.5390694846545138,0.0,0.6522,0.0,0.05863,200000,192822.18246347015,-7177.817536529852,0.9641109123173507
2022-01-31,0,-0.052779832970374994,0.0,0.634,0.0,0.05906,200000,192822.18246347015,-7177.817536529852,0.9641109123173507
