date,statusList,zscore,ONGUSDT_position,ONGUSDT_price,CELRUSDT_position,CELRUSDT_price,init,total_asset,pnl,return
2020-01-01,0,,0.0,0.0956,0.0,0.00362,200000,200000.0,0.0,1.0
2020-01-02,0,,0.0,0.095,0.0,0.0034,200000,200000.0,0.0,1.0
2020-01-03,0,,0.0,0.0995,0.0,0.00355,200000,200000.0,0.0,1.0
2020-01-04,0,,0.0,0.0981,0.0,0.00355,200000,200000.0,0.0,1.0
2020-01-05,0,,0.0,0.0998,0.0,0.00349,200000,200000.0,0.0,1.0
2020-01-06,0,,0.0,0.1024,0.0,0.00356,200000,200000.0,0.0,1.0
2020-01-07,0,,0.0,0.0997,0.0,0.00347,200000,200000.0,0.0,1.0
2020-01-08,0,,0.0,0.1016,0.0,0.00339,200000,200000.0,0.0,1.0
2020-01-09,0,,0.0,0.0991,0.0,0.00332,200000,200000.0,0.0,1.0
2020-01-10,0,,0.0,0.0996,0.0,0.00327,200000,200000.0,0.0,1.0
2020-01-11,0,,0.0,0.1039,0.0,0.00333,200000,200000.0,0.0,1.0
2020-01-12,0,,0.0,0.105,0.0,0.00346,200000,200000.0,0.0,1.0
2020-01-13,0,,0.0,0.1027,0.0,0.00352,200000,200000.0,0.0,1.0
2020-01-14,0,,0.0,0.1132,0.0,0.00344,200000,200000.0,0.0,1.0
2020-01-15,0,,0.0,0.1149,0.0,0.00359,200000,200000.0,0.0,1.0
2020-01-16,0,,0.0,0.1116,0.0,0.00351,200000,200000.0,0.0,1.0
2020-01-17,0,,0.0,0.1156,0.0,0.00366,200000,200000.0,0.0,1.0
2020-01-18,0,,0.0,0.1128,0.0,0.00367,200000,200000.0,0.0,1.0
2020-01-19,0,,0.0,0.1069,0.0,0.00337,200000,200000.0,0.0,1.0
2020-01-20,1,1.029327130394886,-958772.7708533077,0.1043,30487804.87804878,0.00328,200000,200000.0,0.0,1.0
2020-01-21,2,1.23591096841432,0.0,0.1062,0.0,0.00329,200000,201516.7902158408,1516.790215840796,1.007583951079204
2020-01-22,2,1.2093794355834957,0.0,0.107,0.0,0.0033,200000,201516.7902158408,1516.790215840796,1.007583951079204
2020-01-23,2,1.7138035227091475,0.0,0.1087,0.0,0.00324,200000,201516.7902158408,1516.790215840796,1.007583951079204
2020-01-24,0,0.8139989387846716,0.0,0.104,0.0,0.00323,200000,201516.7902158408,1516.790215840796,1.007583951079204
2020-01-25,0,-0.31599469424656407,0.0,0.1037,0.0,0.00338,200000,201516.7902158408,1516.790215840796,1.007583951079204
2020-01-26,0,0.10484229013949305,0.0,0.1054,0.0,0.00336,200000,201516.7902158408,1516.790215840796,1.007583951079204
2020-01-27,0,0.5130897473181365,0.0,0.1058,0.0,0.00331,200000,201516.7902158408,1516.790215840796,1.007583951079204
2020-01-28,0,0.8460879282377833,0.0,0.1083,0.0,0.00334,200000,201516.7902158408,1516.790215840796,1.007583951079204
2020-01-29,2,3.0054832001022174,0.0,0.1157,0.0,0.00321,200000,201516.7902158408,1516.790215840796,1.007583951079204
2020-01-30,2,3.042410619003544,0.0,0.1244,0.0,0.00326,200000,201516.7902158408,1516.790215840796,1.007583951079204
2020-01-31,2,3.385126812704314,0.0,0.1429,0.0,0.00327,200000,201516.7902158408,1516.790215840796,1.007583951079204
2020-02-01,2,2.3639102841032784,0.0,0.1404,0.0,0.00331,200000,201516.7902158408,1516.790215840796,1.007583951079204
2020-02-02,2,1.877953561848849,0.0,0.1419,0.0,0.0034,200000,201516.7902158408,1516.790215840796,1.007583951079204
2020-02-03,2,1.3251546435686385,0.0,0.144,0.0,0.00359,200000,201516.7902158408,1516.790215840796,1.007583951079204
2020-02-04,2,1.362683181571743,0.0,0.1529,0.0,0.00373,200000,201516.7902158408,1516.790215840796,1.007583951079204
2020-02-05,2,1.6723863691128351,0.0,0.1584,0.0,0.00364,200000,201516.7902158408,1516.790215840796,1.007583951079204
2020-02-06,0,0.6893686195924278,0.0,0.1609,0.0,0.00411,200000,201516.7902158408,1516.790215840796,1.007583951079204
2020-02-07,0,0.48938228510783766,0.0,0.1614,0.0,0.00419,200000,201516.7902158408,1516.790215840796,1.007583951079204
2020-02-08,0,0.23909017288543852,0.0,0.1565,0.0,0.00416,200000,201516.7902158408,1516.790215840796,1.007583951079204
2020-02-09,0,0.3306712355720096,0.0,0.1621,0.0,0.00423,200000,201516.7902158408,1516.790215840796,1.007583951079204
2020-02-10,0,-0.6306717828221405,0.0,0.1557,0.0,0.00455,200000,201516.7902158408,1516.790215840796,1.007583951079204
2020-02-11,0,-0.4730380386180128,0.0,0.1607,0.0,0.00458,200000,201516.7902158408,1516.790215840796,1.007583951079204
2020-02-12,0,0.19859997965586285,0.0,0.1808,0.0,0.00474,200000,201516.7902158408,1516.790215840796,1.007583951079204
2020-02-13,0,0.4012146870834101,0.0,0.1948,0.0,0.00496,200000,201516.7902158408,1516.790215840796,1.007583951079204
2020-02-14,0,0.07883614953935673,0.0,0.2128,0.0,0.00555,200000,201516.7902158408,1516.790215840796,1.007583951079204
2020-02-15,2,1.6790981021596671,0.0,0.2142,0.0,0.00479,200000,201516.7902158408,1516.790215840796,1.007583951079204
2020-02-16,2,1.4663837206438342,0.0,0.1902,0.0,0.00429,200000,201516.7902158408,1516.790215840796,1.007583951079204
2020-02-17,1,1.1232884013381725,-555755.0750574761,0.1813,24104879.21242115,0.00418,200000,201516.7902158408,1516.790215840796,1.007583951079204
2020-02-18,0,0.11301133699467927,0.0,0.182,0.0,0.0045,200000,194192.25742040627,-5807.742579593731,0.9709612871020313
2020-02-19,0,0.3056984614832832,0.0,0.1671,0.0,0.00406,200000,194192.25742040627,-5807.742579593731,0.9709612871020313
2020-02-20,0,0.695865440158555,0.0,0.1628,0.0,0.00386,200000,194192.25742040627,-5807.742579593731,0.9709612871020313
2020-02-21,0,0.9753792628544682,0.0,0.1687,0.0,0.00392,200000,194192.25742040627,-5807.742579593731,0.9709612871020313
2020-02-22,0,0.22559164713051172,0.0,0.16,0.0,0.00392,200000,194192.25742040627,-5807.742579593731,0.9709612871020313
2020-02-23,0,-0.0248590759078912,0.0,0.168,0.0,0.00419,200000,194192.25742040627,-5807.742579593731,0.9709612871020313
2020-02-24,0,-0.09170518654303342,0.0,0.1558,0.0,0.00391,200000,194192.25742040627,-5807.742579593731,0.9709612871020313
2020-02-25,0,-0.034104153508236604,0.0,0.1418,0.0,0.00356,200000,194192.25742040627,-5807.742579593731,0.9709612871020313
2020-02-26,0,-0.8583496360943136,0.0,0.1209,0.0,0.00323,200000,194192.25742040627,-5807.742579593731,0.9709612871020313
2020-02-27,0,-0.3372054790845464,0.0,0.1292,0.0,0.00332,200000,194192.25742040627,-5807.742579593731,0.9709612871020313
2020-02-28,0,-0.8370347154449174,0.0,0.1294,0.0,0.00345,200000,194192.25742040627,-5807.742579593731,0.9709612871020313
2020-02-29,0,-0.6149935815575247,0.0,0.1254,0.0,0.00329,200000,194192.25742040627,-5807.742579593731,0.9709612871020313
2020-03-01,0,-0.32292715629446406,0.0,0.1281,0.0,0.00326,200000,194192.25742040627,-5807.742579593731,0.9709612871020313
2020-03-02,0,-0.6721290471955982,0.0,0.135,0.0,0.00348,200000,194192.25742040627,-5807.742579593731,0.9709612871020313
2020-03-03,-2,-1.231773876118091,0.0,0.1319,0.0,0.00352,200000,194192.25742040627,-5807.742579593731,0.9709612871020313
2020-03-04,-2,-1.492545690135698,0.0,0.1308,0.0,0.00358,200000,194192.25742040627,-5807.742579593731,0.9709612871020313
2020-03-05,-2,-1.2037859510911484,0.0,0.135,0.0,0.00364,200000,194192.25742040627,-5807.742579593731,0.9709612871020313
2020-03-06,0,-0.9125310590002355,0.0,0.1355,0.0,0.0036,200000,194192.25742040627,-5807.742579593731,0.9709612871020313
2020-03-07,-1,-1.1406503746548196,758563.5055484619,0.128,-28062464.945145413,0.00346,200000,194192.25742040627,-5807.742579593731,0.9709612871020313
2020-03-08,-1,-0.4201217796597747,758563.5055484619,0.1111,-28062464.945145413,0.0029,200000,165657.5538073558,-34342.44619264419,0.828287769036779
2020-03-09,0,0.04009771533424993,0.0,0.1145,0.0,0.00293,200000,189559.7583243834,-10440.241675616591,0.947798791621917
2020-03-10,0,0.47487244137024126,0.0,0.1149,0.0,0.00289,200000,189559.7583243834,-10440.241675616591,0.947798791621917
2020-03-11,0,0.10861052905949238,0.0,0.1106,0.0,0.00284,200000,189559.7583243834,-10440.241675616591,0.947798791621917
2020-03-12,2,3.037018597931021,0.0,0.0554,0.0,0.00126,200000,189559.7583243834,-10440.241675616591,0.947798791621917
2020-03-13,2,2.8477855843946474,0.0,0.0616,0.0,0.00136,200000,189559.7583243834,-10440.241675616591,0.947798791621917
2020-03-14,2,3.0433478434651136,0.0,0.0637,0.0,0.0013,200000,189559.7583243834,-10440.241675616591,0.947798791621917
2020-03-15,2,3.370921537583493,0.0,0.0796,0.0,0.00138,200000,189559.7583243834,-10440.241675616591,0.947798791621917
2020-03-16,2,2.5948447608532774,0.0,0.0645,0.0,0.00111,200000,189559.7583243834,-10440.241675616591,0.947798791621917
2020-03-17,2,1.5423979397196899,0.0,0.0669,0.0,0.00127,200000,189559.7583243834,-10440.241675616591,0.947798791621917
2020-03-18,2,1.4340163665120784,0.0,0.0665,0.0,0.00125,200000,189559.7583243834,-10440.241675616591,0.947798791621917
2020-03-19,0,0.7756555081870052,0.0,0.0784,0.0,0.0016,200000,189559.7583243834,-10440.241675616591,0.947798791621917
2020-03-20,2,1.5174711649246313,0.0,0.0833,0.0,0.00149,200000,189559.7583243834,-10440.241675616591,0.947798791621917
2020-03-21,2,1.2029789767465162,0.0,0.0818,0.0,0.0015,200000,189559.7583243834,-10440.241675616591,0.947798791621917
2020-03-22,0,0.879919776249208,0.0,0.0722,0.0,0.00137,200000,189559.7583243834,-10440.241675616591,0.947798791621917
2020-03-23,0,0.7631392956191111,0.0,0.0797,0.0,0.00152,200000,189559.7583243834,-10440.241675616591,0.947798791621917
2020-03-24,1,1.0019665797119326,-1154444.3259706663,0.0821,63610657.155833356,0.00149,200000,189559.7583243834,-10440.241675616591,0.947798791621917
2020-03-25,1,0.9310890940758189,-1154444.3259706663,0.0818,63610657.155833356,0.00148,200000,188577.31845503388,-11422.681544966123,0.9428865922751694
2020-03-26,0,-0.18160280844161056,0.0,0.0831,0.0,0.00175,200000,174175.43178983737,-25824.56821016263,0.8708771589491868
2020-03-27,0,0.1904920822663673,0.0,0.0796,0.0,0.00157,200000,174175.43178983737,-25824.56821016263,0.8708771589491868
2020-03-28,0,0.33935208689151264,0.0,0.0788,0.0,0.00151,200000,174175.43178983737,-25824.56821016263,0.8708771589491868
2020-03-29,0,0.6402116833902685,0.0,0.0789,0.0,0.00145,200000,174175.43178983737,-25824.56821016263,0.8708771589491868
2020-03-30,0,0.534599604581155,0.0,0.0835,0.0,0.00154,200000,174175.43178983737,-25824.56821016263,0.8708771589491868
2020-03-31,0,0.219191599622794,0.0,0.0835,0.0,0.00157,200000,174175.43178983737,-25824.56821016263,0.8708771589491868
2020-04-01,0,-0.09564316754635753,0.0,0.0829,0.0,0.00158,200000,174175.43178983737,-25824.56821016263,0.8708771589491868
2020-04-02,0,0.0857612076262854,0.0,0.0844,0.0,0.00158,200000,174175.43178983737,-25824.56821016263,0.8708771589491868
2020-04-03,0,-0.4178707033721469,0.0,0.0847,0.0,0.00162,200000,174175.43178983737,-25824.56821016263,0.8708771589491868
2020-04-04,0,-0.1644799247104462,0.0,0.0854,0.0,0.00162,200000,174175.43178983737,-25824.56821016263,0.8708771589491868
2020-04-05,0,-0.1365891669230144,0.0,0.0846,0.0,0.00161,200000,174175.43178983737,-25824.56821016263,0.8708771589491868
2020-04-06,0,-0.7260505627184572,0.0,0.0892,0.0,0.00174,200000,174175.43178983737,-25824.56821016263,0.8708771589491868
2020-04-07,0,-0.9222129917137312,0.0,0.0877,0.0,0.00173,200000,174175.43178983737,-25824.56821016263,0.8708771589491868
2020-04-08,0,-0.40377332634347973,0.0,0.091,0.0,0.00175,200000,174175.43178983737,-25824.56821016263,0.8708771589491868
2020-04-09,-1,-1.0105098640743264,954909.1655144593,0.0912,-48382064.38606594,0.0018,200000,174175.43178983737,-25824.56821016263,0.8708771589491868
2020-04-10,-1,-0.6814329535231647,954909.1655144593,0.0818,-48382064.38606594,0.0016,200000,155522.87275678827,-44477.127243211726,0.7776143637839413
2020-04-11,-1,-0.4087458292381486,954909.1655144593,0.083,-48382064.38606594,0.00161,200000,157152.58439926628,-42847.415600733715,0.7857629219963315
2020-04-12,0,0.06806406172587286,0.0,0.0849,0.0,0.00162,200000,171482.58794308663,-28517.412056913367,0.8574129397154332
2020-04-13,2,1.731452255103055,0.0,0.0832,0.0,0.0015,200000,171482.58794308663,-28517.412056913367,0.8574129397154332
2020-04-14,2,1.6498953736736663,0.0,0.0841,0.0,0.00152,200000,171482.58794308663,-28517.412056913367,0.8574129397154332
2020-04-15,2,1.4701664036244286,0.0,0.0813,0.0,0.00148,200000,171482.58794308663,-28517.412056913367,0.8574129397154332
2020-04-16,0,0.7861486571662576,0.0,0.0848,0.0,0.00157,200000,171482.58794308663,-28517.412056913367,0.8574129397154332
2020-04-17,0,0.04941738189928769,0.0,0.0842,0.0,0.00159,200000,171482.58794308663,-28517.412056913367,0.8574129397154332
2020-04-18,0,-0.858692044055,0.0,0.087,0.0,0.00169,200000,171482.58794308663,-28517.412056913367,0.8574129397154332
2020-04-19,0,0.0799922318561046,0.0,0.0855,0.0,0.00162,200000,171482.58794308663,-28517.412056913367,0.8574129397154332
2020-04-20,2,1.8429669499716892,0.0,0.0852,0.0,0.00153,200000,171482.58794308663,-28517.412056913367,0.8574129397154332
2020-04-21,0,0.6517241433225684,0.0,0.083,0.0,0.00154,200000,171482.58794308663,-28517.412056913367,0.8574129397154332
2020-04-22,0,-0.29915360863160323,0.0,0.0853,0.0,0.00163,200000,171482.58794308663,-28517.412056913367,0.8574129397154332
2020-04-23,-1,-1.1895695440284906,999315.7805541179,0.0858,-50734493.47428598,0.00169,200000,171482.58794308663,-28517.412056913367,0.8574129397154332
2020-04-24,-2,-2.809736170001843,0.0,0.0883,0.0,0.00191,200000,180145.88705604424,-19854.112943955755,0.9007294352802212
2020-04-25,-2,-2.317985129960782,0.0,0.0897,0.0,0.00195,200000,180145.88705604424,-19854.112943955755,0.9007294352802212
2020-04-26,-2,-1.9172209169607997,0.0,0.0938,0.0,0.00203,200000,180145.88705604424,-19854.112943955755,0.9007294352802212
2020-04-27,-2,-1.2271948596897184,0.0,0.0911,0.0,0.0019,200000,180145.88705604424,-19854.112943955755,0.9007294352802212
2020-04-28,0,-0.8048490646864832,0.0,0.0922,0.0,0.00188,200000,180145.88705604424,-19854.112943955755,0.9007294352802212
2020-04-29,-1,-1.002544891775598,948136.2476633907,0.095,-45722306.35940209,0.00197,200000,180145.88705604424,-19854.112943955755,0.9007294352802212
2020-04-30,-1,-1.046473550911941,948136.2476633907,0.0918,-45722306.35940209,0.00192,200000,174825.7357455513,-25174.264254448703,0.8741286787277565
2020-05-01,-1,-0.4004861756197609,948136.2476633907,0.0967,-45722306.35940209,0.00194,200000,180386.04948628994,-19613.950513710064,0.9019302474314497
2020-05-02,0,0.37683162064456055,0.0,0.1043,0.0,0.00199,200000,172242.66607996274,-27757.333920037257,0.8612133303998137
2020-05-03,0,-0.37567411587126903,0.0,0.0974,0.0,0.00196,200000,172242.66607996274,-27757.333920037257,0.8612133303998137
2020-05-04,0,-0.48674575476926063,0.0,0.0938,0.0,0.00191,200000,172242.66607996274,-27757.333920037257,0.8612133303998137
2020-05-05,-2,-2.0801025963663013,0.0,0.0926,0.0,0.00214,200000,172242.66607996274,-27757.333920037257,0.8612133303998137
2020-05-06,-2,-1.5209526190000644,0.0,0.0903,0.0,0.00203,200000,172242.66607996274,-27757.333920037257,0.8612133303998137
2020-05-07,0,-0.6696144981721904,0.0,0.0922,0.0,0.00196,200000,172242.66607996274,-27757.333920037257,0.8612133303998137
2020-05-08,0,-0.4084853595160667,0.0,0.0959,0.0,0.00201,200000,172242.66607996274,-27757.333920037257,0.8612133303998137
2020-05-09,0,-0.9535134899388785,0.0,0.0922,0.0,0.00202,200000,172242.66607996274,-27757.333920037257,0.8612133303998137
2020-05-10,2,1.8070622119092306,0.0,0.0988,0.0,0.00183,200000,172242.66607996274,-27757.333920037257,0.8612133303998137
2020-05-11,0,0.606128451143233,0.0,0.0906,0.0,0.00181,200000,172242.66607996274,-27757.333920037257,0.8612133303998137
2020-05-12,0,0.4466482580273421,0.0,0.0914,0.0,0.00185,200000,172242.66607996274,-27757.333920037257,0.8612133303998137
2020-05-13,-2,-1.5873165618490719,0.0,0.0919,0.0,0.00211,200000,172242.66607996274,-27757.333920037257,0.8612133303998137
2020-05-14,-2,-2.4993475746656446,0.0,0.0917,0.0,0.00234,200000,172242.66607996274,-27757.333920037257,0.8612133303998137
2020-05-15,-2,-2.4433372471094623,0.0,0.0896,0.0,0.00241,200000,172242.66607996274,-27757.333920037257,0.8612133303998137
2020-05-16,-2,-2.6163690249760063,0.0,0.092,0.0,0.00279,200000,172242.66607996274,-27757.333920037257,0.8612133303998137
2020-05-17,-2,-1.8239456859738772,0.0,0.0918,0.0,0.00259,200000,172242.66607996274,-27757.333920037257,0.8612133303998137
2020-05-18,-2,-1.447240698309279,0.0,0.0953,0.0,0.00261,200000,172242.66607996274,-27757.333920037257,0.8612133303998137
2020-05-19,-2,-1.2608426595736022,0.0,0.0952,0.0,0.00259,200000,172242.66607996274,-27757.333920037257,0.8612133303998137
2020-05-20,0,-0.6675300651020356,0.0,0.1009,0.0,0.00252,200000,172242.66607996274,-27757.333920037257,0.8612133303998137
2020-05-21,0,-0.3700124167478505,0.0,0.1005,0.0,0.00242,200000,172242.66607996274,-27757.333920037257,0.8612133303998137
2020-05-22,0,-0.32423468835721286,0.0,0.1092,0.0,0.00264,200000,172242.66607996274,-27757.333920037257,0.8612133303998137
2020-05-23,0,-0.5403307204367792,0.0,0.1032,0.0,0.0026,200000,172242.66607996274,-27757.333920037257,0.8612133303998137
2020-05-24,0,-0.799713231859706,0.0,0.0985,0.0,0.00261,200000,172242.66607996274,-27757.333920037257,0.8612133303998137
2020-05-25,0,-0.8597647250375408,0.0,0.1158,0.0,0.00313,200000,172242.66607996274,-27757.333920037257,0.8612133303998137
2020-05-26,2,1.5093285433915418,0.0,0.1467,0.0,0.00286,200000,172242.66607996274,-27757.333920037257,0.8612133303998137
2020-05-27,0,0.2939119253675381,0.0,0.1261,0.0,0.00288,200000,172242.66607996274,-27757.333920037257,0.8612133303998137
2020-05-28,0,-0.002343070431508504,0.0,0.1206,0.0,0.00289,200000,172242.66607996274,-27757.333920037257,0.8612133303998137
2020-05-29,0,0.1878167983076245,0.0,0.1216,0.0,0.00285,200000,172242.66607996274,-27757.333920037257,0.8612133303998137
2020-05-30,0,0.1512978396884081,0.0,0.121,0.0,0.0029,200000,172242.66607996274,-27757.333920037257,0.8612133303998137
2020-05-31,0,0.23678305819016116,0.0,0.1165,0.0,0.0028,200000,172242.66607996274,-27757.333920037257,0.8612133303998137
2020-06-01,0,0.6874997609411725,0.0,0.122,0.0,0.00284,200000,172242.66607996274,-27757.333920037257,0.8612133303998137
2020-06-02,2,1.755359677232876,0.0,0.1323,0.0,0.00276,200000,172242.66607996274,-27757.333920037257,0.8612133303998137
2020-06-03,0,0.8943374540873549,0.0,0.1276,0.0,0.00286,200000,172242.66607996274,-27757.333920037257,0.8612133303998137
2020-06-04,0,0.657404593803222,0.0,0.126,0.0,0.00287,200000,172242.66607996274,-27757.333920037257,0.8612133303998137
2020-06-05,0,0.42704378314317176,0.0,0.1241,0.0,0.00287,200000,172242.66607996274,-27757.333920037257,0.8612133303998137
2020-06-06,0,0.4132892456090972,0.0,0.1274,0.0,0.00293,200000,172242.66607996274,-27757.333920037257,0.8612133303998137
2020-06-07,0,-0.5124681517667757,0.0,0.1257,0.0,0.00311,200000,172242.66607996274,-27757.333920037257,0.8612133303998137
2020-06-08,0,-0.30971451689750673,0.0,0.1284,0.0,0.0031,200000,172242.66607996274,-27757.333920037257,0.8612133303998137
2020-06-09,0,-0.7368563333393121,0.0,0.1358,0.0,0.00339,200000,172242.66607996274,-27757.333920037257,0.8612133303998137
2020-06-10,0,-0.8414823405545306,0.0,0.1318,0.0,0.00333,200000,172242.66607996274,-27757.333920037257,0.8612133303998137
2020-06-11,-2,-1.3520031925513356,0.0,0.1125,0.0,0.003,200000,172242.66607996274,-27757.333920037257,0.8612133303998137
2020-06-12,0,-0.9250887354050362,0.0,0.1256,0.0,0.00323,200000,172242.66607996274,-27757.333920037257,0.8612133303998137
2020-06-13,-2,-2.2446403687300034,0.0,0.1279,0.0,0.00386,200000,172242.66607996274,-27757.333920037257,0.8612133303998137
2020-06-14,-2,-2.2253585686795074,0.0,0.1225,0.0,0.00384,200000,172242.66607996274,-27757.333920037257,0.8612133303998137
2020-06-15,-2,-2.3495475380766457,0.0,0.1212,0.0,0.00403,200000,172242.66607996274,-27757.333920037257,0.8612133303998137
2020-06-16,-2,-1.9357929677262373,0.0,0.1216,0.0,0.00401,200000,172242.66607996274,-27757.333920037257,0.8612133303998137
2020-06-17,0,-0.9518244778853562,0.0,0.1347,0.0,0.00388,200000,172242.66607996274,-27757.333920037257,0.8612133303998137
2020-06-18,-2,-1.2517704844377062,0.0,0.1416,0.0,0.00436,200000,172242.66607996274,-27757.333920037257,0.8612133303998137
2020-06-19,-2,-1.4715786449581079,0.0,0.1334,0.0,0.0044,200000,172242.66607996274,-27757.333920037257,0.8612133303998137
2020-06-20,-2,-1.2270498134879742,0.0,0.1347,0.0,0.00436,200000,172242.66607996274,-27757.333920037257,0.8612133303998137
2020-06-21,0,-0.14081735346919233,0.0,0.1494,0.0,0.00406,200000,172242.66607996274,-27757.333920037257,0.8612133303998137
2020-06-22,0,0.9133466138351789,0.0,0.1696,0.0,0.00404,200000,172242.66607996274,-27757.333920037257,0.8612133303998137
2020-06-23,1,1.00112671155242,-510802.68706987763,0.1686,21530333.25999534,0.004,200000,172242.66607996274,-27757.333920037257,0.8612133303998137
2020-06-24,2,1.6938694570739021,0.0,0.172,0.0,0.00374,200000,179577.28186359908,-20422.718136400916,0.8978864093179955
2020-06-25,2,2.6394200186768604,0.0,0.2028,0.0,0.00372,200000,179577.28186359908,-20422.718136400916,0.8978864093179955
2020-06-26,2,3.41330597658906,0.0,0.2574,0.0,0.00344,200000,179577.28186359908,-20422.718136400916,0.8978864093179955
2020-06-27,2,2.1925925977257688,0.0,0.2322,0.0,0.00345,200000,179577.28186359908,-20422.718136400916,0.8978864093179955
2020-06-28,2,1.9514834641530023,0.0,0.2577,0.0,0.00375,200000,179577.28186359908,-20422.718136400916,0.8978864093179955
2020-06-29,2,2.1725266009677373,0.0,0.2896,0.0,0.00369,200000,179577.28186359908,-20422.718136400916,0.8978864093179955
2020-06-30,2,1.379380617912435,0.0,0.242,0.0,0.00353,200000,179577.28186359908,-20422.718136400916,0.8978864093179955
2020-07-01,0,0.9492386027751905,0.0,0.2398,0.0,0.00381,200000,179577.28186359908,-20422.718136400916,0.8978864093179955
2020-07-02,0,0.2111228784765864,0.0,0.2068,0.0,0.00406,200000,179577.28186359908,-20422.718136400916,0.8978864093179955
2020-07-03,0,-0.020715140441359785,0.0,0.1962,0.0,0.00411,200000,179577.28186359908,-20422.718136400916,0.8978864093179955
2020-07-04,0,0.02553718343740579,0.0,0.2113,0.0,0.00428,200000,179577.28186359908,-20422.718136400916,0.8978864093179955
2020-07-05,0,0.18895970371098847,0.0,0.2069,0.0,0.0039,200000,179577.28186359908,-20422.718136400916,0.8978864093179955
2020-07-06,0,-0.20791340996896202,0.0,0.2059,0.0,0.0043,200000,179577.28186359908,-20422.718136400916,0.8978864093179955
2020-07-07,0,-0.29151776614970387,0.0,0.2067,0.0,0.00436,200000,179577.28186359908,-20422.718136400916,0.8978864093179955
2020-07-08,0,-0.4368278762871562,0.0,0.2055,0.0,0.00444,200000,179577.28186359908,-20422.718136400916,0.8978864093179955
2020-07-09,0,-0.7541040601205666,0.0,0.1942,0.0,0.0045,200000,179577.28186359908,-20422.718136400916,0.8978864093179955
2020-07-10,-2,-1.2986998927897826,0.0,0.1862,0.0,0.00503,200000,179577.28186359908,-20422.718136400916,0.8978864093179955
2020-07-11,-1,-1.0438918244270603,460218.55936340103,0.1951,-18705966.86079157,0.0048,200000,179577.28186359908,-20422.718136400916,0.8978864093179955
2020-07-12,-2,-1.2222992265883839,0.0,0.1899,0.0,0.005,200000,185711.61174444706,-14288.388255552942,0.9285580587222353
2020-07-13,-2,-1.2507742856794812,0.0,0.1865,0.0,0.00504,200000,185711.61174444706,-14288.388255552942,0.9285580587222353
2020-07-14,0,-0.800480594840783,0.0,0.2035,0.0,0.00479,200000,185711.61174444706,-14288.388255552942,0.9285580587222353
2020-07-15,0,-0.8008944207091071,0.0,0.1916,0.0,0.0046,200000,185711.61174444706,-14288.388255552942,0.9285580587222353
2020-07-16,-1,-1.0154117168575671,513299.09271544236,0.1809,-19385345.69357485,0.00479,200000,185711.61174444706,-14288.388255552942,0.9285580587222353
2020-07-17,-1,-0.7582546963784355,513299.09271544236,0.1865,-19385345.69357485,0.00467,200000,186259.8451804245,-13740.154819575488,0.9312992259021226
2020-07-18,-1,-0.8664900558499007,513299.09271544236,0.1867,-19385345.69357485,0.00495,200000,191790.4017931686,-8209.598206831404,0.958952008965843
2020-07-19,-1,-0.9179535131173483,513299.09271544236,0.1859,-19385345.69357485,0.00497,200000,191767.46943286774,-8232.530567132257,0.9588373471643388
2020-07-20,-2,-1.566418537876512,0.0,0.1869,0.0,0.0058,200000,202211.01633866498,2211.01633866498,1.0110550816933248
2020-07-21,-2,-2.159314771709594,0.0,0.186,0.0,0.0067,200000,202211.01633866498,2211.01633866498,1.0110550816933248
2020-07-22,-2,-1.6604146284737034,0.0,0.1887,0.0,0.00636,200000,202211.01633866498,2211.01633866498,1.0110550816933248
2020-07-23,-2,-1.4822555376491684,0.0,0.1863,0.0,0.00629,200000,202211.01633866498,2211.01633866498,1.0110550816933248
2020-07-24,-2,-1.5823920082409284,0.0,0.1811,0.0,0.00655,200000,202211.01633866498,2211.01633866498,1.0110550816933248
2020-07-25,-2,-1.3121665396923556,0.0,0.1834,0.0,0.00631,200000,202211.01633866498,2211.01633866498,1.0110550816933248
2020-07-26,-2,-1.8551476422706474,0.0,0.1788,0.0,0.00744,200000,202211.01633866498,2211.01633866498,1.0110550816933248
2020-07-27,-2,-2.0142136485193443,0.0,0.1667,0.0,0.00791,200000,202211.01633866498,2211.01633866498,1.0110550816933248
2020-07-28,-2,-1.636879655423793,0.0,0.1709,0.0,0.0076,200000,202211.01633866498,2211.01633866498,1.0110550816933248
2020-07-29,-1,-1.153805893263901,573485.582355828,0.1763,-14361577.864962,0.00704,200000,202211.01633866498,2211.01633866498,1.0110550816933248
2020-07-30,-1,-1.1013680788203257,573485.582355828,0.1746,-14361577.864962,0.0071,200000,202097.78552055778,2097.78552055778,1.0104889276027889
2020-07-31,-1,-0.8350543831135401,573485.582355828,0.1744,-14361577.864962,0.00675,200000,196956.5361513499,-3043.4638486501062,0.9847826807567495
2020-08-01,-1,-0.5599173955382157,573485.582355828,0.176,-14361577.864962,0.00646,200000,193709.25550228026,-6290.744497719745,0.9685462775114013
2020-08-02,-1,-0.3901607600497001,573485.582355828,0.1693,-14361577.864962,0.00605,200000,183978.6551758618,-16021.344824138214,0.9198932758793089
2020-08-03,-1,-0.7091805935725357,573485.582355828,0.1697,-14361577.864962,0.00668,200000,193255.84346373018,-6744.156536269817,0.966279217318651
2020-08-04,-1,-0.8266328779200751,573485.582355828,0.1687,-14361577.864962,0.00694,200000,196416.36812626448,-3583.6318737355177,0.9820818406313224
2020-08-05,-1,-0.6412113275983565,573485.582355828,0.1719,-14361577.864962,0.0069,200000,197677.05887520465,-2322.941124795354,0.9883852943760232
2020-08-06,-1,-1.1264692736539477,573485.582355828,0.1753,-14361577.864962,0.00787,200000,213557.64038422762,13557.64038422762,1.0677882019211382
2020-08-07,-1,-0.7532632295673499,573485.582355828,0.1767,-14361577.864962,0.00744,200000,208185.0417175921,8185.041717592103,1.0409252085879606
2020-08-08,-1,-1.0781402361824728,573485.582355828,0.1861,-14361577.864962,0.00819,200000,224346.98959045837,24346.98959045837,1.1217349479522918
2020-08-09,-2,-2.120386810923089,0.0,0.193,0.0,0.01013,200000,237011.0827160552,37011.082716055214,1.185055413580276
2020-08-10,-2,-2.0794523726216445,0.0,0.1968,0.0,0.01097,200000,237011.0827160552,37011.082716055214,1.185055413580276
2020-08-11,-2,-1.8707571995507952,0.0,0.1831,0.0,0.0103,200000,237011.0827160552,37011.082716055214,1.185055413580276
2020-08-12,-2,-1.8321050115333508,0.0,0.1858,0.0,0.01085,200000,237011.0827160552,37011.082716055214,1.185055413580276
2020-08-13,-2,-1.441140861789252,0.0,0.1854,0.0,0.01036,200000,237011.0827160552,37011.082716055214,1.185055413580276
2020-08-14,-2,-2.1649897678382635,0.0,0.1855,0.0,0.01319,200000,237011.0827160552,37011.082716055214,1.185055413580276
2020-08-15,-2,-1.699801520182611,0.0,0.1832,0.0,0.01236,200000,237011.0827160552,37011.082716055214,1.185055413580276
2020-08-16,-2,-1.3767992019988124,0.0,0.1968,0.0,0.01265,200000,237011.0827160552,37011.082716055214,1.185055413580276
2020-08-17,-1,-1.0573860588710176,608032.5364701262,0.1949,-10034338.811009958,0.01181,200000,237011.0827160552,37011.082716055214,1.185055413580276
2020-08-18,-1,-0.8662138939825663,608032.5364701262,0.1924,-10034338.811009958,0.01135,200000,230875.20552181534,30875.20552181534,1.1543760276090766
2020-08-19,-1,-0.6424999411583189,608032.5364701262,0.186,-10034338.811009958,0.01055,200000,218956.32623959857,18956.326239598566,1.0947816311979928
2020-08-20,-1,-0.7054426357163506,608032.5364701262,0.2075,-10034338.811009958,0.01221,200000,248686.02819998277,48686.02819998277,1.2434301409999138
2020-08-21,-1,-0.2863216073617314,608032.5364701262,0.19,-10034338.811009958,0.01029,200000,218779.52829461647,18779.528294616466,1.0938976414730823
2020-08-22,0,0.019453010638372386,0.0,0.1991,0.0,0.01035,200000,219807.21139880613,19807.211398806132,1.0990360569940307
2020-08-23,0,-0.10607756544700411,0.0,0.1984,0.0,0.01073,200000,219807.21139880613,19807.211398806132,1.0990360569940307
2020-08-24,0,-0.9192700044101314,0.0,0.1998,0.0,0.01273,200000,219807.21139880613,19807.211398806132,1.0990360569940307
2020-08-25,0,-0.6466480900438829,0.0,0.1907,0.0,0.01168,200000,219807.21139880613,19807.211398806132,1.0990360569940307
2020-08-26,0,-0.9485719823709462,0.0,0.1911,0.0,0.01244,200000,219807.21139880613,19807.211398806132,1.0990360569940307
2020-08-27,-1,-1.0257461465782596,602872.2199638127,0.1823,-9158633.808283588,0.012,200000,219807.2113988061,19807.211398806103,1.0990360569940305
2020-08-28,-1,-1.1232607303300348,602872.2199638127,0.1854,-9158633.808283588,0.01226,200000,224057.36007084767,24057.360070847673,1.1202868003542383
2020-08-29,-1,-0.4104166822641886,602872.2199638127,0.1896,-9158633.808283588,0.01179,200000,222284.86550480238,22284.86550480238,1.1114243275240119
2020-08-30,0,0.38442917504367813,0.0,0.1966,0.0,0.01146,200000,206240.47639685043,6240.476396850427,1.0312023819842522
2020-08-31,0,0.5399241887846672,0.0,0.1904,0.0,0.01098,200000,206240.47639685043,6240.476396850427,1.0312023819842522
2020-09-01,2,1.4430601339123625,0.0,0.1936,0.0,0.01031,200000,206240.47639685043,6240.476396850427,1.0312023819842522
2020-09-02,0,0.7494465585595805,0.0,0.1776,0.0,0.01,200000,206240.47639685043,6240.476396850427,1.0312023819842522
2020-09-03,0,0.5608826229660467,0.0,0.1367,0.0,0.00777,200000,206240.47639685043,6240.476396850427,1.0312023819842522
2020-09-04,2,1.8010947130219828,0.0,0.1473,0.0,0.00754,200000,206240.47639685043,6240.476396850427,1.0312023819842522
2020-09-05,2,2.996931981244546,0.0,0.138,0.0,0.006,200000,206240.47639685043,6240.476396850427,1.0312023819842522
2020-09-06,2,1.816490112154986,0.0,0.1399,0.0,0.00654,200000,206240.47639685043,6240.476396850427,1.0312023819842522
2020-09-07,2,1.493203675690243,0.0,0.1355,0.0,0.00641,200000,206240.47639685043,6240.476396850427,1.0312023819842522
2020-09-08,2,2.475089383111617,0.0,0.1553,0.0,0.00625,200000,206240.47639685043,6240.476396850427,1.0312023819842522
2020-09-09,2,1.673960472345673,0.0,0.1617,0.0,0.00691,200000,206240.47639685043,6240.476396850427,1.0312023819842522
2020-09-10,2,1.3677753845062552,0.0,0.1633,0.0,0.00711,200000,206240.47639685043,6240.476396850427,1.0312023819842522
2020-09-11,2,1.3343329882068387,0.0,0.166,0.0,0.00713,200000,206240.47639685043,6240.476396850427,1.0312023819842522
2020-09-12,0,0.6738404975017982,0.0,0.159,0.0,0.00745,200000,206240.47639685043,6240.476396850427,1.0312023819842522
2020-09-13,0,0.680356125428212,0.0,0.1485,0.0,0.00687,200000,206240.47639685043,6240.476396850427,1.0312023819842522
2020-09-14,0,0.9145408966255177,0.0,0.1541,0.0,0.0068,200000,206240.47639685043,6240.476396850427,1.0312023819842522
2020-09-15,2,1.3195499346511175,0.0,0.1447,0.0,0.00594,200000,206240.47639685043,6240.476396850427,1.0312023819842522
2020-09-16,1,1.1824350295732604,-725687.8127967995,0.1421,17597310.272768807,0.00586,200000,206240.47639685043,6240.476396850427,1.0312023819842522
2020-09-17,2,1.3507554529159573,0.0,0.1463,0.0,0.00584,200000,209640.31141605237,9640.31141605237,1.0482015570802619
2020-09-18,2,1.3022268463927904,0.0,0.1406,0.0,0.00558,200000,209640.31141605237,9640.31141605237,1.0482015570802619
2020-09-19,1,1.1197955600043281,-754101.8396260876,0.139,18818699.40898136,0.00557,200000,209640.31141605237,9640.31141605237,1.0482015570802619
2020-09-20,2,1.347646942818689,0.0,0.1335,0.0,0.00517,200000,213020.23106170143,13020.23106170143,1.0651011553085072
2020-09-21,2,1.4022409339402426,0.0,0.12,0.0,0.00456,200000,213020.23106170143,13020.23106170143,1.0651011553085072
2020-09-22,2,1.3494345978459537,0.0,0.1226,0.0,0.00465,200000,213020.23106170143,13020.23106170143,1.0651011553085072
2020-09-23,2,1.7402378387636954,0.0,0.1126,0.0,0.00412,200000,213020.23106170143,13020.23106170143,1.0651011553085072
2020-09-24,2,1.2733603485537892,0.0,0.1198,0.0,0.00452,200000,213020.23106170143,13020.23106170143,1.0651011553085072
2020-09-25,0,-0.25969559124579533,0.0,0.121,0.0,0.00512,200000,213020.23106170143,13020.23106170143,1.0651011553085072
2020-09-26,0,-0.7362751067457188,0.0,0.1226,0.0,0.00536,200000,213020.23106170143,13020.23106170143,1.0651011553085072
2020-09-27,0,-0.45618278457572964,0.0,0.1204,0.0,0.00511,200000,213020.23106170143,13020.23106170143,1.0651011553085072
2020-09-28,0,0.158159617373163,0.0,0.1211,0.0,0.00493,200000,213020.23106170143,13020.23106170143,1.0651011553085072
2020-09-29,0,0.868470753818891,0.0,0.1294,0.0,0.005,200000,213020.23106170143,13020.23106170143,1.0651011553085072
2020-09-30,0,0.5393688196730395,0.0,0.1356,0.0,0.00533,200000,213020.23106170143,13020.23106170143,1.0651011553085072
2020-10-01,2,2.349782053956515,0.0,0.1416,0.0,0.00481,200000,213020.23106170143,13020.23106170143,1.0651011553085072
2020-10-02,1,1.077645700749375,-821837.3111948358,0.1296,22282450.947876718,0.00478,200000,213020.23106170143,13020.23106170143,1.0651011553085072
2020-10-03,1,0.7085262777783004,-821837.3111948358,0.1259,22282450.947876718,0.00474,200000,209088.1349723655,9088.134972365486,1.0454406748618275
2020-10-04,1,0.49449835258342206,-821837.3111948358,0.1235,22282450.947876718,0.00469,200000,206001.60287810402,6001.602878104022,1.0300080143905201
2020-10-05,1,0.32457343661506377,-821837.3111948358,0.1211,22282450.947876718,0.00463,200000,202692.24627436383,2692.2462743638316,1.0134612313718192
2020-10-06,2,1.6369315636284265,0.0,0.1125,0.0,0.00395,200000,217461.2473270074,17461.24732700741,1.087306236635037
2020-10-07,2,1.913430493748611,0.0,0.1194,0.0,0.00405,200000,217461.2473270074,17461.24732700741,1.087306236635037
2020-10-08,1,1.0382559333125814,-894902.2523745161,0.1215,25169125.848033264,0.00432,200000,217461.2473270074,17461.24732700741,1.087306236635037
2020-10-09,1,1.0010590945877862,-894902.2523745161,0.1274,25169125.848033264,0.00451,200000,227523.3045271434,27523.304527143395,1.1376165226357169
2020-10-10,2,1.2030502463803288,0.0,0.1264,0.0,0.00438,200000,220336.12081276055,20336.12081276055,1.1016806040638027
2020-10-11,0,0.9218828317981195,0.0,0.1267,0.0,0.00445,200000,220336.12081276055,20336.12081276055,1.1016806040638027
2020-10-12,0,0.31572824644926245,0.0,0.1263,0.0,0.00462,200000,220336.12081276055,20336.12081276055,1.1016806040638027
2020-10-13,0,-0.7498083954433414,0.0,0.1236,0.0,0.00492,200000,220336.12081276055,20336.12081276055,1.1016806040638027
2020-10-14,0,-0.7798248918249929,0.0,0.1203,0.0,0.00482,200000,220336.12081276055,20336.12081276055,1.1016806040638027
2020-10-15,0,0.19751133518335726,0.0,0.1224,0.0,0.00452,200000,220336.12081276055,20336.12081276055,1.1016806040638027
2020-10-16,1,1.038534156730847,-924228.6946843982,0.1192,26610642.610236783,0.00414,200000,220336.12081276055,20336.12081276055,1.1016806040638027
2020-10-17,1,0.5714101612450699,-924228.6946843982,0.1217,26610642.610236783,0.00433,200000,227702.71464541653,27702.714645416534,1.1385135732270826
2020-10-18,0,-0.6564929539195618,0.0,0.1219,0.0,0.00462,200000,210058.42983549472,10058.429835494724,1.0502921491774737
2020-10-19,0,0.1747800849357682,0.0,0.1211,0.0,0.00438,200000,210058.42983549472,10058.429835494724,1.0502921491774737
2020-10-20,0,0.7075753955297049,0.0,0.1154,0.0,0.00405,200000,210058.42983549472,10058.429835494724,1.0502921491774737
2020-10-21,0,0.3566843991973371,0.0,0.1187,0.0,0.00425,200000,210058.42983549472,10058.429835494724,1.0502921491774737
2020-10-22,0,0.39810426780397273,0.0,0.1208,0.0,0.00431,200000,210058.42983549472,10058.429835494724,1.0502921491774737
2020-10-23,0,0.9213551055355857,0.0,0.1227,0.0,0.00426,200000,210058.42983549472,10058.429835494724,1.0502921491774737
2020-10-24,0,0.7832207375589523,0.0,0.125,0.0,0.00435,200000,210058.42983549472,10058.429835494724,1.0502921491774737
2020-10-25,0,0.9920664450945827,0.0,0.1255,0.0,0.00431,200000,210058.42983549472,10058.429835494724,1.0502921491774737
2020-10-26,1,1.0000933003019745,-881857.3880583321,0.1191,25742454.636702783,0.00408,200000,210058.42983549472,10058.429835494724,1.0502921491774737
2020-10-27,1,1.1071686924355582,-881857.3880583321,0.1178,25742454.636702783,0.00402,200000,207367.46795281672,7367.467952816718,1.0368373397640835
2020-10-28,2,1.8495252562168156,0.0,0.1132,0.0,0.0037,200000,214637.60400789767,14637.604007897666,1.0731880200394883
2020-10-29,2,1.2049712015320393,0.0,0.1081,0.0,0.00362,200000,214637.60400789767,14637.604007897666,1.0731880200394883
2020-10-30,2,1.2849411005341804,0.0,0.1042,0.0,0.00346,200000,214637.60400789767,14637.604007897666,1.0731880200394883
2020-10-31,2,1.667423506612454,0.0,0.1058,0.0,0.00341,200000,214637.60400789767,14637.604007897666,1.0731880200394883
2020-11-01,0,-0.7428019553544442,0.0,0.1071,0.0,0.00395,200000,214637.60400789767,14637.604007897666,1.0731880200394883
2020-11-02,0,-0.3359664026501525,0.0,0.1024,0.0,0.00366,200000,214637.60400789767,14637.604007897666,1.0731880200394883
2020-11-03,0,-0.1732539732160306,0.0,0.1015,0.0,0.00357,200000,214637.60400789767,14637.604007897666,1.0731880200394883
2020-11-04,0,-0.7186111250493118,0.0,0.1025,0.0,0.00368,200000,214637.60400789767,14637.604007897666,1.0731880200394883
2020-11-05,0,0.28977630428862566,0.0,0.1065,0.0,0.00367,200000,214637.60400789767,14637.604007897666,1.0731880200394883
2020-11-06,-2,-1.432480507801153,0.0,0.1143,0.0,0.00425,200000,214637.60400789767,14637.604007897666,1.0731880200394883
2020-11-07,0,-0.4093043159546916,0.0,0.1097,0.0,0.00388,200000,214637.60400789767,14637.604007897666,1.0731880200394883
2020-11-08,0,-0.0483763252217459,0.0,0.1192,0.0,0.00415,200000,214637.60400789767,14637.604007897666,1.0731880200394883
2020-11-09,-2,-2.144385425768004,0.0,0.1181,0.0,0.00454,200000,214637.60400789767,14637.604007897666,1.0731880200394883
2020-11-10,-2,-2.3109870808635806,0.0,0.12,0.0,0.00477,200000,214637.60400789767,14637.604007897666,1.0731880200394883
2020-11-11,-2,-1.962206319033007,0.0,0.1203,0.0,0.00478,200000,214637.60400789767,14637.604007897666,1.0731880200394883
2020-11-12,-2,-1.4192657051544315,0.0,0.1162,0.0,0.00451,200000,214637.60400789767,14637.604007897666,1.0731880200394883
2020-11-13,-2,-1.287363313775378,0.0,0.1184,0.0,0.0046,200000,214637.60400789767,14637.604007897666,1.0731880200394883
2020-11-14,-1,-1.1306780971683754,924365.2196722553,0.1161,-23848622.667544186,0.0045,200000,214637.60400789767,14637.604007897666,1.0731880200394883
2020-11-15,-1,-0.2698695740459193,924365.2196722553,0.1158,-23848622.667544186,0.00424,200000,208159.6525484345,8159.652548434504,1.0407982627421726
2020-11-16,-1,-0.5974303226525695,924365.2196722553,0.1167,-23848622.667544186,0.00439,200000,212568.87464627117,12568.874646271172,1.062844373231356
2020-11-17,-1,-0.9555451103113278,924365.2196722553,0.1178,-23848622.667544186,0.00457,200000,217878.42846806863,17878.428468068625,1.0893921423403432
2020-11-18,0,0.43818899513931486,0.0,0.1229,0.0,0.00438,200000,205490.08579402103,5490.085794021026,1.0274504289701052
2020-11-19,0,0.049694305949454246,0.0,0.12,0.0,0.0044,200000,205490.08579402103,5490.085794021026,1.0274504289701052
2020-11-20,0,-0.44453477248206097,0.0,0.1221,0.0,0.00462,200000,205490.08579402103,5490.085794021026,1.0274504289701052
2020-11-21,0,-0.7946897649595613,0.0,0.1286,0.0,0.00496,200000,205490.08579402103,5490.085794021026,1.0274504289701052
2020-11-22,-2,-1.6861608376643749,0.0,0.1238,0.0,0.00505,200000,205490.08579402103,5490.085794021026,1.0274504289701052
2020-11-23,-2,-2.377166418855254,0.0,0.128,0.0,0.0056,200000,205490.08579402103,5490.085794021026,1.0274504289701052
2020-11-24,-2,-1.865935787313904,0.0,0.1359,0.0,0.00587,200000,205490.08579402103,5490.085794021026,1.0274504289701052
2020-11-25,2,4.170864656501261,0.0,0.384,0.0,0.00631,200000,205490.08579402103,5490.085794021026,1.0274504289701052
2020-11-26,2,1.7336962002336402,0.0,0.2355,0.0,0.00539,200000,205490.08579402103,5490.085794021026,1.0274504289701052
2020-11-27,2,1.4162894636125156,0.0,0.22,0.0,0.00519,200000,205490.08579402103,5490.085794021026,1.0274504289701052
2020-11-28,2,1.9554351336741451,0.0,0.2886,0.0,0.00569,200000,205490.08579402103,5490.085794021026,1.0274504289701052
2020-11-29,2,1.5887788526069644,0.0,0.2814,0.0,0.00571,200000,205490.08579402103,5490.085794021026,1.0274504289701052
2020-11-30,1,1.186055313876746,-386114.4039722304,0.2661,17868703.112523567,0.00575,200000,205490.08579402103,5490.085794021026,1.0274504289701052
2020-12-01,1,1.0165569088939608,-386114.4039722304,0.2565,17868703.112523567,0.00563,200000,199639.14314238477,-360.856857615232,0.9981957157119239
2020-12-02,1,1.1099255355898636,-386114.4039722304,0.272,17868703.112523567,0.00566,200000,206159.97749733005,6159.977497330052,1.0307998874866502
2020-12-03,1,0.8705463216886908,-386114.4039722304,0.2601,17868703.112523567,0.00562,200000,200850.46796555957,850.4679655595683,1.0042523398277978
2020-12-04,1,0.41104523419689937,-386114.4039722304,0.2186,17868703.112523567,0.00527,200000,178572.67411132876,-21427.325888671243,0.8928633705566438
2020-12-05,1,0.6253897486636024,-386114.4039722304,0.239,17868703.112523567,0.00533,200000,187521.53013911366,-12478.46986088634,0.9376076506955683
2020-12-06,1,0.7488669427424668,-386114.4039722304,0.2419,17868703.112523567,0.00512,200000,184888.8342570032,-15111.165742996789,0.9244441712850161
2020-12-07,1,0.29033465378426604,-386114.4039722304,0.2303,17868703.112523567,0.0054,200000,185413.14404243193,-14586.85595756807,0.9270657202121596
2020-12-08,1,0.3838100359586966,-386114.4039722304,0.2083,17868703.112523567,0.00469,200000,164231.84794515112,-35768.15205484888,0.8211592397257557
2020-12-09,0,-0.005667636319077936,0.0,0.2061,0.0,0.00505,200000,194831.3137344537,-5168.686265546305,0.9741565686722685
2020-12-10,0,-0.3011342744026933,0.0,0.1915,0.0,0.00498,200000,194831.3137344537,-5168.686265546305,0.9741565686722685
2020-12-11,0,-0.39567327148842035,0.0,0.1808,0.0,0.00471,200000,194831.3137344537,-5168.686265546305,0.9741565686722685
2020-12-12,0,-0.5925769459047414,0.0,0.1954,0.0,0.00518,200000,194831.3137344537,-5168.686265546305,0.9741565686722685
2020-12-13,0,-0.49360569466146964,0.0,0.2093,0.0,0.00522,200000,194831.3137344537,-5168.686265546305,0.9741565686722685
2020-12-14,0,-0.20464426288997298,0.0,0.2178,0.0,0.005,200000,194831.3137344537,-5168.686265546305,0.9741565686722685
2020-12-15,-2,-1.2570383961073193,0.0,0.2077,0.0,0.00536,200000,194831.3137344537,-5168.686265546305,0.9741565686722685
2020-12-16,-2,-1.5539607028879445,0.0,0.2085,0.0,0.00566,200000,194831.3137344537,-5168.686265546305,0.9741565686722685
2020-12-17,-2,-1.3108605300486076,0.0,0.1996,0.0,0.00535,200000,194831.3137344537,-5168.686265546305,0.9741565686722685
2020-12-18,-2,-1.2862959346762857,0.0,0.2117,0.0,0.00572,200000,194831.3137344537,-5168.686265546305,0.9741565686722685
2020-12-19,0,-0.5435995354156626,0.0,0.2233,0.0,0.00562,200000,194831.3137344537,-5168.686265546305,0.9741565686722685
2020-12-20,-2,-1.3043755876515155,0.0,0.2086,0.0,0.00574,200000,194831.3137344537,-5168.686265546305,0.9741565686722685
2020-12-21,0,-0.5350003445371659,0.0,0.2066,0.0,0.0053,200000,194831.3137344537,-5168.686265546305,0.9741565686722685
2020-12-22,-2,-1.3860288440877209,0.0,0.1975,0.0,0.00556,200000,194831.3137344537,-5168.686265546305,0.9741565686722685
2020-12-23,-1,-1.1511824593314735,594360.3225578209,0.1639,-21410034.47631359,0.00455,200000,194831.3137344537,-5168.686265546305,0.9741565686722685
2020-12-24,-1,-0.5857337879108951,594360.3225578209,0.1809,-21410034.47631359,0.0048,200000,210287.94783701503,10287.947837015032,1.0514397391850752
2020-12-25,-1,-0.2100009771053005,594360.3225578209,0.1856,-21410034.47631359,0.0048,200000,213081.4413530368,13081.44135303679,1.0654072067651839
2020-12-26,0,1.1910310639094217,0.0,0.2019,0.0,0.0048,200000,177598.1300963349,-22401.869903665094,0.8879906504816746
2020-12-27,0,0.14103465526901068,0.0,0.1949,0.0,0.00497,200000,177598.1300963349,-22401.869903665094,0.8879906504816746
2020-12-28,0,-0.030833916028626365,0.0,0.193,0.0,0.00501,200000,177598.1300963349,-22401.869903665094,0.8879906504816746
2020-12-29,1,1.0727781245927193,-473090.3838474558,0.1877,19262270.075524393,0.00461,200000,177598.1300963349,-22401.869903665094,0.8879906504816746
2020-12-30,2,2.1988223894834853,0.0,0.1882,0.0,0.00428,200000,184191.22441318168,-15808.775586818316,0.9209561220659084
2020-12-31,2,1.2164404693785162,0.0,0.186,0.0,0.00443,200000,184191.22441318168,-15808.775586818316,0.9209561220659084
2021-01-01,0,0.4903141153621971,0.0,0.1933,0.0,0.00479,200000,184191.22441318168,-15808.775586818316,0.9209561220659084
2021-01-02,2,1.3344274530774232,0.0,0.2049,0.0,0.0048,200000,184191.22441318168,-15808.775586818316,0.9209561220659084
2021-01-03,0,-0.5777910606220032,0.0,0.2025,0.0,0.00538,200000,184191.22441318168,-15808.775586818316,0.9209561220659084
2021-01-04,-2,-1.910565248377705,0.0,0.1908,0.0,0.00566,200000,184191.22441318168,-15808.775586818316,0.9209561220659084
2021-01-05,-2,-1.786665733378947,0.0,0.1981,0.0,0.00592,200000,184191.22441318168,-15808.775586818316,0.9209561220659084
2021-01-06,-2,-2.449313027000563,0.0,0.2088,0.0,0.00704,200000,184191.22441318168,-15808.775586818316,0.9209561220659084
2021-01-07,-2,-1.2416506176943667,0.0,0.2262,0.0,0.00675,200000,184191.22441318168,-15808.775586818316,0.9209561220659084
2021-01-08,-1,-1.122711396864717,422844.86779885605,0.2178,-14168555.7240909,0.0065,200000,184191.22441318168,-15808.775586818316,0.9209561220659084
2021-01-09,-2,-1.467835152927589,0.0,0.2313,0.0,0.00731,200000,189959.34883441078,-10040.651165589225,0.9497967441720538
2021-01-10,-2,-1.2340862143351516,0.0,0.2312,0.0,0.00722,200000,189959.34883441078,-10040.651165589225,0.9497967441720538
2021-01-11,0,0.3814945290307425,0.0,0.2383,0.0,0.00613,200000,189959.34883441078,-10040.651165589225,0.9497967441720538
2021-01-12,0,-0.014738951794688445,0.0,0.2182,0.0,0.00585,200000,189959.34883441078,-10040.651165589225,0.9497967441720538
2021-01-13,0,-0.48235731941802373,0.0,0.2255,0.0,0.0064,200000,189959.34883441078,-10040.651165589225,0.9497967441720538
2021-01-14,0,-0.2168289375900397,0.0,0.2278,0.0,0.00629,200000,189959.34883441078,-10040.651165589225,0.9497967441720538
2021-01-15,0,-0.24254363187043884,0.0,0.2247,0.0,0.00627,200000,189959.34883441078,-10040.651165589225,0.9497967441720538
2021-01-16,0,-0.5335438322534616,0.0,0.2294,0.0,0.00666,200000,189959.34883441078,-10040.651165589225,0.9497967441720538
2021-01-17,-1,-1.0590279737216621,407638.0876274909,0.233,-13010914.303726764,0.0073,200000,189959.34883441078,-10040.651165589225,0.9497967441720538
2021-01-18,-1,-0.7757826453144927,407638.0876274909,0.2435,-13010914.303726764,0.00744,200000,196061.0767570212,-3938.92324297881,0.9803053837851059
2021-01-19,-2,-1.429261420770925,0.0,0.2389,0.0,0.00802,200000,196922.1424160918,-3077.8575839081896,0.984610712080459
2021-01-20,-2,-1.368393564664268,0.0,0.2312,0.0,0.0078,200000,196922.1424160918,-3077.8575839081896,0.984610712080459
2021-01-21,-1,-1.146532042934053,488398.17067483085,0.2016,-14695682.269857597,0.0067,200000,196922.1424160918,-3077.8575839081896,0.984610712080459
2021-01-22,-2,-1.3049118422486874,0.0,0.2105,0.0,0.00711,200000,198600.6284277274,-1399.3715722725901,0.993003142138637
2021-01-23,-2,-1.598290824977891,0.0,0.2167,0.0,0.00767,200000,198600.6284277274,-1399.3715722725901,0.993003142138637
2021-01-24,0,-0.9388600753433377,0.0,0.2234,0.0,0.00747,200000,198600.6284277274,-1399.3715722725901,0.993003142138637
2021-01-25,0,-0.6555953835631974,0.0,0.2162,0.0,0.00707,200000,198600.6284277274,-1399.3715722725901,0.993003142138637
2021-01-26,0,-0.6934132267016372,0.0,0.2159,0.0,0.00707,200000,198600.6284277274,-1399.3715722725901,0.993003142138637
2021-01-27,-2,-1.2620302296434462,0.0,0.1954,0.0,0.00687,200000,198600.6284277274,-1399.3715722725901,0.993003142138637
2021-01-28,-2,-1.7157181743058298,0.0,0.2097,0.0,0.008,200000,198600.6284277274,-1399.3715722725901,0.993003142138637
2021-01-29,-2,-1.9153810204630841,0.0,0.2114,0.0,0.00866,200000,198600.6284277274,-1399.3715722725901,0.993003142138637
2021-01-30,-2,-1.8577478749948126,0.0,0.2089,0.0,0.00892,200000,198600.6284277274,-1399.3715722725901,0.993003142138637
2021-01-31,-2,-1.6987618992710511,0.0,0.2027,0.0,0.00865,200000,198600.6284277274,-1399.3715722725901,0.993003142138637
2021-02-01,-2,-1.2009833825246456,0.0,0.2036,0.0,0.00812,200000,198600.6284277274,-1399.3715722725901,0.993003142138637
2021-02-02,-2,-1.3783281679857429,0.0,0.2112,0.0,0.00887,200000,198600.6284277274,-1399.3715722725901,0.993003142138637
2021-02-03,-2,-1.621865661595318,0.0,0.2283,0.0,0.01025,200000,198600.6284277274,-1399.3715722725901,0.993003142138637
2021-02-04,-2,-1.7022215335365032,0.0,0.2251,0.0,0.01052,200000,198600.6284277274,-1399.3715722725901,0.993003142138637
2021-02-05,-2,-1.560893150177321,0.0,0.2479,0.0,0.01158,200000,198600.6284277274,-1399.3715722725901,0.993003142138637
2021-02-06,0,-0.5624483867498282,0.0,0.2597,0.0,0.01047,200000,198600.6284277274,-1399.3715722725901,0.993003142138637
2021-02-07,0,-0.801162816885031,0.0,0.2483,0.0,0.01048,200000,198600.6284277274,-1399.3715722725901,0.993003142138637
2021-02-08,-2,-1.3884950446880786,0.0,0.2655,0.0,0.01252,200000,198600.6284277274,-1399.3715722725901,0.993003142138637
2021-02-09,-2,-2.283243133126654,0.0,0.285,0.0,0.01739,200000,198600.6284277274,-1399.3715722725901,0.993003142138637
2021-02-10,-2,-1.2665446281160704,0.0,0.3065,0.0,0.01547,200000,198600.6284277274,-1399.3715722725901,0.993003142138637
2021-02-11,0,-0.8456737692412356,0.0,0.3457,0.0,0.01638,200000,198600.6284277274,-1399.3715722725901,0.993003142138637
2021-02-12,-2,-1.2099655506320828,0.0,0.3456,0.0,0.01798,200000,198600.6284277274,-1399.3715722725901,0.993003142138637
2021-02-13,-1,-1.1418873233928948,250189.75614478134,0.3969,-4778648.422226357,0.02078,200000,198600.6284277274,-1399.3715722725901,0.993003142138637
2021-02-14,-2,-1.6703266291220227,0.0,0.3657,0.0,0.02193,200000,211901.9945050049,11901.9945050049,1.0595099725250245
2021-02-15,-2,-1.275604450590675,0.0,0.344,0.0,0.01918,200000,211901.9945050049,11901.9945050049,1.0595099725250245
2021-02-16,0,0.30580598304982964,0.0,0.424,0.0,0.0188,200000,211901.9945050049,11901.9945050049,1.0595099725250245
2021-02-17,0,-0.09395467269203285,0.0,0.409,0.0,0.01929,200000,211901.9945050049,11901.9945050049,1.0595099725250245
2021-02-18,0,-0.24199368412581435,0.0,0.4426,0.0,0.02143,200000,211901.9945050049,11901.9945050049,1.0595099725250245
2021-02-19,0,0.09703393542675372,0.0,0.451,0.0,0.02108,200000,211901.9945050049,11901.9945050049,1.0595099725250245
2021-02-20,0,-0.29315852256937874,0.0,0.4492,0.0,0.02213,200000,211901.9945050049,11901.9945050049,1.0595099725250245
2021-02-21,2,2.7021843752773522,0.0,0.6419,0.0,0.02223,200000,211901.9945050049,11901.9945050049,1.0595099725250245
2021-02-22,2,1.8853332037713921,0.0,0.5432,0.0,0.01997,200000,211901.9945050049,11901.9945050049,1.0595099725250245
2021-02-23,2,1.7004426260178853,0.0,0.4466,0.0,0.01633,200000,211901.9945050049,11901.9945050049,1.0595099725250245
2021-02-24,2,2.298852932035089,0.0,0.5354,0.0,0.01709,200000,211901.9945050049,11901.9945050049,1.0595099725250245
2021-02-25,2,1.4574174514716869,0.0,0.4952,0.0,0.01726,200000,211901.9945050049,11901.9945050049,1.0595099725250245
2021-02-26,2,1.2087182939409875,0.0,0.4866,0.0,0.0174,200000,211901.9945050049,11901.9945050049,1.0595099725250245
2021-02-27,0,-0.031151263746643794,0.0,0.4879,0.0,0.02175,200000,211901.9945050049,11901.9945050049,1.0595099725250245
2021-02-28,0,-0.10758180905207251,0.0,0.5186,0.0,0.02342,200000,211901.9945050049,11901.9945050049,1.0595099725250245
2021-03-01,0,-0.06791358624911575,0.0,0.5286,0.0,0.02334,200000,211901.9945050049,11901.9945050049,1.0595099725250245
2021-03-02,0,-0.20140686755643541,0.0,0.4999,0.0,0.02249,200000,211901.9945050049,11901.9945050049,1.0595099725250245
2021-03-03,0,-0.49926496747546845,0.0,0.5203,0.0,0.02477,200000,211901.9945050049,11901.9945050049,1.0595099725250245
2021-03-04,0,-0.3842712270429646,0.0,0.5541,0.0,0.02562,200000,211901.9945050049,11901.9945050049,1.0595099725250245
2021-03-05,0,0.13426579947190823,0.0,0.6913,0.0,0.02889,200000,211901.9945050049,11901.9945050049,1.0595099725250245
2021-03-06,0,0.6887725316208015,0.0,0.7626,0.0,0.02892,200000,211901.9945050049,11901.9945050049,1.0595099725250245
2021-03-07,1,1.0986694034369835,-134319.2155838013,0.7888,3783964.187589373,0.028,200000,211901.9945050049,11901.9945050049,1.0595099725250245
2021-03-08,0,0.1897209843063572,0.0,0.7665,0.0,0.03044,200000,199673.80337976807,-326.19662023193086,0.9983690168988404
2021-03-09,0,-0.4739721378073891,0.0,0.7679,0.0,0.03332,200000,199673.80337976807,-326.19662023193086,0.9983690168988404
2021-03-10,0,-0.3373530889378062,0.0,0.763,0.0,0.0322,200000,199673.80337976807,-326.19662023193086,0.9983690168988404
2021-03-11,-1,-1.023975712900002,133883.4674666542,0.7457,-2878803.3935952717,0.03468,200000,199673.80337976807,-326.19662023193086,0.9983690168988404
2021-03-12,-2,-2.025720945554841,0.0,0.742,0.0,0.04197,200000,221155.64894870424,21155.64894870424,1.1057782447435212
2021-03-13,-2,-2.0038414061650656,0.0,0.7699,0.0,0.04653,200000,221155.64894870424,21155.64894870424,1.1057782447435212
2021-03-14,-2,-2.144656368576249,0.0,0.7764,0.0,0.05433,200000,221155.64894870424,21155.64894870424,1.1057782447435212
2021-03-15,-2,-2.1187906743612404,0.0,0.7364,0.0,0.05877,200000,221155.64894870424,21155.64894870424,1.1057782447435212
2021-03-16,-2,-1.7649332598903704,0.0,0.722,0.0,0.05398,200000,221155.64894870424,21155.64894870424,1.1057782447435212
2021-03-17,-2,-1.2579338485002147,0.0,0.7711,0.0,0.0507,200000,221155.64894870424,21155.64894870424,1.1057782447435212
2021-03-18,-1,-1.1533680008320428,144659.63432018855,0.7644,-2198366.291736623,0.0503,200000,221155.64894870424,21155.64894870424,1.1057782447435212
2021-03-19,-1,-1.116937309428822,144659.63432018855,0.8133,-2198366.291736623,0.05486,200000,238254.05535728048,38254.05535728048,1.1912702767864025
2021-03-20,-2,-1.3898275400730915,0.0,0.7615,0.0,0.0598,200000,242459.6416597307,42459.641659730696,1.2122982082986535
2021-03-21,-2,-1.607694577563127,0.0,0.7915,0.0,0.07533,200000,242459.6416597307,42459.641659730696,1.2122982082986535
2021-03-22,-2,-1.4512515068313074,0.0,0.7997,0.0,0.07739,200000,242459.6416597307,42459.641659730696,1.2122982082986535
2021-03-23,-1,-1.1516761205558619,141623.62246479598,0.856,-1600816.3320991066,0.07573,200000,242459.6416597307,42459.641659730696,1.2122982082986535
2021-03-24,-2,-1.217819094043382,0.0,0.7352,0.0,0.07258,200000,254525.20380736588,54525.20380736588,1.2726260190368293
2021-03-25,-1,-1.089658574085736,184038.4698534822,0.6915,-1879524.4705905025,0.06771,200000,254525.2038073659,54525.203807365906,1.2726260190368295
2021-03-26,-1,-0.912803825016005,184038.4698534822,0.7518,-1879524.4705905025,0.06974,200000,269438.1582148296,69438.15821482957,1.3471907910741479
2021-03-27,-1,-1.0684636465663624,184038.4698534822,0.8921,-1879524.4705905025,0.09207,200000,337228.53696355905,137228.53696355905,1.6861426848177952
2021-03-28,-1,-0.968256329389902,184038.4698534822,0.8781,-1879524.4705905025,0.08853,200000,327998.4817597199,127998.4817597199,1.6399924087985995
2021-03-29,-1,-0.7101811438965133,184038.4698534822,0.937,-1879524.4705905025,0.08696,200000,335887.49421526294,135887.49421526294,1.6794374710763147
2021-03-30,-1,-0.6246059738441714,184038.4698534822,1.0083,-1879524.4705905025,0.09202,200000,358519.8309370042,158519.83093700418,1.7925991546850208
2021-03-31,0,-0.07720483885884816,0.0,1.0245,0.0,0.08345,200000,222824.10851325077,22824.108513250772,1.114120542566254
2021-04-01,0,0.006862832252359086,0.0,0.969,0.0,0.0794,200000,222824.10851325077,22824.108513250772,1.114120542566254
2021-04-02,0,0.7963860863964582,0.0,1.0801,0.0,0.07996,200000,222824.10851325077,22824.108513250772,1.114120542566254
2021-04-03,2,1.4294385552689948,0.0,1.1088,0.0,0.0752,200000,222824.10851325077,22824.108513250772,1.114120542566254
2021-04-04,2,1.7612952496836662,0.0,1.214,0.0,0.07657,200000,222824.10851325077,22824.108513250772,1.114120542566254
2021-04-05,2,1.5159164152804043,0.0,1.1686,0.0,0.07465,200000,222824.10851325077,22824.108513250772,1.114120542566254
2021-04-06,2,1.5952270923764007,0.0,1.0994,0.0,0.0689,200000,222824.10851325077,22824.108513250772,1.114120542566254
2021-04-07,2,1.3913587432086933,0.0,0.9606,0.0,0.06177,200000,222824.10851325077,22824.108513250772,1.114120542566254
2021-04-08,1,1.1600007755427053,-102921.06628787564,1.0825,1549326.300328541,0.07191,200000,222824.10851325077,22824.108513250772,1.114120542566254
2021-04-09,2,1.9144827817185053,0.0,1.1855,0.0,0.0676,200000,240102.574695318,40102.574695318006,1.20051287347659
2021-04-10,2,2.0260989763502053,0.0,1.2324,0.0,0.06543,200000,240102.574695318,40102.574695318006,1.20051287347659
2021-04-11,2,1.8247537093496833,0.0,1.2135,0.0,0.0635,200000,240102.574695318,40102.574695318006,1.20051287347659
2021-04-12,2,1.5328967787945182,0.0,1.1638,0.0,0.06171,200000,240102.574695318,40102.574695318006,1.20051287347659
2021-04-13,2,1.399344468502186,0.0,1.1615,0.0,0.06128,200000,240102.574695318,40102.574695318006,1.20051287347659
2021-04-14,0,0.34307165308209814,0.0,1.1461,0.0,0.07307,200000,240102.574695318,40102.574695318006,1.20051287347659
2021-04-15,0,0.6713316150300711,0.0,1.2549,0.0,0.07392,200000,240102.574695318,40102.574695318006,1.20051287347659
2021-04-16,2,1.4687009281531394,0.0,1.3563,0.0,0.06835,200000,240102.574695318,40102.574695318006,1.20051287347659
2021-04-17,0,0.9955156114360357,0.0,1.3005,0.0,0.06977,200000,240102.574695318,40102.574695318006,1.20051287347659
2021-04-18,2,1.7984754113247923,0.0,1.2961,0.0,0.06052,200000,240102.574695318,40102.574695318006,1.20051287347659
2021-04-19,2,1.5696613577485203,0.0,1.131,0.0,0.05361,200000,240102.574695318,40102.574695318006,1.20051287347659
2021-04-20,1,1.012704946222956,-108929.57748630704,1.1021,2159195.815605378,0.0556,200000,240102.574695318,40102.574695318006,1.20051287347659
2021-04-21,1,1.135045255162952,-108929.57748630704,1.0513,2159195.815605378,0.05181,200000,226385.6000178692,26385.600017869205,1.1319280000893461
2021-04-22,0,-0.5716454810418841,0.0,0.8442,0.0,0.0508,200000,222373.77657650522,22373.776576505217,1.111868882882526
2021-04-23,0,-0.7276652852528227,0.0,0.7958,0.0,0.04839,200000,222373.77657650522,22373.776576505217,1.111868882882526
2021-04-24,0,-0.3922860117902113,0.0,0.7353,0.0,0.04273,200000,222373.77657650522,22373.776576505217,1.111868882882526
2021-04-25,0,-0.3730844408005199,0.0,0.7533,0.0,0.0434,200000,222373.77657650522,22373.776576505217,1.111868882882526
2021-04-26,-2,-1.5887061974218282,0.0,0.8849,0.0,0.05946,200000,222373.77657650522,22373.776576505217,1.111868882882526
2021-04-27,-2,-1.8149060526877214,0.0,0.9627,0.0,0.06797,200000,222373.77657650522,22373.776576505217,1.111868882882526
2021-04-28,-2,-1.5002840901241241,0.0,0.9299,0.0,0.06295,200000,222373.77657650522,22373.776576505217,1.111868882882526
2021-04-29,-1,-1.1338227880605647,119465.87330853402,0.9307,-1833254.5472094412,0.06065,200000,222373.77657650522,22373.776576505217,1.111868882882526
2021-04-30,-1,-1.0541833858473348,119465.87330853402,1.0069,-1833254.5472094412,0.06589,200000,241083.329949993,41083.329949993,1.205416649749965
2021-05-01,-2,-1.4894830557088494,0.0,0.9994,0.0,0.07209,200000,235138.90310028492,35138.90310028492,1.1756945155014247
2021-05-02,-2,-1.204255968295725,0.0,1.003,0.0,0.07056,200000,235138.90310028492,35138.90310028492,1.1756945155014247
2021-05-03,0,-0.8632216527079765,0.0,1.0033,0.0,0.06767,200000,235138.90310028492,35138.90310028492,1.1756945155014247
2021-05-04,0,-0.8133273873313999,0.0,0.8662,0.0,0.05819,200000,235138.90310028492,35138.90310028492,1.1756945155014247
2021-05-05,0,-0.35451215000601594,0.0,0.9898,0.0,0.06199,200000,235138.90310028492,35138.90310028492,1.1756945155014247
2021-05-06,0,0.8748855235642639,0.0,1.0975,0.0,0.05798,200000,235138.90310028492,35138.90310028492,1.1756945155014247
2021-05-07,0,0.6186721911796518,0.0,1.0584,0.0,0.0579,200000,235138.90310028492,35138.90310028492,1.1756945155014247
2021-05-08,0,0.7581546400676835,0.0,1.0369,0.0,0.05669,200000,235138.90310028492,35138.90310028492,1.1756945155014247
2021-05-09,1,1.0598259511159234,-113725.52868073365,1.0338,2116461.7740799724,0.05555,200000,235138.90310028492,35138.90310028492,1.1756945155014247
2021-05-10,2,1.3114377771855434,0.0,0.8988,0.0,0.04735,200000,237140.94327584168,37140.94327584168,1.1857047163792085
2021-05-11,2,1.5146662462147438,0.0,0.9724,0.0,0.05076,200000,237140.94327584168,37140.94327584168,1.1857047163792085
2021-05-12,2,1.348076357115293,0.0,0.7956,0.0,0.04163,200000,237140.94327584168,37140.94327584168,1.1857047163792085
2021-05-13,2,1.201579593604771,0.0,0.8062,0.0,0.0423,200000,237140.94327584168,37140.94327584168,1.1857047163792085
2021-05-14,0,0.2773763233749503,0.0,0.8414,0.0,0.04888,200000,237140.94327584168,37140.94327584168,1.1857047163792085
2021-05-15,-2,-1.316653318545192,0.0,0.7817,0.0,0.05697,200000,237140.94327584168,37140.94327584168,1.1857047163792085
2021-05-16,0,-0.7941873704184064,0.0,0.7794,0.0,0.05263,200000,237140.94327584168,37140.94327584168,1.1857047163792085
2021-05-17,0,-0.8527100906887685,0.0,0.6959,0.0,0.04721,200000,237140.94327584168,37140.94327584168,1.1857047163792085
2021-05-18,-2,-2.312106592197487,0.0,0.7277,0.0,0.06791,200000,237140.94327584168,37140.94327584168,1.1857047163792085
2021-05-19,-2,-2.0922506857604786,0.0,0.5153,0.0,0.0502,200000,237140.94327584168,37140.94327584168,1.1857047163792085
2021-05-20,2,3.9887528868544138,0.0,2.4318,0.0,0.04892,200000,237140.94327584168,37140.94327584168,1.1857047163792085
2021-05-21,2,1.8699447548684665,0.0,1.3506,0.0,0.03814,200000,237140.94327584168,37140.94327584168,1.1857047163792085
2021-05-22,0,0.7019913606220592,0.0,0.8925,0.0,0.03476,200000,237140.94327584168,37140.94327584168,1.1857047163792085
2021-05-23,0,0.9053917077454788,0.0,0.7534,0.0,0.02663,200000,237140.94327584168,37140.94327584168,1.1857047163792085
2021-05-24,0,0.4930763025643998,0.0,0.9185,0.0,0.03666,200000,237140.94327584168,37140.94327584168,1.1857047163792085
2021-05-25,0,0.8136933678326624,0.0,1.0436,0.0,0.0364,200000,237140.94327584168,37140.94327584168,1.1857047163792085
2021-05-26,0,0.3198463636108609,0.0,1.1722,0.0,0.04797,200000,237140.94327584168,37140.94327584168,1.1857047163792085
2021-05-27,0,-0.22073763632040197,0.0,1.065,0.0,0.05445,200000,237140.94327584168,37140.94327584168,1.1857047163792085
2021-05-28,0,0.34177929934075457,0.0,1.1689,0.0,0.0467,200000,237140.94327584168,37140.94327584168,1.1857047163792085
2021-05-29,0,0.20433695112289288,0.0,1.0449,0.0,0.04346,200000,237140.94327584168,37140.94327584168,1.1857047163792085
2021-05-30,0,0.09998947198507786,0.0,1.0348,0.0,0.0444,200000,237140.94327584168,37140.94327584168,1.1857047163792085
2021-05-31,0,0.04030359039096547,0.0,1.0609,0.0,0.04622,200000,237140.94327584168,37140.94327584168,1.1857047163792085
2021-06-01,0,0.03774869406852958,0.0,1.0147,0.0,0.04387,200000,237140.94327584168,37140.94327584168,1.1857047163792085
2021-06-02,0,0.10864442453234434,0.0,1.0517,0.0,0.0438,200000,237140.94327584168,37140.94327584168,1.1857047163792085
2021-06-03,0,-0.07222065308713568,0.0,1.0986,0.0,0.04846,200000,237140.94327584168,37140.94327584168,1.1857047163792085
2021-06-04,0,-0.047987929833437505,0.0,1.0087,0.0,0.04314,200000,237140.94327584168,37140.94327584168,1.1857047163792085
2021-06-05,0,-0.11102459603075152,0.0,0.9579,0.0,0.04112,200000,237140.94327584168,37140.94327584168,1.1857047163792085
2021-06-06,0,0.06050458839530388,0.0,1.0378,0.0,0.04114,200000,237140.94327584168,37140.94327584168,1.1857047163792085
2021-06-07,0,-0.03532552817099921,0.0,0.935,0.0,0.03709,200000,237140.94327584168,37140.94327584168,1.1857047163792085
2021-06-08,0,-0.08585376404288983,0.0,0.9221,0.0,0.03589,200000,237140.94327584168,37140.94327584168,1.1857047163792085
2021-06-09,0,-0.0069073572444915705,0.0,0.9842,0.0,0.0394,200000,237140.94327584168,37140.94327584168,1.1857047163792085
2021-06-10,0,0.9500592632224311,0.0,0.9379,0.0,0.03544,200000,237140.94327584168,37140.94327584168,1.1857047163792085
2021-06-11,0,0.2700718807270073,0.0,0.8579,0.0,0.03423,200000,237140.94327584168,37140.94327584168,1.1857047163792085
2021-06-12,0,-0.17756372403909526,0.0,0.784,0.0,0.03268,200000,237140.94327584168,37140.94327584168,1.1857047163792085
2021-06-13,0,0.26511170485980856,0.0,0.8681,0.0,0.03505,200000,237140.94327584168,37140.94327584168,1.1857047163792085
2021-06-14,0,-0.15684671101201086,0.0,0.8912,0.0,0.03741,200000,237140.94327584168,37140.94327584168,1.1857047163792085
2021-06-15,0,-0.6356749478623217,0.0,0.8658,0.0,0.03757,200000,237140.94327584168,37140.94327584168,1.1857047163792085
2021-06-16,-2,-2.364181591476746,0.0,0.8172,0.0,0.03875,200000,237140.94327584168,37140.94327584168,1.1857047163792085
2021-06-17,-2,-1.400573060882781,0.0,0.8242,0.0,0.03733,200000,237140.94327584168,37140.94327584168,1.1857047163792085
2021-06-18,-2,-1.468324059536444,0.0,0.7619,0.0,0.03503,200000,237140.94327584168,37140.94327584168,1.1857047163792085
2021-06-19,-2,-1.685031104251226,0.0,0.7464,0.0,0.03531,200000,237140.94327584168,37140.94327584168,1.1857047163792085
2021-06-20,-2,-1.8821339108902204,0.0,0.7205,0.0,0.03531,200000,237140.94327584168,37140.94327584168,1.1857047163792085
2021-06-21,-2,-2.3098546482296496,0.0,0.5021,0.0,0.0268,200000,237140.94327584168,37140.94327584168,1.1857047163792085
2021-06-22,-2,-1.8771472015144683,0.0,0.4694,0.0,0.0248,200000,237140.94327584168,37140.94327584168,1.1857047163792085
2021-06-23,-2,-2.0734893410078983,0.0,0.5098,0.0,0.02901,200000,237140.94327584168,37140.94327584168,1.1857047163792085
2021-06-24,-1,-1.0025104606551607,206317.15962749408,0.5747,-4137141.3690830716,0.02866,200000,237140.94327584168,37140.94327584168,1.1857047163792085
2021-06-25,-1,-0.9187248650257708,206317.15962749408,0.514,-4137141.3690830716,0.02563,200000,212081.95333813108,12081.953338131076,1.0604097666906553
2021-06-26,0,-0.06553463742430225,0.0,0.5552,0.0,0.02503,200000,226146.3047188063,26146.304718806292,1.1307315235940314
2021-06-27,0,-0.3412969160590614,0.0,0.5636,0.0,0.02646,200000,226146.3047188063,26146.304718806292,1.1307315235940314
2021-06-28,0,0.1781344219174705,0.0,0.5991,0.0,0.02673,200000,226146.3047188063,26146.304718806292,1.1307315235940314
2021-06-29,0,0.2903769009200696,0.0,0.6821,0.0,0.03028,200000,226146.3047188063,26146.304718806292,1.1307315235940314
2021-06-30,2,2.492603081428218,0.0,0.8245,0.0,0.02937,200000,226146.3047188063,26146.304718806292,1.1307315235940314
2021-07-01,2,2.0095666027642647,0.0,0.735,0.0,0.02681,200000,226146.3047188063,26146.304718806292,1.1307315235940314
2021-07-02,2,1.6227614370309718,0.0,0.7143,0.0,0.02664,200000,226146.3047188063,26146.304718806292,1.1307315235940314
2021-07-03,2,1.3763257878108761,0.0,0.7438,0.0,0.02826,200000,226146.3047188063,26146.304718806292,1.1307315235940314
2021-07-04,2,1.2160447118981734,0.0,0.7595,0.0,0.02911,200000,226146.3047188063,26146.304718806292,1.1307315235940314
2021-07-05,2,2.0088253101600744,0.0,0.8009,0.0,0.02702,200000,226146.3047188063,26146.304718806292,1.1307315235940314
2021-07-06,1,1.1902403415980007,-141766.74067126773,0.7976,3867070.874124595,0.02924,200000,226146.3047188063,26146.304718806292,1.1307315235940314
2021-07-07,1,0.8047072686653934,-141766.74067126773,0.8286,3867070.874124595,0.03168,200000,239976.7266124796,39976.7266124796,1.199883633062398
2021-07-08,1,0.4960383874575843,-141766.74067126773,0.7214,3867070.874124595,0.02861,200000,212907.42442895722,12907.424428957223,1.0645371221447861
2021-07-09,1,0.6423297998273028,-141766.74067126773,0.7407,3867070.874124595,0.0285,200000,215218.14472775895,15218.144727758947,1.0760907236387947
2021-07-10,1,0.6865040653340012,-141766.74067126773,0.7434,3867070.874124595,0.02813,200000,214170.0987041453,14170.09870414529,1.0708504935207264
2021-07-11,1,0.22615702245751,-141766.74067126773,0.7617,3867070.874124595,0.03042,200000,225620.0223601748,25620.0223601748,1.128100111800874
2021-07-12,1,0.5725399820197391,-141766.74067126773,0.7601,3867070.874124595,0.02872,200000,218819.17508908897,18819.175089088967,1.0940958754454448
2021-07-13,2,1.6257178390736675,0.0,0.8291,0.0,0.02762,200000,236876.61186603308,36876.61186603308,1.1843830593301654
2021-07-14,0,0.9696832559638577,0.0,0.767,0.0,0.02708,200000,236876.61186603308,36876.61186603308,1.1843830593301654
2021-07-15,2,1.2084753839389555,0.0,0.726,0.0,0.02492,200000,236876.61186603308,36876.61186603308,1.1843830593301654
2021-07-16,2,2.3280667577980845,0.0,0.753,0.0,0.02277,200000,236876.61186603308,36876.61186603308,1.1843830593301654
2021-07-17,2,1.30594668296742,0.0,0.7084,0.0,0.02324,200000,236876.61186603308,36876.61186603308,1.1843830593301654
2021-07-18,0,-0.17104932397403033,0.0,0.7055,0.0,0.02615,200000,236876.61186603308,36876.61186603308,1.1843830593301654
2021-07-19,0,0.9072952764382415,0.0,0.6591,0.0,0.02228,200000,236876.61186603308,36876.61186603308,1.1843830593301654
2021-07-20,0,0.5649698627995731,0.0,0.6001,0.0,0.02074,200000,236876.61186603308,36876.61186603308,1.1843830593301654
2021-07-21,0,0.20948335003670435,0.0,0.6524,0.0,0.0231,200000,236876.61186603308,36876.61186603308,1.1843830593301654
2021-07-22,0,-0.5438533262109775,0.0,0.6707,0.0,0.02514,200000,236876.61186603308,36876.61186603308,1.1843830593301654
2021-07-23,0,-0.504367737012334,0.0,0.6797,0.0,0.02537,200000,236876.61186603308,36876.61186603308,1.1843830593301654
2021-07-24,0,-0.4085510345649949,0.0,0.7003,0.0,0.02589,200000,236876.61186603308,36876.61186603308,1.1843830593301654
2021-07-25,-1,-1.1421385655062595,167403.96598306225,0.7075,-4237506.4734531855,0.02795,200000,236876.61186603305,36876.611866033054,1.1843830593301652
2021-07-26,0,0.03203661525445869,0.0,0.7453,0.0,0.02686,200000,225929.85989580938,25929.85989580938,1.1296492994790468
2021-07-27,0,-0.38305553558408023,0.0,0.7566,0.0,0.02808,200000,225929.85989580938,25929.85989580938,1.1296492994790468
2021-07-28,0,-0.2954986951067437,0.0,0.7575,0.0,0.0278,200000,225929.85989580938,25929.85989580938,1.1296492994790468
2021-07-29,0,-0.7222124033256937,0.0,0.7966,0.0,0.03011,200000,225929.85989580938,25929.85989580938,1.1296492994790468
2021-07-30,0,-0.22578639903945996,0.0,0.8208,0.0,0.02988,200000,225929.85989580938,25929.85989580938,1.1296492994790468
2021-07-31,-2,-1.532735091919792,0.0,0.8193,0.0,0.0328,200000,225929.85989580938,25929.85989580938,1.1296492994790468
2021-08-01,-2,-1.3052907287488447,0.0,0.7825,0.0,0.03097,200000,225929.85989580938,25929.85989580938,1.1296492994790468
2021-08-02,-2,-1.2879829997539738,0.0,0.7883,0.0,0.03151,200000,225929.85989580938,25929.85989580938,1.1296492994790468
2021-08-03,0,-0.7962522598313503,0.0,0.7709,0.0,0.02982,200000,225929.85989580938,25929.85989580938,1.1296492994790468
2021-08-04,0,-0.8132799757984824,0.0,0.7965,0.0,0.03106,200000,225929.85989580938,25929.85989580938,1.1296492994790468
2021-08-05,-2,-2.0041600145902985,0.0,0.8006,0.0,0.0342,200000,225929.85989580938,25929.85989580938,1.1296492994790468
2021-08-06,-2,-1.6639728017462387,0.0,0.8346,0.0,0.03501,200000,225929.85989580938,25929.85989580938,1.1296492994790468
2021-08-07,-2,-1.9513440644193063,0.0,0.8649,0.0,0.03794,200000,225929.85989580938,25929.85989580938,1.1296492994790468
2021-08-08,-2,-1.386872705459206,0.0,0.85,0.0,0.03598,200000,225929.85989580938,25929.85989580938,1.1296492994790468
2021-08-09,-2,-2.3687192075163357,0.0,0.8785,0.0,0.04145,200000,225929.85989580938,25929.85989580938,1.1296492994790468
2021-08-10,-2,-2.1683361222567483,0.0,0.8747,0.0,0.04202,200000,225929.85989580938,25929.85989580938,1.1296492994790468
2021-08-11,-2,-2.115511469941186,0.0,0.9151,0.0,0.04574,200000,225929.85989580938,25929.85989580938,1.1296492994790468
2021-08-12,-2,-1.8189523673861465,0.0,0.8683,0.0,0.04343,200000,225929.85989580938,25929.85989580938,1.1296492994790468
2021-08-13,-2,-1.5780864758736348,0.0,0.9299,0.0,0.04635,200000,225929.85989580938,25929.85989580938,1.1296492994790468
2021-08-14,-2,-1.9083626093749315,0.0,0.9328,0.0,0.05102,200000,225929.85989580938,25929.85989580938,1.1296492994790468
2021-08-15,-2,-1.469875898715567,0.0,0.9354,0.0,0.04903,200000,225929.85989580938,25929.85989580938,1.1296492994790468
2021-08-16,-1,-1.0598658991361727,123539.94963681615,0.9144,-2466483.1866354737,0.0458,200000,225929.85989580938,25929.85989580938,1.1296492994790468
2021-08-17,-1,-0.7288341631031352,123539.94963681615,0.8641,-2466483.1866354737,0.04175,200000,209726.54352320387,9726.543523203873,1.0486327176160193
2021-08-18,-1,-0.7716357836766777,123539.94963681615,0.8471,-2466483.1866354737,0.04163,200000,207330.38639698172,7330.386396981718,1.0366519319849086
2021-08-19,-1,-0.9971970027779792,123539.94963681615,0.8775,-2466483.1866354737,0.04487,200000,219077.40639063987,19077.406390639866,1.0953870319531993
2021-08-20,-1,-0.83881277157752,123539.94963681615,0.9117,-2466483.1866354737,0.04621,200000,226607.56013831054,26607.56013831054,1.1330378006915527
2021-08-21,-1,-0.6708980709031734,123539.94963681615,0.9182,-2466483.1866354737,0.04603,200000,226966.60283735546,26966.602837355458,1.1348330141867773
2021-08-22,-2,-1.4633433202578858,0.0,0.9149,0.0,0.05145,200000,239803.71992548136,39803.71992548136,1.1990185996274068
2021-08-23,0,-0.6052182127587563,0.0,0.9678,0.0,0.04939,200000,239803.71992548136,39803.71992548136,1.1990185996274068
2021-08-24,2,3.3370842765937523,0.0,1.3197,0.0,0.04391,200000,239803.71992548136,39803.71992548136,1.1990185996274068
2021-08-25,2,1.5194270509099497,0.0,1.1726,0.0,0.04609,200000,239803.71992548136,39803.71992548136,1.1990185996274068
2021-08-26,2,1.6013374491780223,0.0,1.0959,0.0,0.04212,200000,239803.71992548136,39803.71992548136,1.1990185996274068
2021-08-27,2,1.249486864027812,0.0,1.1515,0.0,0.04563,200000,239803.71992548136,39803.71992548136,1.1990185996274068
2021-08-28,2,1.3710448584209542,0.0,1.1745,0.0,0.04535,200000,239803.71992548136,39803.71992548136,1.1990185996274068
2021-08-29,2,1.2348862068171251,0.0,1.1415,0.0,0.04412,200000,239803.71992548136,39803.71992548136,1.1990185996274068
2021-08-30,0,0.6022550922887876,0.0,1.0925,0.0,0.04568,200000,239803.71992548136,39803.71992548136,1.1990185996274068
2021-08-31,0,0.4188602624439128,0.0,1.129,0.0,0.04812,200000,239803.71992548136,39803.71992548136,1.1990185996274068
2021-09-01,0,-0.6474245282372718,0.0,1.1576,0.0,0.05832,200000,239803.71992548136,39803.71992548136,1.1990185996274068
2021-09-02,0,-0.12257252249841681,0.0,1.1622,0.0,0.05353,200000,239803.71992548136,39803.71992548136,1.1990185996274068
2021-09-03,0,0.07246094540768802,0.0,1.2082,0.0,0.05353,200000,239803.71992548136,39803.71992548136,1.1990185996274068
2021-09-04,0,0.5898053966935963,0.0,1.3275,0.0,0.05424,200000,239803.71992548136,39803.71992548136,1.1990185996274068
2021-09-05,0,0.28988421100520056,0.0,1.3703,0.0,0.05783,200000,239803.71992548136,39803.71992548136,1.1990185996274068
2021-09-06,0,0.15260158561592463,0.0,1.3423,0.0,0.05737,200000,239803.71992548136,39803.71992548136,1.1990185996274068
2021-09-07,0,0.6151357073880376,0.0,1.1209,0.0,0.04477,200000,239803.71992548136,39803.71992548136,1.1990185996274068
2021-09-08,-2,-1.269955991895759,0.0,1.1326,0.0,0.05883,200000,239803.71992548136,39803.71992548136,1.1990185996274068
2021-09-09,-2,-1.5329791841899354,0.0,1.1803,0.0,0.06483,200000,239803.71992548136,39803.71992548136,1.1990185996274068
2021-09-10,-1,-1.074411975585984,108126.84639078427,1.1089,-2122156.813499835,0.0565,200000,239803.71992548136,39803.71992548136,1.1990185996274068
2021-09-11,-2,-1.7333568762781877,0.0,1.1309,0.0,0.06478,200000,254996.38772066275,54996.38772066275,1.2749819386033137
2021-09-12,-2,-2.4799299879839483,0.0,1.1385,0.0,0.08624,200000,254996.38772066275,54996.38772066275,1.2749819386033137
2021-09-13,-2,-2.0998983269837113,0.0,1.0848,0.0,0.07966,200000,254996.38772066275,54996.38772066275,1.2749819386033137
2021-09-14,-2,-2.162373039235651,0.0,1.1241,0.0,0.09757,200000,254996.38772066275,54996.38772066275,1.2749819386033137
2021-09-15,-2,-1.7058759594038706,0.0,1.1647,0.0,0.0935,200000,254996.38772066275,54996.38772066275,1.2749819386033137
2021-09-16,-2,-1.7532957011594184,0.0,1.14,0.0,0.104,200000,254996.38772066275,54996.38772066275,1.2749819386033137
2021-09-17,-2,-1.7085947049503314,0.0,1.1934,0.0,0.11953,200000,254996.38772066275,54996.38772066275,1.2749819386033137
2021-09-18,-2,-1.3957128681799278,0.0,1.2201,0.0,0.11271,200000,254996.38772066275,54996.38772066275,1.2749819386033137
2021-09-19,-1,-1.14921975301929,108861.16279058348,1.1712,-1249859.7574780057,0.10201,200000,254996.38772066275,54996.38772066275,1.2749819386033137
2021-09-20,-1,-1.0492372848204032,108861.16279058348,1.0144,-1249859.7574780057,0.08876,200000,221366.31560851567,21366.315608515666,1.1068315780425784
2021-09-21,-1,-0.8804026636165293,108861.16279058348,0.9876,-1249859.7574780057,0.08324,200000,211549.61058444943,11549.61058444943,1.0577480529222472
2021-09-22,-1,-1.1083562856451643,108861.16279058348,1.093,-1249859.7574780057,0.10953,200000,255882.3901666737,55882.39016667369,1.2794119508333686
2021-09-23,-2,-1.3139780326371615,0.0,1.1219,0.0,0.13922,200000,306870.52462199505,106870.52462199505,1.5343526231099753
2021-09-24,-2,-1.4624883359903775,0.0,1.1589,0.0,0.17854,200000,306870.52462199505,106870.52462199505,1.5343526231099753
2021-09-25,-2,-1.2768331068884204,0.0,1.125,0.0,0.16216,200000,306870.52462199505,106870.52462199505,1.5343526231099753
2021-09-26,-2,-1.2688863170689293,0.0,1.0964,0.0,0.16772,200000,306870.52462199505,106870.52462199505,1.5343526231099753
2021-09-27,-2,-1.2120170698113,0.0,1.0672,0.0,0.15589,200000,306870.52462199505,106870.52462199505,1.5343526231099753
2021-09-28,-2,-1.2318139011511184,0.0,0.9897,0.0,0.1548,200000,306870.52462199505,106870.52462199505,1.5343526231099753
2021-09-29,0,-0.9885717698175193,0.0,1.0326,0.0,0.14652,200000,306870.52462199505,106870.52462199505,1.5343526231099753
2021-09-30,0,-0.6264164214575261,0.0,1.1335,0.0,0.13829,200000,306870.52462199505,106870.52462199505,1.5343526231099753
2021-10-01,0,-0.4506359015980497,0.0,1.2327,0.0,0.14468,200000,306870.52462199505,106870.52462199505,1.5343526231099753
2021-10-02,0,-0.3456444114265107,0.0,1.2345,0.0,0.14363,200000,306870.52462199505,106870.52462199505,1.5343526231099753
2021-10-03,0,-0.05726953395945772,0.0,1.2995,0.0,0.14375,200000,306870.52462199505,106870.52462199505,1.5343526231099753
2021-10-04,0,-0.1485461393107282,0.0,1.2444,0.0,0.14266,200000,306870.52462199505,106870.52462199505,1.5343526231099753
2021-10-05,0,0.350215205971859,0.0,1.326,0.0,0.13944,200000,306870.52462199505,106870.52462199505,1.5343526231099753
2021-10-06,0,0.907142437401884,0.0,1.371,0.0,0.13086,200000,306870.52462199505,106870.52462199505,1.5343526231099753
2021-10-07,1,1.0462178617030176,-106552.26549374829,1.44,1151397.7360873295,0.13326,200000,306870.52462199505,106870.52462199505,1.5343526231099753
2021-10-08,0,-0.466822077514837,0.0,1.3861,0.0,0.17528,200000,252745.62464149247,52745.62464149247,1.2637281232074624
2021-10-09,0,-0.285654137291372,0.0,1.2868,0.0,0.15895,200000,252745.62464149247,52745.62464149247,1.2637281232074624
2021-10-10,0,-0.0026550646592401047,0.0,1.283,0.0,0.15241,200000,252745.62464149247,52745.62464149247,1.2637281232074624
2021-10-11,0,0.1770401467807349,0.0,1.2423,0.0,0.14645,200000,252745.62464149247,52745.62464149247,1.2637281232074624
2021-10-12,0,-0.0326155763149226,0.0,1.1864,0.0,0.14611,200000,252745.62464149247,52745.62464149247,1.2637281232074624
2021-10-13,0,0.5013505208128157,0.0,1.2515,0.0,0.14189,200000,252745.62464149247,52745.62464149247,1.2637281232074624
2021-10-14,0,0.4887448625162536,0.0,1.2699,0.0,0.14275,200000,252745.62464149247,52745.62464149247,1.2637281232074624
2021-10-15,0,-0.1457616282516157,0.0,1.1565,0.0,0.14075,200000,252745.62464149247,52745.62464149247,1.2637281232074624
2021-10-16,0,-0.07075007524783661,0.0,1.1666,0.0,0.13886,200000,252745.62464149247,52745.62464149247,1.2637281232074624
2021-10-17,0,-0.02056290475052842,0.0,1.1449,0.0,0.13406,200000,252745.62464149247,52745.62464149247,1.2637281232074624
2021-10-18,0,0.29678426639765754,0.0,1.1738,0.0,0.13136,200000,252745.62464149247,52745.62464149247,1.2637281232074624
2021-10-19,0,-0.3014758406596153,0.0,1.1676,0.0,0.13676,200000,252745.62464149247,52745.62464149247,1.2637281232074624
2021-10-20,0,-0.28845545190495553,0.0,1.1921,0.0,0.13912,200000,252745.62464149247,52745.62464149247,1.2637281232074624
2021-10-21,0,-0.10738085009044256,0.0,1.1731,0.0,0.13466,200000,252745.62464149247,52745.62464149247,1.2637281232074624
2021-10-22,0,-0.19306667339681366,0.0,1.2155,0.0,0.14049,200000,252745.62464149247,52745.62464149247,1.2637281232074624
2021-10-23,0,0.6288623945081976,0.0,1.2654,0.0,0.13654,200000,252745.62464149247,52745.62464149247,1.2637281232074624
2021-10-24,0,-0.15938523791078307,0.0,1.2159,0.0,0.14,200000,252745.62464149247,52745.62464149247,1.2637281232074624
2021-10-25,0,-0.38211039120765594,0.0,1.2257,0.0,0.14462,200000,252745.62464149247,52745.62464149247,1.2637281232074624
2021-10-26,0,-0.7805003419108251,0.0,1.1943,0.0,0.14632,200000,252745.62464149247,52745.62464149247,1.2637281232074624
2021-10-27,0,0.640955563341878,0.0,1.0723,0.0,0.12265,200000,252745.62464149247,52745.62464149247,1.2637281232074624
2021-10-28,2,1.752222639027719,0.0,1.1452,0.0,0.12501,200000,252745.62464149247,52745.62464149247,1.2637281232074624
2021-10-29,2,2.057682153629404,0.0,1.178,0.0,0.12577,200000,252745.62464149247,52745.62464149247,1.2637281232074624
2021-10-30,2,2.974765171164693,0.0,1.2204,0.0,0.12012,200000,252745.62464149247,52745.62464149247,1.2637281232074624
2021-10-31,2,2.7390050819006975,0.0,1.2843,0.0,0.12188,200000,252745.62464149247,52745.62464149247,1.2637281232074624
2021-11-01,2,1.9774672338763095,0.0,1.2381,0.0,0.12044,200000,252745.62464149247,52745.62464149247,1.2637281232074624
2021-11-02,2,1.7028163544823867,0.0,1.2641,0.0,0.12307,200000,252745.62464149247,52745.62464149247,1.2637281232074624
2021-11-03,2,1.711457078484524,0.0,1.2587,0.0,0.12021,200000,252745.62464149247,52745.62464149247,1.2637281232074624
2021-11-04,2,2.2152719375491308,0.0,1.2898,0.0,0.1146,200000,252745.62464149247,52745.62464149247,1.2637281232074624
2021-11-05,2,1.2672222882933566,0.0,1.243,0.0,0.11803,200000,252745.62464149247,52745.62464149247,1.2637281232074624
2021-11-06,2,1.4848840247700275,0.0,1.2254,0.0,0.11233,200000,252745.62464149247,52745.62464149247,1.2637281232074624
2021-11-07,2,1.2845626808571762,0.0,1.2314,0.0,0.11337,200000,252745.62464149247,52745.62464149247,1.2637281232074624
2021-11-08,2,1.267014182554103,0.0,1.2398,0.0,0.11285,200000,252745.62464149247,52745.62464149247,1.2637281232074624
2021-11-09,1,1.1890171159542013,-98651.68799433742,1.281,1088763.7832406843,0.11607,200000,252745.62464149247,52745.62464149247,1.2637281232074624
2021-11-10,0,-1.0922274988586163,0.0,1.1743,0.0,0.13475,200000,221881.38206156064,21881.38206156064,1.1094069103078033
2021-11-11,0,-0.6576773284774796,0.0,1.1815,0.0,0.1284,200000,221881.38206156064,21881.38206156064,1.1094069103078033
2021-11-12,0,-0.06325989633216948,0.0,1.1624,0.0,0.11838,200000,221881.38206156064,21881.38206156064,1.1094069103078033
2021-11-13,0,0.13062675406647314,0.0,1.189,0.0,0.11803,200000,221881.38206156064,21881.38206156064,1.1094069103078033
2021-11-14,0,-0.2302574413675737,0.0,1.1851,0.0,0.12073,200000,221881.38206156064,21881.38206156064,1.1094069103078033
2021-11-15,0,-0.02508126278469877,0.0,1.1954,0.0,0.11841,200000,221881.38206156064,21881.38206156064,1.1094069103078033
2021-11-16,1,1.0753253718717546,-96815.33382562207,1.1459,1064077.2207057388,0.10426,200000,221881.38206156067,21881.382061560667,1.1094069103078033
2021-11-17,1,0.2164863506869423,-96815.33382562207,1.2172,1064077.2207057388,0.11665,200000,241968.2321278716,41968.2321278716,1.209841160639358
2021-11-18,1,0.32879368606471354,-96815.33382562207,1.1267,1064077.2207057388,0.10672,200000,222640.15761504482,22640.157615044824,1.1132007880752242
2021-11-19,1,0.28022403464425394,-96815.33382562207,1.1586,1064077.2207057388,0.10986,200000,229069.7692370982,29069.769237098197,1.145348846185491
2021-11-20,0,-0.4363849575724821,0.0,1.1945,0.0,0.11862,200000,211306.4583961515,11306.458396151487,1.0565322919807574
2021-11-21,-2,-2.6090986233520885,0.0,1.1865,0.0,0.14561,200000,211306.4583961515,11306.458396151487,1.0565322919807574
2021-11-22,-2,-1.570843678367025,0.0,1.1367,0.0,0.129,200000,211306.4583961515,11306.458396151487,1.0565322919807574
2021-11-23,-2,-1.6171391043416357,0.0,1.1502,0.0,0.13424,200000,211306.4583961515,11306.458396151487,1.0565322919807574
2021-11-24,-1,-1.0416510180098542,94790.26484664969,1.1146,-853694.4828545229,0.12376,200000,211306.4583961515,11306.458396151487,1.0565322919807574
2021-11-25,-1,-0.8323886052418926,94790.26484664969,1.1458,-853694.4828545229,0.12563,200000,215860.3233423049,15860.32334230491,1.0793016167115246
2021-11-26,0,0.12306242340159884,0.0,1.0977,0.0,0.11032,200000,201434.76002249506,1434.7600224950584,1.0071738001124753
2021-11-27,0,0.28147290270815384,0.0,1.112,0.0,0.11074,200000,201434.76002249506,1434.7600224950584,1.0071738001124753
2021-11-28,0,0.3084471855210888,0.0,1.1145,0.0,0.11143,200000,201434.76002249506,1434.7600224950584,1.0071738001124753
2021-11-29,0,0.5933626012395591,0.0,1.1478,0.0,0.11297,200000,201434.76002249506,1434.7600224950584,1.0071738001124753
2021-11-30,0,0.4203103662952168,0.0,1.1253,0.0,0.11161,200000,201434.76002249506,1434.7600224950584,1.0071738001124753
2021-12-01,0,0.46433161838606446,0.0,1.1267,0.0,0.11091,200000,201434.76002249506,1434.7600224950584,1.0071738001124753
2021-12-02,0,0.7322180782265084,0.0,1.1161,0.0,0.10743,200000,201434.76002249506,1434.7600224950584,1.0071738001124753
2021-12-03,0,0.9425864756732591,0.0,1.0728,0.0,0.10135,200000,201434.76002249506,1434.7600224950584,1.0071738001124753
2021-12-04,1,1.1333615748240677,-111314.52255885005,0.9048,1203313.9786290028,0.0837,200000,201434.76002249506,1434.7600224950584,1.0071738001124753
2021-12-05,2,1.642123919024753,0.0,0.8387,0.0,0.07372,200000,206085.94358807252,6085.943588072521,1.0304297179403625
2021-12-06,2,2.356690744640234,0.0,0.8971,0.0,0.07261,200000,206085.94358807252,6085.943588072521,1.0304297179403625
2021-12-07,1,1.1039199070444874,-116052.45162071884,0.8879,1300554.9891964693,0.07923,200000,206085.94358807252,6085.943588072521,1.0304297179403625
2021-12-08,2,2.05319080965668,0.0,0.9639,0.0,0.07687,200000,217975.2396857508,17975.2396857508,1.089876198428754
2021-12-09,2,1.9415400333659996,0.0,0.862,0.0,0.06738,200000,217975.2396857508,17975.2396857508,1.089876198428754
2021-12-10,2,1.535891777893999,0.0,0.8171,0.0,0.06517,200000,217975.2396857508,17975.2396857508,1.089876198428754
2021-12-11,2,1.2159959329795345,0.0,0.8467,0.0,0.06919,200000,217975.2396857508,17975.2396857508,1.089876198428754
2021-12-12,0,0.9697969066431548,0.0,0.8443,0.0,0.07014,200000,217975.2396857508,17975.2396857508,1.089876198428754
2021-12-13,2,1.2169016097789083,0.0,0.7585,0.0,0.06081,200000,217975.2396857508,17975.2396857508,1.089876198428754
2021-12-14,0,0.8487197720639615,0.0,0.7605,0.0,0.06274,200000,217975.2396857508,17975.2396857508,1.089876198428754
2021-12-15,0,0.20849263519289477,0.0,0.7767,0.0,0.06763,200000,217975.2396857508,17975.2396857508,1.089876198428754
2021-12-16,-1,-1.1857728348157883,142374.42174118277,0.7655,-1429720.8427505626,0.07623,200000,217975.2396857508,17975.2396857508,1.089876198428754
2021-12-17,-1,-0.5776023143730055,142374.42174118277,0.7719,-1429720.8427505626,0.07197,200000,212795.825194777,12795.82519477699,1.0639791259738849
2021-12-18,0,-0.1544373504547316,0.0,0.7824,0.0,0.06974,200000,206290.22368887364,6290.223688873637,1.0314511184443682
2021-12-19,0,-0.8195492863591984,0.0,0.7723,0.0,0.07268,200000,206290.22368887364,6290.223688873637,1.0314511184443682
2021-12-20,0,-0.9386562406878519,0.0,0.7394,0.0,0.06997,200000,206290.22368887364,6290.223688873637,1.0314511184443682
2021-12-21,-1,-1.0056563029485637,135130.50156483272,0.7633,-1425837.8745429474,0.07234,200000,206290.22368887364,6290.223688873637,1.0314511184443682
2021-12-22,-1,-0.6591212062970184,135130.50156483272,0.7796,-1425837.8745429474,0.07154,200000,207352.18056474606,7352.180564746057,1.0367609028237303
2021-12-23,-1,-0.8948787439018386,135130.50156483272,0.8317,-1425837.8745429474,0.07767,200000,223132.8658672221,23132.865867222106,1.1156643293361106
2021-12-24,-1,-1.1719469861794112,135130.50156483272,0.8114,-1425837.8745429474,0.07778,200000,220546.55885165575,20546.558851655747,1.1027327942582787
2021-12-25,-2,-1.9796014503340957,0.0,0.8256,0.0,0.08772,200000,219800.97995185512,19800.979951855115,1.0990048997592756
2021-12-26,-2,-1.658486498471309,0.0,0.8283,0.0,0.08723,200000,219800.97995185512,19800.979951855115,1.0990048997592756
2021-12-27,-2,-1.5023910269093055,0.0,0.8271,0.0,0.08741,200000,219800.97995185512,19800.979951855115,1.0990048997592756
2021-12-28,-1,-1.0019204190868554,144472.840772877,0.7607,-1430809.6598870922,0.07681,200000,219800.9799518551,19800.979951855086,1.0990048997592754
2021-12-29,-1,-0.725981957789022,144472.840772877,0.7375,-1430809.6598870922,0.07287,200000,210811.81998596922,10811.819985969225,1.054059099929846
2021-12-30,-1,-0.6983163014583534,144472.840772877,0.7561,-1430809.6598870922,0.07506,200000,216632.48797949744,16632.48797949744,1.0831624398974873
2021-12-31,-1,-0.4531723777276576,144472.840772877,0.7476,-1430809.6598870922,0.07306,200000,212542.84951315384,12542.849513153837,1.0627142475657692
2022-01-01,-1,-0.7136150254672091,144472.840772877,0.7853,-1430809.6598870922,0.07902,200000,226517.10118321836,26517.101183218358,1.1325855059160919
2022-01-02,0,0.20002602178016432,0.0,0.8297,0.0,0.07853,200000,212293.34655353238,12293.346553532378,1.061466732767662
2022-01-03,1,1.0744314607951007,-125350.34633534032,0.8468,1377276.15514164,0.07707,200000,212293.34655353238,12293.346553532378,1.061466732767662
2022-01-04,0,-0.5930965338944518,0.0,0.8091,0.0,0.08097,200000,202196.26149163768,2196.261491637677,1.0109813074581884
2022-01-05,-2,-1.2044030484913109,0.0,0.7462,0.0,0.07744,200000,202196.26149163768,2196.261491637677,1.0109813074581884
2022-01-06,0,-0.7016202148670142,0.0,0.7404,0.0,0.07507,200000,202196.26149163768,2196.261491637677,1.0109813074581884
2022-01-07,2,1.8183063927923895,0.0,0.771,0.0,0.0689,200000,202196.26149163768,2196.261491637677,1.0109813074581884
2022-01-08,2,1.6465462191569005,0.0,0.7231,0.0,0.06464,200000,202196.26149163768,2196.261491637677,1.0109813074581884
2022-01-09,0,0.7982180786992336,0.0,0.728,0.0,0.0679,200000,202196.26149163768,2196.261491637677,1.0109813074581884
2022-01-10,0,0.9903736326368676,0.0,0.6897,0.0,0.06352,200000,202196.26149163768,2196.261491637677,1.0109813074581884
2022-01-11,0,0.3076466455772109,0.0,0.7047,0.0,0.06754,200000,202196.26149163768,2196.261491637677,1.0109813074581884
2022-01-12,0,-0.9136664821560277,0.0,0.7311,0.0,0.07543,200000,202196.26149163768,2196.261491637677,1.0109813074581884
2022-01-13,-2,-1.9339219174915026,0.0,0.7006,0.0,0.07864,200000,202196.26149163768,2196.261491637677,1.0109813074581884
2022-01-14,-2,-2.322041644642652,0.0,0.715,0.0,0.08521,200000,202196.26149163768,2196.261491637677,1.0109813074581884
2022-01-15,-2,-2.615200870921946,0.0,0.7446,0.0,0.09778,200000,202196.26149163768,2196.261491637677,1.0109813074581884
2022-01-16,-2,-1.4012984775318378,0.0,0.7957,0.0,0.0924,200000,202196.26149163768,2196.261491637677,1.0109813074581884
2022-01-17,-1,-1.1384416354859594,136214.13466157214,0.7422,-1193743.4259749537,0.08469,200000,202196.26149163768,2196.261491637677,1.0109813074581884
2022-01-18,-1,-0.9913099879614199,136214.13466157214,0.716,-1193743.4259749537,0.0812,200000,194461.2866068519,-5538.713393148093,0.9723064330342596
2022-01-19,-1,-0.46507317216519595,136214.13466157214,0.6927,-1193743.4259749537,0.07439,200000,183158.1045383478,-16841.895461652195,0.915790522691739
2022-01-20,0,0.016261843354257188,0.0,0.6703,0.0,0.06854,200000,192711.10144430917,-7288.89855569083,0.9635555072215458
2022-01-21,0,-0.5631076214147727,0.0,0.5831,0.0,0.06374,200000,192711.10144430917,-7288.89855569083,0.9635555072215458
2022-01-22,2,2.710631296103572,0.0,0.7062,0.0,0.05272,200000,192711.10144430917,-7288.89855569083,0.9635555072215458
2022-01-23,2,2.0227597988320327,0.0,0.6777,0.0,0.05256,200000,192711.10144430917,-7288.89855569083,0.9635555072215458
2022-01-24,2,1.5666529106097202,0.0,0.6252,0.0,0.04989,200000,192711.10144430917,-7288.89855569083,0.9635555072215458
2022-01-25,1,1.1579736193511418,-158505.59421311825,0.6079,1915236.5478464437,0.05031,200000,192711.10144430917,-7288.89855569083,0.9635555072215458
2022-01-26,1,1.0551591449313498,-158505.59421311825,0.6114,1915236.5478464437,0.05061,200000,193840.44198840903,-6159.558011590969,0.9692022099420452
2022-01-27,1,1.1085236764226916,-158505.59421311825,0.6036,1915236.5478464437,0.04917,200000,189846.1577246478,-10153.842275352188,0.9492307886232391
2022-01-28,1,0.9314022269319632,-158505.59421311825,0.6103,1915236.5478464437,0.05067,200000,193781.00002764538,-6218.999972354621,0.9689050001382269
2022-01-29,1,0.9559927147452211,-158505.59421311825,0.624,1915236.5478464437,0.05113,200000,196833.53548037447,-3166.4645196255296,0.9841676774018724
2022-01-30,2,1.3563047610629149,0.0,0.6522,0.0,0.04953,200000,201226.78377527057,1226.7837752705673,1.0061339188763527
2022-01-31,1,1.0265141964911282,-158696.20171551307,0.634,2018322.8061712193,0.04985,200000,201226.78377527057,1226.7837752705673,1.0061339188763527
