date,statusList,zscore,QTUMUSDT_position,QTUMUSDT_price,TFUELUSDT_position,TFUELUSDT_price,init,total_asset,pnl,return
2020-01-01,0,,0.0,1.603,0.0,0.002383,200000,200000.0,0.0,1.0
2020-01-02,0,,0.0,1.533,0.0,0.002297,200000,200000.0,0.0,1.0
2020-01-03,0,,0.0,1.629,0.0,0.002403,200000,200000.0,0.0,1.0
2020-01-04,0,,0.0,1.642,0.0,0.002429,200000,200000.0,0.0,1.0
2020-01-05,0,,0.0,1.631,0.0,0.002412,200000,200000.0,0.0,1.0
2020-01-06,0,,0.0,1.747,0.0,0.002461,200000,200000.0,0.0,1.0
2020-01-07,0,,0.0,1.735,0.0,0.002382,200000,200000.0,0.0,1.0
2020-01-08,0,,0.0,1.683,0.0,0.002511,200000,200000.0,0.0,1.0
2020-01-09,0,,0.0,1.634,0.0,0.002395,200000,200000.0,0.0,1.0
2020-01-10,0,,0.0,1.734,0.0,0.002402,200000,200000.0,0.0,1.0
2020-01-11,0,,0.0,1.74,0.0,0.002403,200000,200000.0,0.0,1.0
2020-01-12,0,,0.0,1.754,0.0,0.002452,200000,200000.0,0.0,1.0
2020-01-13,0,,0.0,1.701,0.0,0.002456,200000,200000.0,0.0,1.0
2020-01-14,0,,0.0,1.915,0.0,0.002572,200000,200000.0,0.0,1.0
2020-01-15,0,,0.0,1.974,0.0,0.002567,200000,200000.0,0.0,1.0
2020-01-16,0,,0.0,1.932,0.0,0.002584,200000,200000.0,0.0,1.0
2020-01-17,0,,0.0,2.092,0.0,0.002598,200000,200000.0,0.0,1.0
2020-01-18,0,,0.0,2.035,0.0,0.002591,200000,200000.0,0.0,1.0
2020-01-19,0,,0.0,1.931,0.0,0.00246,200000,200000.0,0.0,1.0
2020-01-20,0,0.594642392739222,0.0,1.923,0.0,0.002579,200000,200000.0,0.0,1.0
2020-01-21,1,1.162688696486098,-51282.05128205128,1.95,39777247.41447891,0.002514,200000,200000.0,0.0,1.0
2020-01-22,2,1.4036930864380592,0.0,1.994,0.0,0.002515,200000,202216.6330089958,2216.633008995792,1.011083165044979
2020-01-23,0,0.5455826610650094,0.0,1.89,0.0,0.002492,200000,202216.6330089958,2216.633008995792,1.011083165044979
2020-01-24,0,0.7777399257657863,0.0,1.89,0.0,0.002449,200000,202216.6330089958,2216.633008995792,1.011083165044979
2020-01-25,0,0.16664660063399575,0.0,1.867,0.0,0.002489,200000,202216.6330089958,2216.633008995792,1.011083165044979
2020-01-26,0,0.719514154147189,0.0,1.935,0.0,0.0025,200000,202216.6330089958,2216.633008995792,1.011083165044979
2020-01-27,0,0.7003370112311321,0.0,1.997,0.0,0.002574,200000,202216.6330089958,2216.633008995792,1.011083165044979
2020-01-28,1,1.0023229135103302,-49273.05872538884,2.052,38887814.0401915,0.0026,200000,202216.6330089958,2216.633008995792,1.011083165044979
2020-01-29,2,2.08893139493957,0.0,2.066,0.0,0.002481,200000,207534.105701934,7534.105701933993,1.03767052850967
2020-01-30,2,2.528435925063648,0.0,2.176,0.0,0.002498,200000,207534.105701934,7534.105701933993,1.03767052850967
2020-01-31,2,1.8584058138704898,0.0,2.125,0.0,0.002482,200000,207534.105701934,7534.105701933993,1.03767052850967
2020-02-01,2,2.044298117379232,0.0,2.193,0.0,0.002496,200000,207534.105701934,7534.105701933993,1.03767052850967
2020-02-02,2,2.1385190060615837,0.0,2.262,0.0,0.002528,200000,207534.105701934,7534.105701933993,1.03767052850967
2020-02-03,2,1.8527268406693014,0.0,2.286,0.0,0.002553,200000,207534.105701934,7534.105701933993,1.03767052850967
2020-02-04,0,0.6312142711424943,0.0,2.307,0.0,0.002754,200000,207534.105701934,7534.105701933993,1.03767052850967
2020-02-05,0,0.7420119747803454,0.0,2.442,0.0,0.002882,200000,207534.105701934,7534.105701933993,1.03767052850967
2020-02-06,0,0.5757026182711704,0.0,2.544,0.0,0.003024,200000,207534.105701934,7534.105701933993,1.03767052850967
2020-02-07,0,-0.20712003343158264,0.0,2.572,0.0,0.0032,200000,207534.105701934,7534.105701933993,1.03767052850967
2020-02-08,0,0.8178401863525517,0.0,2.6,0.0,0.003031,200000,207534.105701934,7534.105701933993,1.03767052850967
2020-02-09,0,-0.2481071612959532,0.0,2.697,0.0,0.003333,200000,207534.105701934,7534.105701933993,1.03767052850967
2020-02-10,-2,-1.4548073975619387,0.0,2.597,0.0,0.003465,200000,207534.105701934,7534.105701933993,1.03767052850967
2020-02-11,-1,-1.1601061130433283,38304.55993022038,2.709,-29123506.273075216,0.003563,200000,207534.10570193402,7534.105701934022,1.0376705285096701
2020-02-12,-2,-1.27519118419628,0.0,2.805,0.0,0.00372,200000,208429.25843350566,8429.25843350566,1.0421462921675282
2020-02-13,-2,-1.667620769401904,0.0,2.849,0.0,0.003918,200000,208429.25843350566,8429.25843350566,1.0421462921675282
2020-02-14,0,-0.5278767341919112,0.0,3.032,0.0,0.003836,200000,208429.25843350566,8429.25843350566,1.0421462921675282
2020-02-15,0,-0.7795040412965825,0.0,2.69,0.0,0.003458,200000,208429.25843350566,8429.25843350566,1.0421462921675282
2020-02-16,-1,-1.0740117104602722,41802.89980615838,2.493,-31830980.212813936,0.003274,200000,208429.25843350566,8429.25843350566,1.0421462921675282
2020-02-17,-2,-1.2958987376241262,0.0,2.51,0.0,0.003369,200000,210742.55225701828,10742.55225701828,1.0537127612850914
2020-02-18,0,-0.6334429260538277,0.0,2.639,0.0,0.003394,200000,210742.55225701828,10742.55225701828,1.0537127612850914
2020-02-19,0,-0.3184834367151383,0.0,2.443,0.0,0.003088,200000,210742.55225701828,10742.55225701828,1.0537127612850914
2020-02-20,0,-0.7629332144458343,0.0,2.389,0.0,0.003129,200000,210742.55225701828,10742.55225701828,1.0537127612850914
2020-02-21,0,-0.5456782275155043,0.0,2.416,0.0,0.003134,200000,210742.55225701828,10742.55225701828,1.0537127612850914
2020-02-22,0,-0.7606387910205777,0.0,2.388,0.0,0.003154,200000,210742.55225701828,10742.55225701828,1.0537127612850914
2020-02-23,0,-0.4599839606819152,0.0,2.491,0.0,0.003246,200000,210742.55225701828,10742.55225701828,1.0537127612850914
2020-02-24,0,-0.8853385320966191,0.0,2.358,0.0,0.003151,200000,210742.55225701828,10742.55225701828,1.0537127612850914
2020-02-25,0,0.7917549486048308,0.0,2.384,0.0,0.002966,200000,210742.55225701828,10742.55225701828,1.0537127612850914
2020-02-26,2,1.332580461604229,0.0,2.097,0.0,0.002565,200000,210742.55225701828,10742.55225701828,1.0537127612850914
2020-02-27,0,0.38479993715942545,0.0,2.123,0.0,0.002696,200000,210742.55225701828,10742.55225701828,1.0537127612850914
2020-02-28,0,-0.9293974807910389,0.0,2.073,0.0,0.00277,200000,210742.55225701828,10742.55225701828,1.0537127612850914
2020-02-29,0,-0.8858220295852973,0.0,2.025,0.0,0.002709,200000,210742.55225701828,10742.55225701828,1.0537127612850914
2020-03-01,0,-0.877794415422196,0.0,2.028,0.0,0.002713,200000,210742.55225701828,10742.55225701828,1.0537127612850914
2020-03-02,2,1.2598502792315338,0.0,2.182,0.0,0.002732,200000,210742.55225701828,10742.55225701828,1.0537127612850914
2020-03-03,0,-0.4122213538232379,0.0,2.145,0.0,0.002823,200000,210742.55225701828,10742.55225701828,1.0537127612850914
2020-03-04,-2,-1.3331098165382516,0.0,2.152,0.0,0.002906,200000,210742.55225701828,10742.55225701828,1.0537127612850914
2020-03-05,-2,-1.6263343227866842,0.0,2.194,0.0,0.00301,200000,210742.55225701828,10742.55225701828,1.0537127612850914
2020-03-06,0,0.3349183084778885,0.0,2.314,0.0,0.002987,200000,210742.55225701828,10742.55225701828,1.0537127612850914
2020-03-07,0,-0.13570489436900185,0.0,2.212,0.0,0.002896,200000,210742.55225701828,10742.55225701828,1.0537127612850914
2020-03-08,0,-0.5031740367271367,0.0,1.893,0.0,0.002504,200000,210742.55225701828,10742.55225701828,1.0537127612850914
2020-03-09,0,-0.022157668758232402,0.0,1.943,0.0,0.002535,200000,210742.55225701828,10742.55225701828,1.0537127612850914
2020-03-10,0,0.8422759083050202,0.0,1.954,0.0,0.002487,200000,210742.55225701828,10742.55225701828,1.0537127612850914
2020-03-11,2,1.6806252432972146,0.0,1.943,0.0,0.002398,200000,210742.55225701828,10742.55225701828,1.0537127612850914
2020-03-12,2,3.5186437428072,0.0,1.039,0.0,0.001116,200000,210742.55225701828,10742.55225701828,1.0537127612850914
2020-03-13,2,2.3794273804374106,0.0,1.258,0.0,0.001383,200000,210742.55225701828,10742.55225701828,1.0537127612850914
2020-03-14,0,0.1267649030629365,0.0,1.173,0.0,0.00148,200000,210742.55225701828,10742.55225701828,1.0537127612850914
2020-03-15,0,-0.8017298929183634,0.0,1.209,0.0,0.001626,200000,210742.55225701828,10742.55225701828,1.0537127612850914
2020-03-16,-2,-1.4817794797812949,0.0,1.047,0.0,0.001501,200000,210742.55225701828,10742.55225701828,1.0537127612850914
2020-03-17,-1,-1.1054389557793565,96054.03475707305,1.097,-68378504.95036285,0.001541,200000,210742.55225701828,10742.55225701828,1.0537127612850914
2020-03-18,-1,-0.3601761002948831,96054.03475707305,1.111,-68378504.95036285,0.001476,200000,207642.7059218437,7642.705921843706,1.0382135296092185
2020-03-19,-1,-0.7158493288449537,96054.03475707305,1.256,-68378504.95036285,0.001718,200000,238118.13915960712,38118.13915960712,1.1905906957980357
2020-03-20,-2,-1.3936214229558443,0.0,1.232,0.0,0.0018,200000,215485.2903469574,15485.290346957394,1.077426451734787
2020-03-21,0,-0.9875327919556758,0.0,1.232,0.0,0.001746,200000,215485.2903469574,15485.290346957394,1.077426451734787
2020-03-22,0,-0.6490617004433649,0.0,1.147,0.0,0.001587,200000,215485.2903469574,15485.290346957394,1.077426451734787
2020-03-23,0,-0.5033948459716914,0.0,1.234,0.0,0.00169,200000,215485.2903469574,15485.290346957394,1.077426451734787
2020-03-24,0,0.06884113735031985,0.0,1.272,0.0,0.001657,200000,215485.2903469574,15485.290346957394,1.077426451734787
2020-03-25,0,-0.02055487529968016,0.0,1.261,0.0,0.001651,200000,215485.2903469574,15485.290346957394,1.077426451734787
2020-03-26,0,-0.3681336838621073,0.0,1.277,0.0,0.001725,200000,215485.2903469574,15485.290346957394,1.077426451734787
2020-03-27,0,-0.7959548522604326,0.0,1.204,0.0,0.001696,200000,215485.2903469574,15485.290346957394,1.077426451734787
2020-03-28,0,-0.6782986499159828,0.0,1.213,0.0,0.001697,200000,215485.2903469574,15485.290346957394,1.077426451734787
2020-03-29,0,-0.5129423958801805,0.0,1.141,0.0,0.001578,200000,215485.2903469574,15485.290346957394,1.077426451734787
2020-03-30,0,-0.717136419829914,0.0,1.197,0.0,0.001697,200000,215485.2903469574,15485.290346957394,1.077426451734787
2020-03-31,0,-0.75118744242914,0.0,1.21,0.0,0.001734,200000,215485.2903469574,15485.290346957394,1.077426451734787
2020-04-01,0,-0.6595364699605488,0.0,1.223,0.0,0.00174,200000,215485.2903469574,15485.290346957394,1.077426451734787
2020-04-02,0,0.05904396689716425,0.0,1.268,0.0,0.001742,200000,215485.2903469574,15485.290346957394,1.077426451734787
2020-04-03,0,0.48091524581369494,0.0,1.268,0.0,0.001727,200000,215485.2903469574,15485.290346957394,1.077426451734787
2020-04-04,0,0.8583706445302695,0.0,1.29,0.0,0.001737,200000,215485.2903469574,15485.290346957394,1.077426451734787
2020-04-05,0,0.38579355224457934,0.0,1.258,0.0,0.001715,200000,215485.2903469574,15485.290346957394,1.077426451734787
2020-04-06,2,1.6136618234478761,0.0,1.416,0.0,0.00185,200000,215485.2903469574,15485.290346957394,1.077426451734787
2020-04-07,2,1.5790444642133614,0.0,1.375,0.0,0.001793,200000,215485.2903469574,15485.290346957394,1.077426451734787
2020-04-08,2,2.6281881820858577,0.0,1.5,0.0,0.001843,200000,215485.2903469574,15485.290346957394,1.077426451734787
2020-04-09,2,2.081162292844615,0.0,1.476,0.0,0.001828,200000,215485.2903469574,15485.290346957394,1.077426451734787
2020-04-10,2,1.6972559540197973,0.0,1.341,0.0,0.00167,200000,215485.2903469574,15485.290346957394,1.077426451734787
2020-04-11,2,1.6312645722274257,0.0,1.348,0.0,0.001666,200000,215485.2903469574,15485.290346957394,1.077426451734787
2020-04-12,1,1.1612922659872922,-79222.53321579316,1.36,63081173.98915614,0.001708,200000,215485.2903469574,15485.290346957394,1.077426451734787
2020-04-13,2,1.2605003401651822,0.0,1.341,0.0,0.001668,200000,216503.30917542358,16503.30917542358,1.082516545877118
2020-04-14,0,0.4262318666075081,0.0,1.331,0.0,0.001727,200000,216503.30917542358,16503.30917542358,1.082516545877118
2020-04-15,1,1.149274191564649,-83592.01126464231,1.295,67278840.63872702,0.001609,200000,216503.30917542358,16503.30917542358,1.082516545877118
2020-04-16,2,1.7451950046375115,0.0,1.403,0.0,0.001669,200000,221494.51595368132,21494.515953681315,1.1074725797684066
2020-04-17,2,1.5838019672580157,0.0,1.383,0.0,0.001641,200000,221494.51595368132,21494.515953681315,1.1074725797684066
2020-04-18,2,1.4737079295034876,0.0,1.437,0.0,0.001698,200000,221494.51595368132,21494.515953681315,1.1074725797684066
2020-04-19,2,1.3847533630439646,0.0,1.391,0.0,0.001639,200000,221494.51595368132,21494.515953681315,1.1074725797684066
2020-04-20,0,0.19958997240549095,0.0,1.311,0.0,0.001646,200000,221494.51595368132,21494.515953681315,1.1074725797684066
2020-04-21,0,0.3327896005765087,0.0,1.315,0.0,0.001632,200000,221494.51595368132,21494.515953681315,1.1074725797684066
2020-04-22,0,0.13106523029261444,0.0,1.367,0.0,0.001706,200000,221494.51595368132,21494.515953681315,1.1074725797684066
2020-04-23,0,0.22567079212953964,0.0,1.389,0.0,0.00172,200000,221494.51595368132,21494.515953681315,1.1074725797684066
2020-04-24,0,0.5119510455164871,0.0,1.426,0.0,0.001741,200000,221494.51595368132,21494.515953681315,1.1074725797684066
2020-04-25,0,0.2893289668953171,0.0,1.482,0.0,0.001818,200000,221494.51595368132,21494.515953681315,1.1074725797684066
2020-04-26,0,0.3999920537459765,0.0,1.532,0.0,0.001869,200000,221494.51595368132,21494.515953681315,1.1074725797684066
2020-04-27,0,0.010821540675485382,0.0,1.505,0.0,0.00185,200000,221494.51595368132,21494.515953681315,1.1074725797684066
2020-04-28,0,-0.20083381573441716,0.0,1.527,0.0,0.001887,200000,221494.51595368132,21494.515953681315,1.1074725797684066
2020-04-29,2,1.392608266585163,0.0,1.633,0.0,0.001937,200000,221494.51595368132,21494.515953681315,1.1074725797684066
2020-04-30,-1,-1.0863104443267588,-72101.07941200564,1.536,57086215.45197972,0.00194,200000,221494.51595368132,21494.515953681315,1.1074725797684066
2020-05-01,-2,-1.6935116086587103,0.0,1.585,0.0,0.002047,200000,224069.78811585487,24069.78811585487,1.1203489405792744
2020-05-02,-2,-1.4820879346407958,0.0,1.642,0.0,0.002115,200000,224069.78811585487,24069.78811585487,1.1203489405792744
2020-05-03,-2,-1.5990795107649776,0.0,1.584,0.0,0.00206,200000,224069.78811585487,24069.78811585487,1.1203489405792744
2020-05-04,-2,-1.6675347101471076,0.0,1.558,0.0,0.002033,200000,224069.78811585487,24069.78811585487,1.1203489405792744
2020-05-05,-2,-2.156132706694793,0.0,1.547,0.0,0.002086,200000,224069.78811585487,24069.78811585487,1.1203489405792744
2020-05-06,-2,-1.7841333475936714,0.0,1.508,0.0,0.002025,200000,224069.78811585487,24069.78811585487,1.1203489405792744
2020-05-07,-2,-1.2391978060756679,0.0,1.588,0.0,0.002095,200000,224069.78811585487,24069.78811585487,1.1203489405792744
2020-05-08,-2,-1.7444714091440383,0.0,1.657,0.0,0.002254,200000,224069.78811585487,24069.78811585487,1.1203489405792744
2020-05-09,-1,-1.0594172113830103,70285.3789572945,1.594,-53046824.83803382,0.002112,200000,224069.78811585487,24069.78811585487,1.1203489405792744
2020-05-10,-1,-0.3786526889879336,70285.3789572945,1.442,-53046824.83803382,0.001862,200000,200124.70430483762,124.70430483762175,1.000623521524188
2020-05-11,-1,-0.9706196861019465,70285.3789572945,1.401,-53046824.83803382,0.00186,200000,197136.9101179125,-2863.0898820874863,0.9856845505895626
2020-05-12,-2,-2.29385506888375,0.0,1.468,0.0,0.002115,200000,233084.8863389881,33084.886338988086,1.1654244316949405
2020-05-13,-2,-1.5040937774483811,0.0,1.49,0.0,0.002082,200000,233084.8863389881,33084.886338988086,1.1654244316949405
2020-05-14,-2,-1.4152286151383453,0.0,1.536,0.0,0.002155,200000,233084.8863389881,33084.886338988086,1.1654244316949405
2020-05-15,-2,-2.6499525129911707,0.0,1.501,0.0,0.002376,200000,233084.8863389881,33084.886338988086,1.1654244316949405
2020-05-16,-2,-2.9327305208163517,0.0,1.54,0.0,0.002749,200000,233084.8863389881,33084.886338988086,1.1654244316949405
2020-05-17,-2,-1.8418832781047774,0.0,1.547,0.0,0.002534,200000,233084.8863389881,33084.886338988086,1.1654244316949405
2020-05-18,-2,-1.536809672181998,0.0,1.579,0.0,0.002556,200000,233084.8863389881,33084.886338988086,1.1654244316949405
2020-05-19,-2,-2.2717544951074564,0.0,1.582,0.0,0.002951,200000,233084.8863389881,33084.886338988086,1.1654244316949405
2020-05-20,-2,-2.850996293504328,0.0,1.576,0.0,0.003893,200000,233084.8863389881,33084.886338988086,1.1654244316949405
2020-05-21,-2,-3.159058606687615,0.0,1.497,0.0,0.007618,200000,233084.8863389881,33084.886338988086,1.1654244316949405
2020-05-22,-2,-2.1897398350230293,0.0,1.763,0.0,0.006619,200000,233084.8863389881,33084.886338988086,1.1654244316949405
2020-05-23,-2,-2.180517598865954,0.0,1.668,0.0,0.009016,200000,233084.8863389881,33084.886338988086,1.1654244316949405
2020-05-24,-2,-2.1908934154552866,0.0,1.56,0.0,0.017882,200000,233084.8863389881,33084.886338988086,1.1654244316949405
2020-05-25,-2,-1.8155620378626753,0.0,1.657,0.0,0.016088,200000,233084.8863389881,33084.886338988086,1.1654244316949405
2020-05-26,-2,-1.5371278182114105,0.0,1.658,0.0,0.013827,200000,233084.8863389881,33084.886338988086,1.1654244316949405
2020-05-27,-2,-1.2588595228448187,0.0,1.635,0.0,0.010594,200000,233084.8863389881,33084.886338988086,1.1654244316949405
2020-05-28,0,-0.9968012576672262,0.0,1.689,0.0,0.00866,200000,233084.8863389881,33084.886338988086,1.1654244316949405
2020-05-29,-1,-1.0119317595223254,69082.65748043511,1.687,-11334608.361164564,0.010282,200000,233084.8863389881,33084.886338988086,1.1654244316949405
2020-05-30,-1,-0.8581437388087365,69082.65748043511,1.802,-11334608.361164564,0.009945,200000,237209.6289315257,37209.62893152569,1.1860481446576285
2020-05-31,-1,-0.6830494334729856,69082.65748043511,1.747,-11334608.361164564,0.008509,200000,217133.58516346943,17133.585163469426,1.0856679258173472
2020-06-01,-1,-0.5836947232599822,69082.65748043511,1.89,-11334608.361164564,0.00896,200000,232124.31355405686,32124.313554056862,1.1606215677702842
2020-06-02,-1,-0.5079920517018925,69082.65748043511,1.794,-11334608.361164564,0.0085,200000,220278.4585897994,20278.45858979941,1.101392292948997
2020-06-03,-1,-0.43280342110163994,69082.65748043511,1.829,-11334608.361164564,0.00868,200000,224736.58110662422,24736.581106624217,1.123682905533121
2020-06-04,-1,-0.33991914910933846,69082.65748043511,1.838,-11334608.361164564,0.008622,200000,224700.9177390006,24700.917739000608,1.123504588695003
2020-06-05,-1,-0.24281965826115942,69082.65748043511,1.798,-11334608.361164564,0.008324,200000,218559.89814815618,18559.89814815618,1.092799490740781
2020-06-06,0,-0.0883458131559373,0.0,1.848,0.0,0.008279,200000,199259.35793722543,-740.6420627745683,0.9962967896861271
2020-06-07,0,0.0989827499640209,0.0,1.807,0.0,0.008019,200000,199259.35793722543,-740.6420627745683,0.9962967896861271
2020-06-08,0,0.5386700353424391,0.0,1.825,0.0,0.007737,200000,199259.35793722543,-740.6420627745683,0.9962967896861271
2020-06-09,1,1.143611570884961,-55196.498043552754,1.805,13564285.768361159,0.007345,200000,199259.35793722543,-740.6420627745683,0.9962967896861271
2020-06-10,2,1.4036408442435566,0.0,1.863,0.0,0.007026,200000,206787.76198385868,6787.761983858683,1.0339388099192934
2020-06-11,2,1.4783812011249322,0.0,1.686,0.0,0.00626,200000,206787.76198385868,6787.761983858683,1.0339388099192934
2020-06-12,0,-0.5361539654898523,0.0,1.745,0.0,0.010355,200000,206787.76198385868,6787.761983858683,1.0339388099192934
2020-06-13,-1,-1.0083758689259832,58151.789084324715,1.778,-8958832.07624377,0.011541,200000,206787.76198385868,6787.761983858683,1.0339388099192934
2020-06-14,-1,-0.8124157068195682,58151.789084324715,1.72,-8958832.07624377,0.010087,200000,190388.8163781094,-9611.18362189061,0.9519440818905469
2020-06-15,-1,-1.1526213104046787,58151.789084324715,1.674,-8958832.07624377,0.010208,200000,188797.852761456,-11202.147238544014,0.94398926380728
2020-06-16,-1,-0.8968193429670624,58151.789084324715,1.732,-8958832.07624377,0.009892,200000,189339.6655922538,-10660.33440774621,0.946698327961269
2020-06-17,-1,-0.6312080598068516,58151.789084324715,1.71,-8958832.07624377,0.009332,200000,183043.38026970212,-16956.619730297884,0.9152169013485105
2020-06-18,-1,-0.4923390141597092,58151.789084324715,1.682,-8958832.07624377,0.008862,200000,177204.47909950645,-22795.520900493546,0.8860223954975323
2020-06-19,-1,-0.9968568508230127,58151.789084324715,1.676,-8958832.07624377,0.009719,200000,184533.28745434142,-15466.712545658578,0.922666437271707
2020-06-20,-1,-0.7388869989896404,58151.789084324715,1.68,-8958832.07624377,0.009369,200000,181630.3033839934,-18369.696616006608,0.908151516919967
2020-06-21,-1,-0.4797819672241232,58151.789084324715,1.729,-8958832.07624377,0.009259,200000,183494.2695207385,-16505.73047926149,0.9174713476036925
2020-06-22,-1,-0.20799286665483163,58151.789084324715,1.838,-8958832.07624377,0.009419,200000,191266.2276631289,-8733.772336871101,0.9563311383156445
2020-06-23,-1,-0.5381212032313488,58151.789084324715,1.796,-8958832.07624377,0.009844,200000,192631.35615399084,-7368.6438460091595,0.9631567807699541
2020-06-24,-1,-0.323892931950434,58151.789084324715,1.736,-8958832.07624377,0.009209,200000,183453.39044051658,-16546.60955948342,0.9172669522025829
2020-06-25,-1,-0.2080487296073189,58151.789084324715,1.718,-8958832.07624377,0.008983,200000,180381.96218776764,-19618.03781223236,0.9019098109388382
2020-06-26,0,-0.17005313468832847,0.0,1.678,0.0,0.008785,200000,187912.39969016332,-12087.600309836678,0.9395619984508166
2020-06-27,0,-0.07062157733111048,0.0,1.577,0.0,0.008182,200000,187912.39969016332,-12087.600309836678,0.9395619984508166
2020-06-28,0,-0.04292326268320787,0.0,1.615,0.0,0.008434,200000,187912.39969016332,-12087.600309836678,0.9395619984508166
2020-06-29,0,0.3305045017863594,0.0,1.671,0.0,0.008354,200000,187912.39969016332,-12087.600309836678,0.9395619984508166
2020-06-30,0,0.6104781407165331,0.0,1.643,0.0,0.00816,200000,187912.39969016332,-12087.600309836678,0.9395619984508166
2020-07-01,2,1.3438937314079693,0.0,1.657,0.0,0.008223,200000,187912.39969016332,-12087.600309836678,0.9395619984508166
2020-07-02,0,0.5862796437271297,0.0,1.647,0.0,0.008552,200000,187912.39969016332,-12087.600309836678,0.9395619984508166
2020-07-03,1,1.142951077318111,-57430.44000310615,1.636,11469262.67640157,0.008192,200000,187912.39969016332,-12087.600309836678,0.9395619984508166
2020-07-04,2,1.566285867556138,0.0,1.695,0.0,0.008228,200000,190887.90219399615,-9112.097806003847,0.9544395109699808
2020-07-05,2,2.5334215596849448,0.0,1.774,0.0,0.008057,200000,190887.90219399615,-9112.097806003847,0.9544395109699808
2020-07-06,2,1.521666363286911,0.0,1.821,0.0,0.008642,200000,190887.90219399615,-9112.097806003847,0.9544395109699808
2020-07-07,0,0.8725479575806669,0.0,1.807,0.0,0.008835,200000,190887.90219399615,-9112.097806003847,0.9544395109699808
2020-07-08,2,2.320357506762052,0.0,2.019,0.0,0.008886,200000,190887.90219399615,-9112.097806003847,0.9544395109699808
2020-07-09,2,2.957299886970473,0.0,2.13,0.0,0.008545,200000,190887.90219399615,-9112.097806003847,0.9544395109699808
2020-07-10,2,2.1485861473893357,0.0,2.037,0.0,0.008389,200000,190887.90219399615,-9112.097806003847,0.9544395109699808
2020-07-11,2,1.9020627143637516,0.0,2.079,0.0,0.008508,200000,190887.90219399615,-9112.097806003847,0.9544395109699808
2020-07-12,0,0.24883070295127124,0.0,2.045,0.0,0.009628,200000,190887.90219399615,-9112.097806003847,0.9544395109699808
2020-07-13,2,2.0220035874942046,0.0,2.211,0.0,0.008696,200000,190887.90219399615,-9112.097806003847,0.9544395109699808
2020-07-14,2,2.279319025111631,0.0,2.346,0.0,0.008655,200000,190887.90219399615,-9112.097806003847,0.9544395109699808
2020-07-15,2,1.7991677389862561,0.0,2.293,0.0,0.00861,200000,190887.90219399615,-9112.097806003847,0.9544395109699808
2020-07-16,2,1.8450994582643303,0.0,2.303,0.0,0.008363,200000,190887.90219399615,-9112.097806003847,0.9544395109699808
2020-07-17,2,1.8269640085621297,0.0,2.392,0.0,0.00845,200000,190887.90219399615,-9112.097806003847,0.9544395109699808
2020-07-18,2,1.5442745285908575,0.0,2.364,0.0,0.008432,200000,190887.90219399615,-9112.097806003847,0.9544395109699808
2020-07-19,2,1.3547427467324846,0.0,2.344,0.0,0.008389,200000,190887.90219399615,-9112.097806003847,0.9544395109699808
2020-07-20,0,0.8500182044318492,0.0,2.215,0.0,0.008322,200000,190887.90219399615,-9112.097806003847,0.9544395109699808
2020-07-21,1,1.1900334075339543,-40597.17188302768,2.351,11400376.385212384,0.008372,200000,190887.90219399615,-9112.097806003847,0.9544395109699808
2020-07-22,1,0.8648213271461895,-40597.17188302768,2.376,11400376.385212384,0.0087,200000,195642.1549454215,-4357.845054578502,0.9782107747271075
2020-07-23,1,0.952699799476451,-40597.17188302768,2.357,11400376.385212384,0.008471,200000,192260.12248743034,-7739.877512569656,0.9613006124371517
2020-07-24,1,0.9205512522625934,-40597.17188302768,2.287,11400376.385212384,0.008177,200000,186066.60979836597,-13933.390201634029,0.9303330489918299
2020-07-25,1,1.1567584820911134,-40597.17188302768,2.409,11400376.385212384,0.008331,200000,192775.12273141806,-7224.877268581942,0.9638756136570903
2020-07-26,1,1.0304065067231274,-40597.17188302768,2.357,11400376.385212384,0.008188,200000,189033.81597041525,-10966.18402958475,0.9451690798520762
2020-07-27,2,1.3569716262650815,0.0,2.32,0.0,0.007821,200000,195910.99725387432,-4089.002746125683,0.9795549862693715
2020-07-28,0,0.723885571126813,0.0,2.374,0.0,0.00835,200000,195910.99725387432,-4089.002746125683,0.9795549862693715
2020-07-29,0,0.6129543923752937,0.0,2.351,0.0,0.008291,200000,195910.99725387432,-4089.002746125683,0.9795549862693715
2020-07-30,0,0.8535292406469964,0.0,2.373,0.0,0.008183,200000,195910.99725387432,-4089.002746125683,0.9795549862693715
2020-07-31,0,0.8333244543054964,0.0,2.42,0.0,0.008312,200000,195910.99725387432,-4089.002746125683,0.9795549862693715
2020-08-01,2,1.5395741570339936,0.0,2.65,0.0,0.008929,200000,195910.99725387432,-4089.002746125683,0.9795549862693715
2020-08-02,0,0.4436408229061662,0.0,2.403,0.0,0.008407,200000,195910.99725387432,-4089.002746125683,0.9795549862693715
2020-08-03,2,2.1789131571388762,0.0,2.621,0.0,0.008596,200000,195910.99725387432,-4089.002746125683,0.9795549862693715
2020-08-04,2,2.3664244507243994,0.0,2.848,0.0,0.009153,200000,195910.99725387432,-4089.002746125683,0.9795549862693715
2020-08-05,2,2.03466550568244,0.0,2.773,0.0,0.008894,200000,195910.99725387432,-4089.002746125683,0.9795549862693715
2020-08-06,2,1.5503980935278163,0.0,2.762,0.0,0.00895,200000,195910.99725387432,-4089.002746125683,0.9795549862693715
2020-08-07,0,0.9551155923669578,0.0,2.642,0.0,0.008739,200000,195910.99725387432,-4089.002746125683,0.9795549862693715
2020-08-08,1,1.0026823345056903,-35542.633754331335,2.756,10815446.464274831,0.009057,200000,195910.99725387432,-4089.002746125683,0.9795549862693715
2020-08-09,2,1.2891177431766423,0.0,2.717,0.0,0.008792,200000,197390.92785048822,-2609.072149511776,0.9869546392524411
2020-08-10,2,1.5423709113729862,0.0,2.926,0.0,0.009303,200000,197390.92785048822,-2609.072149511776,0.9869546392524411
2020-08-11,0,0.5196581660067968,0.0,2.722,0.0,0.008995,200000,197390.92785048822,-2609.072149511776,0.9869546392524411
2020-08-12,0,-0.31718601837834215,0.0,2.799,0.0,0.00952,200000,197390.92785048822,-2609.072149511776,0.9869546392524411
2020-08-13,0,0.41518389853363147,0.0,2.86,0.0,0.009449,200000,197390.92785048822,-2609.072149511776,0.9869546392524411
2020-08-14,2,2.24157362100302,0.0,3.1,0.0,0.009512,200000,197390.92785048822,-2609.072149511776,0.9869546392524411
2020-08-15,2,2.2827082693927965,0.0,3.095,0.0,0.009312,200000,197390.92785048822,-2609.072149511776,0.9869546392524411
2020-08-16,2,2.699428238436768,0.0,3.336,0.0,0.009515,200000,197390.92785048822,-2609.072149511776,0.9869546392524411
2020-08-17,2,2.4324491282435394,0.0,3.418,0.0,0.009588,200000,197390.92785048822,-2609.072149511776,0.9869546392524411
2020-08-18,0,0.8049311681071282,0.0,3.293,0.0,0.010091,200000,197390.92785048822,-2609.072149511776,0.9869546392524411
2020-08-19,2,1.4384192381537424,0.0,3.296,0.0,0.009648,200000,197390.92785048822,-2609.072149511776,0.9869546392524411
2020-08-20,2,2.947696751184529,0.0,4.078,0.0,0.010312,200000,197390.92785048822,-2609.072149511776,0.9869546392524411
2020-08-21,1,1.071171222561111,-26186.11406878326,3.769,9157122.279202461,0.010778,200000,197390.92785048822,-2609.072149511776,0.9869546392524411
2020-08-22,2,1.7765260869024284,0.0,4.162,0.0,0.011107,200000,204669.37744966242,4669.377449662425,1.023346887248312
2020-08-23,0,0.35127363818380525,0.0,3.988,0.0,0.011831,200000,204669.37744966242,4669.377449662425,1.023346887248312
2020-08-24,-2,-1.6837262675693538,0.0,3.818,0.0,0.0138,200000,204669.37744966242,4669.377449662425,1.023346887248312
2020-08-25,-2,-1.326140350229339,0.0,3.482,0.0,0.012263,200000,204669.37744966242,4669.377449662425,1.023346887248312
2020-08-26,0,-0.1177637128731944,0.0,3.784,0.0,0.011769,200000,204669.37744966242,4669.377449662425,1.023346887248312
2020-08-27,0,-0.23054268965053476,0.0,3.37,0.0,0.010563,200000,204669.37744966242,4669.377449662425,1.023346887248312
2020-08-28,0,-0.8379357403170754,0.0,3.342,0.0,0.011119,200000,204669.37744966242,4669.377449662425,1.023346887248312
2020-08-29,0,-0.6830453248823911,0.0,3.431,0.0,0.011252,200000,204669.37744966242,4669.377449662425,1.023346887248312
2020-08-30,0,-0.4824354011363363,0.0,3.449,0.0,0.011099,200000,204669.37744966242,4669.377449662425,1.023346887248312
2020-08-31,0,-0.43471663484520245,0.0,3.359,0.0,0.010737,200000,204669.37744966242,4669.377449662425,1.023346887248312
2020-09-01,0,0.26653904585195115,0.0,3.518,0.0,0.01048,200000,204669.37744966242,4669.377449662425,1.023346887248312
2020-09-02,0,-0.12084016509263074,0.0,3.238,0.0,0.009943,200000,204669.37744966242,4669.377449662425,1.023346887248312
2020-09-03,-2,-1.4523153753470854,0.0,2.388,0.0,0.008438,200000,204669.37744966242,4669.377449662425,1.023346887248312
2020-09-04,-1,-1.1642303298865053,39695.37964500823,2.578,-11437877.358313536,0.008947,200000,204669.37744966242,4669.377449662425,1.023346887248312
2020-09-05,-1,-1.178123677659298,39695.37964500823,2.344,-11437877.358313536,0.008266,200000,187591.46413171897,-12408.535868281033,0.9379573206585948
2020-09-06,-1,-1.074620042178012,39695.37964500823,2.422,-11437877.358313536,0.00855,200000,193936.06091379066,-6063.939086209342,0.9696803045689533
2020-09-07,-1,-0.980648232038141,39695.37964500823,2.41,-11437877.358313536,0.008506,200000,192956.44975428475,-7043.550245715247,0.9647822487714237
2020-09-08,-1,-0.8079942389540564,39695.37964500823,2.359,-11437877.358313536,0.008242,200000,187912.38576979458,-12087.614230205421,0.9395619288489729
2020-09-09,-1,-1.1326923172482997,39695.37964500823,2.439,-11437877.358313536,0.008849,200000,198030.80769789155,-1969.1923021084513,0.9901540384894577
2020-09-10,-1,-0.7356875760715795,39695.37964500823,2.622,-11437877.358313536,0.009219,200000,209527.07679550408,9527.07679550408,1.0476353839775203
2020-09-11,0,0.06403661103806554,0.0,2.816,0.0,0.009351,200000,199842.77954690912,-157.22045309087844,0.9992138977345456
2020-09-12,0,-0.10991079267831251,0.0,2.854,0.0,0.009647,200000,199842.77954690912,-157.22045309087844,0.9992138977345456
2020-09-13,0,-0.5501359885319442,0.0,2.648,0.0,0.009166,200000,199842.77954690912,-157.22045309087844,0.9992138977345456
2020-09-14,-1,-1.1273003016424963,37863.35345716353,2.639,-10536896.5278345,0.009483,200000,199842.7795469091,-157.22045309090754,0.9992138977345455
2020-09-15,-2,-1.5200522307642665,0.0,2.466,0.0,0.009193,200000,203337.43970192637,3337.4397019263706,1.016687198509632
2020-09-16,-2,-1.4378211322034082,0.0,2.448,0.0,0.009174,200000,203337.43970192637,3337.4397019263706,1.016687198509632
2020-09-17,0,-0.8224155207397953,0.0,2.566,0.0,0.009278,200000,203337.43970192637,3337.4397019263706,1.016687198509632
2020-09-18,0,-0.43239784006059323,0.0,2.804,0.0,0.009919,200000,203337.43970192637,3337.4397019263706,1.016687198509632
2020-09-19,0,-0.9257687560473297,0.0,2.631,0.0,0.009674,200000,203337.43970192637,3337.4397019263706,1.016687198509632
2020-09-20,0,-0.6191205902573711,0.0,2.52,0.0,0.009127,200000,203337.43970192637,3337.4397019263706,1.016687198509632
2020-09-21,-2,-2.2769997127032346,0.0,2.263,0.0,0.009133,200000,203337.43970192637,3337.4397019263706,1.016687198509632
2020-09-22,-2,-1.7283507194872654,0.0,2.341,0.0,0.009086,200000,203337.43970192637,3337.4397019263706,1.016687198509632
2020-09-23,-2,-1.6768046451242014,0.0,2.176,0.0,0.008529,200000,203337.43970192637,3337.4397019263706,1.016687198509632
2020-09-24,-2,-2.2122232379899476,0.0,2.319,0.0,0.009617,200000,203337.43970192637,3337.4397019263706,1.016687198509632
2020-09-25,-2,-2.0889367379136417,0.0,2.36,0.0,0.009992,200000,203337.43970192637,3337.4397019263706,1.016687198509632
2020-09-26,-2,-2.41106338670023,0.0,2.399,0.0,0.010968,200000,203337.43970192637,3337.4397019263706,1.016687198509632
2020-09-27,-2,-1.8223938199238443,0.0,2.37,0.0,0.010552,200000,203337.43970192637,3337.4397019263706,1.016687198509632
2020-09-28,-1,-1.1576356857984962,41925.24529936627,2.425,-9936348.695363877,0.010232,200000,203337.43970192637,3337.4397019263706,1.016687198509632
2020-09-29,-2,-1.833457946250003,0.0,2.433,0.0,0.011389,200000,214498.39318006748,14498.393180067476,1.0724919659003374
2020-09-30,-1,-1.1387115845540738,44044.8445954964,2.435,-10059956.532223407,0.010661,200000,214498.39318006748,14498.393180067476,1.0724919659003374
2020-10-01,-1,-0.6700057322392947,44044.8445954964,2.365,-10059956.532223407,0.009906,200000,203819.98687655406,3819.9868765540596,1.0190999343827702
2020-10-02,-1,-0.32718690277640994,44044.8445954964,2.288,-10059956.532223407,0.009329,200000,194623.93892360793,-5376.06107639207,0.9731196946180396
2020-10-03,-1,-0.9661387255139046,44044.8445954964,2.297,-10059956.532223407,0.01004,200000,202172.97161937825,2172.9716193782515,1.0108648580968913
2020-10-04,-1,-0.7490451136638177,44044.8445954964,2.306,-10059956.532223407,0.009952,200000,201684.09904590205,1684.099045902054,1.0084204952295102
2020-10-05,-1,-0.5980494396771084,44044.8445954964,2.302,-10059956.532223407,0.009865,200000,200632.7034492166,632.7034492166131,1.003163517246083
2020-10-06,-1,-0.5190494908620764,44044.8445954964,2.172,-10059956.532223407,0.0093,200000,189222.99821109587,-10777.001788904134,0.9461149910554794
2020-10-07,-1,-0.6516411879897391,44044.8445954964,2.192,-10059956.532223407,0.009556,200000,192679.243975255,-7320.756024745002,0.963396219876275
2020-10-08,-1,-0.3537515280123787,44044.8445954964,2.251,-10059956.532223407,0.009643,200000,196153.1060246927,-3846.893975307292,0.9807655301234636
2020-10-09,0,-0.13913416688010546,0.0,2.33,0.0,0.009901,200000,211477.5348981048,11477.534898104786,1.057387674490524
2020-10-10,0,-0.6599591819053323,0.0,2.3,0.0,0.010102,200000,211477.5348981048,11477.534898104786,1.057387674490524
2020-10-11,0,0.31338743747545084,0.0,2.354,0.0,0.009905,200000,211477.5348981048,11477.534898104786,1.057387674490524
2020-10-12,0,0.4487330242944592,0.0,2.345,0.0,0.009878,200000,211477.5348981048,11477.534898104786,1.057387674490524
2020-10-13,0,0.3805389977848873,0.0,2.33,0.0,0.009907,200000,211477.5348981048,11477.534898104786,1.057387674490524
2020-10-14,0,-0.5561989292032812,0.0,2.254,0.0,0.0099,200000,211477.5348981048,11477.534898104786,1.057387674490524
2020-10-15,0,-0.6294944011374759,0.0,2.23,0.0,0.009838,200000,211477.5348981048,11477.534898104786,1.057387674490524
2020-10-16,-1,-1.1991556907765852,48817.528831510805,2.166,-10896410.495574236,0.009704,200000,211477.5348981048,11477.534898104786,1.057387674490524
2020-10-17,-1,-0.5887243213536382,48817.528831510805,2.179,-10896410.495574236,0.009573,200000,210684.73299799417,10684.732997994171,1.0534236649899709
2020-10-18,-1,-0.9130260717497697,48817.528831510805,2.216,-10896410.495574236,0.009858,200000,215596.45855599878,15596.458555998775,1.0779822927799938
2020-10-19,-1,-0.9209877853659592,48817.528831510805,2.212,-10896410.495574236,0.009765,200000,214387.8222645843,14387.822264584305,1.0719391113229215
2020-10-20,-1,-0.9856617753518166,48817.528831510805,2.146,-10896410.495574236,0.009498,200000,208256.52375938627,8256.52375938627,1.0412826187969313
2020-10-21,-1,-0.5181453972604421,48817.528831510805,2.283,-10896410.495574236,0.010006,200000,220479.90174105496,20479.901741054957,1.1023995087052747
2020-10-22,0,0.13135300759016552,0.0,2.341,0.0,0.010143,200000,207717.9915601475,7717.991560147493,1.0385899578007374
2020-10-23,0,-0.7425301253928344,0.0,2.291,0.0,0.010094,200000,207717.9915601475,7717.991560147493,1.0385899578007374
2020-10-24,-1,-1.1391644947988142,44921.71097754055,2.312,-10096140.349963425,0.010287,200000,207717.9915601475,7717.991560147493,1.0385899578007374
2020-10-25,-2,-1.388610465820632,0.0,2.229,0.0,0.010001,200000,208558.99743119377,8558.99743119377,1.0427949871559687
2020-10-26,-1,-1.1734806211216204,47966.65074314484,2.174,-10709612.685179919,0.009737,200000,208558.99743119377,8558.99743119377,1.0427949871559687
2020-10-27,-2,-1.3717923308771265,0.0,2.194,0.0,0.009901,200000,209356.04089670038,9356.040896700375,1.046780204483502
2020-10-28,-2,-1.9226263287989254,0.0,2.079,0.0,0.009571,200000,209356.04089670038,9356.040896700375,1.046780204483502
2020-10-29,-2,-1.7170788725015511,0.0,2.033,0.0,0.009362,200000,209356.04089670038,9356.040896700375,1.046780204483502
2020-10-30,-2,-2.375804136378725,0.0,1.946,0.0,0.00927,200000,209356.04089670038,9356.040896700375,1.046780204483502
2020-10-31,-2,-1.9496587765375621,0.0,1.964,0.0,0.009301,200000,209356.04089670038,9356.040896700375,1.046780204483502
2020-11-01,0,-0.7030879776803654,0.0,2.008,0.0,0.009161,200000,209356.04089670038,9356.040896700375,1.046780204483502
2020-11-02,-2,-1.3445011997948821,0.0,1.924,0.0,0.008963,200000,209356.04089670038,9356.040896700375,1.046780204483502
2020-11-03,-2,-1.3946200611002253,0.0,1.868,0.0,0.008755,200000,209356.04089670038,9356.040896700375,1.046780204483502
2020-11-04,0,-0.8249473330448412,0.0,1.833,0.0,0.008475,200000,209356.04089670038,9356.040896700375,1.046780204483502
2020-11-05,0,0.15133899774350937,0.0,1.931,0.0,0.008693,200000,209356.04089670038,9356.040896700375,1.046780204483502
2020-11-06,0,0.8304161009571456,0.0,2.071,0.0,0.00916,200000,209356.04089670038,9356.040896700375,1.046780204483502
2020-11-07,0,0.10098982479970256,0.0,1.949,0.0,0.008796,200000,209356.04089670038,9356.040896700375,1.046780204483502
2020-11-08,0,0.06678530515258456,0.0,2.027,0.0,0.009168,200000,209356.04089670038,9356.040896700375,1.046780204483502
2020-11-09,0,0.7427302846722423,0.0,1.989,0.0,0.008844,200000,209356.04089670038,9356.040896700375,1.046780204483502
2020-11-10,0,0.6182221078420972,0.0,2.006,0.0,0.008962,200000,209356.04089670038,9356.040896700375,1.046780204483502
2020-11-11,2,2.016521646085954,0.0,2.054,0.0,0.008863,200000,209356.04089670038,9356.040896700375,1.046780204483502
2020-11-12,2,2.1443614114364586,0.0,2.03,0.0,0.008668,200000,209356.04089670038,9356.040896700375,1.046780204483502
2020-11-13,2,1.8916968580517999,0.0,2.094,0.0,0.008936,200000,209356.04089670038,9356.040896700375,1.046780204483502
2020-11-14,2,1.8679231427699907,0.0,2.04,0.0,0.008634,200000,209356.04089670038,9356.040896700375,1.046780204483502
2020-11-15,1,1.1799017564422698,-52921.14279491921,1.978,12267434.717959708,0.008533,200000,209356.04089670038,9356.040896700375,1.046780204483502
2020-11-16,2,1.8250664287471032,0.0,2.073,0.0,0.00866,200000,212825.58525303684,12825.585253036843,1.0641279262651842
2020-11-17,2,2.550302357451357,0.0,2.206,0.0,0.008727,200000,212825.58525303684,12825.585253036843,1.0641279262651842
2020-11-18,2,1.7536232524892323,0.0,2.15,0.0,0.008698,200000,212825.58525303684,12825.585253036843,1.0641279262651842
2020-11-19,2,2.345430133728647,0.0,2.25,0.0,0.008646,200000,212825.58525303684,12825.585253036843,1.0641279262651842
2020-11-20,2,2.2720697911867305,0.0,2.362,0.0,0.008891,200000,212825.58525303684,12825.585253036843,1.0641279262651842
2020-11-21,2,2.828069804451062,0.0,2.695,0.0,0.009271,200000,212825.58525303684,12825.585253036843,1.0641279262651842
2020-11-22,2,2.1109730153503743,0.0,2.557,0.0,0.008973,200000,212825.58525303684,12825.585253036843,1.0641279262651842
2020-11-23,2,2.349852125483906,0.0,2.794,0.0,0.009236,200000,212825.58525303684,12825.585253036843,1.0641279262651842
2020-11-24,2,1.7144511426813551,0.0,3.079,0.0,0.010515,200000,212825.58525303684,12825.585253036843,1.0641279262651842
2020-11-25,0,0.007860194516381713,0.0,2.924,0.0,0.011755,200000,212825.58525303684,12825.585253036843,1.0641279262651842
2020-11-26,0,0.4545538053407489,0.0,2.522,0.0,0.009628,200000,212825.58525303684,12825.585253036843,1.0641279262651842
2020-11-27,1,1.0318506321707261,-40896.53828843906,2.602,11427490.617108935,0.009312,200000,212825.58525303684,12825.585253036843,1.0641279262651842
2020-11-28,1,1.0616395075146903,-40896.53828843906,2.69,11427490.617108935,0.009509,200000,218675.69627398992,18675.696273989917,1.0933784813699496
2020-11-29,1,1.1873408537543644,-40896.53828843906,2.734,11427490.617108935,0.009457,200000,219880.91444659157,19880.914446591574,1.099404572232958
2020-11-30,2,1.4761109646403137,0.0,2.932,0.0,0.009765,200000,221144.78963867138,21144.789638671384,1.105723948193357
2020-12-01,0,0.3333652289671955,0.0,2.718,0.0,0.009941,200000,221144.78963867138,21144.789638671384,1.105723948193357
2020-12-02,0,-0.39706179465952507,0.0,2.787,0.0,0.010823,200000,221144.78963867138,21144.789638671384,1.105723948193357
2020-12-03,0,-0.4079040258936622,0.0,2.877,0.0,0.011109,200000,221144.78963867138,21144.789638671384,1.105723948193357
2020-12-04,-2,-2.083648304701358,0.0,2.591,0.0,0.011875,200000,221144.78963867138,21144.789638671384,1.105723948193357
2020-12-05,-2,-1.9370346075379732,0.0,2.718,0.0,0.012431,200000,221144.78963867138,21144.789638671384,1.105723948193357
2020-12-06,-2,-1.681490850251756,0.0,2.653,0.0,0.011956,200000,221144.78963867138,21144.789638671384,1.105723948193357
2020-12-07,-2,-2.083568453326856,0.0,2.612,0.0,0.01297,200000,221144.78963867138,21144.789638671384,1.105723948193357
2020-12-08,-2,-2.436063474248026,0.0,2.41,0.0,0.014005,200000,221144.78963867138,21144.789638671384,1.105723948193357
2020-12-09,-2,-2.4293994511126122,0.0,2.491,0.0,0.016865,200000,221144.78963867138,21144.789638671384,1.105723948193357
2020-12-10,-2,-1.828957751470651,0.0,2.43,0.0,0.015172,200000,221144.78963867138,21144.789638671384,1.105723948193357
2020-12-11,-2,-1.4443814420662107,0.0,2.337,0.0,0.01376,200000,221144.78963867138,21144.789638671384,1.105723948193357
2020-12-12,-1,-1.122795260061084,44784.28303739802,2.469,-8052169.736333797,0.013732,200000,221144.78963867138,21144.789638671384,1.105723948193357
2020-12-13,-1,-0.9526486747373716,44784.28303739802,2.557,-8052169.736333797,0.013928,200000,226664.03181428384,26664.031814283837,1.1333201590714193
2020-12-14,-2,-1.5342874279409764,0.0,2.521,0.0,0.017339,200000,247860.18315968273,47860.183159682725,1.2393009157984136
2020-12-15,-1,-1.187652006679427,47923.46928841507,2.586,-7492750.397813868,0.01654,200000,247860.18315968273,47860.183159682725,1.2393009157984136
2020-12-16,-1,-1.0771792527047743,47923.46928841507,2.766,-7492750.397813868,0.017725,200000,265365.3168530069,65365.316853006894,1.3268265842650344
2020-12-17,-1,-0.9067910252669972,47923.46928841507,2.688,-7492750.397813868,0.016781,200000,254554.12987297424,54554.12987297424,1.2727706493648712
2020-12-18,-1,-0.8906159410508544,47923.46928841507,2.74,-7492750.397813868,0.017513,200000,262530.8435671716,62530.8435671716,1.312654217835858
2020-12-19,-1,-0.650334826217652,47923.46928841507,2.811,-7492750.397813868,0.017049,200000,262456.7737020634,62456.77370206342,1.312283868510317
2020-12-20,-1,-0.44705080970832745,47923.46928841507,2.802,-7492750.397813868,0.01639,200000,257087.73996630832,57087.73996630832,1.2854386998315417
2020-12-21,-1,-0.5467336937000311,47923.46928841507,2.592,-7492750.397813868,0.015772,200000,242393.2916698922,42393.291669892205,1.211966458349461
2020-12-22,-1,-0.9185336658792849,47923.46928841507,2.574,-7492750.397813868,0.01718,200000,252080.46178282265,52080.46178282265,1.2604023089141132
2020-12-23,-2,-2.04585153782506,0.0,2.096,0.0,0.018202,200000,283795.63427217276,83795.63427217276,1.4189781713608638
2020-12-24,-2,-1.7160373458495948,0.0,2.312,0.0,0.019371,200000,283795.63427217276,83795.63427217276,1.4189781713608638
2020-12-25,-2,-2.2506005009169354,0.0,2.288,0.0,0.023837,200000,283795.63427217276,83795.63427217276,1.4189781713608638
2020-12-26,-2,-2.751544903258181,0.0,2.26,0.0,0.035034,200000,283795.63427217276,83795.63427217276,1.4189781713608638
2020-12-27,-2,-1.8775992751836181,0.0,2.275,0.0,0.02702,200000,283795.63427217276,83795.63427217276,1.4189781713608638
2020-12-28,-2,-1.7325111047423891,0.0,2.384,0.0,0.029779,200000,283795.63427217276,83795.63427217276,1.4189781713608638
2020-12-29,-2,-1.503577369126315,0.0,2.271,0.0,0.02797,200000,283795.63427217276,83795.63427217276,1.4189781713608638
2020-12-30,-2,-1.3914515414587212,0.0,2.215,0.0,0.028098,200000,283795.63427217276,83795.63427217276,1.4189781713608638
2020-12-31,-2,-1.5022049431824764,0.0,2.222,0.0,0.03333,200000,283795.63427217276,83795.63427217276,1.4189781713608638
2021-01-01,-2,-1.3294957910493796,0.0,2.268,0.0,0.03345,200000,283795.63427217276,83795.63427217276,1.4189781713608638
2021-01-02,-2,-1.391805316514043,0.0,2.249,0.0,0.037912,200000,283795.63427217276,83795.63427217276,1.4189781713608638
2021-01-03,0,-0.8785586872128693,0.0,2.466,0.0,0.032107,200000,283795.63427217276,83795.63427217276,1.4189781713608638
2021-01-04,0,-0.5929093411755298,0.0,2.515,0.0,0.029352,200000,283795.63427217276,83795.63427217276,1.4189781713608638
2021-01-05,0,-0.49525426390032856,0.0,2.612,0.0,0.03009,200000,283795.63427217276,83795.63427217276,1.4189781713608638
2021-01-06,0,-0.12483418608708884,0.0,3.013,0.0,0.030533,200000,283795.63427217276,83795.63427217276,1.4189781713608638
2021-01-07,0,0.03880867735596898,0.0,2.894,0.0,0.028364,200000,283795.63427217276,83795.63427217276,1.4189781713608638
2021-01-08,0,0.2868076981414958,0.0,2.861,0.0,0.026742,200000,283795.63427217276,83795.63427217276,1.4189781713608638
2021-01-09,0,0.7820076672942494,0.0,3.228,0.0,0.027671,200000,283795.63427217276,83795.63427217276,1.4189781713608638
2021-01-10,2,1.4917616814227845,0.0,3.383,0.0,0.026263,200000,283795.63427217276,83795.63427217276,1.4189781713608638
2021-01-11,2,1.2303155182834393,0.0,2.898,0.0,0.024763,200000,283795.63427217276,83795.63427217276,1.4189781713608638
2021-01-12,0,0.8492600038420786,0.0,2.75,0.0,0.025337,200000,283795.63427217276,83795.63427217276,1.4189781713608638
2021-01-13,0,0.6409871652417778,0.0,2.948,0.0,0.028643,200000,283795.63427217276,83795.63427217276,1.4189781713608638
2021-01-14,0,0.6195903171363749,0.0,3.021,0.0,0.029342,200000,283795.63427217276,83795.63427217276,1.4189781713608638
2021-01-15,0,0.709808472374941,0.0,2.941,0.0,0.02767,200000,283795.63427217276,83795.63427217276,1.4189781713608638
2021-01-16,0,0.8728769926768621,0.0,3.056,0.0,0.027542,200000,283795.63427217276,83795.63427217276,1.4189781713608638
2021-01-17,2,1.2170394718567552,0.0,3.188,0.0,0.026523,200000,283795.63427217276,83795.63427217276,1.4189781713608638
2021-01-18,1,1.0973500163926138,-42986.312370822896,3.301,5166308.058548255,0.027466,200000,283795.63427217276,83795.63427217276,1.4189781713608638
2021-01-19,1,0.4258182698774373,-42986.312370822896,3.161,5166308.058548255,0.029265,200000,287071.73873758584,87071.73873758584,1.4353586936879292
2021-01-20,1,0.41234652970729474,-42986.312370822896,3.238,5166308.058548255,0.029638,200000,292308.7176959777,92308.71769597771,1.4615435884798886
2021-01-21,1,0.3814960618581012,-42986.312370822896,2.736,5166308.058548255,0.024845,200000,245967.47436120285,45967.474361202854,1.2298373718060143
2021-01-22,0,0.05506329676800016,0.0,2.918,0.0,0.027276,200000,268313.4751652718,68313.47516527178,1.3415673758263589
2021-01-23,2,2.0961003095763115,0.0,3.938,0.0,0.029377,200000,268313.4751652718,68313.47516527178,1.3415673758263589
2021-01-24,2,1.2116553807458377,0.0,3.545,0.0,0.028501,200000,268313.4751652718,68313.47516527178,1.3415673758263589
2021-01-25,0,0.052820311861568936,0.0,3.284,0.0,0.02909,200000,268313.4751652718,68313.47516527178,1.3415673758263589
2021-01-26,0,-0.9928175487742008,0.0,3.434,0.0,0.033123,200000,268313.4751652718,68313.47516527178,1.3415673758263589
2021-01-27,0,-0.7297423168846509,0.0,3.112,0.0,0.029239,200000,268313.4751652718,68313.47516527178,1.3415673758263589
2021-01-28,0,-0.17760182387443998,0.0,3.271,0.0,0.029324,200000,268313.4751652718,68313.47516527178,1.3415673758263589
2021-01-29,0,-0.06526188377524766,0.0,3.307,0.0,0.029445,200000,268313.4751652718,68313.47516527178,1.3415673758263589
2021-01-30,0,0.3096208436898397,0.0,3.297,0.0,0.028771,200000,268313.4751652718,68313.47516527178,1.3415673758263589
2021-01-31,0,0.7121073150224384,0.0,3.283,0.0,0.027867,200000,268313.4751652718,68313.47516527178,1.3415673758263589
2021-02-01,0,0.7479066966541529,0.0,3.471,0.0,0.029253,200000,268313.4751652718,68313.47516527178,1.3415673758263589
2021-02-02,0,0.3632255512208508,0.0,3.543,0.0,0.030505,200000,268313.4751652718,68313.47516527178,1.3415673758263589
2021-02-03,0,-0.2363636301964853,0.0,3.683,0.0,0.032849,200000,268313.4751652718,68313.47516527178,1.3415673758263589
2021-02-04,0,-0.8944846026176637,0.0,3.506,0.0,0.032624,200000,268313.4751652718,68313.47516527178,1.3415673758263589
2021-02-05,0,-0.6518342648307607,0.0,3.857,0.0,0.035359,200000,268313.4751652718,68313.47516527178,1.3415673758263589
2021-02-06,2,1.9408577376215579,0.0,4.432,0.0,0.03417,200000,268313.4751652718,68313.47516527178,1.3415673758263589
2021-02-07,0,0.6409808342161327,0.0,4.246,0.0,0.03559,200000,268313.4751652718,68313.47516527178,1.3415673758263589
2021-02-08,0,0.747113538980092,0.0,4.731,0.0,0.039173,200000,268313.4751652718,68313.47516527178,1.3415673758263589
2021-02-09,0,0.5528261186019632,0.0,5.015,0.0,0.041884,200000,268313.4751652718,68313.47516527178,1.3415673758263589
2021-02-10,2,3.7235679618356277,0.0,7.514,0.0,0.042009,200000,268313.4751652718,68313.47516527178,1.3415673758263589
2021-02-11,2,2.295690343434081,0.0,7.411,0.0,0.044899,200000,268313.4751652718,68313.47516527178,1.3415673758263589
2021-02-12,2,1.5369286791512615,0.0,7.345,0.0,0.047867,200000,268313.4751652718,68313.47516527178,1.3415673758263589
2021-02-13,0,0.96008066648452,0.0,7.718,0.0,0.053836,200000,268313.4751652718,68313.47516527178,1.3415673758263589
2021-02-14,0,-0.12417098003653203,0.0,6.986,0.0,0.057474,200000,268313.4751652718,68313.47516527178,1.3415673758263589
2021-02-15,0,-0.929550288453582,0.0,6.412,0.0,0.060898,200000,268313.4751652718,68313.47516527178,1.3415673758263589
2021-02-16,0,-0.673683169093972,0.0,6.426,0.0,0.057983,200000,268313.4751652718,68313.47516527178,1.3415673758263589
2021-02-17,0,-0.5381998300268965,0.0,6.639,0.0,0.058393,200000,268313.4751652718,68313.47516527178,1.3415673758263589
2021-02-18,0,-0.37868777636705014,0.0,7.133,0.0,0.060869,200000,268313.4751652718,68313.47516527178,1.3415673758263589
2021-02-19,-2,-1.808230974380863,0.0,7.262,0.0,0.086817,200000,268313.4751652718,68313.47516527178,1.3415673758263589
2021-02-20,-2,-1.88740350879565,0.0,6.693,0.0,0.089168,200000,268313.4751652718,68313.47516527178,1.3415673758263589
2021-02-21,-2,-1.5350946600712827,0.0,7.118,0.0,0.090146,200000,268313.4751652718,68313.47516527178,1.3415673758263589
2021-02-22,-2,-1.676047541055996,0.0,6.389,0.0,0.092491,200000,268313.4751652718,68313.47516527178,1.3415673758263589
2021-02-23,-2,-1.7137749556795892,0.0,5.148,0.0,0.084445,200000,268313.4751652718,68313.47516527178,1.3415673758263589
2021-02-24,-2,-1.5328500060271244,0.0,5.303,0.0,0.087108,200000,268313.4751652718,68313.47516527178,1.3415673758263589
2021-02-25,-2,-1.2743331339946364,0.0,5.128,0.0,0.078599,200000,268313.4751652718,68313.47516527178,1.3415673758263589
2021-02-26,-2,-1.2137512432109812,0.0,5.184,0.0,0.082858,200000,268313.4751652718,68313.47516527178,1.3415673758263589
2021-02-27,-2,-1.2635906794591647,0.0,5.267,0.0,0.094728,200000,268313.4751652718,68313.47516527178,1.3415673758263589
2021-02-28,-2,-1.2059526989980662,0.0,4.855,0.0,0.092106,200000,268313.4751652718,68313.47516527178,1.3415673758263589
2021-03-01,-2,-1.2224552156393762,0.0,5.27,0.0,0.112899,200000,268313.4751652718,68313.47516527178,1.3415673758263589
2021-03-02,-2,-1.2641284300219726,0.0,5.193,0.0,0.122481,200000,268313.4751652718,68313.47516527178,1.3415673758263589
2021-03-03,-2,-1.2257513127958326,0.0,5.34,0.0,0.128678,200000,268313.4751652718,68313.47516527178,1.3415673758263589
2021-03-04,-2,-1.2210946735573416,0.0,5.685,0.0,0.143324,200000,268313.4751652718,68313.47516527178,1.3415673758263589
2021-03-05,0,-0.9318822378270514,0.0,6.588,0.0,0.139971,200000,268313.4751652718,68313.47516527178,1.3415673758263589
2021-03-06,0,-0.9351830188718293,0.0,6.315,0.0,0.140474,200000,268313.4751652718,68313.47516527178,1.3415673758263589
2021-03-07,0,-0.9156303321367538,0.0,6.35,0.0,0.146994,200000,268313.4751652718,68313.47516527178,1.3415673758263589
2021-03-08,-1,-1.1009420365548868,21247.503576597384,6.314,-781749.0579428817,0.171611,200000,268313.4751652718,68313.47516527178,1.3415673758263589
2021-03-09,-1,-1.1255279776811122,21247.503576597384,6.558,-781749.0579428817,0.184748,200000,283767.70341215713,83767.70341215713,1.4188385170607858
2021-03-10,-2,-1.8148005273281886,0.0,6.23,0.0,0.253021,200000,333740.4562728359,133740.4562728359,1.6687022813641796
2021-03-11,-2,-2.0482984770111017,0.0,6.142,0.0,0.361876,200000,333740.4562728359,133740.4562728359,1.6687022813641796
2021-03-12,-2,-1.9144404365962366,0.0,5.837,0.0,0.394429,200000,333740.4562728359,133740.4562728359,1.6687022813641796
2021-03-13,-2,-1.6697218065513615,0.0,6.122,0.0,0.369683,200000,333740.4562728359,133740.4562728359,1.6687022813641796
2021-03-14,-2,-1.5622834306473599,0.0,5.832,0.0,0.374202,200000,333740.4562728359,133740.4562728359,1.6687022813641796
2021-03-15,-2,-1.31585388271892,0.0,5.95,0.0,0.344795,200000,333740.4562728359,133740.4562728359,1.6687022813641796
2021-03-16,-1,-1.1536228691918624,26204.49562443749,6.368,-472626.4710579147,0.35307,200000,333740.4562728359,133740.4562728359,1.6687022813641796
2021-03-17,-1,-1.0778000098696081,26204.49562443749,6.208,-472626.4710579147,0.346803,200000,326585.78687880596,126585.78687880596,1.6329289343940299
2021-03-18,-1,-0.9920751810374077,26204.49562443749,6.372,-472626.4710579147,0.352472,200000,333562.643625641,133562.643625641,1.667813218128205
2021-03-19,-1,-0.7467967581467756,26204.49562443749,7.005,-472626.4710579147,0.341767,200000,345090.62298323493,145090.62298323493,1.7254531149161747
2021-03-20,-1,-0.6371059258959187,26204.49562443749,6.665,-472626.4710579147,0.317905,200000,324903.28161854227,124903.28161854227,1.6245164080927115
2021-03-21,-1,-0.6520089477812203,26204.49562443749,6.596,-472626.4710579147,0.332983,200000,330221.4333510673,130221.4333510673,1.6511071667553365
2021-03-22,-1,-0.7547593375047283,26204.49562443749,6.538,-472626.4710579147,0.371675,200000,346988.43602302275,146988.43602302275,1.7349421801151137
2021-03-23,-1,-0.9132478408210841,26204.49562443749,6.999,-472626.4710579147,0.476938,200000,408818.78872885776,208818.78872885776,2.044093943644289
2021-03-24,-1,-0.5121146038422112,26204.49562443749,7.226,-472626.4710579147,0.392889,200000,375043.42696965835,175043.42696965835,1.8752171348482918
2021-03-25,-1,-0.30622899262919295,26204.49562443749,8.225,-472626.4710579147,0.417473,200000,412840.76726295915,212840.76726295915,2.064203836314796
2021-03-26,0,-0.08316782947431872,0.0,8.635,0.0,0.416534,200000,304329.6310514556,104329.63105145562,1.521648155257278
2021-03-27,0,0.20583660139951263,0.0,8.535,0.0,0.396588,200000,304329.6310514556,104329.63105145562,1.521648155257278
2021-03-28,0,0.23613305224456094,0.0,8.207,0.0,0.399384,200000,304329.6310514556,104329.63105145562,1.521648155257278
2021-03-29,0,0.9932228811837379,0.0,8.753,0.0,0.41121,200000,304329.6310514556,104329.63105145562,1.521648155257278
2021-03-30,2,1.2195846226924465,0.0,8.76,0.0,0.411099,200000,304329.6310514556,104329.63105145562,1.521648155257278
2021-03-31,2,1.5646706481387762,0.0,9.389,0.0,0.416252,200000,304329.6310514556,104329.63105145562,1.521648155257278
2021-04-01,2,1.983965908718447,0.0,10.032,0.0,0.415404,200000,304329.6310514556,104329.63105145562,1.521648155257278
2021-04-02,2,1.4096975985215894,0.0,10.178,0.0,0.439453,200000,304329.6310514556,104329.63105145562,1.521648155257278
2021-04-03,2,1.8334610804801272,0.0,9.749,0.0,0.393855,200000,304329.6310514556,104329.63105145562,1.521648155257278
2021-04-04,2,2.0489872372238347,0.0,10.77,0.0,0.410231,200000,304329.6310514556,104329.63105145562,1.521648155257278
2021-04-05,2,2.817321985999518,0.0,11.838,0.0,0.376921,200000,304329.6310514556,104329.63105145562,1.521648155257278
2021-04-06,2,3.4784245848212874,0.0,15.252,0.0,0.347919,200000,304329.6310514556,104329.63105145562,1.521648155257278
2021-04-07,2,2.5962350723844354,0.0,15.695,0.0,0.359988,200000,304329.6310514556,104329.63105145562,1.521648155257278
2021-04-08,2,2.1578647517307283,0.0,16.809,0.0,0.382227,200000,304329.6310514556,104329.63105145562,1.521648155257278
2021-04-09,2,1.6734029024707875,0.0,15.745,0.0,0.375167,200000,304329.6310514556,104329.63105145562,1.521648155257278
2021-04-10,2,1.6409690357811373,0.0,15.907,0.0,0.361716,200000,304329.6310514556,104329.63105145562,1.521648155257278
2021-04-11,2,1.3111798041646632,0.0,14.94,0.0,0.354218,200000,304329.6310514556,104329.63105145562,1.521648155257278
2021-04-12,1,1.0507272079907684,-10486.892868761393,14.51,425145.88928487396,0.357912,200000,304329.6310514556,104329.63105145562,1.521648155257278
2021-04-13,1,1.1428079335151942,-10486.892868761393,15.052,425145.88928487396,0.352329,200000,307639.93748644687,107639.93748644687,1.5381996874322343
2021-04-14,2,1.439089723943906,0.0,15.895,0.0,0.334358,200000,328867.8639509061,128867.86395090609,1.6443393197545304
2021-04-15,2,1.3707865044576617,0.0,17.62,0.0,0.363338,200000,328867.8639509061,128867.86395090609,1.6443393197545304
2021-04-16,1,1.1445211814788923,-8961.953999098161,18.348,424439.8291632544,0.387414,200000,328867.8639509061,128867.86395090609,1.6443393197545304
2021-04-17,1,1.139103328572888,-8961.953999098161,17.246,424439.8291632544,0.355571,200000,305476.3531638544,105476.3531638544,1.527381765819272
2021-04-18,2,1.7813373074320924,0.0,18.38,0.0,0.318046,200000,358597.1885482739,158597.18854827387,1.7929859427413692
2021-04-19,2,1.833894559752215,0.0,18.299,0.0,0.300044,200000,358597.1885482739,158597.18854827387,1.7929859427413692
2021-04-20,2,1.2995705432753417,0.0,17.496,0.0,0.31082,200000,358597.1885482739,158597.18854827387,1.7929859427413692
2021-04-21,1,1.0415324336279497,-11357.356956618542,15.787,618187.8791270724,0.290039,200000,358597.1885482739,158597.18854827387,1.7929859427413692
2021-04-22,1,0.8630397724409489,-11357.356956618542,13.361,618187.8791270724,0.250976,200000,306895.9674491765,106895.96744917647,1.5344798372458823
2021-04-23,1,0.36529179942321316,-11357.356956618542,13.052,618187.8791270724,0.265,200000,312056.0109664594,112056.0109664594,1.560280054832297
2021-04-24,1,0.2281147284193799,-11357.356956618542,11.668,618187.8791270724,0.238531,200000,279974.6139658848,79974.61396588478,1.399873069829424
2021-04-25,0,-0.5495862585324081,0.0,11.938,0.0,0.26626,200000,329582.61120001174,129582.61120001174,1.6479130560000588
2021-04-26,0,-0.30645238570664984,0.0,14.025,0.0,0.3023,200000,329582.61120001174,129582.61120001174,1.6479130560000588
2021-04-27,0,-0.3321178189872402,0.0,14.913,0.0,0.32129,200000,329582.61120001174,129582.61120001174,1.6479130560000588
2021-04-28,0,-0.4815275596446724,0.0,14.347,0.0,0.31404,200000,329582.61120001174,129582.61120001174,1.6479130560000588
2021-04-29,-1,-1.0985380605258934,11596.854722027154,14.21,-490231.46095494827,0.33615,200000,329582.61120001174,129582.61120001174,1.6479130560000588
2021-04-30,-1,-1.1193000340802954,11596.854722027154,15.021,-490231.46095494827,0.35815,200000,349772.7525205846,149772.75252058462,1.748863762602923
2021-05-01,-1,-1.0792315112356479,11596.854722027154,15.126,-490231.46095494827,0.35872,200000,351269.85419914173,151269.85419914173,1.7563492709957087
2021-05-02,-1,-1.0291826055019628,11596.854722027154,15.237,-490231.46095494827,0.35685,200000,351640.372241301,151640.372241301,1.758201861206505
2021-05-03,-1,-1.087386321910569,11596.854722027154,15.754,-490231.46095494827,0.37214,200000,365131.5851705902,165131.5851705902,1.825657925852951
2021-05-04,-1,-1.0715332622987377,11596.854722027154,13.793,-490231.46095494827,0.32882,200000,321153.3261721266,121153.32617212657,1.6057666308606329
2021-05-05,-1,-0.3019355726163378,11596.854722027154,17.768,-490231.46095494827,0.38419,200000,394394.93968526006,194394.93968526006,1.9719746984263002
2021-05-06,0,2.317707081691181,0.0,24.776,0.0,0.38257,200000,229806.7886246015,29806.788624601497,1.1490339431230074
2021-05-07,2,2.0549363067206485,0.0,26.732,0.0,0.40605,200000,229806.7886246015,29806.788624601497,1.1490339431230074
2021-05-08,2,1.66985849487825,0.0,25.673,0.0,0.40215,200000,229806.7886246015,29806.788624601497,1.1490339431230074
2021-05-09,2,2.193345097934563,0.0,27.365,0.0,0.3874,200000,229806.7886246015,29806.788624601497,1.1490339431230074
2021-05-10,2,1.6945960828979065,0.0,23.534,0.0,0.34681,200000,229806.7886246015,29806.788624601497,1.1490339431230074
2021-05-11,2,1.8764913956858946,0.0,26.51,0.0,0.36499,200000,229806.7886246015,29806.788624601497,1.1490339431230074
2021-05-12,2,1.4456815348135756,0.0,20.008,0.0,0.28697,200000,229806.7886246015,29806.788624601497,1.1490339431230074
2021-05-13,0,0.7339908628428137,0.0,20.782,0.0,0.33436,200000,229806.7886246015,29806.788624601497,1.1490339431230074
2021-05-14,0,0.8522716842589683,0.0,21.944,0.0,0.34021,200000,229806.7886246015,29806.788624601497,1.1490339431230074
2021-05-15,0,0.6789084290668257,0.0,19.938,0.0,0.31496,200000,229806.7886246015,29806.788624601497,1.1490339431230074
2021-05-16,0,0.041778590065321905,0.0,19.315,0.0,0.344,200000,229806.7886246015,29806.788624601497,1.1490339431230074
2021-05-17,0,-0.29624834757415,0.0,17.42,0.0,0.33172,200000,229806.7886246015,29806.788624601497,1.1490339431230074
2021-05-18,0,-0.15307570650066757,0.0,18.053,0.0,0.33024,200000,229806.7886246015,29806.788624601497,1.1490339431230074
2021-05-19,0,-0.8945546409091097,0.0,10.861,0.0,0.23274,200000,229806.7886246015,29806.788624601497,1.1490339431230074
2021-05-20,0,-0.8624540739188736,0.0,13.621,0.0,0.28624,200000,229806.7886246015,29806.788624601497,1.1490339431230074
2021-05-21,-2,-1.2520491863532157,0.0,11.104,0.0,0.25489,200000,229806.7886246015,29806.788624601497,1.1490339431230074
2021-05-22,-2,-1.869502732545515,0.0,9.698,0.0,0.27369,200000,229806.7886246015,29806.788624601497,1.1490339431230074
2021-05-23,-2,-1.9583613170615168,0.0,8.109,0.0,0.25157,200000,229806.7886246015,29806.788624601497,1.1490339431230074
2021-05-24,-2,-1.2737942442658776,0.0,11.282,0.0,0.27944,200000,229806.7886246015,29806.788624601497,1.1490339431230074
2021-05-25,-1,-1.1355259771107937,9902.050526740844,11.604,-411618.8225409305,0.27915,200000,229806.7886246015,29806.788624601497,1.1490339431230074
2021-05-26,-1,-1.0581714428386113,9902.050526740844,12.605,-411618.8225409305,0.30654,200000,250992.98075126516,50992.98075126516,1.2549649037563257
2021-05-27,-1,-0.5502542209809541,9902.050526740844,14.614,-411618.8225409305,0.31268,200000,273413.53982988885,73413.53982988885,1.3670676991494441
2021-05-28,-1,-0.8882957976859275,9902.050526740844,12.116,-411618.8225409305,0.29327,200000,240688.69626857073,40688.696268570726,1.2034434813428536
2021-05-29,-1,-0.9550201830256608,9902.050526740844,11.254,-411618.8225409305,0.28627,200000,229271.79695673363,29271.796956733626,1.1463589847836682
2021-05-30,-1,-1.0088336986765671,9902.050526740844,11.412,-411618.8225409305,0.30461,200000,238385.41014535935,38385.41014535935,1.1919270507267967
2021-05-31,-1,-1.0273312976783557,9902.050526740844,12.402,-411618.8225409305,0.34008,200000,262788.55980235955,62788.55980235955,1.3139427990117978
2021-06-01,-2,-1.3182699938223996,0.0,11.87,0.0,0.36487,200000,262456.808652697,62456.808652697015,1.312284043263485
2021-06-02,-1,-1.179331958725915,10848.90908782643,12.096,-357200.7303782147,0.36738,200000,262456.808652697,62456.808652697015,1.312284043263485
2021-06-03,-2,-1.5339051898320202,0.0,12.41,0.0,0.43258,200000,282339.73881977913,82339.73881977913,1.4116986940988956
2021-06-04,-2,-1.7425006542018568,0.0,11.296,0.0,0.43143,200000,282339.73881977913,82339.73881977913,1.4116986940988956
2021-06-05,-2,-1.7641962055169613,0.0,10.927,0.0,0.44424,200000,282339.73881977913,82339.73881977913,1.4116986940988956
2021-06-06,-2,-1.6507728888606301,0.0,11.07,0.0,0.4597,200000,282339.73881977913,82339.73881977913,1.4116986940988956
2021-06-07,-2,-1.9380000921218814,0.0,9.701,0.0,0.4784,200000,282339.73881977913,82339.73881977913,1.4116986940988956
2021-06-08,-2,-2.068064722811491,0.0,9.376,0.0,0.5775,200000,282339.73881977913,82339.73881977913,1.4116986940988956
2021-06-09,-2,-1.7353375265618174,0.0,9.934,0.0,0.57565,200000,282339.73881977913,82339.73881977913,1.4116986940988956
2021-06-10,-2,-1.4456603588772643,0.0,9.73,0.0,0.53091,200000,282339.73881977913,82339.73881977913,1.4116986940988956
2021-06-11,-2,-1.2573580812509162,0.0,9.06,0.0,0.48342,200000,282339.73881977913,82339.73881977913,1.4116986940988956
2021-06-12,-1,-1.0090033358801607,16457.20091045577,8.578,-333238.6030495705,0.42363,200000,282339.73881977913,82339.73881977913,1.4116986940988956
2021-06-13,-2,-1.2824059541727544,0.0,9.243,0.0,0.57385,200000,321454.8031644325,121454.80316443252,1.6072740158221626
2021-06-14,-1,-1.0717842423905506,17047.87882713367,9.428,-292130.72135483427,0.55019,200000,321454.8031644325,121454.80316443252,1.6072740158221626
2021-06-15,-1,-0.8409444809204435,17047.87882713367,9.257,-292130.72135483427,0.49849,200000,303436.45759094774,103436.45759094774,1.5171822879547388
2021-06-16,-1,-0.9243614260401344,17047.87882713367,8.694,-292130.72135483427,0.504,200000,295448.1420859366,95448.14208593662,1.4772407104296832
2021-06-17,-1,-1.0719671890783262,17047.87882713367,8.632,-292130.72135483427,0.56207,200000,311355.20458772953,111355.20458772953,1.5567760229386476
2021-06-18,-1,-1.1887346155111012,17047.87882713367,8.02,-292130.72135483427,0.5792,200000,305926.10200233205,105926.10200233205,1.52963051001166
2021-06-19,-2,-1.2279672011494325,0.0,7.672,0.0,0.5873,200000,362231.8494543572,162231.84945435717,1.811159247271786
2021-06-20,-2,-1.2248947505818273,0.0,7.545,0.0,0.58881,200000,362231.8494543572,162231.84945435717,1.811159247271786
2021-06-21,-2,-1.3008450729665806,0.0,5.478,0.0,0.45868,200000,362231.8494543572,162231.84945435717,1.811159247271786
2021-06-22,-2,-1.4639828372225285,0.0,4.997,0.0,0.45324,200000,362231.8494543572,162231.84945435717,1.811159247271786
2021-06-23,-1,-1.160269812742275,30708.023860152356,5.898,-377332.7042796279,0.47999,200000,362231.8494543572,162231.84945435717,1.811159247271786
2021-06-24,-1,-1.0122834377008851,30708.023860152356,6.175,-377332.7042796279,0.48658,200000,373224.59458482213,173224.59458482213,1.8661229729241107
2021-06-25,-1,-0.8888895433118463,30708.023860152356,5.512,-377332.7042796279,0.42552,200000,329825.239842227,129825.23984222702,1.649126199211135
2021-06-26,-1,-0.6034566692203222,30708.023860152356,5.822,-377332.7042796279,0.42354,200000,338597.6084844006,138597.6084844006,1.692988042422003
2021-06-27,-1,-0.3430052566241848,30708.023860152356,6.16,-377332.7042796279,0.43151,200000,351984.26220224076,151984.26220224076,1.7599213110112037
2021-06-28,0,-0.14246164876819653,0.0,6.323,0.0,0.429,200000,329940.7447225742,129940.74472257419,1.649703723612871
2021-06-29,0,0.9441605441933818,0.0,7.566,0.0,0.42802,200000,329940.7447225742,129940.74472257419,1.649703723612871
2021-06-30,2,1.287621736280803,0.0,7.68,0.0,0.41198,200000,329940.7447225742,129940.74472257419,1.649703723612871
2021-07-01,2,1.3109606646351937,0.0,7.062,0.0,0.37767,200000,329940.7447225742,129940.74472257419,1.649703723612871
2021-07-02,2,1.5525819409760824,0.0,7.06,0.0,0.36884,200000,329940.7447225742,129940.74472257419,1.649703723612871
2021-07-03,2,1.440054337089961,0.0,7.251,0.0,0.3772,200000,329940.7447225742,129940.74472257419,1.649703723612871
2021-07-04,2,1.4867971146860608,0.0,7.395,0.0,0.37538,200000,329940.7447225742,129940.74472257419,1.649703723612871
2021-07-05,2,1.4280933930238975,0.0,6.952,0.0,0.35303,200000,329940.7447225742,129940.74472257419,1.649703723612871
2021-07-06,2,1.4870088683784781,0.0,7.167,0.0,0.35359,200000,329940.7447225742,129940.74472257419,1.649703723612871
2021-07-07,2,1.286582368799302,0.0,7.086,0.0,0.35301,200000,329940.7447225742,129940.74472257419,1.649703723612871
2021-07-08,0,0.3139629264283426,0.0,6.495,0.0,0.38178,200000,329940.7447225742,129940.74472257419,1.649703723612871
2021-07-09,0,0.8053640212180602,0.0,6.776,0.0,0.35844,200000,329940.7447225742,129940.74472257419,1.649703723612871
2021-07-10,0,0.8670473522504846,0.0,6.639,0.0,0.34214,200000,329940.7447225742,129940.74472257419,1.649703723612871
2021-07-11,0,0.7595579994765198,0.0,6.7,0.0,0.34683,200000,329940.7447225742,129940.74472257419,1.649703723612871
2021-07-12,0,0.82660069685721,0.0,6.548,0.0,0.33194,200000,329940.7447225742,129940.74472257419,1.649703723612871
2021-07-13,0,0.8364611248827148,0.0,6.212,0.0,0.31135,200000,329940.7447225742,129940.74472257419,1.649703723612871
2021-07-14,1,1.0435100434237192,-26608.124574401143,6.2,549479.973224818,0.30023,200000,329940.7447225742,129940.74472257419,1.649703723612871
2021-07-15,1,0.9148945012295576,-26608.124574401143,5.92,549479.973224818,0.28951,200000,316600.04452877183,116600.04452877183,1.583000222643859
2021-07-16,1,1.1724151642311869,-26608.124574401143,5.528,549479.973224818,0.26293,200000,291564.48200729094,91564.48200729094,1.4578224100364547
2021-07-17,1,0.691412438957461,-26608.124574401143,5.565,549479.973224818,0.27528,200000,299335.0602858703,99335.06028587028,1.4966753014293515
2021-07-18,0,-0.2899847677637654,0.0,5.67,0.0,0.29584,200000,318250.6557805985,118250.65578059852,1.5912532789029927
2021-07-19,0,0.8748975263927882,0.0,5.314,0.0,0.26095,200000,318250.6557805985,118250.65578059852,1.5912532789029927
2021-07-20,2,1.92449309627802,0.0,4.977,0.0,0.23041,200000,318250.6557805985,118250.65578059852,1.5912532789029927
2021-07-21,0,0.06826624457795279,0.0,5.388,0.0,0.27142,200000,318250.6557805985,118250.65578059852,1.5912532789029927
2021-07-22,0,0.08862210803384121,0.0,5.6,0.0,0.2813,200000,318250.6557805985,118250.65578059852,1.5912532789029927
2021-07-23,0,0.7212972884681945,0.0,5.87,0.0,0.28544,200000,318250.6557805985,118250.65578059852,1.5912532789029927
2021-07-24,0,-0.9125999442993358,0.0,6.088,0.0,0.32065,200000,318250.6557805985,118250.65578059852,1.5912532789029927
2021-07-25,-2,-2.0791257006033046,0.0,6.213,0.0,0.35555,200000,318250.6557805985,118250.65578059852,1.5912532789029927
2021-07-26,0,-0.662213528956095,0.0,6.312,0.0,0.33305,200000,318250.6557805985,118250.65578059852,1.5912532789029927
2021-07-27,0,-0.5030104453882173,0.0,6.514,0.0,0.34149,200000,318250.6557805985,118250.65578059852,1.5912532789029927
2021-07-28,0,0.41666200099227135,0.0,6.638,0.0,0.32909,200000,318250.6557805985,118250.65578059852,1.5912532789029927
2021-07-29,0,0.49974464226621096,0.0,6.766,0.0,0.33316,200000,318250.6557805985,118250.65578059852,1.5912532789029927
2021-07-30,2,1.7676777436332654,0.0,7.228,0.0,0.33288,200000,318250.6557805985,118250.65578059852,1.5912532789029927
2021-07-31,2,2.9701190750446327,0.0,7.986,0.0,0.3292,200000,318250.6557805985,118250.65578059852,1.5912532789029927
2021-08-01,2,2.0702931391864166,0.0,7.332,0.0,0.31032,200000,318250.6557805985,118250.65578059852,1.5912532789029927
2021-08-02,2,2.7509106057125927,0.0,7.986,0.0,0.30342,200000,318250.6557805985,118250.65578059852,1.5912532789029927
2021-08-03,2,2.260036699862385,0.0,7.779,0.0,0.29418,200000,318250.6557805985,118250.65578059852,1.5912532789029927
2021-08-04,2,1.8476148534638035,0.0,7.993,0.0,0.30479,200000,318250.6557805985,118250.65578059852,1.5912532789029927
2021-08-05,2,1.2385970477341257,0.0,8.133,0.0,0.32597,200000,318250.6557805985,118250.65578059852,1.5912532789029927
2021-08-06,2,1.9099902995533735,0.0,8.752,0.0,0.3149,200000,318250.6557805985,118250.65578059852,1.5912532789029927
2021-08-07,2,2.949186036456824,0.0,10.89,0.0,0.31047,200000,318250.6557805985,118250.65578059852,1.5912532789029927
2021-08-08,2,2.437364249441641,0.0,10.247,0.0,0.28578,200000,318250.6557805985,118250.65578059852,1.5912532789029927
2021-08-09,2,1.9500158849021856,0.0,10.755,0.0,0.30498,200000,318250.6557805985,118250.65578059852,1.5912532789029927
2021-08-10,2,1.6160162537212799,0.0,10.689,0.0,0.3081,200000,318250.6557805985,118250.65578059852,1.5912532789029927
2021-08-11,1,1.0071074894955032,-14740.651031986963,10.795,466465.35892562737,0.34113,200000,318250.6557805985,118250.65578059852,1.5912532789029927
2021-08-12,1,0.7979387612867384,-14740.651031986963,10.31,466465.35892562737,0.3339,200000,307728.8954850526,107728.8954850526,1.538644477425263
2021-08-13,2,1.9183707639852086,0.0,13.981,0.0,0.352,200000,360143.89151698747,160143.89151698747,1.8007194575849375
2021-08-14,2,1.7947250501568937,0.0,14.1,0.0,0.34815,200000,360143.89151698747,160143.89151698747,1.8007194575849375
2021-08-15,2,1.532664436802591,0.0,13.778,0.0,0.34505,200000,360143.89151698747,160143.89151698747,1.8007194575849375
2021-08-16,1,1.027187224764291,-13591.361292059304,13.249,503866.88051512046,0.35738,200000,360143.89151698747,160143.89151698747,1.8007194575849375
2021-08-17,1,0.9954150213022919,-13591.361292059304,12.446,503866.88051512046,0.332,200000,336441.8869719901,136441.8869719901,1.6822094348599506
2021-08-18,2,1.2624300265484145,0.0,12.929,0.0,0.32373,200000,372749.7764328623,172749.77643286227,1.8637488821643113
2021-08-19,1,1.1980589481749186,-13998.414316991973,13.314,562386.5063863342,0.3314,200000,372749.7764328623,172749.77643286227,1.8637488821643113
2021-08-20,2,1.340026004174399,0.0,14.152,0.0,0.33806,200000,380734.9534979685,180734.9534979685,1.9036747674898424
2021-08-21,1,1.0587174904814582,-13868.104957309262,13.727,564252.4060376555,0.33738,200000,380734.9534979685,180734.9534979685,1.9036747674898424
2021-08-22,1,0.8867388067150578,-13868.104957309262,13.555,564252.4060376555,0.3372,200000,378248.0740122245,178248.0740122245,1.8912403700611224
2021-08-23,1,0.6641892508218398,-13868.104957309262,13.816,564252.4060376555,0.35075,200000,389513.26950789243,189513.26950789243,1.9475663475394622
2021-08-24,1,0.3557082232683452,-13868.104957309262,12.666,564252.4060376555,0.33145,200000,362674.8773704601,162674.87737046008,1.8133743868523005
2021-08-25,0,0.1600545636069765,0.0,12.961,0.0,0.34281,200000,367048.09453588515,167048.09453588515,1.8352404726794256
2021-08-26,0,-0.16659390277820565,0.0,11.822,0.0,0.318,200000,367048.09453588515,167048.09453588515,1.8352404726794256
2021-08-27,0,0.0978675211198265,0.0,12.854,0.0,0.3372,200000,367048.09453588515,167048.09453588515,1.8352404726794256
2021-08-28,0,0.1190679429021256,0.0,12.597,0.0,0.3289,200000,367048.09453588515,167048.09453588515,1.8352404726794256
2021-08-29,0,0.3926175936788448,0.0,12.926,0.0,0.3291,200000,367048.09453588515,167048.09453588515,1.8352404726794256
2021-08-30,0,-0.24158524302195394,0.0,12.217,0.0,0.3246,200000,367048.09453588515,167048.09453588515,1.8352404726794256
2021-08-31,0,-0.45614646421653177,0.0,12.414,0.0,0.3305,200000,367048.09453588515,167048.09453588515,1.8352404726794256
2021-09-01,0,-0.2064705000009916,0.0,13.23,0.0,0.3418,200000,367048.09453588515,167048.09453588515,1.8352404726794256
2021-09-02,0,-0.34409682171155614,0.0,13.249,0.0,0.3445,200000,367048.09453588515,167048.09453588515,1.8352404726794256
2021-09-03,-2,-1.3624013018685006,0.0,13.597,0.0,0.3688,200000,367048.09453588515,167048.09453588515,1.8352404726794256
2021-09-04,0,-0.6807469836225933,0.0,14.146,0.0,0.3752,200000,367048.09453588515,167048.09453588515,1.8352404726794256
2021-09-05,2,1.6699320996528366,0.0,16.112,0.0,0.3908,200000,367048.09453588515,167048.09453588515,1.8352404726794256
2021-09-06,-2,-2.0874385587831403,0.0,15.619,0.0,0.4413,200000,367048.09453588515,167048.09453588515,1.8352404726794256
2021-09-07,-1,-1.0362263949913497,14658.470229068897,12.52,-540890.2070967951,0.3393,200000,367048.09453588515,167048.09453588515,1.8352404726794256
2021-09-08,0,-0.14212719237924812,0.0,12.466,0.0,0.3258,200000,360537.6341324481,160537.63413244812,1.8026881706622406
2021-09-09,2,1.4186291579359598,0.0,13.402,0.0,0.3311,200000,360537.6341324481,160537.63413244812,1.8026881706622406
2021-09-10,2,2.007176104701698,0.0,12.78,0.0,0.3077,200000,360537.6341324481,160537.63413244812,1.8026881706622406
2021-09-11,2,1.6872752573122385,0.0,12.792,0.0,0.3103,200000,360537.6341324481,160537.63413244812,1.8026881706622406
2021-09-12,2,1.8665912926188033,0.0,13.404,0.0,0.3195,200000,360537.6341324481,160537.63413244812,1.8026881706622406
2021-09-13,2,1.6263254112706864,0.0,12.479,0.0,0.2975,200000,360537.6341324481,160537.63413244812,1.8026881706622406
2021-09-14,0,0.8763572276796499,0.0,12.845,0.0,0.3158,200000,360537.6341324481,160537.63413244812,1.8026881706622406
2021-09-15,0,0.4291565120997144,0.0,13.04,0.0,0.3266,200000,360537.6341324481,160537.63413244812,1.8026881706622406
2021-09-16,0,0.46944043762579274,0.0,12.672,0.0,0.316,200000,360537.6341324481,160537.63413244812,1.8026881706622406
2021-09-17,0,0.7611595369682077,0.0,12.496,0.0,0.3063,200000,360537.6341324481,160537.63413244812,1.8026881706622406
2021-09-18,0,0.6110314937722139,0.0,12.549,0.0,0.3092,200000,360537.6341324481,160537.63413244812,1.8026881706622406
2021-09-19,0,0.6332026854325924,0.0,12.17,0.0,0.2985,200000,360537.6341324481,160537.63413244812,1.8026881706622406
2021-09-20,0,0.0841926755946669,0.0,10.386,0.0,0.2608,200000,360537.6341324481,160537.63413244812,1.8026881706622406
2021-09-21,-2,-1.6393783544840501,0.0,9.325,0.0,0.2572,200000,360537.6341324481,160537.63413244812,1.8026881706622406
2021-09-22,0,-0.6147562418540979,0.0,10.77,0.0,0.2812,200000,360537.6341324481,160537.63413244812,1.8026881706622406
2021-09-23,0,-0.7522947409851403,0.0,10.969,0.0,0.2876,200000,360537.6341324481,160537.63413244812,1.8026881706622406
2021-09-24,-2,-1.233735266247144,0.0,9.934,0.0,0.2675,200000,360537.6341324481,160537.63413244812,1.8026881706622406
2021-09-25,-2,-1.2769743619660419,0.0,9.715,0.0,0.2643,200000,360537.6341324481,160537.63413244812,1.8026881706622406
2021-09-26,-2,-2.146515959206917,0.0,9.507,0.0,0.2729,200000,360537.6341324481,160537.63413244812,1.8026881706622406
2021-09-27,-2,-1.8960877104009488,0.0,9.252,0.0,0.2646,200000,360537.6341324481,160537.63413244812,1.8026881706622406
2021-09-28,-2,-1.8873203670160734,0.0,8.659,0.0,0.2523,200000,360537.6341324481,160537.63413244812,1.8026881706622406
2021-09-29,-1,-1.1791072079530882,19925.811547056932,9.047,-712524.9686412018,0.253,200000,360537.6341324481,160537.63413244812,1.8026881706622406
2021-09-30,0,0.4014678244580968,0.0,10.406,0.0,0.2621,200000,339942.43345463276,139942.43345463276,1.6997121672731637
2021-10-01,0,0.4605326483000879,0.0,11.603,0.0,0.2919,200000,339942.43345463276,139942.43345463276,1.6997121672731637
2021-10-02,2,2.464576376976837,0.0,13.805,0.0,0.3013,200000,339942.43345463276,139942.43345463276,1.6997121672731637
2021-10-03,2,2.4268598224024354,0.0,13.978,0.0,0.2962,200000,339942.43345463276,139942.43345463276,1.6997121672731637
2021-10-04,2,1.8668414915085683,0.0,13.698,0.0,0.2961,200000,339942.43345463276,139942.43345463276,1.6997121672731637
2021-10-05,0,0.8917420620005948,0.0,13.249,0.0,0.309,200000,339942.43345463276,139942.43345463276,1.6997121672731637
2021-10-06,1,1.0568540492776748,-12841.584823762192,13.236,562632.2963499384,0.3021,200000,339942.43345463276,139942.43345463276,1.6997121672731637
2021-10-07,1,0.6819025323080405,-12841.584823762192,12.909,562632.2963499384,0.304,200000,336812.2365803274,136812.2365803274,1.684061182901637
2021-10-08,1,0.24938592205964086,-12841.584823762192,12.618,562632.2963499384,0.3095,200000,336169.8130265373,136169.8130265373,1.6808490651326866
2021-10-09,2,1.6861901441735982,0.0,14.895,0.0,0.3146,200000,354213.7189728799,154213.71897287993,1.7710685948643996
2021-10-10,0,0.8055652947365007,0.0,13.071,0.0,0.2982,200000,354213.7189728799,154213.71897287993,1.7710685948643996
2021-10-11,0,0.7564937401436213,0.0,13.048,0.0,0.2967,200000,354213.7189728799,154213.71897287993,1.7710685948643996
2021-10-12,1,1.1422008964452701,-13328.330786155928,13.288,615595.6186529022,0.2877,200000,354213.7189728799,154213.71897287993,1.7710685948643996
2021-10-13,1,0.9395672201609696,-13328.330786155928,13.372,615595.6186529022,0.2925,200000,358288.15772845095,158288.15772845095,1.7914407886422548
2021-10-14,1,0.79823389448057,-13328.330786155928,13.253,615595.6186529022,0.2915,200000,356086.4907462455,156086.4907462455,1.7804324537312275
2021-10-15,1,0.392965361281454,-13328.330786155928,12.601,615595.6186529022,0.2867,200000,344441.5601041379,144441.56010413793,1.7222078005206898
2021-10-16,1,0.597543065983878,-13328.330786155928,12.843,615595.6186529022,0.2844,200000,346251.146231486,146251.146231486,1.7312557311574301
2021-10-17,1,0.26855937308499683,-13328.330786155928,12.46,615595.6186529022,0.282,200000,339668.9660556213,139668.96605562128,1.6983448302781063
2021-10-18,0,0.09430339849364922,0.0,12.337,0.0,0.2805,200000,345970.76484954654,145970.76484954654,1.7298538242477326
2021-10-19,0,-0.04257265492279916,0.0,12.421,0.0,0.2821,200000,345970.76484954654,145970.76484954654,1.7298538242477326
2021-10-20,0,0.3073676799023287,0.0,13.126,0.0,0.2918,200000,345970.76484954654,145970.76484954654,1.7298538242477326
2021-10-21,1,1.0429937135221787,-13119.862148257358,13.185,609318.007836468,0.2839,200000,345970.76484954654,145970.76484954654,1.7298538242477326
2021-10-22,0,-1.1437535867555884,0.0,12.827,0.0,0.3009,200000,330915.4480672504,130915.44806725043,1.6545772403362522
2021-10-23,0,-0.10028901018400799,0.0,13.251,0.0,0.2994,200000,330915.4480672504,130915.44806725043,1.6545772403362522
2021-10-24,0,-2.6800639203359924e-05,0.0,13.021,0.0,0.2938,200000,330915.4480672504,130915.44806725043,1.6545772403362522
2021-10-25,-1,-1.0648170387970568,12491.14631085801,13.246,-533218.5756803906,0.3103,200000,330915.4480672504,130915.44806725043,1.6545772403362522
2021-10-26,-2,-2.408660823344496,0.0,13.104,0.0,0.3304,200000,343406.88421456807,143406.88421456807,1.7170344210728403
2021-10-27,-2,-2.726529710792338,0.0,11.689,0.0,0.3122,200000,343406.88421456807,143406.88421456807,1.7170344210728403
2021-10-28,-2,-1.4744095897043104,0.0,13.033,0.0,0.3233,200000,343406.88421456807,143406.88421456807,1.7170344210728403
2021-10-29,-2,-2.2451931902656206,0.0,13.317,0.0,0.3559,200000,343406.88421456807,143406.88421456807,1.7170344210728403
2021-10-30,-2,-2.669235349986427,0.0,13.078,0.0,0.3869,200000,343406.88421456807,143406.88421456807,1.7170344210728403
2021-10-31,0,0.5809824071353163,0.0,15.846,0.0,0.3533,200000,343406.88421456807,143406.88421456807,1.7170344210728403
2021-11-01,2,1.4847678408275622,0.0,16.855,0.0,0.3495,200000,343406.88421456807,143406.88421456807,1.7170344210728403
2021-11-02,1,1.1368433040367958,-10107.337067770428,16.988,476556.8751242965,0.3603,200000,343406.88421456807,143406.88421456807,1.7170344210728403
2021-11-03,0,0.17363637728739414,0.0,16.296,0.0,0.374,200000,329883.77777446806,129883.77777446806,1.6494188888723404
2021-11-04,0,0.06811958609142284,0.0,15.864,0.0,0.3676,200000,329883.77777446806,129883.77777446806,1.6494188888723404
2021-11-05,0,-0.16656477946864195,0.0,15.825,0.0,0.3752,200000,329883.77777446806,129883.77777446806,1.6494188888723404
2021-11-06,0,0.43801207318188357,0.0,16.875,0.0,0.3808,200000,329883.77777446806,129883.77777446806,1.6494188888723404
2021-11-07,0,0.04816085871210867,0.0,16.485,0.0,0.3844,200000,329883.77777446806,129883.77777446806,1.6494188888723404
2021-11-08,0,0.4451695029183806,0.0,17.045,0.0,0.3848,200000,329883.77777446806,129883.77777446806,1.6494188888723404
2021-11-09,2,1.2576342253009447,0.0,17.844,0.0,0.3762,200000,329883.77777446806,129883.77777446806,1.6494188888723404
2021-11-10,1,1.056636246245194,-10157.145691682617,16.239,474652.91766110517,0.3475,200000,329883.77777446806,129883.77777446806,1.6494188888723404
2021-11-11,1,1.0265014781022899,-10157.145691682617,16.292,474652.91766110517,0.347,200000,330184.7800372967,130184.7800372967,1.6509239001864835
2021-11-12,1,0.9420134631093365,-10157.145691682617,16.156,474652.91766110517,0.3449,200000,327806.6370961395,127806.63709613949,1.6390331854806974
2021-11-13,2,1.3258273304895727,0.0,16.588,0.0,0.3399,200000,337035.98379508976,137035.98379508976,1.6851799189754488
2021-11-14,2,1.7877514036778293,0.0,17.302,0.0,0.3336,200000,337035.98379508976,137035.98379508976,1.6851799189754488
2021-11-15,1,1.1343077121299858,-10171.293571797734,16.568,503489.66805361485,0.3347,200000,337035.98379508976,137035.98379508976,1.6851799189754488
2021-11-16,1,0.8569957936654684,-10171.293571797734,15.141,503489.66805361485,0.3114,200000,310790.23860248516,110790.23860248516,1.5539511930124257
2021-11-17,0,-0.08872834319979962,0.0,15.125,0.0,0.3376,200000,320898.68713363016,120898.68713363016,1.6044934356681506
2021-11-18,0,-0.2938090260479611,0.0,13.682,0.0,0.308,200000,320898.68713363016,120898.68713363016,1.6044934356681506
2021-11-19,0,-0.1014568209846541,0.0,14.806,0.0,0.3228,200000,320898.68713363016,120898.68713363016,1.6044934356681506
2021-11-20,0,0.04446454310694858,0.0,15.212,0.0,0.3285,200000,320898.68713363016,120898.68713363016,1.6044934356681506
2021-11-21,0,0.07399106359442012,0.0,15.231,0.0,0.3291,200000,320898.68713363016,120898.68713363016,1.6044934356681506
2021-11-22,0,0.4473048194152224,0.0,14.524,0.0,0.3077,200000,320898.68713363016,120898.68713363016,1.6044934356681506
2021-11-23,0,-0.24490242040506277,0.0,14.721,0.0,0.3227,200000,320898.68713363016,120898.68713363016,1.6044934356681506
2021-11-24,0,-0.36926418355103724,0.0,14.429,0.0,0.3173,200000,320898.68713363016,120898.68713363016,1.6044934356681506
2021-11-25,1,1.0223898068446495,-9769.795017159782,16.423,477101.824462727,0.3363,200000,320898.68713363016,120898.68713363016,1.6044934356681506
2021-11-26,0,0.080727153281997,0.0,14.32,0.0,0.305,200000,315286.0953182265,115286.0953182265,1.5764304765911326
2021-11-27,0,-0.10121142995413297,0.0,14.473,0.0,0.3093,200000,315286.0953182265,115286.0953182265,1.5764304765911326
2021-11-28,2,1.345739765135155,0.0,15.098,0.0,0.3037,200000,315286.0953182265,115286.0953182265,1.5764304765911326
2021-11-29,2,2.079815350577924,0.0,15.623,0.0,0.3014,200000,315286.0953182265,115286.0953182265,1.5764304765911326
2021-11-30,2,2.0298928018600266,0.0,16.068,0.0,0.3055,200000,315286.0953182265,115286.0953182265,1.5764304765911326
2021-12-01,0,0.7954156989824246,0.0,15.158,0.0,0.3042,200000,315286.0953182265,115286.0953182265,1.5764304765911326
2021-12-02,0,0.6956932431242241,0.0,14.76,0.0,0.2967,200000,315286.0953182265,115286.0953182265,1.5764304765911326
2021-12-03,-2,-1.569846040732801,0.0,13.707,0.0,0.3137,200000,315286.0953182265,115286.0953182265,1.5764304765911326
2021-12-04,-2,-1.5343797778364825,0.0,11.463,0.0,0.2643,200000,315286.0953182265,115286.0953182265,1.5764304765911326
2021-12-05,-2,-2.2626989923050873,0.0,10.343,0.0,0.2582,200000,315286.0953182265,115286.0953182265,1.5764304765911326
2021-12-06,-2,-1.5959028491868295,0.0,10.63,0.0,0.2569,200000,315286.0953182265,115286.0953182265,1.5764304765911326
2021-12-07,0,-0.6082577621875704,0.0,11.161,0.0,0.2505,200000,315286.0953182265,115286.0953182265,1.5764304765911326
2021-12-08,0,-0.459850506809979,0.0,11.346,0.0,0.2517,200000,315286.0953182265,115286.0953182265,1.5764304765911326
2021-12-09,0,-0.994539975867452,0.0,9.851,0.0,0.2284,200000,315286.0953182265,115286.0953182265,1.5764304765911326
2021-12-10,-2,-1.2806873954503462,0.0,9.406,0.0,0.2253,200000,315286.0953182265,115286.0953182265,1.5764304765911326
2021-12-11,0,-0.7189018795266074,0.0,10.089,0.0,0.2318,200000,315286.0953182265,115286.0953182265,1.5764304765911326
2021-12-12,0,-0.5517303076290381,0.0,10.005,0.0,0.2277,200000,315286.0953182265,115286.0953182265,1.5764304765911326
2021-12-13,0,-0.3672133667046844,0.0,8.84,0.0,0.1985,200000,315286.0953182265,115286.0953182265,1.5764304765911326
2021-12-14,0,0.00906775174877933,0.0,9.206,0.0,0.2006,200000,315286.0953182265,115286.0953182265,1.5764304765911326
2021-12-15,0,0.09671973677202374,0.0,9.792,0.0,0.2126,200000,315286.0953182265,115286.0953182265,1.5764304765911326
2021-12-16,0,0.3335764942028678,0.0,9.39,0.0,0.2003,200000,315286.0953182265,115286.0953182265,1.5764304765911326
2021-12-17,0,0.3688159409869612,0.0,9.088,0.0,0.1933,200000,315286.0953182265,115286.0953182265,1.5764304765911326
2021-12-18,0,0.4934183544729606,0.0,9.266,0.0,0.196,200000,315286.0953182265,115286.0953182265,1.5764304765911326
2021-12-19,0,0.30365512061008915,0.0,9.08,0.0,0.1963,200000,315286.0953182265,115286.0953182265,1.5764304765911326
2021-12-20,1,1.0726912613538648,-17590.1637646857,8.962,842560.3829990019,0.1871,200000,315286.0953182265,115286.0953182265,1.5764304765911326
2021-12-21,1,0.5476786916211521,-17590.1637646857,9.207,842560.3829990019,0.1992,200000,329790.66607486247,129790.66607486247,1.6489533303743125
2021-12-22,1,0.5405142345726776,-17590.1637646857,9.42,842560.3829990019,0.2054,200000,338761.2453313343,138761.2453313343,1.6938062266566716
2021-12-23,0,0.12618742096728944,0.0,10.042,0.0,0.2229,200000,304119.81047272275,104119.81047272275,1.5205990523636137
2021-12-24,0,0.29428683773365855,0.0,9.77,0.0,0.2147,200000,304119.81047272275,104119.81047272275,1.5205990523636137
2021-12-25,0,0.35737756637488877,0.0,10.013,0.0,0.2186,200000,304119.81047272275,104119.81047272275,1.5205990523636137
2021-12-26,-2,-1.3153196570919612,0.0,9.913,0.0,0.2295,200000,304119.81047272275,104119.81047272275,1.5205990523636137
2021-12-27,-1,-1.0307026614284922,15219.688243054887,9.991,-662859.2207339206,0.2294,200000,304119.81047272275,104119.81047272275,1.5205990523636137
2021-12-28,-1,-0.5260846286396559,15219.688243054887,9.069,-662859.2207339206,0.2046,200000,273648.3492384249,73648.34923842491,1.3682417461921246
2021-12-29,0,0.2605482012885535,0.0,8.769,0.0,0.1918,200000,297794.7628061404,97794.76280614041,1.488973814030702
2021-12-30,0,-0.5683195591373549,0.0,8.825,0.0,0.1974,200000,297794.7628061404,97794.76280614041,1.488973814030702
2021-12-31,0,0.05394559663067185,0.0,8.716,0.0,0.191,200000,297794.7628061404,97794.76280614041,1.488973814030702
2022-01-01,0,-0.2965290182253358,0.0,8.961,0.0,0.1979,200000,297794.7628061404,97794.76280614041,1.488973814030702
2022-01-02,0,-0.4940569168411853,0.0,9.233,0.0,0.2048,200000,297794.7628061404,97794.76280614041,1.488973814030702
2022-01-03,0,0.5110803986434355,0.0,9.173,0.0,0.1982,200000,297794.7628061404,97794.76280614041,1.488973814030702
2022-01-04,0,0.8055955836037696,0.0,9.008,0.0,0.193,200000,297794.7628061404,97794.76280614041,1.488973814030702
2022-01-05,0,-0.2759523157657054,0.0,8.233,0.0,0.1817,200000,297794.7628061404,97794.76280614041,1.488973814030702
2022-01-06,0,0.9849789031417923,0.0,8.364,0.0,0.1789,200000,297794.7628061404,97794.76280614041,1.488973814030702
2022-01-07,2,1.2809782486857906,0.0,7.883,0.0,0.1675,200000,297794.7628061404,97794.76280614041,1.488973814030702
2022-01-08,0,0.894853833911654,0.0,7.596,0.0,0.1628,200000,297794.7628061404,97794.76280614041,1.488973814030702
2022-01-09,0,0.22737216557032985,0.0,7.65,0.0,0.1672,200000,297794.7628061404,97794.76280614041,1.488973814030702
2022-01-10,0,-0.6789659575302092,0.0,7.237,0.0,0.1617,200000,297794.7628061404,97794.76280614041,1.488973814030702
2022-01-11,-2,-1.236905128383789,0.0,7.514,0.0,0.1706,200000,297794.7628061404,97794.76280614041,1.488973814030702
2022-01-12,0,-0.611867255214718,0.0,7.927,0.0,0.1774,200000,297794.7628061404,97794.76280614041,1.488973814030702
2022-01-13,0,-0.5127024641911474,0.0,7.576,0.0,0.1693,200000,297794.7628061404,97794.76280614041,1.488973814030702
2022-01-14,0,-0.4045616871313346,0.0,7.825,0.0,0.1746,200000,297794.7628061404,97794.76280614041,1.488973814030702
2022-01-15,2,1.5115600210174525,0.0,8.243,0.0,0.1754,200000,297794.7628061404,97794.76280614041,1.488973814030702
2022-01-16,0,-0.8800658737572914,0.0,8.044,0.0,0.1801,200000,297794.7628061404,97794.76280614041,1.488973814030702
2022-01-17,-2,-1.6944684146903874,0.0,7.682,0.0,0.1754,200000,297794.7628061404,97794.76280614041,1.488973814030702
2022-01-18,-2,-2.478588354620657,0.0,7.849,0.0,0.1856,200000,297794.7628061404,97794.76280614041,1.488973814030702
2022-01-19,-2,-3.5341002960706,0.0,7.397,0.0,0.1986,200000,297794.7628061404,97794.76280614041,1.488973814030702
2022-01-20,-2,-2.20505171227811,0.0,7.056,0.0,0.1809,200000,297794.7628061404,97794.76280614041,1.488973814030702
2022-01-21,-2,-1.6720458311042188,0.0,6.136,0.0,0.1545,200000,297794.7628061404,97794.76280614041,1.488973814030702
2022-01-22,0,-0.7250942233784008,0.0,5.589,0.0,0.1326,200000,297794.7628061404,97794.76280614041,1.488973814030702
2022-01-23,0,-0.8658294511081034,0.0,5.815,0.0,0.1401,200000,297794.7628061404,97794.76280614041,1.488973814030702
2022-01-24,0,-0.7242658397996232,0.0,5.464,0.0,0.1311,200000,297794.7628061404,97794.76280614041,1.488973814030702
2022-01-25,0,-0.18519141938226602,0.0,5.542,0.0,0.1287,200000,297794.7628061404,97794.76280614041,1.488973814030702
2022-01-26,-2,-2.6726555890993233,0.0,5.586,0.0,0.165,200000,297794.7628061404,97794.76280614041,1.488973814030702
2022-01-27,-2,-2.5593983247197314,0.0,5.636,0.0,0.1776,200000,297794.7628061404,97794.76280614041,1.488973814030702
2022-01-28,-2,-1.9562685664657729,0.0,5.825,0.0,0.1776,200000,297794.7628061404,97794.76280614041,1.488973814030702
2022-01-29,-2,-1.47153818981105,0.0,5.967,0.0,0.1749,200000,297794.7628061404,97794.76280614041,1.488973814030702
2022-01-30,-2,-1.458376895743451,0.0,5.973,0.0,0.1793,200000,297794.7628061404,97794.76280614041,1.488973814030702
2022-01-31,-2,-1.222640081152774,0.0,6.066,0.0,0.1796,200000,297794.7628061404,97794.76280614041,1.488973814030702
