date,statusList,zscore,TFUELUSDT_position,TFUELUSDT_price,NEOUSDT_position,NEOUSDT_price,init,total_asset,pnl,return
2020-01-01,0,,0.0,0.002383,0.0,8.85,200000,200000.0,0.0,1.0
2020-01-02,0,,0.0,0.002297,0.0,8.462,200000,200000.0,0.0,1.0
2020-01-03,0,,0.0,0.002403,0.0,8.888,200000,200000.0,0.0,1.0
2020-01-04,0,,0.0,0.002429,0.0,9.077,200000,200000.0,0.0,1.0
2020-01-05,0,,0.0,0.002412,0.0,9.02,200000,200000.0,0.0,1.0
2020-01-06,0,,0.0,0.002461,0.0,9.757,200000,200000.0,0.0,1.0
2020-01-07,0,,0.0,0.002382,0.0,9.801,200000,200000.0,0.0,1.0
2020-01-08,0,,0.0,0.002511,0.0,9.448,200000,200000.0,0.0,1.0
2020-01-09,0,,0.0,0.002395,0.0,9.387,200000,200000.0,0.0,1.0
2020-01-10,0,,0.0,0.002402,0.0,9.862,200000,200000.0,0.0,1.0
2020-01-11,0,,0.0,0.002403,0.0,9.696,200000,200000.0,0.0,1.0
2020-01-12,0,,0.0,0.002452,0.0,10.271,200000,200000.0,0.0,1.0
2020-01-13,0,,0.0,0.002456,0.0,10.0,200000,200000.0,0.0,1.0
2020-01-14,0,,0.0,0.002572,0.0,11.204,200000,200000.0,0.0,1.0
2020-01-15,0,,0.0,0.002567,0.0,11.412,200000,200000.0,0.0,1.0
2020-01-16,0,,0.0,0.002584,0.0,11.271,200000,200000.0,0.0,1.0
2020-01-17,0,,0.0,0.002598,0.0,11.848,200000,200000.0,0.0,1.0
2020-01-18,0,,0.0,0.002591,0.0,11.876,200000,200000.0,0.0,1.0
2020-01-19,0,,0.0,0.00246,0.0,11.245,200000,200000.0,0.0,1.0
2020-01-20,0,-0.7159864333135575,0.0,0.002579,0.0,11.114,200000,200000.0,0.0,1.0
2020-01-21,-1,-1.0426976241579202,39777247.41447891,0.002514,-8907.892392659896,11.226,200000,200000.0,0.0,1.0
2020-01-22,-1,-0.9712898343543892,39777247.41447891,0.002515,-8907.892392659896,11.247,200000,200226.84298766032,226.8429876603186,1.0011342149383016
2020-01-23,-1,-0.2706945890895582,39777247.41447891,0.002492,-8907.892392659896,10.621,200000,193735.6256593222,-6264.3743406778085,0.9686781282966109
2020-01-24,-1,-0.2898784143778625,39777247.41447891,0.002449,-8907.892392659896,10.511,200000,191045.335857307,-8954.664142692985,0.955226679286535
2020-01-25,0,0.3411291619708688,0.0,0.002489,0.0,10.35,200000,193191.1174493919,-6808.882550608105,0.9659555872469595
2020-01-26,0,-0.2685066982145392,0.0,0.0025,0.0,10.797,200000,193191.1174493919,-6808.882550608105,0.9659555872469595
2020-01-27,0,-0.1707046144634202,0.0,0.002574,0.0,11.082,200000,193191.1174493919,-6808.882550608105,0.9659555872469595
2020-01-28,0,-0.3631496301063815,0.0,0.0026,0.0,11.36,200000,193191.1174493919,-6808.882550608105,0.9659555872469595
2020-01-29,-1,-1.0501169203347318,38934122.82333573,0.002481,-8623.833472430671,11.201,200000,193191.11744939192,-6808.882550608076,0.9659555872469596
2020-01-30,-2,-1.777337424145271,0.0,0.002498,0.0,11.735,200000,197134.36443567317,-2865.6355643268325,0.9856718221783658
2020-01-31,-2,-1.2893561120145252,0.0,0.002482,0.0,11.453,200000,197134.36443567317,-2865.6355643268325,0.9856718221783658
2020-02-01,0,-0.9798021308523132,0.0,0.002496,0.0,11.422,200000,197134.36443567317,-2865.6355643268325,0.9856718221783658
2020-02-02,-2,-1.840685803126088,0.0,0.002528,0.0,12.016,200000,197134.36443567317,-2865.6355643268325,0.9856718221783658
2020-02-03,-1,-1.1473163955704087,38608375.330135755,0.002553,-8296.900860087255,11.88,200000,197134.36443567317,-2865.6355643268325,0.9856718221783658
2020-02-04,0,0.22191213955367473,0.0,0.002754,0.0,12.177,200000,191838.26054976182,-8161.739450238179,0.9591913027488091
2020-02-05,0,0.20349077420330938,0.0,0.002882,0.0,12.762,200000,191838.26054976182,-8161.739450238179,0.9591913027488091
2020-02-06,1,1.1105362142829533,-31719289.11206379,0.003024,7427.530608245386,12.914,200000,191838.26054976182,-8161.739450238179,0.9591913027488091
2020-02-07,2,2.3909553513074626,0.0,0.0032,0.0,12.792,200000,198327.014167691,-1672.9858323090011,0.991635070838455
2020-02-08,1,1.1274860760651524,-32716432.558180634,0.003031,7815.534921488454,12.688,200000,198327.014167691,-1672.9858323090011,0.991635070838455
2020-02-09,1,0.6935327087105678,-32716432.558180634,0.003333,7815.534921488454,14.201,200000,220032.28113647358,20032.281136473583,1.1001614056823679
2020-02-10,2,2.2264756342107237,0.0,0.003465,0.0,13.551,200000,205781.13926069686,5781.139260696858,1.0289056963034844
2020-02-11,2,2.0350323171716775,0.0,0.003563,0.0,13.791,200000,205781.13926069686,5781.139260696858,1.0289056963034844
2020-02-12,2,1.354142821223434,0.0,0.00372,0.0,14.822,200000,205781.13926069686,5781.139260696858,1.0289056963034844
2020-02-13,2,1.6678933354656817,0.0,0.003918,0.0,15.141,200000,205781.13926069686,5781.139260696858,1.0289056963034844
2020-02-14,0,-0.16554426866592517,0.0,0.003836,0.0,16.676,200000,205781.13926069686,5781.139260696858,1.0289056963034844
2020-02-15,0,-0.24914134913835095,0.0,0.003458,0.0,15.127,200000,205781.13926069686,5781.139260696858,1.0289056963034844
2020-02-16,0,-0.5264179746790145,0.0,0.003274,0.0,14.625,200000,205781.13926069686,5781.139260696858,1.0289056963034844
2020-02-17,0,-0.48704644672802944,0.0,0.003369,0.0,15.027,200000,205781.13926069686,5781.139260696858,1.0289056963034844
2020-02-18,0,-0.810310601398811,0.0,0.003394,0.0,15.5,200000,205781.13926069686,5781.139260696858,1.0289056963034844
2020-02-19,0,-0.792133899667876,0.0,0.003088,0.0,14.043,200000,205781.13926069686,5781.139260696858,1.0289056963034844
2020-02-20,0,-0.6189599196929738,0.0,0.003129,0.0,14.03,200000,205781.13926069686,5781.139260696858,1.0289056963034844
2020-02-21,0,-0.6064770210498207,0.0,0.003134,0.0,14.017,200000,205781.13926069686,5781.139260696858,1.0289056963034844
2020-02-22,0,-0.26310244276412836,0.0,0.003154,0.0,13.72,200000,205781.13926069686,5781.139260696858,1.0289056963034844
2020-02-23,0,-0.5318777879293248,0.0,0.003246,0.0,14.294,200000,205781.13926069686,5781.139260696858,1.0289056963034844
2020-02-24,0,0.09216891938150666,0.0,0.003151,0.0,13.361,200000,205781.13926069686,5781.139260696858,1.0289056963034844
2020-02-25,0,0.3098300729841126,0.0,0.002966,0.0,12.393,200000,205781.13926069686,5781.139260696858,1.0289056963034844
2020-02-26,0,-0.16991409845989272,0.0,0.002565,0.0,11.007,200000,205781.13926069686,5781.139260696858,1.0289056963034844
2020-02-27,0,-0.017287903244039123,0.0,0.002696,0.0,11.51,200000,205781.13926069686,5781.139260696858,1.0289056963034844
2020-02-28,0,0.7983397174230995,0.0,0.00277,0.0,11.311,200000,205781.13926069686,5781.139260696858,1.0289056963034844
2020-02-29,0,0.681558029072892,0.0,0.002709,0.0,11.103,200000,205781.13926069686,5781.139260696858,1.0289056963034844
2020-03-01,0,0.4542997963289965,0.0,0.002713,0.0,11.31,200000,205781.13926069686,5781.139260696858,1.0289056963034844
2020-03-02,0,-0.633582067726731,0.0,0.002732,0.0,12.088,200000,205781.13926069686,5781.139260696858,1.0289056963034844
2020-03-03,1,1.156537811170188,-36447243.935653,0.002823,8903.6491545819,11.556,200000,205781.13926069686,5781.139260696858,1.0289056963034844
2020-03-04,2,1.7224578706193485,0.0,0.002906,0.0,11.755,200000,207034.43432559425,7034.434325594251,1.0351721716279711
2020-03-05,2,1.6982335097744476,0.0,0.00301,0.0,12.073,200000,207034.43432559425,7034.434325594251,1.0351721716279711
2020-03-06,0,0.7988997128764788,0.0,0.002987,0.0,12.377,200000,207034.43432559425,7034.434325594251,1.0351721716279711
2020-03-07,2,1.4815744018851453,0.0,0.002896,0.0,11.589,200000,207034.43432559425,7034.434325594251,1.0351721716279711
2020-03-08,2,1.266719736678739,0.0,0.002504,0.0,10.05,200000,207034.43432559425,7034.434325594251,1.0351721716279711
2020-03-09,2,1.7336678787325246,0.0,0.002535,0.0,9.902,200000,207034.43432559425,7034.434325594251,1.0351721716279711
2020-03-10,2,1.2486526070092645,0.0,0.002487,0.0,9.87,200000,207034.43432559425,7034.434325594251,1.0351721716279711
2020-03-11,2,1.3611317690486089,0.0,0.002398,0.0,9.43,200000,207034.43432559425,7034.434325594251,1.0351721716279711
2020-03-12,-2,-3.2385983392844584,0.0,0.001116,0.0,5.706,200000,207034.43432559425,7034.434325594251,1.0351721716279711
2020-03-13,-2,-1.2014013704850892,0.0,0.001383,0.0,6.216,200000,207034.43432559425,7034.434325594251,1.0351721716279711
2020-03-14,1,1.1597000800586472,69944065.6505386,0.00148,-17996.7345554237,5.752,200000,207034.43432559422,7034.434325594222,1.0351721716279711
2020-03-15,2,1.860508622000204,0.0,0.001626,0.0,5.979,200000,213161.00916649168,13161.009166491684,1.0658050458324584
2020-03-16,2,1.9114851221970672,0.0,0.001501,0.0,5.394,200000,213161.00916649168,13161.009166491684,1.0658050458324584
2020-03-17,2,1.469999401471967,0.0,0.001541,0.0,5.626,200000,213161.00916649168,13161.009166491684,1.0658050458324584
2020-03-18,0,0.5403639695000358,0.0,0.001476,0.0,5.726,200000,213161.00916649168,13161.009166491684,1.0658050458324584
2020-03-19,0,0.8810015815317954,0.0,0.001718,0.0,6.472,200000,213161.00916649168,13161.009166491684,1.0658050458324584
2020-03-20,2,1.740706222818807,0.0,0.0018,0.0,6.273,200000,213161.00916649168,13161.009166491684,1.0658050458324584
2020-03-21,2,1.2586147726419394,0.0,0.001746,0.0,6.236,200000,213161.00916649168,13161.009166491684,1.0658050458324584
2020-03-22,0,0.5726363284251004,0.0,0.001587,0.0,5.947,200000,213161.00916649168,13161.009166491684,1.0658050458324584
2020-03-23,0,-0.12397179907787421,0.0,0.00169,0.0,6.683,200000,213161.00916649168,13161.009166491684,1.0658050458324584
2020-03-24,0,-0.7142464242397828,0.0,0.001657,0.0,6.897,200000,213161.00916649168,13161.009166491684,1.0658050458324584
2020-03-25,0,-0.7729236870916817,0.0,0.001651,0.0,6.93,200000,213161.00916649168,13161.009166491684,1.0658050458324584
2020-03-26,0,-0.44623193151613266,0.0,0.001725,0.0,7.03,200000,213161.00916649168,13161.009166491684,1.0658050458324584
2020-03-27,0,0.2636201609592366,0.0,0.001696,0.0,6.503,200000,213161.00916649168,13161.009166491684,1.0658050458324584
2020-03-28,0,0.019883453430868593,0.0,0.001697,0.0,6.628,200000,213161.00916649168,13161.009166491684,1.0658050458324584
2020-03-29,0,-0.0098734913964368,0.0,0.001578,0.0,6.179,200000,213161.00916649168,13161.009166491684,1.0658050458324584
2020-03-30,0,0.11795252391039403,0.0,0.001697,0.0,6.568,200000,213161.00916649168,13161.009166491684,1.0658050458324584
2020-03-31,0,0.0028115900694982874,0.0,0.001734,0.0,6.772,200000,213161.00916649168,13161.009166491684,1.0658050458324584
2020-04-01,0,-0.23170758350690104,0.0,0.00174,0.0,6.812,200000,213161.00916649168,13161.009166491684,1.0658050458324584
2020-04-02,0,-0.8204601080723851,0.0,0.001742,0.0,6.976,200000,213161.00916649168,13161.009166491684,1.0658050458324584
2020-04-03,-1,-1.0322272931574112,61714247.008248895,0.001727,-15182.408060291431,7.02,200000,213161.00916649168,13161.009166491684,1.0658050458324584
2020-04-04,-2,-1.221247907319631,0.0,0.001737,0.0,7.188,200000,215094.51125053817,15094.51125053817,1.0754725562526908
2020-04-05,0,-0.9301794562957845,0.0,0.001715,0.0,7.017,200000,215094.51125053817,15094.51125053817,1.0754725562526908
2020-04-06,-2,-1.3857327765407665,0.0,0.00185,0.0,7.823,200000,215094.51125053817,15094.51125053817,1.0754725562526908
2020-04-07,-2,-1.5094870472571253,0.0,0.001793,0.0,7.721,200000,215094.51125053817,15094.51125053817,1.0754725562526908
2020-04-08,-2,-1.446193120814232,0.0,0.001843,0.0,7.995,200000,215094.51125053817,15094.51125053817,1.0754725562526908
2020-04-09,-2,-1.597282917465062,0.0,0.001828,0.0,8.019,200000,215094.51125053817,15094.51125053817,1.0754725562526908
2020-04-10,-2,-1.513692843539955,0.0,0.00167,0.0,7.299,200000,215094.51125053817,15094.51125053817,1.0754725562526908
2020-04-11,-2,-1.4631768944907877,0.0,0.001666,0.0,7.306,200000,215094.51125053817,15094.51125053817,1.0754725562526908
2020-04-12,0,-0.9837880822906278,0.0,0.001708,0.0,7.356,200000,215094.51125053817,15094.51125053817,1.0754725562526908
2020-04-13,-1,-1.166869500901685,64476771.95759538,0.001668,-14770.945697743316,7.281,200000,215094.51125053817,15094.51125053817,1.0754725562526908
2020-04-14,-1,-0.4001404620310739,64476771.95759538,0.001727,-14770.945697743316,7.257,200000,218544.13809929046,18544.13809929046,1.0927206904964524
2020-04-15,-1,-0.9872894030655419,64476771.95759538,0.001609,-14770.945697743316,6.993,200000,207036.34934408998,7036.3493440899765,1.0351817467204498
2020-04-16,-2,-1.7081280415752629,0.0,0.001669,0.0,7.616,200000,219978.30128732458,19978.301287324575,1.0998915064366228
2020-04-17,-2,-1.4896722100049296,0.0,0.001641,0.0,7.468,200000,219978.30128732458,19978.301287324575,1.0998915064366228
2020-04-18,-2,-1.6341943629472306,0.0,0.001698,0.0,7.877,200000,219978.30128732458,19978.301287324575,1.0998915064366228
2020-04-19,-2,-1.529242342929461,0.0,0.001639,0.0,7.614,200000,219978.30128732458,19978.301287324575,1.0998915064366228
2020-04-20,0,-0.36263761312375886,0.0,0.001646,0.0,7.205,200000,219978.30128732458,19978.301287324575,1.0998915064366228
2020-04-21,0,-0.5329572466479494,0.0,0.001632,0.0,7.227,200000,219978.30128732458,19978.301287324575,1.0998915064366228
2020-04-22,0,-0.38967754987179326,0.0,0.001706,0.0,7.534,200000,219978.30128732458,19978.301287324575,1.0998915064366228
2020-04-23,-1,-1.1771671945735769,63947180.6067804,0.00172,-14004.220861174215,7.854,200000,219978.30128732458,19978.301287324575,1.0998915064366228
2020-04-24,-2,-1.4498521869424421,0.0,0.001741,0.0,8.07,200000,221660.32220059584,21660.322200595838,1.1083016110029793
2020-04-25,-2,-1.4011176123153863,0.0,0.001818,0.0,8.428,200000,221660.32220059584,21660.322200595838,1.1083016110029793
2020-04-26,-1,-1.1763756091200654,59299176.618671976,0.001869,-12840.940922291498,8.631,200000,221660.32220059584,21660.322200595838,1.1083016110029793
2020-04-27,-1,-0.6651152275582674,59299176.618671976,0.00185,-12840.940922291498,8.426,200000,217901.2449557713,17901.24495577131,1.0895062247788565
2020-04-28,0,-0.087889067217303,0.0,0.001887,0.0,8.457,200000,218358.61330098103,18358.61330098103,1.0917930665049052
2020-04-29,-2,-1.734040482897159,0.0,0.001937,0.0,9.207,200000,218358.61330098103,18358.61330098103,1.0917930665049052
2020-04-30,0,-0.5968464676766922,0.0,0.00194,0.0,8.897,200000,218358.61330098103,18358.61330098103,1.0917930665049052
2020-05-01,0,0.6944571666739087,0.0,0.002047,0.0,9.011,200000,218358.61330098103,18358.61330098103,1.0917930665049052
2020-05-02,1,1.0397327902419566,-51621421.58415627,0.002115,11835.155192465098,9.225,200000,218358.61330098103,18358.61330098103,1.0917930665049052
2020-05-03,1,0.755883153738946,-51621421.58415627,0.00206,11835.155192465098,9.069,200000,213673.15090382792,13673.150903827918,1.0683657545191396
2020-05-04,1,0.7582553134660827,-51621421.58415627,0.002033,11835.155192465098,9.005,200000,211521.9225887379,11521.922588737914,1.0576096129436896
2020-05-05,2,1.379879319906939,0.0,0.002086,0.0,9.101,200000,218329.15131890617,18329.151318906166,1.0916457565945308
2020-05-06,0,-0.01853194359729154,0.0,0.002025,0.0,9.148,200000,218329.15131890617,18329.151318906166,1.0916457565945308
2020-05-07,-2,-1.5286825795061183,0.0,0.002095,0.0,9.891,200000,218329.15131890617,18329.151318906166,1.0916457565945308
2020-05-08,-2,-2.7092325724919513,0.0,0.002254,0.0,11.301,200000,218329.15131890617,18329.151318906166,1.0916457565945308
2020-05-09,-2,-2.7272842220562357,0.0,0.002112,0.0,10.994,200000,218329.15131890617,18329.151318906166,1.0916457565945308
2020-05-10,-2,-2.261789609611541,0.0,0.001862,0.0,9.725,200000,218329.15131890617,18329.151318906166,1.0916457565945308
2020-05-11,-2,-1.8102120601143934,0.0,0.00186,0.0,9.629,200000,218329.15131890617,18329.151318906166,1.0916457565945308
2020-05-12,0,-0.279102117715092,0.0,0.002115,0.0,10.001,200000,218329.15131890617,18329.151318906166,1.0916457565945308
2020-05-13,0,-0.9342586419560865,0.0,0.002082,0.0,10.285,200000,218329.15131890617,18329.151318906166,1.0916457565945308
2020-05-14,0,-0.18274500688250322,0.0,0.002155,0.0,10.186,200000,218329.15131890617,18329.151318906166,1.0916457565945308
2020-05-15,2,1.6290024976568305,0.0,0.002376,0.0,10.033,200000,218329.15131890617,18329.151318906166,1.0916457565945308
2020-05-16,2,2.9968327981561975,0.0,0.002749,0.0,10.008,200000,218329.15131890617,18329.151318906166,1.0916457565945308
2020-05-17,2,1.4908166532555596,0.0,0.002534,0.0,10.156,200000,218329.15131890617,18329.151318906166,1.0916457565945308
2020-05-18,2,1.3520505990509484,0.0,0.002556,0.0,10.245,200000,218329.15131890617,18329.151318906166,1.0916457565945308
2020-05-19,2,2.39023120172564,0.0,0.002951,0.0,10.328,200000,218329.15131890617,18329.151318906166,1.0916457565945308
2020-05-20,2,3.448306933872964,0.0,0.003893,0.0,10.14,200000,218329.15131890617,18329.151318906166,1.0916457565945308
2020-05-21,2,4.014340397972834,0.0,0.007618,0.0,9.537,200000,218329.15131890617,18329.151318906166,1.0916457565945308
2020-05-22,2,2.2541520322749564,0.0,0.006619,0.0,10.388,200000,218329.15131890617,18329.151318906166,1.0916457565945308
2020-05-23,2,2.7557796203009404,0.0,0.009016,0.0,10.203,200000,218329.15131890617,18329.151318906166,1.0916457565945308
2020-05-24,2,3.646834364954141,0.0,0.017882,0.0,9.631,200000,218329.15131890617,18329.151318906166,1.0916457565945308
2020-05-25,2,2.3947695573591994,0.0,0.016088,0.0,9.923,200000,218329.15131890617,18329.151318906166,1.0916457565945308
2020-05-26,2,1.6657650104739319,0.0,0.013827,0.0,9.935,200000,218329.15131890617,18329.151318906166,1.0916457565945308
2020-05-27,0,0.9309290497998798,0.0,0.010594,0.0,10.009,200000,218329.15131890617,18329.151318906166,1.0916457565945308
2020-05-28,0,0.4432291679092618,0.0,0.00866,0.0,10.429,200000,218329.15131890617,18329.151318906166,1.0916457565945308
2020-05-29,0,0.6990342116937108,0.0,0.010282,0.0,10.242,200000,218329.15131890617,18329.151318906166,1.0916457565945308
2020-05-30,0,0.4420635368442319,0.0,0.009945,0.0,11.03,200000,218329.15131890617,18329.151318906166,1.0916457565945308
2020-05-31,0,0.14749580626031997,0.0,0.008509,0.0,10.945,200000,218329.15131890617,18329.151318906166,1.0916457565945308
2020-06-01,0,-0.014386463484029319,0.0,0.00896,0.0,12.413,200000,218329.15131890617,18329.151318906166,1.0916457565945308
2020-06-02,0,-0.11268795347290508,0.0,0.0085,0.0,12.135,200000,218329.15131890617,18329.151318906166,1.0916457565945308
2020-06-03,0,-0.17067714036462278,0.0,0.00868,0.0,12.393,200000,218329.15131890617,18329.151318906166,1.0916457565945308
2020-06-04,0,-0.21218652702311347,0.0,0.008622,0.0,12.164,200000,218329.15131890617,18329.151318906166,1.0916457565945308
2020-06-05,0,-0.28033815473787405,0.0,0.008324,0.0,11.803,200000,218329.15131890617,18329.151318906166,1.0916457565945308
2020-06-06,0,-0.3622477457397366,0.0,0.008279,0.0,11.813,200000,218329.15131890617,18329.151318906166,1.0916457565945308
2020-06-07,0,-0.49395157466290424,0.0,0.008019,0.0,11.776,200000,218329.15131890617,18329.151318906166,1.0916457565945308
2020-06-08,0,-0.625686194191604,0.0,0.007737,0.0,11.656,200000,218329.15131890617,18329.151318906166,1.0916457565945308
2020-06-09,0,-0.8384169393573558,0.0,0.007345,0.0,12.026,200000,218329.15131890617,18329.151318906166,1.0916457565945308
2020-06-10,0,-0.8562966656845319,0.0,0.007026,0.0,11.935,200000,218329.15131890617,18329.151318906166,1.0916457565945308
2020-06-11,0,-0.8509947047756838,0.0,0.00626,0.0,10.679,200000,218329.15131890617,18329.151318906166,1.0916457565945308
2020-06-12,0,0.17270213493080244,0.0,0.010355,0.0,10.917,200000,218329.15131890617,18329.151318906166,1.0916457565945308
2020-06-13,0,0.7182449398714538,0.0,0.011541,0.0,11.08,200000,218329.15131890617,18329.151318906166,1.0916457565945308
2020-06-14,0,0.6738245513444953,0.0,0.010087,0.0,10.615,200000,218329.15131890617,18329.151318906166,1.0916457565945308
2020-06-15,1,1.1861483624379674,-10694021.91021288,0.010208,10466.40226840394,10.43,200000,218329.15131890617,18329.151318906166,1.0916457565945308
2020-06-16,1,1.0135581079721856,-10694021.91021288,0.009892,10466.40226840394,10.56,200000,216310.47269017142,16310.472690171417,1.081552363450857
2020-06-17,1,0.6168013369225254,-10694021.91021288,0.009332,10466.40226840394,10.588,200000,210614.8796839675,10614.879683967505,1.0530743984198376
2020-06-18,1,0.4905575766469891,-10694021.91021288,0.008862,10466.40226840394,10.413,200000,203757.06898919676,3757.068989196763,1.0187853449459838
2020-06-19,1,1.1319000989663381,-10694021.91021288,0.009719,10466.40226840394,10.268,200000,211404.21743733063,11404.217437330633,1.0570210871866532
2020-06-20,1,0.8333790378702604,-10694021.91021288,0.009369,10466.40226840394,10.264,200000,207619.4441596825,7619.444159682491,1.0380972207984125
2020-06-21,1,0.6748400452508914,-10694021.91021288,0.009259,10466.40226840394,10.298,200000,206798.95942668483,6798.959426684829,1.0339947971334242
2020-06-22,1,0.43678655756049245,-10694021.91021288,0.009419,10466.40226840394,10.8,200000,213764.13687105768,13764.136871057679,1.0688206843552883
2020-06-23,1,0.5609716790464406,-10694021.91021288,0.009844,10466.40226840394,10.941,200000,219784.8589027431,19784.858902743086,1.0989242945137154
2020-06-24,1,0.3563354946978295,-10694021.91021288,0.009209,10466.40226840394,10.491,200000,208284.27396897614,8284.273968976137,1.0414213698448807
2020-06-25,1,0.24369694106396422,-10694021.91021288,0.008983,10466.40226840394,10.335,200000,204234.66626339703,4234.666263397026,1.021173331316985
2020-06-26,0,0.13632859605444708,0.0,0.008785,0.0,10.196,200000,205560.6962714797,5560.696271479712,1.0278034813573986
2020-06-27,0,-0.058674707528259235,0.0,0.008182,0.0,9.703,200000,205560.6962714797,5560.696271479712,1.0278034813573986
2020-06-28,0,-0.1618632631020962,0.0,0.008434,0.0,10.045,200000,205560.6962714797,5560.696271479712,1.0278034813573986
2020-06-29,0,-0.4716967172522662,0.0,0.008354,0.0,10.213,200000,205560.6962714797,5560.696271479712,1.0278034813573986
2020-06-30,0,-0.7570825221058315,0.0,0.00816,0.0,10.034,200000,205560.6962714797,5560.696271479712,1.0278034813573986
2020-07-01,-2,-1.3508446767835498,0.0,0.008223,0.0,10.138,200000,205560.6962714797,5560.696271479712,1.0278034813573986
2020-07-02,0,-0.4452425971098194,0.0,0.008552,0.0,9.922,200000,205560.6962714797,5560.696271479712,1.0278034813573986
2020-07-03,0,-0.8446324428949575,0.0,0.008192,0.0,9.78,200000,205560.6962714797,5560.696271479712,1.0278034813573986
2020-07-04,-1,-1.014619054916802,12491534.775855599,0.008228,-10305.86063729468,9.973,200000,205560.6962714797,5560.696271479712,1.0278034813573986
2020-07-05,-2,-1.5172340265197652,0.0,0.008057,0.0,10.07,200000,208696.4171999686,8696.417199968593,1.043482085999843
2020-07-06,-1,-1.0258721451769985,12074543.925015539,0.008642,-9867.442893615536,10.575,200000,208696.4171999686,8696.417199968593,1.043482085999843
2020-07-07,-1,-0.4683140261980354,12074543.925015539,0.008835,-9867.442893615536,10.56,200000,210878.79253409238,10878.792534092383,1.054393962670462
2020-07-08,-2,-1.2474400580485379,0.0,0.008886,0.0,11.08,200000,210733.28714354066,10733.287143540656,1.0536664357177032
2020-07-09,-2,-1.429639930638365,0.0,0.008545,0.0,10.768,200000,210733.28714354066,10733.287143540656,1.0536664357177032
2020-07-10,-1,-1.1997158821660363,12560095.78874363,0.008389,-10035.874232952692,10.499,200000,210733.28714354063,10733.287143540627,1.053666435717703
2020-07-11,-2,-1.3114458332589658,0.0,0.008508,0.0,10.741,200000,211667.31730905472,11667.31730905472,1.0583365865452736
2020-07-12,2,1.727053397696518,0.0,0.009628,0.0,10.797,200000,211667.31730905472,11667.31730905472,1.0583365865452736
2020-07-13,0,-0.5339454883960799,0.0,0.008696,0.0,10.677,200000,211667.31730905472,11667.31730905472,1.0583365865452736
2020-07-14,0,-0.9656104451446302,0.0,0.008655,0.0,10.83,200000,211667.31730905472,11667.31730905472,1.0583365865452736
2020-07-15,-2,-1.3872247785799925,0.0,0.00861,0.0,10.989,200000,211667.31730905472,11667.31730905472,1.0583365865452736
2020-07-16,-2,-1.3099919724392515,0.0,0.008363,0.0,10.694,200000,211667.31730905472,11667.31730905472,1.0583365865452736
2020-07-17,0,-0.6599887975036709,0.0,0.00845,0.0,10.591,200000,211667.31730905472,11667.31730905472,1.0583365865452736
2020-07-18,0,-0.5285381294657434,0.0,0.008432,0.0,10.545,200000,211667.31730905472,11667.31730905472,1.0583365865452736
2020-07-19,0,-0.8990261485017498,0.0,0.008389,0.0,10.651,200000,211667.31730905472,11667.31730905472,1.0583365865452736
2020-07-20,0,-0.3780789453705722,0.0,0.008322,0.0,10.386,200000,211667.31730905472,11667.31730905472,1.0583365865452736
2020-07-21,-2,-1.9388278962255174,0.0,0.008372,0.0,11.184,200000,211667.31730905472,11667.31730905472,1.0583365865452736
2020-07-22,-2,-1.644613676557576,0.0,0.0087,0.0,11.559,200000,211667.31730905472,11667.31730905472,1.0583365865452736
2020-07-23,-2,-1.7624210517216006,0.0,0.008471,0.0,11.432,200000,211667.31730905472,11667.31730905472,1.0583365865452736
2020-07-24,-2,-1.6538986278146328,0.0,0.008177,0.0,11.101,200000,211667.31730905472,11667.31730905472,1.0583365865452736
2020-07-25,-2,-1.870326635403322,0.0,0.008331,0.0,11.608,200000,211667.31730905472,11667.31730905472,1.0583365865452736
2020-07-26,-2,-1.8773638631478609,0.0,0.008188,0.0,11.62,200000,211667.31730905472,11667.31730905472,1.0583365865452736
2020-07-27,-2,-2.1801900345291454,0.0,0.007821,0.0,11.619,200000,211667.31730905472,11667.31730905472,1.0583365865452736
2020-07-28,-2,-1.228973040466272,0.0,0.00835,0.0,11.738,200000,211667.31730905472,11667.31730905472,1.0583365865452736
2020-07-29,-1,-1.1273204853698477,12764884.652578382,0.008291,-9068.86535171614,11.67,200000,211667.31730905472,11667.31730905472,1.0583365865452736
2020-07-30,-2,-1.2829290991271833,0.0,0.008183,0.0,11.774,200000,213989.08684811165,13989.086848111649,1.0699454342405583
2020-07-31,-2,-1.4130883993651862,0.0,0.008312,0.0,12.245,200000,213989.08684811165,13989.086848111649,1.0699454342405583
2020-08-01,-2,-1.6244784383031325,0.0,0.008929,0.0,13.396,200000,213989.08684811165,13989.086848111649,1.0699454342405583
2020-08-02,-1,-1.01499552100272,12726839.945766127,0.008407,-8798.893373688801,12.16,200000,213989.08684811165,13989.086848111649,1.0699454342405583
2020-08-03,-1,-0.8848174934587707,12726839.945766127,0.008596,-8798.893373688801,12.4,200000,218506.19400754676,18506.194007546757,1.0925309700377337
2020-08-04,0,-0.05032974599423903,0.0,0.009153,0.0,12.561,200000,208023.2204914193,8023.2204914193135,1.0401161024570966
2020-08-05,0,-0.8130706391327349,0.0,0.008894,0.0,12.868,200000,208023.2204914193,8023.2204914193135,1.0401161024570966
2020-08-06,0,-0.7397666046720363,0.0,0.00895,0.0,12.951,200000,208023.2204914193,8023.2204914193135,1.0401161024570966
2020-08-07,0,-0.9540829376153317,0.0,0.008739,0.0,12.856,200000,208023.2204914193,8023.2204914193135,1.0401161024570966
2020-08-08,0,-0.6037633059583288,0.0,0.009057,0.0,13.123,200000,208023.2204914193,8023.2204914193135,1.0401161024570966
2020-08-09,-1,-1.0538256252082463,11830255.942414656,0.008792,-8002.739881950424,12.997,200000,208023.2204914193,8023.2204914193135,1.0401161024570966
2020-08-10,-2,-2.1133912324985245,0.0,0.009303,0.0,14.526,200000,214214.1489843476,14214.148984347587,1.0710707449217378
2020-08-11,-2,-1.413846887046582,0.0,0.008995,0.0,13.686,200000,214214.1489843476,14214.148984347587,1.0710707449217378
2020-08-12,-1,-1.086507769809002,11250743.118925817,0.00952,-7467.029733140951,14.344,200000,214214.1489843476,14214.148984347587,1.0710707449217378
2020-08-13,-2,-1.5572085552812602,0.0,0.009449,0.0,14.545,200000,216513.82472215267,16513.82472215267,1.0825691236107633
2020-08-14,-2,-1.6727537662889826,0.0,0.009512,0.0,14.813,200000,216513.82472215267,16513.82472215267,1.0825691236107633
2020-08-15,-2,-2.2398078463798328,0.0,0.009312,0.0,15.103,200000,216513.82472215267,16513.82472215267,1.0825691236107633
2020-08-16,-2,-1.9658871220676104,0.0,0.009515,0.0,15.49,200000,216513.82472215267,16513.82472215267,1.0825691236107633
2020-08-17,-2,-2.465783423926276,0.0,0.009588,0.0,16.56,200000,216513.82472215267,16513.82472215267,1.0825691236107633
2020-08-18,-1,-1.0524510868174104,10728065.836991016,0.010091,-6715.6893524240895,16.12,200000,216513.82472215267,16513.82472215267,1.0825691236107633
2020-08-19,-2,-1.3557515621234877,0.0,0.009648,0.0,15.834,200000,219345.67073314637,19345.67073314637,1.096728353665732
2020-08-20,-2,-1.8726838669308992,0.0,0.010312,0.0,17.842,200000,219345.67073314637,19345.67073314637,1.096728353665732
2020-08-21,0,0.0965512145807451,0.0,0.010778,0.0,16.387,200000,219345.67073314637,19345.67073314637,1.096728353665732
2020-08-22,-2,-1.4670028824669679,0.0,0.011107,0.0,18.936,200000,219345.67073314637,19345.67073314637,1.096728353665732
2020-08-23,0,0.11430826273894655,0.0,0.011831,0.0,18.17,200000,219345.67073314637,19345.67073314637,1.096728353665732
2020-08-24,2,2.5542428452513932,0.0,0.0138,0.0,18.074,200000,219345.67073314637,19345.67073314637,1.096728353665732
2020-08-25,2,1.50322096984741,0.0,0.012263,0.0,17.023,200000,219345.67073314637,19345.67073314637,1.096728353665732
2020-08-26,0,0.651696448706157,0.0,0.011769,0.0,17.322,200000,219345.67073314637,19345.67073314637,1.096728353665732
2020-08-27,0,-0.9830768447218222,0.0,0.010563,0.0,17.649,200000,219345.67073314637,19345.67073314637,1.096728353665732
2020-08-28,0,-0.7079188244255885,0.0,0.011119,0.0,18.294,200000,219345.67073314637,19345.67073314637,1.096728353665732
2020-08-29,-2,-1.9576161672559271,0.0,0.011252,0.0,21.141,200000,219345.67073314637,19345.67073314637,1.096728353665732
2020-08-30,-2,-1.6288302591027206,0.0,0.011099,0.0,20.662,200000,219345.67073314637,19345.67073314637,1.096728353665732
2020-08-31,-2,-1.6077661034134574,0.0,0.010737,0.0,20.443,200000,219345.67073314637,19345.67073314637,1.096728353665732
2020-09-01,-2,-1.8998096725753404,0.0,0.01048,0.0,21.517,200000,219345.67073314637,19345.67073314637,1.096728353665732
2020-09-02,-2,-1.6285093549139866,0.0,0.009943,0.0,20.33,200000,219345.67073314637,19345.67073314637,1.096728353665732
2020-09-03,-2,-1.584522702904761,0.0,0.008438,0.0,17.725,200000,219345.67073314637,19345.67073314637,1.096728353665732
2020-09-04,-2,-1.4391998599456521,0.0,0.008947,0.0,18.904,200000,219345.67073314637,19345.67073314637,1.096728353665732
2020-09-05,-1,-1.1465050178278877,13267945.241540428,0.008266,-6465.033916916599,16.964,200000,219345.67073314637,19345.67073314637,1.096728353665732
2020-09-06,-1,-0.9417683207565215,13267945.241540428,0.00855,-6465.033916916599,17.156,200000,224355.05369379185,24355.05369379185,1.1217752684689593
2020-09-07,-1,-1.1742353296344146,13267945.241540428,0.008506,-6465.033916916599,18.204,200000,230546.61964809266,30546.61964809266,1.1527330982404633
2020-09-08,-1,-0.9248460180240899,13267945.241540428,0.008242,-6465.033916916599,17.122,200000,220048.7154062222,20048.71540622221,1.100243577031111
2020-09-09,-1,-0.5444590869898248,13267945.241540428,0.008849,-6465.033916916599,17.282,200000,229136.7635945439,29136.76359454391,1.1456838179727196
2020-09-10,-1,-0.6098432706736292,13267945.241540428,0.009219,-6465.033916916599,18.462,200000,241674.64335587545,41674.64335587545,1.2083732167793773
2020-09-11,-1,-0.9569424523136494,13267945.241540428,0.009351,-6465.033916916599,20.319,200000,255431.58011147293,55431.580111472926,1.2771579005573646
2020-09-12,-1,-1.0280698584359598,13267945.241540428,0.009647,-6465.033916916599,21.725,200000,268448.72959015367,68448.72959015367,1.3422436479507684
2020-09-13,-1,-0.9440922381962559,13267945.241540428,0.009166,-6465.033916916599,20.339,200000,253106.31092012627,53106.31092012627,1.2655315546006314
2020-09-14,-2,-1.2468815252122651,0.0,0.009483,0.0,22.018,200000,235872.86279028817,35872.86279028817,1.179364313951441
2020-09-15,0,-0.9004520197107796,0.0,0.009193,0.0,20.27,200000,235872.86279028817,35872.86279028817,1.179364313951441
2020-09-16,-2,-1.2144003372070264,0.0,0.009174,0.0,20.997,200000,235872.86279028817,35872.86279028817,1.179364313951441
2020-09-17,-2,-2.3720946449540445,0.0,0.009278,0.0,23.833,200000,235872.86279028817,35872.86279028817,1.179364313951441
2020-09-18,-2,-1.9934529003576238,0.0,0.009919,0.0,25.307,200000,235872.86279028817,35872.86279028817,1.179364313951441
2020-09-19,-2,-1.7361423388660322,0.0,0.009674,0.0,24.5,200000,235872.86279028817,35872.86279028817,1.179364313951441
2020-09-20,-2,-1.7351133774177994,0.0,0.009127,0.0,23.579,200000,235872.86279028817,35872.86279028817,1.179364313951441
2020-09-21,0,0.006101115805903493,0.0,0.009133,0.0,20.112,200000,235872.86279028817,35872.86279028817,1.179364313951441
2020-09-22,0,-0.058411407445599015,0.0,0.009086,0.0,20.205,200000,235872.86279028817,35872.86279028817,1.179364313951441
2020-09-23,0,-0.43833976823689486,0.0,0.008529,0.0,19.685,200000,235872.86279028817,35872.86279028817,1.179364313951441
2020-09-24,0,-0.1948827835844121,0.0,0.009617,0.0,21.813,200000,235872.86279028817,35872.86279028817,1.179364313951441
2020-09-25,0,0.5938540997268494,0.0,0.009992,0.0,21.311,200000,235872.86279028817,35872.86279028817,1.179364313951441
2020-09-26,2,1.9144646788984014,0.0,0.010968,0.0,21.004,200000,235872.86279028817,35872.86279028817,1.179364313951441
2020-09-27,2,1.225301945696203,0.0,0.010552,0.0,21.147,200000,235872.86279028817,35872.86279028817,1.179364313951441
2020-09-28,2,1.3822150943196803,0.0,0.010232,0.0,20.11,200000,235872.86279028817,35872.86279028817,1.179364313951441
2020-09-29,2,2.540791477501615,0.0,0.011389,0.0,19.691,200000,235872.86279028817,35872.86279028817,1.179364313951441
2020-09-30,2,1.9025610157784962,0.0,0.010661,0.0,19.078,200000,235872.86279028817,35872.86279028817,1.179364313951441
2020-10-01,1,1.1965014383150905,-11905555.359897444,0.009906,6277.88945997786,18.786,200000,235872.86279028817,35872.86279028817,1.179364313951441
2020-10-02,1,0.9040281167970033,-11905555.359897444,0.009329,6277.88945997786,18.089,200000,224627.66839402274,24627.668394022738,1.1231383419701138
2020-10-03,2,1.5443253078754418,0.0,0.01004,0.0,17.806,200000,243620.53887929273,43620.538879292726,1.2181026943964637
2020-10-04,1,1.1701787503970125,-12239777.87777797,0.009952,6720.566589773593,18.125,200000,243620.53887929273,43620.538879292726,1.2181026943964637
2020-10-05,1,1.1916315835457094,-12239777.87777797,0.009865,6720.566589773593,17.664,200000,239457.49700604042,39457.497006040416,1.197287485030202
2020-10-06,1,1.1137797487015486,-12239777.87777797,0.0093,6720.566589773593,16.569,200000,225183.00208929373,25183.002089293732,1.1259150104464686
2020-10-07,1,1.1407827604034833,-12239777.87777797,0.009556,6720.566589773593,16.764,200000,229626.8957110108,29626.895711010788,1.148134478555054
2020-10-08,1,1.0013482908688218,-12239777.87777797,0.009643,6720.566589773593,17.019,200000,232405.50086676975,32405.500866769755,1.1620275043338488
2020-10-09,1,0.9721312748768058,-12239777.87777797,0.009901,6720.566589773593,17.39,200000,238056.69376404246,38056.69376404246,1.1902834688202124
2020-10-10,1,1.054272943588619,-12239777.87777797,0.010102,6720.566589773593,17.534,200000,241484.65070640322,41484.65070640322,1.2074232535320162
2020-10-11,1,0.591808810751131,-12239777.87777797,0.009905,6720.566589773593,17.787,200000,240773.71781169367,40773.71781169367,1.2038685890584684
2020-10-12,1,0.3549786050356285,-12239777.87777797,0.009878,6720.566589773593,17.983,200000,241760.4748605893,41760.47486058931,1.2088023743029466
2020-10-13,1,0.6145519021934074,-12239777.87777797,0.009907,6720.566589773593,17.591,200000,239480.9663158536,39480.96631585361,1.197404831579268
2020-10-14,1,1.1971158058392732,-12239777.87777797,0.0099,6720.566589773593,16.959,200000,235147.88978597225,35147.88978597225,1.1757394489298612
2020-10-15,1,0.7420722404462103,-12239777.87777797,0.009838,6720.566589773593,17.24,200000,236277.50276927638,36277.50276927638,1.1813875138463819
2020-10-16,1,0.6432930931367511,-12239777.87777797,0.009704,6720.566589773593,17.021,200000,233165.56845049374,33165.56845049374,1.1658278422524686
2020-10-17,0,-0.04389331364289301,0.0,0.009573,0.0,17.191,200000,245258.6722584634,45258.6722584634,1.226293361292317
2020-10-18,0,0.31413638523121856,0.0,0.009858,0.0,17.428,200000,245258.6722584634,45258.6722584634,1.226293361292317
2020-10-19,0,-0.2328591404876262,0.0,0.009765,0.0,17.569,200000,245258.6722584634,45258.6722584634,1.226293361292317
2020-10-20,0,0.05745176481553022,0.0,0.009498,0.0,16.948,200000,245258.6722584634,45258.6722584634,1.226293361292317
2020-10-21,-1,-1.0395910614297719,12255580.264764313,0.010006,-6689.359378640175,18.332,200000,245258.6722584634,45258.6722584634,1.226293361292317
2020-10-22,-2,-1.7618866444356298,0.0,0.010143,0.0,18.653,200000,245726.94212273415,45726.94212273415,1.2286347106136708
2020-10-23,0,-0.47646019194131756,0.0,0.010094,0.0,18.136,200000,245726.94212273415,45726.94212273415,1.2286347106136708
2020-10-24,0,-0.0362671922656071,0.0,0.010287,0.0,18.312,200000,245726.94212273415,45726.94212273415,1.2286347106136708
2020-10-25,0,-0.24092603847821403,0.0,0.010001,0.0,17.865,200000,245726.94212273415,45726.94212273415,1.2286347106136708
2020-10-26,0,0.731362001616719,0.0,0.009737,0.0,17.084,200000,245726.94212273415,45726.94212273415,1.2286347106136708
2020-10-27,2,1.7497287084710755,0.0,0.009901,0.0,17.007,200000,245726.94212273415,45726.94212273415,1.2286347106136708
2020-10-28,2,2.7117045270395095,0.0,0.009571,0.0,15.87,200000,245726.94212273415,45726.94212273415,1.2286347106136708
2020-10-29,2,2.5871330640552572,0.0,0.009362,0.0,15.276,200000,245726.94212273415,45726.94212273415,1.2286347106136708
2020-10-30,2,2.586545660848443,0.0,0.00927,0.0,14.788,200000,245726.94212273415,45726.94212273415,1.2286347106136708
2020-10-31,2,2.280104149890727,0.0,0.009301,0.0,14.702,200000,245726.94212273415,45726.94212273415,1.2286347106136708
2020-11-01,2,1.3639140870086002,0.0,0.009161,0.0,14.941,200000,245726.94212273415,45726.94212273415,1.2286347106136708
2020-11-02,0,0.41503627510142016,0.0,0.008963,0.0,15.215,200000,245726.94212273415,45726.94212273415,1.2286347106136708
2020-11-03,0,0.6639071813547156,0.0,0.008755,0.0,14.676,200000,245726.94212273415,45726.94212273415,1.2286347106136708
2020-11-04,0,0.8373604443678428,0.0,0.008475,0.0,14.049,200000,245726.94212273415,45726.94212273415,1.2286347106136708
2020-11-05,0,0.7800737656312274,0.0,0.008693,0.0,14.401,200000,245726.94212273415,45726.94212273415,1.2286347106136708
2020-11-06,0,-0.01098175488556111,0.0,0.00916,0.0,15.712,200000,245726.94212273415,45726.94212273415,1.2286347106136708
2020-11-07,0,0.33856787472207645,0.0,0.008796,0.0,14.813,200000,245726.94212273415,45726.94212273415,1.2286347106136708
2020-11-08,0,0.2616382347682002,0.0,0.009168,0.0,15.45,200000,245726.94212273415,45726.94212273415,1.2286347106136708
2020-11-09,0,-0.4789315748781848,0.0,0.008844,0.0,15.378,200000,245726.94212273415,45726.94212273415,1.2286347106136708
2020-11-10,0,-0.5779982492699559,0.0,0.008962,0.0,15.585,200000,245726.94212273415,45726.94212273415,1.2286347106136708
2020-11-11,0,-0.6741065721456624,0.0,0.008863,0.0,15.391,200000,245726.94212273415,45726.94212273415,1.2286347106136708
2020-11-12,-2,-1.4036435378269378,0.0,0.008668,0.0,15.456,200000,245726.94212273415,45726.94212273415,1.2286347106136708
2020-11-13,-2,-1.4975443832556135,0.0,0.008936,0.0,16.007,200000,245726.94212273415,45726.94212273415,1.2286347106136708
2020-11-14,-2,-1.77234320853287,0.0,0.008634,0.0,15.684,200000,245726.94212273415,45726.94212273415,1.2286347106136708
2020-11-15,-2,-1.3981666923135998,0.0,0.008533,0.0,15.317,200000,245726.94212273415,45726.94212273415,1.2286347106136708
2020-11-16,-2,-1.5004240690899848,0.0,0.00866,0.0,15.72,200000,245726.94212273415,45726.94212273415,1.2286347106136708
2020-11-17,-2,-1.6735955576566335,0.0,0.008727,0.0,16.15,200000,245726.94212273415,45726.94212273415,1.2286347106136708
2020-11-18,-1,-1.068976516143947,14125485.291028637,0.008698,-7816.736929721789,15.718,200000,245726.94212273415,45726.94212273415,1.2286347106136708
2020-11-19,-2,-1.5395785265797335,0.0,0.008646,0.0,16.095,200000,249408.37718037277,49408.37718037277,1.247041885901864
2020-11-20,-2,-1.347272680190975,0.0,0.008891,0.0,16.444,200000,249408.37718037277,49408.37718037277,1.247041885901864
2020-11-21,-2,-2.352680286889906,0.0,0.009271,0.0,18.32,200000,249408.37718037277,49408.37718037277,1.247041885901864
2020-11-22,-2,-1.5233420389966796,0.0,0.008973,0.0,17.18,200000,249408.37718037277,49408.37718037277,1.247041885901864
2020-11-23,-2,-2.3640350210579637,0.0,0.009236,0.0,19.093,200000,249408.37718037277,49408.37718037277,1.247041885901864
2020-11-24,-2,-1.3069066214206622,0.0,0.010515,0.0,20.499,200000,249408.37718037277,49408.37718037277,1.247041885901864
2020-11-25,2,1.4059165321228257,0.0,0.011755,0.0,19.711,200000,249408.37718037277,49408.37718037277,1.247041885901864
2020-11-26,0,0.26250129893918944,0.0,0.009628,0.0,17.192,200000,249408.37718037277,49408.37718037277,1.247041885901864
2020-11-27,0,-0.20440623230361823,0.0,0.009312,0.0,17.12,200000,249408.37718037277,49408.37718037277,1.247041885901864
2020-11-28,0,-0.18220653449309335,0.0,0.009509,0.0,17.533,200000,249408.37718037277,49408.37718037277,1.247041885901864
2020-11-29,0,-0.40432330201388395,0.0,0.009457,0.0,17.684,200000,249408.37718037277,49408.37718037277,1.247041885901864
2020-11-30,0,-0.6820732875952981,0.0,0.009765,0.0,18.577,200000,249408.37718037277,49408.37718037277,1.247041885901864
2020-12-01,1,1.0193575550082525,-12544431.001930026,0.009941,7113.758618949594,17.53,200000,249408.3771803728,49408.3771803728,1.247041885901864
2020-12-02,2,2.0512987468668435,0.0,0.010823,0.0,18.026,200000,256944.14104907608,56944.141049076075,1.2847207052453804
2020-12-03,2,1.4964551343034178,0.0,0.011109,0.0,18.853,200000,256944.14104907608,56944.141049076075,1.2847207052453804
2020-12-04,2,3.124758340730253,0.0,0.011875,0.0,17.298,200000,256944.14104907608,56944.141049076075,1.2847207052453804
2020-12-05,2,2.497509452296382,0.0,0.012431,0.0,17.975,200000,256944.14104907608,56944.141049076075,1.2847207052453804
2020-12-06,2,1.7713672888267502,0.0,0.011956,0.0,17.89,200000,256944.14104907608,56944.141049076075,1.2847207052453804
2020-12-07,2,2.397699151548689,0.0,0.01297,0.0,17.442,200000,256944.14104907608,56944.141049076075,1.2847207052453804
2020-12-08,2,2.801529643245321,0.0,0.014005,0.0,16.456,200000,256944.14104907608,56944.141049076075,1.2847207052453804
2020-12-09,2,2.9758712246715957,0.0,0.016865,0.0,16.899,200000,256944.14104907608,56944.141049076075,1.2847207052453804
2020-12-10,2,2.0577514930250294,0.0,0.015172,0.0,16.238,200000,256944.14104907608,56944.141049076075,1.2847207052453804
2020-12-11,2,1.4115697580267654,0.0,0.01376,0.0,15.898,200000,256944.14104907608,56944.141049076075,1.2847207052453804
2020-12-12,1,1.0875251491387754,-9355670.734382322,0.013732,7803.685265415661,16.463,200000,256944.14104907608,56944.141049076075,1.2847207052453804
2020-12-13,1,0.8236152288206517,-9355670.734382322,0.013928,7803.685265415661,17.261,200000,265005.1933548167,65005.1933548167,1.3250259667740836
2020-12-14,2,1.8033376355663255,0.0,0.017339,0.0,17.398,200000,283393.5996648295,83393.5996648295,1.4169679983241474
2020-12-15,2,1.4347739523946614,0.0,0.01654,0.0,17.103,200000,283393.5996648295,83393.5996648295,1.4169679983241474
2020-12-16,2,1.3874893206791905,0.0,0.017725,0.0,17.952,200000,283393.5996648295,83393.5996648295,1.4169679983241474
2020-12-17,1,1.0323817662699577,-8443882.952888072,0.016781,7972.587623497145,17.773,200000,283393.5996648295,83393.5996648295,1.4169679983241474
2020-12-18,1,1.1144775968187375,-8443882.952888072,0.017513,7972.587623497145,17.918,200000,290730.5471917506,90730.54719175061,1.453652735958753
2020-12-19,1,0.9017367528526775,-8443882.952888072,0.017049,7972.587623497145,17.835,200000,286150.86072886037,86150.86072886037,1.4307543036443018
2020-12-20,1,0.6961344871570565,-8443882.952888072,0.01639,7972.587623497145,17.541,200000,278242.40110159887,78242.40110159887,1.3912120055079944
2020-12-21,1,0.7611195170679438,-8443882.952888072,0.015772,7972.587623497145,16.514,200000,264836.23394738254,64836.23394738254,1.3241811697369128
2020-12-22,2,1.2789257374420073,0.0,0.01718,0.0,16.516,200000,296784.25160576776,96784.25160576776,1.4839212580288388
2020-12-23,2,2.8666862176993657,0.0,0.018202,0.0,13.456,200000,296784.25160576776,96784.25160576776,1.4839212580288388
2020-12-24,2,2.0018236737050494,0.0,0.019371,0.0,15.269,200000,296784.25160576776,96784.25160576776,1.4839212580288388
2020-12-25,2,2.838352670853225,0.0,0.023837,0.0,15.173,200000,296784.25160576776,96784.25160576776,1.4839212580288388
2020-12-26,2,3.567348252963744,0.0,0.035034,0.0,14.984,200000,296784.25160576776,96784.25160576776,1.4839212580288388
2020-12-27,2,1.751251724147816,0.0,0.02702,0.0,15.112,200000,296784.25160576776,96784.25160576776,1.4839212580288388
2020-12-28,2,1.7696827861084683,0.0,0.029779,0.0,15.63,200000,296784.25160576776,96784.25160576776,1.4839212580288388
2020-12-29,2,1.4641050742018624,0.0,0.02797,0.0,15.054,200000,296784.25160576776,96784.25160576776,1.4839212580288388
2020-12-30,2,1.4019324243997378,0.0,0.028098,0.0,14.722,200000,296784.25160576776,96784.25160576776,1.4839212580288388
2020-12-31,2,1.9678828704029976,0.0,0.03333,0.0,14.256,200000,296784.25160576776,96784.25160576776,1.4839212580288388
2021-01-01,2,1.6757911624605055,0.0,0.03345,0.0,14.461,200000,296784.25160576776,96784.25160576776,1.4839212580288388
2021-01-02,2,1.9311178242837221,0.0,0.037912,0.0,14.426,200000,296784.25160576776,96784.25160576776,1.4839212580288388
2021-01-03,0,0.777860760007024,0.0,0.032107,0.0,16.024,200000,296784.25160576776,96784.25160576776,1.4839212580288388
2021-01-04,0,0.3527260108881431,0.0,0.029352,0.0,16.372,200000,296784.25160576776,96784.25160576776,1.4839212580288388
2021-01-05,0,0.2748795859968205,0.0,0.03009,0.0,16.868,200000,296784.25160576776,96784.25160576776,1.4839212580288388
2021-01-06,0,-0.1918295486413533,0.0,0.030533,0.0,19.535,200000,296784.25160576776,96784.25160576776,1.4839212580288388
2021-01-07,0,-0.6424727989031327,0.0,0.028364,0.0,20.889,200000,296784.25160576776,96784.25160576776,1.4839212580288388
2021-01-08,0,-0.7184936521968478,0.0,0.026742,0.0,19.724,200000,296784.25160576776,96784.25160576776,1.4839212580288388
2021-01-09,0,-0.9244526965974001,0.0,0.027671,0.0,21.338,200000,296784.25160576776,96784.25160576776,1.4839212580288388
2021-01-10,-2,-1.4914798932282658,0.0,0.026263,0.0,24.921,200000,296784.25160576776,96784.25160576776,1.4839212580288388
2021-01-11,-2,-1.5097935049516535,0.0,0.024763,0.0,23.658,200000,296784.25160576776,96784.25160576776,1.4839212580288388
2021-01-12,-2,-1.2390874800653924,0.0,0.025337,0.0,22.148,200000,296784.25160576776,96784.25160576776,1.4839212580288388
2021-01-13,-1,-1.0379468068729103,5180746.632785807,0.028643,-6388.227035295703,23.229,200000,296784.25160576776,96784.25160576776,1.4839212580288388
2021-01-14,-1,-0.9068238210304246,5180746.632785807,0.029342,-6388.227035295703,23.104,200000,299607.06512267306,99607.06512267306,1.4980353256133654
2021-01-15,-1,-1.0035065609914031,5180746.632785807,0.02767,-6388.227035295703,23.493,200000,293429.87706938526,93429.87706938526,1.4671493853469264
2021-01-16,-1,-0.9365980315783854,5180746.632785807,0.027542,-6388.227035295703,23.58,200000,293322.5172524594,93322.51725245942,1.4666125862622972
2021-01-17,-1,-0.9558374776708396,5180746.632785807,0.026523,-6388.227035295703,23.841,200000,289710.6636898628,89710.66368986282,1.448553318449314
2021-01-18,-1,-1.0484322463193723,5180746.632785807,0.027466,-6388.227035295703,27.055,200000,315127.86945602024,115127.86945602024,1.5756393472801014
2021-01-19,-1,-0.7658932163734099,5180746.632785807,0.029265,-6388.227035295703,26.273,200000,319452.43910680065,119452.43910680065,1.5972621955340034
2021-01-20,-1,-0.6457896242631397,5180746.632785807,0.029638,-6388.227035295703,26.072,200000,320100.8239667353,120100.82396673528,1.6005041198336762
2021-01-21,-1,-0.6041373481148528,5180746.632785807,0.024845,-6388.227035295703,22.096,200000,269869.9146634572,69869.9146634572,1.349349573317286
2021-01-22,-1,-0.4809558146873482,5180746.632785807,0.027276,-6388.227035295703,23.469,200000,291235.34544722055,91235.34544722055,1.4561767272361028
2021-01-23,-1,-0.23787753915893411,5180746.632785807,0.029377,-6388.227035295703,24.425,200000,308227.23916844616,108227.23916844616,1.5411361958422307
2021-01-24,-1,-0.3076383393259705,5180746.632785807,0.028501,-6388.227035295703,24.401,200000,303535.5876692787,103535.58766927873,1.5176779383463936
2021-01-25,0,0.39403312390350237,0.0,0.02909,0.0,23.313,200000,295005.0689318773,95005.06893187732,1.4750253446593866
2021-01-26,2,2.180207034980914,0.0,0.033123,0.0,23.158,200000,295005.0689318773,95005.06893187732,1.4750253446593866
2021-01-27,2,1.7552760709706159,0.0,0.029239,0.0,21.033,200000,295005.0689318773,95005.06893187732,1.4750253446593866
2021-01-28,1,1.1598782224522841,-5030095.978240985,0.029324,6630.817463067595,22.245,200000,295005.0689318773,95005.06893187732,1.4750253446593866
2021-01-29,1,1.0385173890221937,-5030095.978240985,0.029445,6630.817463067595,22.549,200000,297629.479054017,97629.47905401699,1.488147395270085
2021-01-30,1,0.5356403001793982,-5030095.978240985,0.028771,6630.817463067595,22.864,200000,296327.9018655489,96327.90186554892,1.4816395093277446
2021-01-31,1,0.3926283625255031,-5030095.978240985,0.027867,6630.817463067595,22.276,200000,287881.7744329353,87881.77443293529,1.4394088721646765
2021-02-01,1,0.47786503859271456,-5030095.978240985,0.029253,6630.817463067595,23.119,200000,300443.2665801433,100443.2665801433,1.5022163329007165
2021-02-02,1,0.6414599552250339,-5030095.978240985,0.030505,6630.817463067595,23.74,200000,310858.68438946595,110858.68438946595,1.55429342194733
2021-02-03,1,1.0499087893054386,-5030095.978240985,0.032849,6630.817463067595,24.662,200000,328762.8430634112,128762.84306341119,1.643814215317056
2021-02-04,2,1.2997245837416984,0.0,0.032624,0.0,23.75,200000,301625.00537815585,101625.00537815585,1.5081250268907793
2021-02-05,1,1.0313393424257926,-4265180.086797644,0.035359,5784.906125396161,26.07,200000,301625.00537815585,101625.00537815585,1.5081250268907793
2021-02-06,1,1.0958828700613141,-4265180.086797644,0.03417,5784.906125396161,24.834,200000,289403.5622839638,89403.56228396378,1.447017811419819
2021-02-07,2,1.6936022669884747,0.0,0.03559,0.0,24.526,200000,311542.15703581774,111542.15703581774,1.5577107851790886
2021-02-08,2,1.3688700141222783,0.0,0.039173,0.0,27.38,200000,311542.15703581774,111542.15703581774,1.5577107851790886
2021-02-09,0,0.4725322913667273,0.0,0.041884,0.0,31.065,200000,311542.15703581774,111542.15703581774,1.5577107851790886
2021-02-10,0,-0.6177988863645827,0.0,0.042009,0.0,33.39,200000,311542.15703581774,111542.15703581774,1.5577107851790886
2021-02-11,0,-0.9730212319654762,0.0,0.044899,0.0,36.297,200000,311542.15703581774,111542.15703581774,1.5577107851790886
2021-02-12,0,-0.5793010347435421,0.0,0.047867,0.0,37.572,200000,311542.15703581774,111542.15703581774,1.5577107851790886
2021-02-13,0,-0.7872037402128395,0.0,0.053836,0.0,42.415,200000,311542.15703581774,111542.15703581774,1.5577107851790886
2021-02-14,0,-0.2724821911084303,0.0,0.057474,0.0,43.942,200000,311542.15703581774,111542.15703581774,1.5577107851790886
2021-02-15,2,1.9818521946189085,0.0,0.060898,0.0,41.575,200000,311542.15703581774,111542.15703581774,1.5577107851790886
2021-02-16,2,1.2338110648478222,0.0,0.057983,0.0,40.945,200000,311542.15703581774,111542.15703581774,1.5577107851790886
2021-02-17,0,0.5705990091921864,0.0,0.058393,0.0,42.551,200000,311542.15703581774,111542.15703581774,1.5577107851790886
2021-02-18,0,0.7537255432846417,0.0,0.060869,0.0,43.783,200000,311542.15703581774,111542.15703581774,1.5577107851790886
2021-02-19,2,3.5494722599033874,0.0,0.086817,0.0,47.847,200000,311542.15703581774,111542.15703581774,1.5577107851790886
2021-02-20,2,3.256927264593421,0.0,0.089168,0.0,43.866,200000,311542.15703581774,111542.15703581774,1.5577107851790886
2021-02-21,1,1.115242289505018,-1727986.5830753318,0.090146,2837.3602644427847,54.9,200000,311542.15703581774,111542.15703581774,1.5577107851790886
2021-02-22,2,2.249189229553748,0.0,0.092491,0.0,46.879,200000,338352.75225422496,138352.75225422496,1.6917637612711247
2021-02-23,2,2.4560080812726426,0.0,0.084445,0.0,38.65,200000,338352.75225422496,138352.75225422496,1.6917637612711247
2021-02-24,2,1.9436460659118944,0.0,0.087108,0.0,40.619,200000,338352.75225422496,138352.75225422496,1.6917637612711247
2021-02-25,2,1.4244149248360065,0.0,0.078599,0.0,38.541,200000,338352.75225422496,138352.75225422496,1.6917637612711247
2021-02-26,2,1.6595288961622208,0.0,0.082858,0.0,37.68,200000,338352.75225422496,138352.75225422496,1.6917637612711247
2021-02-27,2,2.1465844970415384,0.0,0.094728,0.0,37.28,200000,338352.75225422496,138352.75225422496,1.6917637612711247
2021-02-28,2,1.951371047407394,0.0,0.092106,0.0,35.261,200000,338352.75225422496,138352.75225422496,1.6917637612711247
2021-03-01,2,2.21379421287253,0.0,0.112899,0.0,38.12,200000,338352.75225422496,138352.75225422496,1.6917637612711247
2021-03-02,2,2.2489084995103608,0.0,0.122481,0.0,37.733,200000,338352.75225422496,138352.75225422496,1.6917637612711247
2021-03-03,2,1.9273879045540518,0.0,0.128678,0.0,39.6,200000,338352.75225422496,138352.75225422496,1.6917637612711247
2021-03-04,2,2.2583595946798347,0.0,0.143324,0.0,37.827,200000,338352.75225422496,138352.75225422496,1.6917637612711247
2021-03-05,2,1.8883084063374236,0.0,0.139971,0.0,37.408,200000,338352.75225422496,138352.75225422496,1.6917637612711247
2021-03-06,2,1.6113828681429079,0.0,0.140474,0.0,38.079,200000,338352.75225422496,138352.75225422496,1.6917637612711247
2021-03-07,2,1.4916579405950454,0.0,0.146994,0.0,39.279,200000,338352.75225422496,138352.75225422496,1.6917637612711247
2021-03-08,2,1.8493263156461317,0.0,0.171611,0.0,40.113,200000,338352.75225422496,138352.75225422496,1.6917637612711247
2021-03-09,2,1.700868042594453,0.0,0.184748,0.0,42.587,200000,338352.75225422496,138352.75225422496,1.6917637612711247
2021-03-10,2,2.7931930257757416,0.0,0.253021,0.0,40.867,200000,338352.75225422496,138352.75225422496,1.6917637612711247
2021-03-11,2,3.1792200216641375,0.0,0.361876,0.0,41.937,200000,338352.75225422496,138352.75225422496,1.6917637612711247
2021-03-12,2,2.8194241933157205,0.0,0.394429,0.0,39.895,200000,338352.75225422496,138352.75225422496,1.6917637612711247
2021-03-13,2,1.9610560957180927,0.0,0.369683,0.0,42.044,200000,338352.75225422496,138352.75225422496,1.6917637612711247
2021-03-14,2,1.9011451777249406,0.0,0.374202,0.0,39.616,200000,338352.75225422496,138352.75225422496,1.6917637612711247
2021-03-15,2,1.5058993720623652,0.0,0.344795,0.0,38.597,200000,338352.75225422496,138352.75225422496,1.6917637612711247
2021-03-16,2,1.2609718952170557,0.0,0.35307,0.0,40.793,200000,338352.75225422496,138352.75225422496,1.6917637612711247
2021-03-17,0,0.7519708373607231,0.0,0.346803,0.0,46.428,200000,338352.75225422496,138352.75225422496,1.6917637612711247
2021-03-18,0,0.8825595972329903,0.0,0.352472,0.0,43.643,200000,338352.75225422496,138352.75225422496,1.6917637612711247
2021-03-19,0,0.6866239939530361,0.0,0.341767,0.0,44.023,200000,338352.75225422496,138352.75225422496,1.6917637612711247
2021-03-20,0,0.4671109621105262,0.0,0.317905,0.0,43.08,200000,338352.75225422496,138352.75225422496,1.6917637612711247
2021-03-21,0,0.5801719572708552,0.0,0.332983,0.0,42.421,200000,338352.75225422496,138352.75225422496,1.6917637612711247
2021-03-22,1,1.0153908932555695,-455172.86911175755,0.371675,4157.17842799146,40.695,200000,338352.75225422496,138352.75225422496,1.6917637612711247
2021-03-23,2,1.825811183853881,0.0,0.476938,0.0,41.081,200000,384660.9431023312,184660.9431023312,1.923304715511656
2021-03-24,1,1.038902462009093,-489528.77670580137,0.392889,4865.553683401188,39.529,200000,384660.9431023312,184660.9431023312,1.923304715511656
2021-03-25,2,1.288564824039273,0.0,0.417473,0.0,38.632,200000,401059.9202028775,201059.9202028775,2.0052996010143875
2021-03-26,0,0.8670261223510072,0.0,0.416534,0.0,41.652,200000,401059.9202028775,201059.9202028775,2.0052996010143875
2021-03-27,0,0.6376956670710772,0.0,0.396588,0.0,41.106,200000,401059.9202028775,201059.9202028775,2.0052996010143875
2021-03-28,0,0.15355233648228844,0.0,0.399384,0.0,44.763,200000,401059.9202028775,201059.9202028775,2.0052996010143875
2021-03-29,0,0.10278118623151494,0.0,0.41121,0.0,45.499,200000,401059.9202028775,201059.9202028775,2.0052996010143875
2021-03-30,0,0.08313398376682754,0.0,0.411099,0.0,44.947,200000,401059.9202028775,201059.9202028775,2.0052996010143875
2021-03-31,0,-0.763044960174851,0.0,0.416252,0.0,50.778,200000,401059.9202028775,201059.9202028775,2.0052996010143875
2021-04-01,0,-0.90446954264316,0.0,0.415404,0.0,52.326,200000,401059.9202028775,201059.9202028775,2.0052996010143875
2021-04-02,0,-0.5520639251352909,0.0,0.439453,0.0,52.958,200000,401059.9202028775,201059.9202028775,2.0052996010143875
2021-04-03,0,-0.9364728208268839,0.0,0.393855,0.0,50.709,200000,401059.9202028775,201059.9202028775,2.0052996010143875
2021-04-04,-1,-1.0594303092150394,488822.05416323664,0.410231,-3674.9310041130857,54.567,200000,401059.9202028775,201059.9202028775,2.0052996010143875
2021-04-05,-2,-1.760244167285457,0.0,0.376921,0.0,59.068,200000,433883.4472765679,233883.44727656792,2.1694172363828397
2021-04-06,-2,-2.0969575165094065,0.0,0.347919,0.0,63.036,200000,433883.4472765679,233883.44727656792,2.1694172363828397
2021-04-07,-2,-1.564327221760291,0.0,0.359988,0.0,59.778,200000,433883.4472765679,233883.44727656792,2.1694172363828397
2021-04-08,-2,-1.4221312186798725,0.0,0.382227,0.0,63.351,200000,433883.4472765679,233883.44727656792,2.1694172363828397
2021-04-09,-2,-1.255723134585338,0.0,0.375167,0.0,60.801,200000,433883.4472765679,233883.44727656792,2.1694172363828397
2021-04-10,-2,-1.3131460551076832,0.0,0.361716,0.0,61.685,200000,433883.4472765679,233883.44727656792,2.1694172363828397
2021-04-11,-2,-1.333425861202443,0.0,0.354218,0.0,63.922,200000,433883.4472765679,233883.44727656792,2.1694172363828397
2021-04-12,-2,-1.2580306108433272,0.0,0.357912,0.0,64.65,200000,433883.4472765679,233883.44727656792,2.1694172363828397
2021-04-13,-2,-1.2670121018551606,0.0,0.352329,0.0,66.587,200000,433883.4472765679,233883.44727656792,2.1694172363828397
2021-04-14,-2,-1.43254786548348,0.0,0.334358,0.0,69.12,200000,433883.4472765679,233883.44727656792,2.1694172363828397
2021-04-15,-2,-1.314841214164346,0.0,0.363338,0.0,74.829,200000,433883.4472765679,233883.44727656792,2.1694172363828397
2021-04-16,-2,-1.4419121006909335,0.0,0.387414,0.0,86.833,200000,433883.4472765679,233883.44727656792,2.1694172363828397
2021-04-17,-2,-1.6811626823715318,0.0,0.355571,0.0,93.96,200000,433883.4472765679,233883.44727656792,2.1694172363828397
2021-04-18,-2,-2.0872731267463895,0.0,0.318046,0.0,119.841,200000,433883.4472765679,233883.44727656792,2.1694172363828397
2021-04-19,-2,-1.8388765462145389,0.0,0.300044,0.0,109.129,200000,433883.4472765679,233883.44727656792,2.1694172363828397
2021-04-20,-2,-1.5842276813033356,0.0,0.31082,0.0,108.138,200000,433883.4472765679,233883.44727656792,2.1694172363828397
2021-04-21,-2,-1.37388915229861,0.0,0.290039,0.0,96.846,200000,433883.4472765679,233883.44727656792,2.1694172363828397
2021-04-22,-2,-1.3936748800744772,0.0,0.250976,0.0,89.828,200000,433883.4472765679,233883.44727656792,2.1694172363828397
2021-04-23,-1,-1.1283013348758453,818648.0137293733,0.265,-2519.765420440949,86.096,200000,433883.4472765679,233883.44727656792,2.1694172363828397
2021-04-24,-1,-1.1067852446399116,818648.0137293733,0.238531,-2519.765420440949,79.544,200000,395705.149966436,195705.14996643597,1.9785257498321798
2021-04-25,-1,-0.7724704530652782,818648.0137293733,0.26626,-2519.765420440949,79.596,200000,418536.46854100074,218536.46854100074,2.092682342705004
2021-04-26,-1,-0.6915665157489933,818648.0137293733,0.3023,-2519.765420440949,90.206,200000,474775.2540666858,274775.2540666858,2.373876270333429
2021-04-27,-1,-0.569040368496155,818648.0137293733,0.32129,-2519.765420440949,94.117,200000,500176.1824067512,300176.1824067512,2.500880912033756
2021-04-28,-1,-0.48838908882334214,818648.0137293733,0.31404,-2519.765420440949,91.795,200000,488390.08900094935,288390.08900094935,2.4419504450047467
2021-04-29,0,-0.11395267486964673,0.0,0.33615,0.0,89.448,200000,384082.894789041,184082.89478904102,1.9204144739452051
2021-04-30,0,-0.08090755273875466,0.0,0.35815,0.0,96.965,200000,384082.894789041,184082.89478904102,1.9204144739452051
2021-05-01,0,-0.18377448526940046,0.0,0.35872,0.0,102.2,200000,384082.894789041,184082.89478904102,1.9204144739452051
2021-05-02,0,-0.29110171246600125,0.0,0.35685,0.0,106.817,200000,384082.894789041,184082.89478904102,1.9204144739452051
2021-05-03,0,0.0107914022249777,0.0,0.37214,0.0,107.046,200000,384082.894789041,184082.89478904102,1.9204144739452051
2021-05-04,0,0.019064571191722963,0.0,0.32882,0.0,96.468,200000,384082.894789041,184082.89478904102,1.9204144739452051
2021-05-05,0,0.050658683249997484,0.0,0.38419,0.0,114.883,200000,384082.894789041,184082.89478904102,1.9204144739452051
2021-05-06,0,-0.41962052440796627,0.0,0.38257,0.0,122.794,200000,384082.894789041,184082.89478904102,1.9204144739452051
2021-05-07,0,0.6681243259583718,0.0,0.40605,0.0,117.784,200000,384082.894789041,184082.89478904102,1.9204144739452051
2021-05-08,0,0.6141922247389038,0.0,0.40215,0.0,116.473,200000,384082.894789041,184082.89478904102,1.9204144739452051
2021-05-09,0,-0.24933162537848363,0.0,0.3874,0.0,119.599,200000,384082.894789041,184082.89478904102,1.9204144739452051
2021-05-10,0,-0.08367028324188562,0.0,0.34681,0.0,104.943,200000,384082.894789041,184082.89478904102,1.9204144739452051
2021-05-11,0,-0.7907170634052488,0.0,0.36499,0.0,115.724,200000,384082.894789041,184082.89478904102,1.9204144739452051
2021-05-12,-2,-1.5087365427696244,0.0,0.28697,0.0,94.286,200000,384082.894789041,184082.89478904102,1.9204144739452051
2021-05-13,0,0.4945201407293473,0.0,0.33436,0.0,96.686,200000,384082.894789041,184082.89478904102,1.9204144739452051
2021-05-14,0,-0.05597075905737386,0.0,0.34021,0.0,100.862,200000,384082.894789041,184082.89478904102,1.9204144739452051
2021-05-15,0,0.0659572007530515,0.0,0.31496,0.0,92.735,200000,384082.894789041,184082.89478904102,1.9204144739452051
2021-05-16,2,1.6288704403369452,0.0,0.344,0.0,92.911,200000,384082.894789041,184082.89478904102,1.9204144739452051
2021-05-17,2,2.1122928420076734,0.0,0.33172,0.0,85.634,200000,384082.894789041,184082.89478904102,1.9204144739452051
2021-05-18,2,1.4768894853405243,0.0,0.33024,0.0,87.421,200000,384082.894789041,184082.89478904102,1.9204144739452051
2021-05-19,2,2.7169994153983463,0.0,0.23274,0.0,55.124,200000,384082.894789041,184082.89478904102,1.9204144739452051
2021-05-20,2,1.7116877282064464,0.0,0.28624,0.0,71.705,200000,384082.894789041,184082.89478904102,1.9204144739452051
2021-05-21,2,2.4237322063040483,0.0,0.25489,0.0,57.851,200000,384082.894789041,184082.89478904102,1.9204144739452051
2021-05-22,2,3.1578839523285636,0.0,0.27369,0.0,51.385,200000,384082.894789041,184082.89478904102,1.9204144739452051
2021-05-23,2,2.8708491366890323,0.0,0.25157,0.0,43.103,200000,384082.894789041,184082.89478904102,1.9204144739452051
2021-05-24,2,1.694544938752603,0.0,0.27944,0.0,54.04,200000,384082.894789041,184082.89478904102,1.9204144739452051
2021-05-25,2,1.2480034061605243,0.0,0.27915,0.0,56.599,200000,384082.894789041,184082.89478904102,1.9204144739452051
2021-05-26,1,1.0967887668817027,-626480.8749087249,0.30654,3072.663158312328,62.5,200000,384082.894789041,184082.89478904102,1.9204144739452051
2021-05-27,1,1.0598199336381626,-626480.8749087249,0.31268,3072.663158312328,62.947,200000,389302.96779274626,189302.96779274626,1.9465148389637315
2021-05-28,2,1.3882129085670099,0.0,0.29327,0.0,54.421,200000,400593.5392350076,200593.5392350076,2.002967696175038
2021-05-29,2,1.556468155678531,0.0,0.28627,0.0,50.092,200000,400593.5392350076,200593.5392350076,2.002967696175038
2021-05-30,2,1.5617816211680544,0.0,0.30461,0.0,51.579,200000,400593.5392350076,200593.5392350076,2.002967696175038
2021-05-31,2,1.566824866009677,0.0,0.34008,0.0,55.865,200000,400593.5392350076,200593.5392350076,2.002967696175038
2021-06-01,2,1.9778061189958254,0.0,0.36487,0.0,53.951,200000,400593.5392350076,200593.5392350076,2.002967696175038
2021-06-02,2,1.4172677830037743,0.0,0.36738,0.0,57.8,200000,400593.5392350076,200593.5392350076,2.002967696175038
2021-06-03,2,1.8469021794691847,0.0,0.43258,0.0,61.321,200000,400593.5392350076,200593.5392350076,2.002967696175038
2021-06-04,2,2.088941025665441,0.0,0.43143,0.0,56.25,200000,400593.5392350076,200593.5392350076,2.002967696175038
2021-06-05,2,2.028913048045401,0.0,0.44424,0.0,55.635,200000,400593.5392350076,200593.5392350076,2.002967696175038
2021-06-06,2,1.8556003401539383,0.0,0.4597,0.0,56.7,200000,400593.5392350076,200593.5392350076,2.002967696175038
2021-06-07,2,2.3408201047861907,0.0,0.4784,0.0,51.08,200000,400593.5392350076,200593.5392350076,2.002967696175038
2021-06-08,2,2.905116780503039,0.0,0.5775,0.0,48.735,200000,400593.5392350076,200593.5392350076,2.002967696175038
2021-06-09,2,2.1506467980117594,0.0,0.57565,0.0,51.297,200000,400593.5392350076,200593.5392350076,2.002967696175038
2021-06-10,2,1.5932581677669546,0.0,0.53091,0.0,50.561,200000,400593.5392350076,200593.5392350076,2.002967696175038
2021-06-11,2,1.2964198260744826,0.0,0.48342,0.0,47.443,200000,400593.5392350076,200593.5392350076,2.002967696175038
2021-06-12,0,0.7569509546694224,0.0,0.42363,0.0,46.25,200000,400593.5392350076,200593.5392350076,2.002967696175038
2021-06-13,2,1.6439542176561106,0.0,0.57385,0.0,49.201,200000,400593.5392350076,200593.5392350076,2.002967696175038
2021-06-14,1,1.174190770763877,-364050.1819689631,0.55019,3947.901244062359,50.735,200000,400593.5392350076,200593.5392350076,2.002967696175038
2021-06-15,1,0.7104840563783752,-364050.1819689631,0.49849,3947.901244062359,50.139,200000,379419.19568575104,179419.19568575104,1.897095978428755
2021-06-16,1,0.8143515138446182,-364050.1819689631,0.504,3947.901244062359,48.639,200000,375503.26032230654,175503.26032230654,1.8775163016115326
2021-06-17,2,1.2521562989130606,0.0,0.56207,0.0,48.623,200000,413256.42282425857,213256.42282425857,2.066282114121293
2021-06-18,2,1.6307089033870426,0.0,0.5792,0.0,45.422,200000,413256.42282425857,213256.42282425857,2.066282114121293
2021-06-19,2,1.6608155744196031,0.0,0.5873,0.0,44.445,200000,413256.42282425857,213256.42282425857,2.066282114121293
2021-06-20,2,1.501414272915844,0.0,0.58881,0.0,44.679,200000,413256.42282425857,213256.42282425857,2.066282114121293
2021-06-21,2,1.8010021881143967,0.0,0.45868,0.0,32.046,200000,413256.42282425857,213256.42282425857,2.066282114121293
2021-06-22,2,1.9169120628205845,0.0,0.45324,0.0,30.115,200000,413256.42282425857,213256.42282425857,2.066282114121293
2021-06-23,2,1.468347103660552,0.0,0.47999,0.0,33.453,200000,413256.42282425857,213256.42282425857,2.066282114121293
2021-06-24,1,1.1668472126362432,-424654.139940255,0.48658,5907.3763912210325,34.978,200000,413256.42282425857,213256.42282425857,2.066282114121293
2021-06-25,1,0.9490672287225985,-424654.139940255,0.42552,5907.3763912210325,31.229,200000,365180.28694881895,165180.28694881895,1.8259014347440947
2021-06-26,1,0.8612742046645298,-424654.139940255,0.42354,5907.3763912210325,31.167,200000,363973.21441548155,163973.21441548155,1.8198660720774078
2021-06-27,1,0.7332311714257612,-424654.139940255,0.43151,5907.3763912210325,31.961,200000,372048.1647654348,172048.1647654348,1.8602408238271742
2021-06-28,1,0.3708611962901276,-424654.139940255,0.429,5907.3763912210325,33.171,200000,378130.2083075623,178130.20830756228,1.8906510415378115
2021-06-29,0,-0.09551435988031332,0.0,0.42802,0.0,35.148,200000,387384.4224028496,187384.4224028496,1.9369221120142481
2021-06-30,0,-0.6790492289885004,0.0,0.41198,0.0,36.648,200000,387384.4224028496,187384.4224028496,1.9369221120142481
2021-07-01,0,-0.8290667394004235,0.0,0.37767,0.0,34.097,200000,387384.4224028496,187384.4224028496,1.9369221120142481
2021-07-02,-2,-1.3739473644184679,0.0,0.36884,0.0,35.438,200000,387384.4224028496,187384.4224028496,1.9369221120142481
2021-07-03,-2,-1.2976962460635033,0.0,0.3772,0.0,36.348,200000,387384.4224028496,187384.4224028496,1.9369221120142481
2021-07-04,-2,-1.4607468636200354,0.0,0.37538,0.0,37.545,200000,387384.4224028496,187384.4224028496,1.9369221120142481
2021-07-05,-2,-1.5522785868359092,0.0,0.35303,0.0,35.916,200000,387384.4224028496,187384.4224028496,1.9369221120142481
2021-07-06,-2,-1.6187550136948377,0.0,0.35359,0.0,36.88,200000,387384.4224028496,187384.4224028496,1.9369221120142481
2021-07-07,-2,-1.493856132647683,0.0,0.35301,0.0,36.998,200000,387384.4224028496,187384.4224028496,1.9369221120142481
2021-07-08,0,-0.5154319301717953,0.0,0.38178,0.0,34.018,200000,387384.4224028496,187384.4224028496,1.9369221120142481
2021-07-09,0,-0.9120714105808317,0.0,0.35844,0.0,34.674,200000,387384.4224028496,187384.4224028496,1.9369221120142481
2021-07-10,0,-0.9709892193935759,0.0,0.34214,0.0,34.062,200000,387384.4224028496,187384.4224028496,1.9369221120142481
2021-07-11,0,-0.8332038227954762,0.0,0.34683,0.0,34.203,200000,387384.4224028496,187384.4224028496,1.9369221120142481
2021-07-12,0,-0.9328493392471738,0.0,0.33194,0.0,33.747,200000,387384.4224028496,187384.4224028496,1.9369221120142481
2021-07-13,-1,-1.1664036776092623,622104.4201105662,0.31135,-5788.250043374019,33.463,200000,387384.4224028496,187384.4224028496,1.9369221120142481
2021-07-14,-1,-1.1809042451714955,622104.4201105662,0.30023,-5788.250043374019,32.839,200000,376854.7532241547,176854.7532241547,1.8842737661207734
2021-07-15,-1,-1.0545821488103393,622104.4201105662,0.28951,-5788.250043374019,31.406,200000,361891.2315284144,161891.2315284144,1.809456157642072
2021-07-16,-2,-1.2551601194903483,0.0,0.26293,0.0,29.665,200000,395522.94475986867,195522.94475986867,1.9776147237993433
2021-07-17,0,-0.8810010460214008,0.0,0.27528,0.0,29.589,200000,395522.94475986867,195522.94475986867,1.9776147237993433
2021-07-18,0,-0.1555439333829693,0.0,0.29584,0.0,29.733,200000,395522.94475986867,195522.94475986867,1.9776147237993433
2021-07-19,0,-0.7606604697547844,0.0,0.26095,0.0,27.702,200000,395522.94475986867,195522.94475986867,1.9776147237993433
2021-07-20,-2,-1.3990274009198116,0.0,0.23041,0.0,25.845,200000,395522.94475986867,195522.94475986867,1.9776147237993433
2021-07-21,0,-0.0558262296067781,0.0,0.27142,0.0,27.907,200000,395522.94475986867,195522.94475986867,1.9776147237993433
2021-07-22,0,-0.0010608025684085835,0.0,0.2813,0.0,28.93,200000,395522.94475986867,195522.94475986867,1.9776147237993433
2021-07-23,0,-0.0634755636774182,0.0,0.28544,0.0,29.568,200000,395522.94475986867,195522.94475986867,1.9776147237993433
2021-07-24,2,1.3027653192677788,0.0,0.32065,0.0,30.712,200000,395522.94475986867,195522.94475986867,1.9776147237993433
2021-07-25,2,2.529003357016992,0.0,0.35555,0.0,30.759,200000,395522.94475986867,195522.94475986867,1.9776147237993433
2021-07-26,0,0.6160512015815349,0.0,0.33305,0.0,32.451,200000,395522.94475986867,195522.94475986867,1.9776147237993433
2021-07-27,0,0.24020220865721975,0.0,0.34149,0.0,34.072,200000,395522.94475986867,195522.94475986867,1.9776147237993433
2021-07-28,0,-0.3933042020431313,0.0,0.32909,0.0,34.555,200000,395522.94475986867,195522.94475986867,1.9776147237993433
2021-07-29,0,-0.438240372245035,0.0,0.33316,0.0,35.231,200000,395522.94475986867,195522.94475986867,1.9776147237993433
2021-07-30,-2,-2.2670039868891942,0.0,0.33288,0.0,41.66,200000,395522.94475986867,195522.94475986867,1.9776147237993433
2021-07-31,-2,-2.568926476458452,0.0,0.3292,0.0,45.81,200000,395522.94475986867,195522.94475986867,1.9776147237993433
2021-08-01,-2,-1.9770972110022402,0.0,0.31032,0.0,42.102,200000,395522.94475986867,195522.94475986867,1.9776147237993433
2021-08-02,-2,-1.980639766781662,0.0,0.30342,0.0,43.389,200000,395522.94475986867,195522.94475986867,1.9776147237993433
2021-08-03,-2,-1.6589184308442702,0.0,0.29418,0.0,41.473,200000,395522.94475986867,195522.94475986867,1.9776147237993433
2021-08-04,-2,-1.5437572285342687,0.0,0.30479,0.0,43.64,200000,395522.94475986867,195522.94475986867,1.9776147237993433
2021-08-05,-1,-1.114080517214493,606686.1133844659,0.32597,-4505.740866690992,43.891,200000,395522.94475986867,195522.94475986867,1.9776147237993433
2021-08-06,-2,-1.2328793772884579,0.0,0.3149,0.0,44.473,200000,404861.3012194489,204861.3012194489,2.0243065060972443
2021-08-07,-2,-1.388580053013762,0.0,0.31047,0.0,46.954,200000,404861.3012194489,204861.3012194489,2.0243065060972443
2021-08-08,-2,-1.3946599672365594,0.0,0.28578,0.0,45.051,200000,404861.3012194489,204861.3012194489,2.0243065060972443
2021-08-09,-1,-1.139900969247149,663750.5758073463,0.30498,-4353.25370658103,46.501,200000,404861.3012194489,204861.3012194489,2.0243065060972443
2021-08-10,-1,-1.0074022327486154,663750.5758073463,0.3081,-4353.25370658103,46.681,200000,407715.7886831524,207715.7886831524,2.0385789434157617
2021-08-11,-1,-0.686479532096828,663750.5758073463,0.34113,-4353.25370658103,48.741,200000,438607.172837626,238607.172837626,2.19303586418813
2021-08-12,-1,-0.6894552661710355,663750.5758073463,0.3339,-4353.25370658103,48.611,200000,433242.33319268335,233242.33319268335,2.1662116659634165
2021-08-13,-1,-0.9284007167989324,663750.5758073463,0.352,-4353.25370658103,55.424,200000,474914.9361177329,274914.9361177329,2.3745746805886645
2021-08-14,-1,-0.9938967081987723,663750.5758073463,0.34815,-4353.25370658103,55.809,200000,474035.49907790835,274035.49907790835,2.370177495389542
2021-08-15,-2,-1.2485246709856406,0.0,0.34505,0.0,58.913,200000,432297.40065293224,232297.40065293224,2.161487003264661
2021-08-16,0,-0.7872652966656865,0.0,0.35738,0.0,56.34,200000,432297.40065293224,232297.40065293224,2.161487003264661
2021-08-17,0,-0.6935775818731706,0.0,0.332,0.0,51.863,200000,432297.40065293224,232297.40065293224,2.161487003264661
2021-08-18,0,-0.9796429510306284,0.0,0.32373,0.0,51.556,200000,432297.40065293224,232297.40065293224,2.161487003264661
2021-08-19,-2,-1.3153418489412134,0.0,0.3314,0.0,54.334,200000,432297.40065293224,232297.40065293224,2.161487003264661
2021-08-20,-2,-1.4180743734248233,0.0,0.33806,0.0,56.542,200000,432297.40065293224,232297.40065293224,2.161487003264661
2021-08-21,-1,-1.0760904498641835,640668.3867640824,0.33738,-3903.856023812782,55.368,200000,432297.40065293224,232297.40065293224,2.161487003264661
2021-08-22,-1,-1.0093642330597445,640668.3867640824,0.3372,-3903.856023812782,55.495,200000,432677.87005833886,232677.87005833886,2.1633893502916943
2021-08-23,-2,-1.5301424190814352,0.0,0.35075,0.0,60.763,200000,444792.9675703664,244792.9675703664,2.223964837851832
2021-08-24,0,-0.9846054952813773,0.0,0.33145,0.0,55.528,200000,444792.9675703664,244792.9675703664,2.223964837851832
2021-08-25,0,-0.6614343152534047,0.0,0.34281,0.0,56.304,200000,444792.9675703664,244792.9675703664,2.223964837851832
2021-08-26,0,-0.3048408734315732,0.0,0.318,0.0,51.39,200000,444792.9675703664,244792.9675703664,2.223964837851832
2021-08-27,0,-0.5888801663362339,0.0,0.3372,0.0,55.52,200000,444792.9675703664,244792.9675703664,2.223964837851832
2021-08-28,0,-0.6591115494395658,0.0,0.3289,0.0,54.51,200000,444792.9675703664,244792.9675703664,2.223964837851832
2021-08-29,0,-0.5564510468537189,0.0,0.3291,0.0,54.45,200000,444792.9675703664,244792.9675703664,2.223964837851832
2021-08-30,0,0.3028094240656854,0.0,0.3246,0.0,51.58,200000,444792.9675703664,244792.9675703664,2.223964837851832
2021-08-31,0,0.7376698429474443,0.0,0.3305,0.0,52.09,200000,444792.9675703664,244792.9675703664,2.223964837851832
2021-09-01,0,0.3335585059466002,0.0,0.3418,0.0,55.19,200000,444792.9675703664,244792.9675703664,2.223964837851832
2021-09-02,0,0.5329092220345415,0.0,0.3445,0.0,55.41,200000,444792.9675703664,244792.9675703664,2.223964837851832
2021-09-03,2,1.688560981379686,0.0,0.3688,0.0,57.27,200000,444792.9675703664,244792.9675703664,2.223964837851832
2021-09-04,2,1.6920101800038332,0.0,0.3752,0.0,57.95,200000,444792.9675703664,244792.9675703664,2.223964837851832
2021-09-05,-1,-1.1487620490424426,-569080.050627388,0.3908,3380.913405065114,65.78,200000,444792.9675703664,244792.9675703664,2.223964837851832
2021-09-06,0,3.0610708525244386,0.0,0.4413,0.0,63.62,200000,408751.6520587426,208751.6520587426,2.043758260293713
2021-09-07,2,2.120756381418318,0.0,0.3393,0.0,49.84,200000,408751.6520587426,208751.6520587426,2.043758260293713
2021-09-08,2,1.3376321175825925,0.0,0.3258,0.0,49.14,200000,408751.6520587426,208751.6520587426,2.043758260293713
2021-09-09,0,0.940825000517814,0.0,0.3311,0.0,50.62,200000,408751.6520587426,208751.6520587426,2.043758260293713
2021-09-10,0,0.4179400474093509,0.0,0.3077,0.0,48.09,200000,408751.6520587426,208751.6520587426,2.043758260293713
2021-09-11,0,0.14514847490779134,0.0,0.3103,0.0,49.03,200000,408751.6520587426,208751.6520587426,2.043758260293713
2021-09-12,0,-0.40584773609635794,0.0,0.3195,0.0,51.56,200000,408751.6520587426,208751.6520587426,2.043758260293713
2021-09-13,0,-0.6567754935774721,0.0,0.2975,0.0,48.43,200000,408751.6520587426,208751.6520587426,2.043758260293713
2021-09-14,0,-0.8479042579711091,0.0,0.3158,0.0,51.83,200000,408751.6520587426,208751.6520587426,2.043758260293713
2021-09-15,0,-0.4908715001088946,0.0,0.3266,0.0,52.79,200000,408751.6520587426,208751.6520587426,2.043758260293713
2021-09-16,0,-0.31743097896372113,0.0,0.316,0.0,50.62,200000,408751.6520587426,208751.6520587426,2.043758260293713
2021-09-17,0,-0.22588514112825292,0.0,0.3063,0.0,48.77,200000,408751.6520587426,208751.6520587426,2.043758260293713
2021-09-18,0,-0.49181511226259306,0.0,0.3092,0.0,49.65,200000,408751.6520587426,208751.6520587426,2.043758260293713
2021-09-19,0,-0.5898195901795261,0.0,0.2985,0.0,48.16,200000,408751.6520587426,208751.6520587426,2.043758260293713
2021-09-20,0,-0.2624854176584884,0.0,0.2608,0.0,41.57,200000,408751.6520587426,208751.6520587426,2.043758260293713
2021-09-21,2,1.8362792567254698,0.0,0.2572,0.0,37.49,200000,408751.6520587426,208751.6520587426,2.043758260293713
2021-09-22,0,0.6094502330146483,0.0,0.2812,0.0,42.93,200000,408751.6520587426,208751.6520587426,2.043758260293713
2021-09-23,0,0.5874326577850794,0.0,0.2876,0.0,43.9,200000,408751.6520587426,208751.6520587426,2.043758260293713
2021-09-24,1,1.1649423547855435,-764021.7795490515,0.2675,5142.824006778342,39.74,200000,408751.6520587426,208751.6520587426,2.043758260293713
2021-09-25,2,1.221064687456642,0.0,0.2643,0.0,39.01,200000,410061.04388913384,210061.04388913384,2.0503052194456695
2021-09-26,2,2.1254550215033503,0.0,0.2729,0.0,38.72,200000,410061.04388913384,210061.04388913384,2.0503052194456695
2021-09-27,2,1.9839709001699757,0.0,0.2646,0.0,37.45,200000,410061.04388913384,210061.04388913384,2.0503052194456695
2021-09-28,2,1.6495547916969973,0.0,0.2523,0.0,35.93,200000,410061.04388913384,210061.04388913384,2.0503052194456695
2021-09-29,0,0.9689389668908227,0.0,0.253,0.0,37.08,200000,410061.04388913384,210061.04388913384,2.0503052194456695
2021-09-30,0,0.4893481583679264,0.0,0.2621,0.0,39.25,200000,410061.04388913384,210061.04388913384,2.0503052194456695
2021-10-01,1,1.0158199597732345,-702399.8696285266,0.2919,4839.04937324916,42.37,200000,410061.04388913384,210061.04388913384,2.0503052194456695
2021-10-02,2,1.493183969209186,0.0,0.3013,0.0,42.33,200000,416857.1646385719,216857.1646385719,2.0842858231928596
2021-10-03,0,0.13829752141221,0.0,0.2962,0.0,44.47,200000,416857.1646385719,216857.1646385719,2.0842858231928596
2021-10-04,0,0.7198652961246471,0.0,0.2961,0.0,43.01,200000,416857.1646385719,216857.1646385719,2.0842858231928596
2021-10-05,0,-0.2411517214292046,0.0,0.309,0.0,46.81,200000,416857.1646385719,216857.1646385719,2.0842858231928596
2021-10-06,0,-0.5777283227092121,0.0,0.3021,0.0,46.32,200000,416857.1646385719,216857.1646385719,2.0842858231928596
2021-10-07,0,-0.392004483958695,0.0,0.304,0.0,46.08,200000,416857.1646385719,216857.1646385719,2.0842858231928596
2021-10-08,0,-0.4516477222256845,0.0,0.3095,0.0,46.82,200000,416857.1646385719,216857.1646385719,2.0842858231928596
2021-10-09,-2,-1.2422424150675462,0.0,0.3146,0.0,48.74,200000,416857.1646385719,216857.1646385719,2.0842858231928596
2021-10-10,0,-0.8389345345379603,0.0,0.2982,0.0,45.31,200000,416857.1646385719,216857.1646385719,2.0842858231928596
2021-10-11,0,-0.7885082164749466,0.0,0.2967,0.0,45.12,200000,416857.1646385719,216857.1646385719,2.0842858231928596
2021-10-12,-1,-1.143652806510526,724465.0063235521,0.2877,-4707.059221302754,44.28,200000,416857.1646385719,216857.1646385719,2.0842858231928596
2021-10-13,-1,-0.9988707396733024,724465.0063235521,0.2925,-4707.059221302754,44.83,200000,422923.47924064146,222923.47924064146,2.114617396203207
2021-10-14,-1,-1.068248827374542,724465.0063235521,0.2915,-4707.059221302754,44.91,200000,422575.57897202205,222575.57897202205,2.1128778948601106
2021-10-15,-2,-1.2974891132957285,0.0,0.2867,0.0,44.73,200000,419699.8062944817,219699.80629448168,2.098499031472408
2021-10-16,-2,-1.257385128098192,0.0,0.2844,0.0,44.49,200000,419699.8062944817,219699.80629448168,2.098499031472408
2021-10-17,0,-0.6125420836375072,0.0,0.282,0.0,43.26,200000,419699.8062944817,219699.80629448168,2.098499031472408
2021-10-18,0,-0.46965851500462075,0.0,0.2805,0.0,42.94,200000,419699.8062944817,219699.80629448168,2.098499031472408
2021-10-19,0,-0.17830668986081075,0.0,0.2821,0.0,42.91,200000,419699.8062944817,219699.80629448168,2.098499031472408
2021-10-20,-1,-1.0008700759171334,719156.6249048692,0.2918,-4611.072360958929,45.51,200000,419699.8062944817,219699.80629448168,2.098499031472408
2021-10-21,-2,-1.4460299859572134,0.0,0.2839,0.0,45.01,200000,423075.6074507507,223075.60745075071,2.1153780372537536
2021-10-22,2,1.76045347097694,0.0,0.3009,0.0,44.4,200000,423075.6074507507,223075.60745075071,2.1153780372537536
2021-10-23,1,1.086611667146896,-706539.090599116,0.2994,4728.158330920325,44.74,200000,423075.6074507507,223075.60745075071,2.1153780372537536
2021-10-24,2,1.4966679945154278,0.0,0.2938,0.0,43.79,200000,423610.73895776994,223610.73895776994,2.1180536947888498
2021-10-25,2,2.7536437566964755,0.0,0.3103,0.0,44.55,200000,423610.73895776994,223610.73895776994,2.1180536947888498
2021-10-26,2,3.4061366220475486,0.0,0.3304,0.0,44.37,200000,423610.73895776994,223610.73895776994,2.1180536947888498
2021-10-27,2,3.289743771899703,0.0,0.3122,0.0,39.23,200000,423610.73895776994,223610.73895776994,2.1180536947888498
2021-10-28,2,2.331812562646277,0.0,0.3233,0.0,41.33,200000,423610.73895776994,223610.73895776994,2.1180536947888498
2021-10-29,2,2.4666446746089186,0.0,0.3559,0.0,43.28,200000,423610.73895776994,223610.73895776994,2.1180536947888498
2021-10-30,2,2.826769462902745,0.0,0.3869,0.0,42.57,200000,423610.73895776994,223610.73895776994,2.1180536947888498
2021-10-31,1,1.1465270819167253,-599505.7160455278,0.3533,4741.557409422095,44.67,200000,423610.73895776994,223610.73895776994,2.1180536947888498
2021-11-01,1,0.8391117400207174,-599505.7160455278,0.3495,4741.557409422095,45.18,200000,423750.81151560217,223750.81151560217,2.118754057578011
2021-11-02,1,0.7963242807472245,-599505.7160455278,0.3603,4741.557409422095,46.39,200000,435962.7577142947,235962.7577142947,2.1798137885714732
2021-11-03,1,0.9406662576368732,-599505.7160455278,0.374,4741.557409422095,46.99,200000,447020.92046977166,247020.92046977166,2.2351046023488585
2021-11-04,1,0.8079129886578315,-599505.7160455278,0.3676,4741.557409422095,46.4,200000,440386.5650155212,240386.5650155212,2.201932825077606
2021-11-05,1,1.1706489407977816,-599505.7160455278,0.3752,4741.557409422095,45.17,200000,439110.69284387806,239110.69284387806,2.1955534642193903
2021-11-06,2,1.2326988731908364,0.0,0.3808,0.0,45.0,200000,438532.4322039127,238532.4322039127,2.1926621610195633
2021-11-07,0,0.9298499320809217,0.0,0.3844,0.0,46.33,200000,438532.4322039127,238532.4322039127,2.1926621610195633
2021-11-08,0,-0.016118082685698927,0.0,0.3848,0.0,50.59,200000,438532.4322039127,238532.4322039127,2.1926621610195633
2021-11-09,0,-0.7041429500806692,0.0,0.3762,0.0,52.54,200000,438532.4322039127,238532.4322039127,2.1926621610195633
2021-11-10,0,-0.773635959740519,0.0,0.3475,0.0,48.22,200000,438532.4322039127,238532.4322039127,2.1926621610195633
2021-11-11,0,-0.9227353357192963,0.0,0.347,0.0,48.52,200000,438532.4322039127,238532.4322039127,2.1926621610195633
2021-11-12,0,-0.7971126146952808,0.0,0.3449,0.0,47.31,200000,438532.4322039127,238532.4322039127,2.1926621610195633
2021-11-13,-2,-1.4917978157896734,0.0,0.3399,0.0,49.05,200000,438532.4322039127,238532.4322039127,2.1926621610195633
2021-11-14,-2,-1.5529217705267795,0.0,0.3336,0.0,48.48,200000,438532.4322039127,238532.4322039127,2.1926621610195633
2021-11-15,-1,-1.087760001887254,655112.6862920716,0.3347,-4658.30074573946,47.07,200000,438532.43220391276,238532.43220391276,2.192662161019564
2021-11-16,-1,-0.7429623101109725,655112.6862920716,0.3114,-4658.30074573946,42.83,200000,403517.11145137215,203517.11145137215,2.0175855572568606
2021-11-17,0,0.16505475304746658,0.0,0.3376,0.0,43.28,200000,418977.64558731316,218977.64558731316,2.0948882279365657
2021-11-18,0,0.09032625489941512,0.0,0.308,0.0,39.84,200000,418977.64558731316,218977.64558731316,2.0948882279365657
2021-11-19,0,0.34839174812049056,0.0,0.3228,0.0,41.51,200000,418977.64558731316,218977.64558731316,2.0948882279365657
2021-11-20,0,0.42644951792521,0.0,0.3285,0.0,42.08,200000,418977.64558731316,218977.64558731316,2.0948882279365657
2021-11-21,0,0.6383246006127593,0.0,0.3291,0.0,41.57,200000,418977.64558731316,218977.64558731316,2.0948882279365657
2021-11-22,0,0.0787882610438635,0.0,0.3077,0.0,40.23,200000,418977.64558731316,218977.64558731316,2.0948882279365657
2021-11-23,0,0.8456097925900198,0.0,0.3227,0.0,40.28,200000,418977.64558731316,218977.64558731316,2.0948882279365657
2021-11-24,1,1.007723390598769,-660223.2045182999,0.3173,5350.927785278584,39.15,200000,418977.64558731316,218977.64558731316,2.0948882279365657
2021-11-25,1,1.1903563355152833,-660223.2045182999,0.3363,5350.927785278584,41.14,200000,442170.23276586516,242170.23276586516,2.210851163829326
2021-11-26,2,1.3578953491071595,0.0,0.305,0.0,37.14,200000,421612.26502014796,221612.26502014796,2.10806132510074
2021-11-27,2,1.443531334266615,0.0,0.3093,0.0,37.53,200000,421612.26502014796,221612.26502014796,2.10806132510074
2021-11-28,0,0.8047339200794162,0.0,0.3037,0.0,38.04,200000,421612.26502014796,221612.26502014796,2.10806132510074
2021-11-29,0,0.44488434758226286,0.0,0.3014,0.0,38.39,200000,421612.26502014796,221612.26502014796,2.10806132510074
2021-11-30,1,1.0096357572088936,-690036.4402948412,0.3055,5621.496866935306,37.5,200000,421612.2650201479,221612.2650201479,2.1080613251007394
2021-12-01,1,0.9071227022067284,-690036.4402948412,0.3042,5621.496866935306,37.36,200000,419928.2080863937,219928.20808639372,2.0996410404319685
2021-12-02,1,0.7756683409959657,-690036.4402948412,0.2967,5621.496866935306,36.53,200000,410087.09238462616,210087.09238462616,2.050435461923131
2021-12-03,2,2.362722421651998,0.0,0.3137,0.0,35.04,200000,441099.44612322655,241099.44612322655,2.2054972306161327
2021-12-04,2,2.1133800396275033,0.0,0.2643,0.0,29.63,200000,441099.44612322655,241099.44612322655,2.2054972306161327
2021-12-05,2,2.3004554991131045,0.0,0.2582,0.0,28.22,200000,441099.44612322655,241099.44612322655,2.2054972306161327
2021-12-06,2,1.3218385589773878,0.0,0.2569,0.0,29.37,200000,441099.44612322655,241099.44612322655,2.2054972306161327
2021-12-07,0,0.555525599277783,0.0,0.2505,0.0,29.67,200000,441099.44612322655,241099.44612322655,2.2054972306161327
2021-12-08,0,-0.3333083668848314,0.0,0.2517,0.0,31.14,200000,441099.44612322655,241099.44612322655,2.2054972306161327
2021-12-09,0,-0.17276685930427954,0.0,0.2284,0.0,27.95,200000,441099.44612322655,241099.44612322655,2.2054972306161327
2021-12-10,0,0.3757983561000499,0.0,0.2253,0.0,26.76,200000,441099.44612322655,241099.44612322655,2.2054972306161327
2021-12-11,0,-0.052262826781715926,0.0,0.2318,0.0,28.03,200000,441099.44612322655,241099.44612322655,2.2054972306161327
2021-12-12,0,-0.6118048478939901,0.0,0.2277,0.0,28.13,200000,441099.44612322655,241099.44612322655,2.2054972306161327
2021-12-13,-2,-1.2705349837477908,0.0,0.1985,0.0,25.32,200000,441099.44612322655,241099.44612322655,2.2054972306161327
2021-12-14,-2,-1.682212762570032,0.0,0.2006,0.0,26.34,200000,441099.44612322655,241099.44612322655,2.2054972306161327
2021-12-15,-1,-1.0548619922801947,1037392.8648241452,0.2126,-8126.371520324734,27.14,200000,441099.44612322655,241099.44612322655,2.2054972306161327
2021-12-16,-2,-1.5015856693415206,0.0,0.2003,0.0,26.43,200000,448089.6545811329,248089.65458113293,2.240448272905665
2021-12-17,-2,-1.2916270539900478,0.0,0.1933,0.0,25.4,200000,448089.6545811329,248089.65458113293,2.240448272905665
2021-12-18,-2,-1.2635135869063983,0.0,0.196,0.0,25.86,200000,448089.6545811329,248089.65458113293,2.240448272905665
2021-12-19,0,-0.8739536658891323,0.0,0.1963,0.0,25.31,200000,448089.6545811329,248089.65458113293,2.240448272905665
2021-12-20,-2,-1.6182049703916586,0.0,0.1871,0.0,25.65,200000,448089.6545811329,248089.65458113293,2.240448272905665
2021-12-21,-1,-1.0324544854132345,1124723.0285671009,0.1992,-8492.980564464233,26.38,200000,448089.6545811329,248089.65458113293,2.240448272905665
2021-12-22,-1,-0.9989057912306392,1124723.0285671009,0.2054,-8492.980564464233,27.3,200000,462876.4794775561,262876.4794775561,2.3143823973877806
2021-12-23,-1,-0.944437306952941,1124723.0285671009,0.2229,-8492.980564464233,29.69,200000,502857.3560265498,302857.3560265498,2.514286780132749
2021-12-24,-1,-1.0401221113254155,1124723.0285671009,0.2147,-8492.980564464233,28.95,200000,487349.8215745961,287349.8215745961,2.4367491078729806
2021-12-25,-1,-1.0223624312498416,1124723.0285671009,0.2186,-8492.980564464233,29.45,200000,495982.7316682399,295982.7316682399,2.4799136583411996
2021-12-26,0,-0.04292812709011008,0.0,0.2295,0.0,29.52,200000,440678.5057879675,240678.50578796747,2.2033925289398373
2021-12-27,0,0.001357544272032366,0.0,0.2294,0.0,29.58,200000,440678.5057879675,240678.50578796747,2.2033925289398373
2021-12-28,0,-0.5040130917099882,0.0,0.2046,0.0,27.0,200000,440678.5057879675,240678.50578796747,2.2033925289398373
2021-12-29,-1,-1.122896712055845,1148796.93896759,0.1918,-8455.074938372361,26.06,200000,440678.5057879675,240678.50578796747,2.2033925289398373
2021-12-30,-1,-0.3941883631887602,1148796.93896759,0.1974,-8455.074938372361,26.14,200000,447788.17464125575,247788.17464125575,2.2389408732062788
2021-12-31,-1,-0.8811328391920048,1148796.93896759,0.191,-8455.074938372361,25.69,200000,436631.09050959564,236631.09050959564,2.183155452547978
2022-01-01,-1,-0.4692048749716562,1148796.93896759,0.1979,-8455.074938372361,26.38,200000,450391.7910959489,250391.7910959489,2.2519589554797443
2022-01-02,0,0.14911564958295787,0.0,0.2048,0.0,27.01,200000,433776.46677284257,233776.46677284257,2.1688823338642127
2022-01-03,0,-0.7702067306864939,0.0,0.1982,0.0,26.63,200000,433776.46677284257,233776.46677284257,2.1688823338642127
2022-01-04,0,-0.9050250062395885,0.0,0.193,0.0,26.03,200000,433776.46677284257,233776.46677284257,2.1688823338642127
2022-01-05,0,-0.6882676259564277,0.0,0.1817,0.0,24.44,200000,433776.46677284257,233776.46677284257,2.1688823338642127
2022-01-06,-2,-1.9146706311727484,0.0,0.1789,0.0,24.75,200000,433776.46677284257,233776.46677284257,2.1688823338642127
2022-01-07,-2,-2.320653655089412,0.0,0.1675,0.0,23.65,200000,433776.46677284257,233776.46677284257,2.1688823338642127
2022-01-08,-2,-2.120895125013091,0.0,0.1628,0.0,23.07,200000,433776.46677284257,233776.46677284257,2.1688823338642127
2022-01-09,-2,-1.8413615830996035,0.0,0.1672,0.0,23.66,200000,433776.46677284257,233776.46677284257,2.1688823338642127
2022-01-10,-2,-1.3591551504404298,0.0,0.1617,0.0,22.68,200000,433776.46677284257,233776.46677284257,2.1688823338642127
2022-01-11,-1,-1.0883127722152686,1271326.104258038,0.1706,-9105.29947046269,23.82,200000,433776.46677284257,233776.46677284257,2.1688823338642127
2022-01-12,-1,-0.9763586177399814,1271326.104258038,0.1774,-9105.29947046269,24.76,200000,450980.46578403225,250980.46578403225,2.2549023289201613
2022-01-13,-1,-0.7744805904269921,1271326.104258038,0.1693,-9105.29947046269,23.53,200000,429483.2059908729,229483.20599087293,2.1474160299543645
2022-01-14,-2,-1.3816063534256033,0.0,0.1746,0.0,24.86,200000,438160.67380509165,238160.67380509165,2.190803369025458
2022-01-15,-2,-1.6445102123308888,0.0,0.1754,0.0,25.32,200000,438160.67380509165,238160.67380509165,2.190803369025458
2022-01-16,0,-0.5678580786948991,0.0,0.1801,0.0,25.16,200000,438160.67380509165,238160.67380509165,2.190803369025458
2022-01-17,0,0.31892061345580497,0.0,0.1754,0.0,23.95,200000,438160.67380509165,238160.67380509165,2.190803369025458
2022-01-18,0,0.22008641838779927,0.0,0.1856,0.0,25.42,200000,438160.67380509165,238160.67380509165,2.190803369025458
2022-01-19,2,3.4238983295904615,0.0,0.1986,0.0,23.83,200000,438160.67380509165,238160.67380509165,2.190803369025458
2022-01-20,2,1.9044820409972028,0.0,0.1809,0.0,22.71,200000,438160.67380509165,238160.67380509165,2.190803369025458
2022-01-21,2,1.545806462038093,0.0,0.1545,0.0,19.56,200000,438160.67380509165,238160.67380509165,2.190803369025458
2022-01-22,0,0.2694548086295412,0.0,0.1326,0.0,17.84,200000,438160.67380509165,238160.67380509165,2.190803369025458
2022-01-23,0,0.5237663832133677,0.0,0.1401,0.0,18.61,200000,438160.67380509165,238160.67380509165,2.190803369025458
2022-01-24,0,-0.26206441952972676,0.0,0.1311,0.0,18.11,200000,438160.67380509165,238160.67380509165,2.190803369025458
2022-01-25,0,-0.7135769773310128,0.0,0.1287,0.0,18.24,200000,438160.67380509165,238160.67380509165,2.190803369025458
2022-01-26,2,3.1463455291462825,0.0,0.165,0.0,18.14,200000,438160.67380509165,238160.67380509165,2.190803369025458
2022-01-27,2,3.018484212061282,0.0,0.1776,0.0,18.08,200000,438160.67380509165,238160.67380509165,2.190803369025458
2022-01-28,2,1.9801132753167263,0.0,0.1776,0.0,19.04,200000,438160.67380509165,238160.67380509165,2.190803369025458
2022-01-29,2,1.4580901007712077,0.0,0.1749,0.0,19.33,200000,438160.67380509165,238160.67380509165,2.190803369025458
2022-01-30,2,1.4083913329167375,0.0,0.1793,0.0,19.57,200000,438160.67380509165,238160.67380509165,2.190803369025458
2022-01-31,2,1.216132925476816,0.0,0.1796,0.0,19.71,200000,438160.67380509165,238160.67380509165,2.190803369025458
