date,statusList,zscore,TRXUSDT_position,TRXUSDT_price,TFUELUSDT_position,TFUELUSDT_price,init,total_asset,pnl,return
2020-01-01,0,,0.0,0.01322,0.0,0.002383,200000,200000.0,0.0,1.0
2020-01-02,0,,0.0,0.01284,0.0,0.002297,200000,200000.0,0.0,1.0
2020-01-03,0,,0.0,0.01344,0.0,0.002403,200000,200000.0,0.0,1.0
2020-01-04,0,,0.0,0.01344,0.0,0.002429,200000,200000.0,0.0,1.0
2020-01-05,0,,0.0,0.01353,0.0,0.002412,200000,200000.0,0.0,1.0
2020-01-06,0,,0.0,0.01472,0.0,0.002461,200000,200000.0,0.0,1.0
2020-01-07,0,,0.0,0.01434,0.0,0.002382,200000,200000.0,0.0,1.0
2020-01-08,0,,0.0,0.01402,0.0,0.002511,200000,200000.0,0.0,1.0
2020-01-09,0,,0.0,0.01398,0.0,0.002395,200000,200000.0,0.0,1.0
2020-01-10,0,,0.0,0.01469,0.0,0.002402,200000,200000.0,0.0,1.0
2020-01-11,0,,0.0,0.0146,0.0,0.002403,200000,200000.0,0.0,1.0
2020-01-12,0,,0.0,0.01503,0.0,0.002452,200000,200000.0,0.0,1.0
2020-01-13,0,,0.0,0.01464,0.0,0.002456,200000,200000.0,0.0,1.0
2020-01-14,0,,0.0,0.01677,0.0,0.002572,200000,200000.0,0.0,1.0
2020-01-15,0,,0.0,0.01729,0.0,0.002567,200000,200000.0,0.0,1.0
2020-01-16,0,,0.0,0.01734,0.0,0.002584,200000,200000.0,0.0,1.0
2020-01-17,0,,0.0,0.01758,0.0,0.002598,200000,200000.0,0.0,1.0
2020-01-18,0,,0.0,0.01766,0.0,0.002591,200000,200000.0,0.0,1.0
2020-01-19,0,,0.0,0.01665,0.0,0.00246,200000,200000.0,0.0,1.0
2020-01-20,0,0.6862001216179605,0.0,0.01661,0.0,0.002579,200000,200000.0,0.0,1.0
2020-01-21,2,1.46421635154301,0.0,0.01732,0.0,0.002514,200000,200000.0,0.0,1.0
2020-01-22,2,1.3922117621450585,0.0,0.01743,0.0,0.002515,200000,200000.0,0.0,1.0
2020-01-23,0,0.5041856557678103,0.0,0.01628,0.0,0.002492,200000,200000.0,0.0,1.0
2020-01-24,0,0.7699773264991553,0.0,0.01639,0.0,0.002449,200000,200000.0,0.0,1.0
2020-01-25,0,0.20238293841728253,0.0,0.01613,0.0,0.002489,200000,200000.0,0.0,1.0
2020-01-26,0,0.7567627242737017,0.0,0.01684,0.0,0.0025,200000,200000.0,0.0,1.0
2020-01-27,0,0.48343621005319315,0.0,0.01713,0.0,0.002574,200000,200000.0,0.0,1.0
2020-01-28,2,1.7138418045043884,0.0,0.0186,0.0,0.0026,200000,200000.0,0.0,1.0
2020-01-29,2,2.368072783259009,0.0,0.01866,0.0,0.002481,200000,200000.0,0.0,1.0
2020-01-30,2,2.4864970806660955,0.0,0.0195,0.0,0.002498,200000,200000.0,0.0,1.0
2020-01-31,2,1.6434607208569123,0.0,0.01867,0.0,0.002482,200000,200000.0,0.0,1.0
2020-02-01,2,1.6993611604678667,0.0,0.01907,0.0,0.002496,200000,200000.0,0.0,1.0
2020-02-02,2,1.4174130665207234,0.0,0.01909,0.0,0.002528,200000,200000.0,0.0,1.0
2020-02-03,2,1.210992207414326,0.0,0.0192,0.0,0.002553,200000,200000.0,0.0,1.0
2020-02-04,0,-0.0379974926848809,0.0,0.01925,0.0,0.002754,200000,200000.0,0.0,1.0
2020-02-05,0,0.40367574596976974,0.0,0.02076,0.0,0.002882,200000,200000.0,0.0,1.0
2020-02-06,1,1.015099346159766,-4403346.543372964,0.02271,33068783.068783067,0.003024,200000,200000.0,0.0,1.0
2020-02-07,0,-0.42470971163110643,0.0,0.02204,0.0,0.0032,200000,191229.6519958343,-8770.348004165688,0.9561482599791715
2020-02-08,0,0.22521234049001684,0.0,0.02179,0.0,0.003031,200000,191229.6519958343,-8770.348004165688,0.9561482599791715
2020-02-09,-1,-1.162117111362775,4334307.615499418,0.02206,-28687316.53102825,0.003333,200000,191229.6519958343,-8770.348004165688,0.9561482599791715
2020-02-10,-2,-1.5396942246908416,0.0,0.02216,0.0,0.003465,200000,194582.9470163801,-5417.052983619913,0.9729147350819004
2020-02-11,-2,-1.4345740368420363,0.0,0.02272,0.0,0.003563,200000,194582.9470163801,-5417.052983619913,0.9729147350819004
2020-02-12,-2,-1.2868442269968456,0.0,0.02393,0.0,0.00372,200000,194582.9470163801,-5417.052983619913,0.9729147350819004
2020-02-13,-2,-1.7719428115207625,0.0,0.02391,0.0,0.003918,200000,194582.9470163801,-5417.052983619913,0.9729147350819004
2020-02-14,0,-0.30978666166760677,0.0,0.02639,0.0,0.003836,200000,194582.9470163801,-5417.052983619913,0.9729147350819004
2020-02-15,0,-0.40837841173381034,0.0,0.02364,0.0,0.003458,200000,194582.9470163801,-5417.052983619913,0.9729147350819004
2020-02-16,0,-0.5200542919380307,0.0,0.02223,0.0,0.003274,200000,194582.9470163801,-5417.052983619913,0.9729147350819004
2020-02-17,-1,-1.069383407387151,4464959.775502067,0.02179,-28878442.71540221,0.003369,200000,194582.9470163801,-5417.052983619913,0.9729147350819004
2020-02-18,-1,-0.6092931845970241,4464959.775502067,0.02262,-28878442.71540221,0.003394,200000,199010.82469793185,-989.1753020681499,0.9950541234896593
2020-02-19,-1,-0.7801276505331989,4464959.775502067,0.0202,-28878442.71540221,0.003088,200000,179368.81857030376,-20631.18142969624,0.8968440928515188
2020-02-20,-1,-1.1252988968715585,4464959.775502067,0.0198,-28878442.71540221,0.003129,200000,178766.85081143444,-21233.149188565556,0.8938342540571722
2020-02-21,-1,-0.8230261530730822,4464959.775502067,0.02016,-28878442.71540221,0.003134,200000,180518.62854419218,-19481.37145580782,0.9025931427209609
2020-02-22,-1,-0.9465487050902138,4464959.775502067,0.02002,-28878442.71540221,0.003154,200000,180471.10302992995,-19528.896970070055,0.9023555151496497
2020-02-23,-1,-0.3024906338901225,4464959.775502067,0.02133,-28878442.71540221,0.003246,200000,188977.01706565465,-11022.982934345346,0.9448850853282733
2020-02-24,-1,-0.9435345701306973,4464959.775502067,0.01988,-28878442.71540221,0.003151,200000,179759.37333321344,-20240.626666786557,0.8987968666660672
2020-02-25,-1,-0.6799639244974994,4464959.775502067,0.01891,-28878442.71540221,0.002966,200000,170085.85044862702,-29914.149551372975,0.8504292522431351
2020-02-26,-1,-0.6461575546532268,4464959.775502067,0.01636,-28878442.71540221,0.002565,200000,147119.9474922205,-52880.0525077795,0.7355997374611025
2020-02-27,-1,-0.8247322382478223,4464959.775502067,0.01701,-28878442.71540221,0.002696,200000,153805.2473420145,-46194.75265798549,0.7690262367100725
2020-02-28,-2,-1.4083888940419869,0.0,0.0171,0.0,0.00277,200000,198225.42117695886,-1774.5788230411417,0.9911271058847942
2020-02-29,-2,-1.6080697871621394,0.0,0.01648,0.0,0.002709,200000,198225.42117695886,-1774.5788230411417,0.9911271058847942
2020-03-01,-2,-1.5437311536189784,0.0,0.01643,0.0,0.002713,200000,198225.42117695886,-1774.5788230411417,0.9911271058847942
2020-03-02,0,0.0531585866327472,0.0,0.01759,0.0,0.002732,200000,198225.42117695886,-1774.5788230411417,0.9911271058847942
2020-03-03,-2,-1.233623936824857,0.0,0.01723,0.0,0.002823,200000,198225.42117695886,-1774.5788230411417,0.9911271058847942
2020-03-04,-2,-1.229937455360475,0.0,0.01774,0.0,0.002906,200000,198225.42117695886,-1774.5788230411417,0.9911271058847942
2020-03-05,-2,-1.7264953823580562,0.0,0.01789,0.0,0.00301,200000,198225.42117695886,-1774.5788230411417,0.9911271058847942
2020-03-06,0,-0.8674731834290659,0.0,0.01833,0.0,0.002987,200000,198225.42117695886,-1774.5788230411417,0.9911271058847942
2020-03-07,-2,-1.9289825513650767,0.0,0.01699,0.0,0.002896,200000,198225.42117695886,-1774.5788230411417,0.9911271058847942
2020-03-08,-2,-1.7345467778471768,0.0,0.01465,0.0,0.002504,200000,198225.42117695886,-1774.5788230411417,0.9911271058847942
2020-03-09,-2,-1.2822993778645109,0.0,0.01504,0.0,0.002535,200000,198225.42117695886,-1774.5788230411417,0.9911271058847942
2020-03-10,0,-0.6107317595347279,0.0,0.01508,0.0,0.002487,200000,198225.42117695886,-1774.5788230411417,0.9911271058847942
2020-03-11,0,0.12212416725603076,0.0,0.01489,0.0,0.002398,200000,198225.42117695886,-1774.5788230411417,0.9911271058847942
2020-03-12,2,3.572018189737196,0.0,0.00841,0.0,0.001116,200000,198225.42117695886,-1774.5788230411417,0.9911271058847942
2020-03-13,2,2.5386957106960497,0.0,0.01029,0.0,0.001383,200000,198225.42117695886,-1774.5788230411417,0.9911271058847942
2020-03-14,0,0.6201358225706558,0.0,0.00973,0.0,0.00148,200000,198225.42117695886,-1774.5788230411417,0.9911271058847942
2020-03-15,0,0.03466625132151832,0.0,0.01026,0.0,0.001626,200000,198225.42117695886,-1774.5788230411417,0.9911271058847942
2020-03-16,0,0.23622329012810173,0.0,0.00961,0.0,0.001501,200000,198225.42117695886,-1774.5788230411417,0.9911271058847942
2020-03-17,0,0.4415028535785034,0.0,0.01002,0.0,0.001541,200000,198225.42117695886,-1774.5788230411417,0.9911271058847942
2020-03-18,2,1.2458080555029234,0.0,0.01022,0.0,0.001476,200000,198225.42117695886,-1774.5788230411417,0.9911271058847942
2020-03-19,0,0.8429679735576389,0.0,0.01163,0.0,0.001718,200000,198225.42117695886,-1774.5788230411417,0.9911271058847942
2020-03-20,0,-0.22993930772775478,0.0,0.01127,0.0,0.0018,200000,198225.42117695886,-1774.5788230411417,0.9911271058847942
2020-03-21,0,0.08821379807769779,0.0,0.01123,0.0,0.001746,200000,198225.42117695886,-1774.5788230411417,0.9911271058847942
2020-03-22,0,0.20588974309775881,0.0,0.0103,0.0,0.001587,200000,198225.42117695886,-1774.5788230411417,0.9911271058847942
2020-03-23,0,0.6406571091643093,0.0,0.01137,0.0,0.00169,200000,198225.42117695886,-1774.5788230411417,0.9911271058847942
2020-03-24,0,0.996805741209057,0.0,0.01151,0.0,0.001657,200000,198225.42117695886,-1774.5788230411417,0.9911271058847942
2020-03-25,0,0.8113823203423203,0.0,0.01139,0.0,0.001651,200000,198225.42117695886,-1774.5788230411417,0.9911271058847942
2020-03-26,0,0.7999093044774621,0.0,0.01196,0.0,0.001725,200000,198225.42117695886,-1774.5788230411417,0.9911271058847942
2020-03-27,0,0.04245484910940361,0.0,0.01121,0.0,0.001696,200000,198225.42117695886,-1774.5788230411417,0.9911271058847942
2020-03-28,0,0.18974595638544875,0.0,0.01139,0.0,0.001697,200000,198225.42117695886,-1774.5788230411417,0.9911271058847942
2020-03-29,0,0.2132741963103762,0.0,0.01066,0.0,0.001578,200000,198225.42117695886,-1774.5788230411417,0.9911271058847942
2020-03-30,0,0.1092222540526806,0.0,0.01145,0.0,0.001697,200000,198225.42117695886,-1774.5788230411417,0.9911271058847942
2020-03-31,0,-0.1818514227279994,0.0,0.01157,0.0,0.001734,200000,198225.42117695886,-1774.5788230411417,0.9911271058847942
2020-04-01,0,-0.12273389912861749,0.0,0.01158,0.0,0.00174,200000,198225.42117695886,-1774.5788230411417,0.9911271058847942
2020-04-02,0,0.9892199088337876,0.0,0.01196,0.0,0.001742,200000,198225.42117695886,-1774.5788230411417,0.9911271058847942
2020-04-03,1,1.1043189636005237,-8300897.034211008,0.01194,57390104.56773563,0.001727,200000,198225.42117695886,-1774.5788230411417,0.9911271058847942
2020-04-04,1,0.9211348325497521,-8300897.034211008,0.01197,57390104.56773563,0.001737,200000,199048.34913366253,-951.6508663374698,0.9952417456683127
2020-04-05,2,2.4848616259914724,0.0,0.01257,0.0,0.001715,200000,204143.66756332462,4143.66756332462,1.0207183378166231
2020-04-06,2,2.349162288431617,0.0,0.01375,0.0,0.00185,200000,204143.66756332462,4143.66756332462,1.0207183378166231
2020-04-07,2,1.965237506850074,0.0,0.0133,0.0,0.001793,200000,204143.66756332462,4143.66756332462,1.0207183378166231
2020-04-08,2,1.8181539980079342,0.0,0.01376,0.0,0.001843,200000,204143.66756332462,4143.66756332462,1.0207183378166231
2020-04-09,2,1.385754410625951,0.0,0.01345,0.0,0.001828,200000,204143.66756332462,4143.66756332462,1.0207183378166231
2020-04-10,2,1.5712091935995576,0.0,0.01248,0.0,0.00167,200000,204143.66756332462,4143.66756332462,1.0207183378166231
2020-04-11,2,1.5022600193345326,0.0,0.0125,0.0,0.001666,200000,204143.66756332462,4143.66756332462,1.0207183378166231
2020-04-12,1,1.1029682787629216,-8062546.1122956015,0.01266,59761026.80425193,0.001708,200000,204143.66756332462,4143.66756332462,1.0207183378166231
2020-04-13,2,1.3242642976535912,0.0,0.01257,0.0,0.001668,200000,205808.47948538812,5808.479485388118,1.0290423974269405
2020-04-14,0,0.33315456685945416,0.0,0.01245,0.0,0.001727,200000,205808.47948538812,5808.479485388118,1.0290423974269405
2020-04-15,2,1.2575577927510067,0.0,0.01219,0.0,0.001609,200000,205808.47948538812,5808.479485388118,1.0290423974269405
2020-04-16,2,1.6805205313097509,0.0,0.01302,0.0,0.001669,200000,205808.47948538812,5808.479485388118,1.0290423974269405
2020-04-17,2,1.6223678904842667,0.0,0.01289,0.0,0.001641,200000,205808.47948538812,5808.479485388118,1.0290423974269405
2020-04-18,2,1.5232501395648685,0.0,0.01339,0.0,0.001698,200000,205808.47948538812,5808.479485388118,1.0290423974269405
2020-04-19,2,1.348286867619877,0.0,0.0129,0.0,0.001639,200000,205808.47948538812,5808.479485388118,1.0290423974269405
2020-04-20,0,0.38625144339801143,0.0,0.0124,0.0,0.001646,200000,205808.47948538812,5808.479485388118,1.0290423974269405
2020-04-21,0,0.6715477746647848,0.0,0.01249,0.0,0.001632,200000,205808.47948538812,5808.479485388118,1.0290423974269405
2020-04-22,0,0.44821854457562504,0.0,0.01298,0.0,0.001706,200000,205808.47948538812,5808.479485388118,1.0290423974269405
2020-04-23,2,1.4885499707771084,0.0,0.01361,0.0,0.00172,200000,205808.47948538812,5808.479485388118,1.0290423974269405
2020-04-24,2,1.806814262837604,0.0,0.01392,0.0,0.001741,200000,205808.47948538812,5808.479485388118,1.0290423974269405
2020-04-25,0,0.32418356548111166,0.0,0.01396,0.0,0.001818,200000,205808.47948538812,5808.479485388118,1.0290423974269405
2020-04-26,0,0.051959350355547114,0.0,0.01426,0.0,0.001869,200000,205808.47948538812,5808.479485388118,1.0290423974269405
2020-04-27,0,0.9831687701134496,0.0,0.01452,0.0,0.00185,200000,205808.47948538812,5808.479485388118,1.0290423974269405
2020-04-28,2,1.8442875356231963,0.0,0.01528,0.0,0.001887,200000,205808.47948538812,5808.479485388118,1.0290423974269405
2020-04-29,2,2.4631407384174913,0.0,0.01624,0.0,0.001937,200000,205808.47948538812,5808.479485388118,1.0290423974269405
2020-04-30,0,0.3383798904308428,0.0,0.01519,0.0,0.00194,200000,205808.47948538812,5808.479485388118,1.0290423974269405
2020-05-01,0,-0.11127949637740485,0.0,0.01581,0.0,0.002047,200000,205808.47948538812,5808.479485388118,1.0290423974269405
2020-05-02,0,-0.15357929081314553,0.0,0.01635,0.0,0.002115,200000,205808.47948538812,5808.479485388118,1.0290423974269405
2020-05-03,0,-0.07208240362817338,0.0,0.01599,0.0,0.00206,200000,205808.47948538812,5808.479485388118,1.0290423974269405
2020-05-04,0,0.8255580858112753,0.0,0.01623,0.0,0.002033,200000,205808.47948538812,5808.479485388118,1.0290423974269405
2020-05-05,-1,-1.002710324557075,6471964.76369145,0.0159,-49330891.53532793,0.002086,200000,205808.47948538812,5808.479485388118,1.0290423974269405
2020-05-06,-1,-0.6986972091514158,6471964.76369145,0.01554,-49330891.53532793,0.002025,200000,200469.38778680417,469.38778680417454,1.002346938934021
2020-05-07,-1,-0.749347705539651,6471964.76369145,0.01603,-49330891.53532793,0.002095,200000,207093.81292848595,7093.812928485946,1.0354690646424298
2020-05-08,-2,-2.2968358437120804,0.0,0.01627,0.0,0.002254,200000,211701.44230075736,11701.442300757364,1.0585072115037868
2020-05-09,0,-0.5773928253609044,0.0,0.01609,0.0,0.002112,200000,211701.44230075736,11701.442300757364,1.0585072115037868
2020-05-10,0,-0.4457525544786451,0.0,0.01426,0.0,0.001862,200000,211701.44230075736,11701.442300757364,1.0585072115037868
2020-05-11,0,-0.9951938183921726,0.0,0.01398,0.0,0.00186,200000,211701.44230075736,11701.442300757364,1.0585072115037868
2020-05-12,-2,-2.706017556421733,0.0,0.01455,0.0,0.002115,200000,211701.44230075736,11701.442300757364,1.0585072115037868
2020-05-13,-2,-1.4544456318030896,0.0,0.01501,0.0,0.002082,200000,211701.44230075736,11701.442300757364,1.0585072115037868
2020-05-14,-2,-1.6075022650379887,0.0,0.01527,0.0,0.002155,200000,211701.44230075736,11701.442300757364,1.0585072115037868
2020-05-15,-2,-2.828653752588107,0.0,0.01488,0.0,0.002376,200000,211701.44230075736,11701.442300757364,1.0585072115037868
2020-05-16,-2,-3.0438202557308953,0.0,0.01497,0.0,0.002749,200000,211701.44230075736,11701.442300757364,1.0585072115037868
2020-05-17,-2,-1.955845800636945,0.0,0.015,0.0,0.002534,200000,211701.44230075736,11701.442300757364,1.0585072115037868
2020-05-18,-2,-1.606886518466194,0.0,0.01537,0.0,0.002556,200000,211701.44230075736,11701.442300757364,1.0585072115037868
2020-05-19,-2,-2.1708040997112508,0.0,0.01553,0.0,0.002951,200000,211701.44230075736,11701.442300757364,1.0585072115037868
2020-05-20,-2,-2.779064710846182,0.0,0.015,0.0,0.003893,200000,211701.44230075736,11701.442300757364,1.0585072115037868
2020-05-21,-2,-3.053231996533655,0.0,0.01421,0.0,0.007618,200000,211701.44230075736,11701.442300757364,1.0585072115037868
2020-05-22,-2,-2.2624626756777455,0.0,0.01484,0.0,0.006619,200000,211701.44230075736,11701.442300757364,1.0585072115037868
2020-05-23,-2,-2.1278500187339624,0.0,0.01496,0.0,0.009016,200000,211701.44230075736,11701.442300757364,1.0585072115037868
2020-05-24,-2,-2.1127967910946666,0.0,0.01421,0.0,0.017882,200000,211701.44230075736,11701.442300757364,1.0585072115037868
2020-05-25,-2,-1.7755595844725292,0.0,0.01472,0.0,0.016088,200000,211701.44230075736,11701.442300757364,1.0585072115037868
2020-05-26,-2,-1.5192580520706893,0.0,0.01458,0.0,0.013827,200000,211701.44230075736,11701.442300757364,1.0585072115037868
2020-05-27,-2,-1.2508231947800539,0.0,0.0147,0.0,0.010594,200000,211701.44230075736,11701.442300757364,1.0585072115037868
2020-05-28,-1,-1.0078096396100376,6991461.106365831,0.01514,-12222947.015055276,0.00866,200000,211701.44230075736,11701.442300757364,1.0585072115037868
2020-05-29,-1,-1.0136579235602678,6991461.106365831,0.015,-12222947.015055276,0.010282,200000,230548.2578042858,30548.257804285793,1.152741289021429
2020-05-30,-1,-0.8546405905781497,6991461.106365831,0.01638,-12222947.015055276,0.009945,200000,236077.34098699703,36077.340986997035,1.1803867049349852
2020-05-31,-1,-0.692709537126481,6991461.106365831,0.01582,-12222947.015055276,0.008509,200000,214609.9708538128,14609.970853812789,1.0730498542690639
2020-06-01,-1,-0.597684917090024,6991461.106365831,0.01707,-12222947.015055276,0.00896,200000,228861.84634056,28861.846340560005,1.1443092317028
2020-06-02,-1,-0.5136964443357647,6991461.106365831,0.01637,-12222947.015055276,0.0085,200000,218345.2679391785,18345.267939178506,1.0917263396958925
2020-06-03,-1,-0.4261007571994879,6991461.106365831,0.01691,-12222947.015055276,0.00868,200000,224320.78739932601,24320.787399326015,1.12160393699663
2020-06-04,-1,-0.34119572242596286,6991461.106365831,0.01687,-12222947.015055276,0.008622,200000,223332.19802819815,23332.198028198152,1.1166609901409907
2020-06-05,-1,-0.22018299224586596,6991461.106365831,0.01685,-12222947.015055276,0.008324,200000,219549.9305955844,19549.93059558439,1.097749652977922
2020-06-06,0,-0.09003742710749883,0.0,0.01704,0.0,0.008279,200000,193760.72338592625,-6239.276614073751,0.9688036169296312
2020-06-07,0,0.2795764965499029,0.0,0.0182,0.0,0.008019,200000,193760.72338592625,-6239.276614073751,0.9688036169296312
2020-06-08,0,0.7428691848587912,0.0,0.01794,0.0,0.007737,200000,193760.72338592625,-6239.276614073751,0.9688036169296312
2020-06-09,2,1.3621372788865922,0.0,0.01754,0.0,0.007345,200000,193760.72338592625,-6239.276614073751,0.9688036169296312
2020-06-10,2,1.457519461866728,0.0,0.0176,0.0,0.007026,200000,193760.72338592625,-6239.276614073751,0.9688036169296312
2020-06-11,2,1.397666138208131,0.0,0.01573,0.0,0.00626,200000,193760.72338592625,-6239.276614073751,0.9688036169296312
2020-06-12,0,-0.45179089887846297,0.0,0.01644,0.0,0.010355,200000,193760.72338592625,-6239.276614073751,0.9688036169296312
2020-06-13,0,-0.8937992613446485,0.0,0.01668,0.0,0.011541,200000,193760.72338592625,-6239.276614073751,0.9688036169296312
2020-06-14,0,-0.7016532201178061,0.0,0.01616,0.0,0.010087,200000,193760.72338592625,-6239.276614073751,0.9688036169296312
2020-06-15,0,-0.9396828364245444,0.0,0.01606,0.0,0.010208,200000,193760.72338592625,-6239.276614073751,0.9688036169296312
2020-06-16,0,-0.847696871792602,0.0,0.01613,0.0,0.009892,200000,193760.72338592625,-6239.276614073751,0.9688036169296312
2020-06-17,0,-0.5319063411747499,0.0,0.01621,0.0,0.009332,200000,193760.72338592625,-6239.276614073751,0.9688036169296312
2020-06-18,0,-0.39396464662193315,0.0,0.01602,0.0,0.008862,200000,193760.72338592625,-6239.276614073751,0.9688036169296312
2020-06-19,0,-0.9333535317463106,0.0,0.01586,0.0,0.009719,200000,193760.72338592625,-6239.276614073751,0.9688036169296312
2020-06-20,0,-0.6774171617559306,0.0,0.01597,0.0,0.009369,200000,193760.72338592625,-6239.276614073751,0.9688036169296312
2020-06-21,0,-0.628180313933468,0.0,0.01582,0.0,0.009259,200000,193760.72338592625,-6239.276614073751,0.9688036169296312
2020-06-22,0,-0.5045854930458629,0.0,0.01638,0.0,0.009419,200000,193760.72338592625,-6239.276614073751,0.9688036169296312
2020-06-23,0,-0.6449675806004237,0.0,0.0165,0.0,0.009844,200000,193760.72338592625,-6239.276614073751,0.9688036169296312
2020-06-24,0,-0.4502215144527198,0.0,0.01593,0.0,0.009209,200000,193760.72338592625,-6239.276614073751,0.9688036169296312
2020-06-25,0,-0.2949747130095603,0.0,0.0159,0.0,0.008983,200000,193760.72338592625,-6239.276614073751,0.9688036169296312
2020-06-26,0,-0.15758698329225948,0.0,0.01585,0.0,0.008785,200000,193760.72338592625,-6239.276614073751,0.9688036169296312
2020-06-27,0,0.15272528820835102,0.0,0.01544,0.0,0.008182,200000,193760.72338592625,-6239.276614073751,0.9688036169296312
2020-06-28,0,0.1802520067286569,0.0,0.01577,0.0,0.008434,200000,193760.72338592625,-6239.276614073751,0.9688036169296312
2020-06-29,0,0.5339712954417483,0.0,0.01619,0.0,0.008354,200000,193760.72338592625,-6239.276614073751,0.9688036169296312
2020-06-30,1,1.0730363520939303,-5921782.499569873,0.01636,11872593.344725871,0.00816,200000,193760.72338592625,-6239.276614073751,0.9688036169296312
2020-07-01,2,2.0065168294681524,0.0,0.01686,0.0,0.008223,200000,195973.64125499345,-4026.3587450065534,0.9798682062749672
2020-07-02,1,1.149282224383808,-5909940.930488342,0.01658,11457766.677677352,0.008552,200000,195973.64125499345,-4026.3587450065534,0.9798682062749672
2020-07-03,2,1.634052328436275,0.0,0.01662,0.0,0.008192,200000,200334.83489617682,334.8348961768206,1.0016741744808841
2020-07-04,2,1.553314281937423,0.0,0.01682,0.0,0.008228,200000,200334.83489617682,334.8348961768206,1.0016741744808841
2020-07-05,2,1.7044228309230525,0.0,0.01688,0.0,0.008057,200000,200334.83489617682,334.8348961768206,1.0016741744808841
2020-07-06,2,1.4759948901742341,0.0,0.01802,0.0,0.008642,200000,200334.83489617682,334.8348961768206,1.0016741744808841
2020-07-07,0,0.4953030596819354,0.0,0.0172,0.0,0.008835,200000,200334.83489617682,334.8348961768206,1.0016741744808841
2020-07-08,0,0.87280225894175,0.0,0.01791,0.0,0.008886,200000,200334.83489617682,334.8348961768206,1.0016741744808841
2020-07-09,2,1.71777972137708,0.0,0.01856,0.0,0.008545,200000,200334.83489617682,334.8348961768206,1.0016741744808841
2020-07-10,2,1.4732557053507873,0.0,0.01812,0.0,0.008389,200000,200334.83489617682,334.8348961768206,1.0016741744808841
2020-07-11,2,1.3357760907411425,0.0,0.01837,0.0,0.008508,200000,200334.83489617682,334.8348961768206,1.0016741744808841
2020-07-12,0,-0.5185553781112793,0.0,0.01818,0.0,0.009628,200000,200334.83489617682,334.8348961768206,1.0016741744808841
2020-07-13,0,0.304066257224427,0.0,0.01756,0.0,0.008696,200000,200334.83489617682,334.8348961768206,1.0016741744808841
2020-07-14,0,0.38045379339192,0.0,0.01765,0.0,0.008655,200000,200334.83489617682,334.8348961768206,1.0016741744808841
2020-07-15,0,0.3086789417274705,0.0,0.01757,0.0,0.00861,200000,200334.83489617682,334.8348961768206,1.0016741744808841
2020-07-16,0,0.33723795138876556,0.0,0.01716,0.0,0.008363,200000,200334.83489617682,334.8348961768206,1.0016741744808841
2020-07-17,0,0.0353923326805564,0.0,0.01717,0.0,0.00845,200000,200334.83489617682,334.8348961768206,1.0016741744808841
2020-07-18,0,0.361920130823213,0.0,0.01742,0.0,0.008432,200000,200334.83489617682,334.8348961768206,1.0016741744808841
2020-07-19,0,0.6020051366500393,0.0,0.01753,0.0,0.008389,200000,200334.83489617682,334.8348961768206,1.0016741744808841
2020-07-20,0,0.1791626899677408,0.0,0.01716,0.0,0.008322,200000,200334.83489617682,334.8348961768206,1.0016741744808841
2020-07-21,0,0.7284144141096806,0.0,0.01762,0.0,0.008372,200000,200334.83489617682,334.8348961768206,1.0016741744808841
2020-07-22,0,0.058731004276146595,0.0,0.01794,0.0,0.0087,200000,200334.83489617682,334.8348961768206,1.0016741744808841
2020-07-23,0,0.7789682413221496,0.0,0.01792,0.0,0.008471,200000,200334.83489617682,334.8348961768206,1.0016741744808841
2020-07-24,2,1.6779247962813189,0.0,0.01794,0.0,0.008177,200000,200334.83489617682,334.8348961768206,1.0016741744808841
2020-07-25,2,2.075005211062526,0.0,0.01877,0.0,0.008331,200000,200334.83489617682,334.8348961768206,1.0016741744808841
2020-07-26,2,1.8646647548885973,0.0,0.01852,0.0,0.008188,200000,200334.83489617682,334.8348961768206,1.0016741744808841
2020-07-27,2,2.573262859013779,0.0,0.01872,0.0,0.007821,200000,200334.83489617682,334.8348961768206,1.0016741744808841
2020-07-28,2,1.4494445577208734,0.0,0.01912,0.0,0.00835,200000,200334.83489617682,334.8348961768206,1.0016741744808841
2020-07-29,2,1.4730184413198866,0.0,0.01915,0.0,0.008291,200000,200334.83489617682,334.8348961768206,1.0016741744808841
2020-07-30,2,1.5546024751118028,0.0,0.01917,0.0,0.008183,200000,200334.83489617682,334.8348961768206,1.0016741744808841
2020-07-31,2,1.5516775839736487,0.0,0.01968,0.0,0.008312,200000,200334.83489617682,334.8348961768206,1.0016741744808841
2020-08-01,0,0.9396171463054805,0.0,0.02046,0.0,0.008929,200000,200334.83489617682,334.8348961768206,1.0016741744808841
2020-08-02,0,0.6833269632567063,0.0,0.01907,0.0,0.008407,200000,200334.83489617682,334.8348961768206,1.0016741744808841
2020-08-03,0,0.9277834869524393,0.0,0.01987,0.0,0.008596,200000,200334.83489617682,334.8348961768206,1.0016741744808841
2020-08-04,0,0.19135469055062312,0.0,0.02039,0.0,0.009153,200000,200334.83489617682,334.8348961768206,1.0016741744808841
2020-08-05,0,0.5823261825383989,0.0,0.02031,0.0,0.008894,200000,200334.83489617682,334.8348961768206,1.0016741744808841
2020-08-06,0,0.29396990585519894,0.0,0.02022,0.0,0.00895,200000,200334.83489617682,334.8348961768206,1.0016741744808841
2020-08-07,0,0.3649139796687588,0.0,0.01988,0.0,0.008739,200000,200334.83489617682,334.8348961768206,1.0016741744808841
2020-08-08,0,0.13156158456224415,0.0,0.02046,0.0,0.009057,200000,200334.83489617682,334.8348961768206,1.0016741744808841
2020-08-09,0,0.7761145087920336,0.0,0.02045,0.0,0.008792,200000,200334.83489617682,334.8348961768206,1.0016741744808841
2020-08-10,0,0.4755670156336739,0.0,0.02146,0.0,0.009303,200000,200334.83489617682,334.8348961768206,1.0016741744808841
2020-08-11,0,-0.7202387225380521,0.0,0.0201,0.0,0.008995,200000,200334.83489617682,334.8348961768206,1.0016741744808841
2020-08-12,-2,-2.620673065405232,0.0,0.02019,0.0,0.00952,200000,200334.83489617682,334.8348961768206,1.0016741744808841
2020-08-13,2,1.3496694075897506,0.0,0.02238,0.0,0.009449,200000,200334.83489617682,334.8348961768206,1.0016741744808841
2020-08-14,2,3.2180995536214003,0.0,0.02471,0.0,0.009512,200000,200334.83489617682,334.8348961768206,1.0016741744808841
2020-08-15,2,3.0076256731839033,0.0,0.02526,0.0,0.009312,200000,200334.83489617682,334.8348961768206,1.0016741744808841
2020-08-16,2,3.1848675309480705,0.0,0.02824,0.0,0.009515,200000,200334.83489617682,334.8348961768206,1.0016741744808841
2020-08-17,2,2.9135318299576594,0.0,0.03036,0.0,0.009588,200000,200334.83489617682,334.8348961768206,1.0016741744808841
2020-08-18,2,1.5055520299910803,0.0,0.02875,0.0,0.010091,200000,200334.83489617682,334.8348961768206,1.0016741744808841
2020-08-19,1,1.0321997906236786,-3782757.456498807,0.02648,10382195.009130225,0.009648,200000,200334.83489617682,334.8348961768206,1.0016741744808841
2020-08-20,1,0.6899328438680951,-3782757.456498807,0.02746,10382195.009130225,0.010312,200000,210935.71468960808,10935.714689608081,1.0546785734480404
2020-08-21,0,-0.7153439154583864,0.0,0.02425,0.0,0.010778,200000,180167.40540786734,-19832.594592132664,0.9008370270393367
2020-08-22,0,-0.6737979814604025,0.0,0.02512,0.0,0.011107,200000,180167.40540786734,-19832.594592132664,0.9008370270393367
2020-08-23,-2,-1.2725054208195954,0.0,0.02435,0.0,0.011831,200000,180167.40540786734,-19832.594592132664,0.9008370270393367
2020-08-24,-2,-1.8231507634705224,0.0,0.0251,0.0,0.0138,200000,180167.40540786734,-19832.594592132664,0.9008370270393367
2020-08-25,-2,-1.4990742174055067,0.0,0.02299,0.0,0.012263,200000,180167.40540786734,-19832.594592132664,0.9008370270393367
2020-08-26,-1,-1.0461156110268437,3802604.588599986,0.02369,-7654320.902704875,0.011769,200000,180167.40540786734,-19832.594592132664,0.9008370270393367
2020-08-27,-1,-0.5598883155324647,3802604.588599986,0.02307,-7654320.902704875,0.010563,200000,168578.67955427326,-31421.320445726742,0.8428933977713663
2020-08-28,-1,-0.6299120079828281,3802604.588599986,0.02392,-7654320.902704875,0.011119,200000,176066.69587648718,-23933.30412351282,0.8803334793824359
2020-08-29,-1,-0.44287800615939366,3802604.588599986,0.02491,-7654320.902704875,0.011252,200000,180849.2990992609,-19150.700900739088,0.9042464954963045
2020-08-30,0,0.12173069877785649,0.0,0.02696,0.0,0.011099,200000,162604.4933983331,-37395.506601666886,0.8130224669916656
2020-08-31,0,0.8218318946712799,0.0,0.02917,0.0,0.010737,200000,162604.4933983331,-37395.506601666886,0.8130224669916656
2020-09-01,2,2.0042864722620415,0.0,0.03466,0.0,0.01048,200000,162604.4933983331,-37395.506601666886,0.8130224669916656
2020-09-02,2,1.9966133171883746,0.0,0.03449,0.0,0.009943,200000,162604.4933983331,-37395.506601666886,0.8130224669916656
2020-09-03,2,3.0720080976735815,0.0,0.03996,0.0,0.008438,200000,162604.4933983331,-37395.506601666886,0.8130224669916656
2020-09-04,2,1.7072479585634235,0.0,0.03552,0.0,0.008947,200000,162604.4933983331,-37395.506601666886,0.8130224669916656
2020-09-05,1,1.149399553382545,-2720958.7248717053,0.02988,9835742.402512286,0.008266,200000,162604.4933983331,-37395.506601666886,0.8130224669916656
2020-09-06,1,1.1592912266579207,-2720958.7248717053,0.03142,9835742.402512286,0.00855,200000,169588.12067694904,-30411.879323050962,0.8479406033847452
2020-09-07,2,1.2260339375273253,0.0,0.03249,0.0,0.008506,200000,167345.61749364535,-32654.382506354654,0.8367280874682268
2020-09-08,2,1.5570616340697736,0.0,0.03518,0.0,0.008242,200000,167345.61749364535,-32654.382506354654,0.8367280874682268
2020-09-09,0,0.9854403856867243,0.0,0.03397,0.0,0.008849,200000,167345.61749364535,-32654.382506354654,0.8367280874682268
2020-09-10,0,0.6324966840423005,0.0,0.03299,0.0,0.009219,200000,167345.61749364535,-32654.382506354654,0.8367280874682268
2020-09-11,0,0.5699725661838261,0.0,0.0335,0.0,0.009351,200000,167345.61749364535,-32654.382506354654,0.8367280874682268
2020-09-12,0,0.29550417966599274,0.0,0.03272,0.0,0.009647,200000,167345.61749364535,-32654.382506354654,0.8367280874682268
2020-09-13,0,0.16441798524157744,0.0,0.03065,0.0,0.009166,200000,167345.61749364535,-32654.382506354654,0.8367280874682268
2020-09-14,0,-0.09315724415877259,0.0,0.03039,0.0,0.009483,200000,167345.61749364535,-32654.382506354654,0.8367280874682268
2020-09-15,0,-0.41846769948552476,0.0,0.02788,0.0,0.009193,200000,167345.61749364535,-32654.382506354654,0.8367280874682268
2020-09-16,0,-0.7360881006884912,0.0,0.02639,0.0,0.009174,200000,167345.61749364535,-32654.382506354654,0.8367280874682268
2020-09-17,0,-0.6221531268057793,0.0,0.02813,0.0,0.009278,200000,167345.61749364535,-32654.382506354654,0.8367280874682268
2020-09-18,0,-0.9418200998685791,0.0,0.02905,0.0,0.009919,200000,167345.61749364535,-32654.382506354654,0.8367280874682268
2020-09-19,-1,-1.1813716124314797,3022861.5876742294,0.02768,-8649246.30419916,0.009674,200000,167345.61749364535,-32654.382506354654,0.8367280874682268
2020-09-20,-1,-1.0593566993925037,3022861.5876742294,0.02694,-8649246.30419916,0.009127,200000,160377.56219036947,-39622.43780963053,0.8018878109518474
2020-09-21,-2,-1.3824007528683135,0.0,0.0249,0.0,0.009133,200000,171069.93045680795,-28930.069543192047,0.8553496522840398
2020-09-22,-2,-1.2143395877517529,0.0,0.02499,0.0,0.009086,200000,171069.93045680795,-28930.069543192047,0.8553496522840398
2020-09-23,0,-0.8890712080267584,0.0,0.02486,0.0,0.008529,200000,171069.93045680795,-28930.069543192047,0.8553496522840398
2020-09-24,-1,-1.1844074591820992,3258474.865843961,0.02625,-8894142.16786981,0.009617,200000,171069.93045680795,-28930.069543192047,0.8553496522840398
2020-09-25,-1,-1.0956879407494329,3258474.865843961,0.02714,-8894142.16786981,0.009992,200000,177305.27640036022,-22694.72359963978,0.8865263820018011
2020-09-26,-2,-1.4442254862715727,0.0,0.02718,0.0,0.010968,200000,180055.53490036516,-19944.465099634835,0.9002776745018258
2020-09-27,-2,-1.2351440004105538,0.0,0.02659,0.0,0.010552,200000,180055.53490036516,-19944.465099634835,0.9002776745018258
2020-09-28,-1,-1.1505141686860472,3429629.236197432,0.02625,-8798648.108891964,0.010232,200000,180055.53490036516,-19944.465099634835,0.9002776745018258
2020-09-29,-2,-1.7371042208420593,0.0,0.0263,0.0,0.011389,200000,190064.08930054327,-9935.910699456726,0.9503204465027164
2020-09-30,-2,-1.2302962493408622,0.0,0.02621,0.0,0.010661,200000,190064.08930054327,-9935.910699456726,0.9503204465027164
2020-10-01,0,-0.7331503178116434,0.0,0.02581,0.0,0.009906,200000,190064.08930054327,-9935.910699456726,0.9503204465027164
2020-10-02,0,-0.04930470606052532,0.0,0.0259,0.0,0.009329,200000,190064.08930054327,-9935.910699456726,0.9503204465027164
2020-10-03,0,-0.2187206182583911,0.0,0.02719,0.0,0.01004,200000,190064.08930054327,-9935.910699456726,0.9503204465027164
2020-10-04,0,-0.3672661214197115,0.0,0.02644,0.0,0.009952,200000,190064.08930054327,-9935.910699456726,0.9503204465027164
2020-10-05,0,-0.17758454165462925,0.0,0.02643,0.0,0.009865,200000,190064.08930054327,-9935.910699456726,0.9503204465027164
2020-10-06,0,0.2334389854703583,0.0,0.02556,0.0,0.0093,200000,190064.08930054327,-9935.910699456726,0.9503204465027164
2020-10-07,0,-0.10980136862128723,0.0,0.02551,0.0,0.009556,200000,190064.08930054327,-9935.910699456726,0.9503204465027164
2020-10-08,0,-0.04761416571778783,0.0,0.02572,0.0,0.009643,200000,190064.08930054327,-9935.910699456726,0.9503204465027164
2020-10-09,0,-0.07344449305258628,0.0,0.02627,0.0,0.009901,200000,190064.08930054327,-9935.910699456726,0.9503204465027164
2020-10-10,0,-0.22687606826720055,0.0,0.02644,0.0,0.010102,200000,190064.08930054327,-9935.910699456726,0.9503204465027164
2020-10-11,0,0.27419648169072824,0.0,0.02656,0.0,0.009905,200000,190064.08930054327,-9935.910699456726,0.9503204465027164
2020-10-12,0,0.7407061821398089,0.0,0.02709,0.0,0.009878,200000,190064.08930054327,-9935.910699456726,0.9503204465027164
2020-10-13,0,0.6068425713213254,0.0,0.0268,0.0,0.009907,200000,190064.08930054327,-9935.910699456726,0.9503204465027164
2020-10-14,0,0.6051121037707539,0.0,0.02676,0.0,0.0099,200000,190064.08930054327,-9935.910699456726,0.9503204465027164
2020-10-15,0,0.55361521416705,0.0,0.02652,0.0,0.009838,200000,190064.08930054327,-9935.910699456726,0.9503204465027164
2020-10-16,0,0.08986902108553001,0.0,0.02572,0.0,0.009704,200000,190064.08930054327,-9935.910699456726,0.9503204465027164
2020-10-17,0,0.3755387019401949,0.0,0.02574,0.0,0.009573,200000,190064.08930054327,-9935.910699456726,0.9503204465027164
2020-10-18,0,-0.20205402410163373,0.0,0.02594,0.0,0.009858,200000,190064.08930054327,-9935.910699456726,0.9503204465027164
2020-10-19,0,-0.2766948278123856,0.0,0.02589,0.0,0.009765,200000,190064.08930054327,-9935.910699456726,0.9503204465027164
2020-10-20,1,1.0360560554294822,-3666359.7473098626,0.02592,10005479.537826031,0.009498,200000,190064.08930054327,-9935.910699456726,0.9503204465027164
2020-10-21,0,-0.5058082893460251,0.0,0.02667,0.0,0.010006,200000,187731.07550581003,-12268.924494189967,0.9386553775290502
2020-10-22,0,-0.3116858159622587,0.0,0.02708,0.0,0.010143,200000,187731.07550581003,-12268.924494189967,0.9386553775290502
2020-10-23,0,-0.9487428801662666,0.0,0.02669,0.0,0.010094,200000,187731.07550581003,-12268.924494189967,0.9386553775290502
2020-10-24,-2,-1.2538187956959157,0.0,0.02706,0.0,0.010287,200000,187731.07550581003,-12268.924494189967,0.9386553775290502
2020-10-25,0,0.5868635725548274,0.0,0.02699,0.0,0.010001,200000,187731.07550581003,-12268.924494189967,0.9386553775290502
2020-10-26,2,1.914034719435905,0.0,0.02675,0.0,0.009737,200000,187731.07550581003,-12268.924494189967,0.9386553775290502
2020-10-27,2,1.252505199574705,0.0,0.02701,0.0,0.009901,200000,187731.07550581003,-12268.924494189967,0.9386553775290502
2020-10-28,2,2.5450406356908473,0.0,0.02688,0.0,0.009571,200000,187731.07550581003,-12268.924494189967,0.9386553775290502
2020-10-29,2,2.4345396905946273,0.0,0.02655,0.0,0.009362,200000,187731.07550581003,-12268.924494189967,0.9386553775290502
2020-10-30,1,1.038687091357873,-3666622.568472852,0.0256,10125732.227929343,0.00927,200000,187731.07550581003,-12268.924494189967,0.9386553775290502
2020-10-31,1,1.0717381780958604,-3666622.568472852,0.02576,10125732.227929343,0.009301,200000,188631.6328158315,-11368.367184168514,0.9431581640791574
2020-11-01,2,1.6001380779282373,0.0,0.02574,0.0,0.009161,200000,189348.1074782405,-10651.892521759495,0.9467405373912026
2020-11-02,0,0.25206130976702307,0.0,0.02445,0.0,0.008963,200000,189348.1074782405,-10651.892521759495,0.9467405373912026
2020-11-03,1,1.135333836890636,-3876906.377523352,0.02442,10813712.591561422,0.008755,200000,189348.1074782405,-10651.892521759495,0.9467405373912026
2020-11-04,2,1.8473812626843729,0.0,0.0242,0.0,0.008475,200000,191523.02760082256,-8476.972399177437,0.9576151380041128
2020-11-05,2,1.7557373589982022,0.0,0.02493,0.0,0.008693,200000,191523.02760082256,-8476.972399177437,0.9576151380041128
2020-11-06,2,1.416659918926105,0.0,0.02616,0.0,0.00916,200000,191523.02760082256,-8476.972399177437,0.9576151380041128
2020-11-07,0,0.950571573930558,0.0,0.02486,0.0,0.008796,200000,191523.02760082256,-8476.972399177437,0.9576151380041128
2020-11-08,0,0.07935092416213839,0.0,0.02535,0.0,0.009168,200000,191523.02760082256,-8476.972399177437,0.9576151380041128
2020-11-09,0,0.5496274715788095,0.0,0.02479,0.0,0.008844,200000,191523.02760082256,-8476.972399177437,0.9576151380041128
2020-11-10,0,0.03374734188422463,0.0,0.02483,0.0,0.008962,200000,191523.02760082256,-8476.972399177437,0.9576151380041128
2020-11-11,0,0.6490394111937441,0.0,0.02498,0.0,0.008863,200000,191523.02760082256,-8476.972399177437,0.9576151380041128
2020-11-12,2,1.3892838300041561,0.0,0.0249,0.0,0.008668,200000,191523.02760082256,-8476.972399177437,0.9576151380041128
2020-11-13,0,0.8871866042412834,0.0,0.0254,0.0,0.008936,200000,191523.02760082256,-8476.972399177437,0.9576151380041128
2020-11-14,2,2.014289306248267,0.0,0.02513,0.0,0.008634,200000,191523.02760082256,-8476.972399177437,0.9576151380041128
2020-11-15,2,2.4838482194551617,0.0,0.02533,0.0,0.008533,200000,191523.02760082256,-8476.972399177437,0.9576151380041128
2020-11-16,2,1.825138677714687,0.0,0.02549,0.0,0.00866,200000,191523.02760082256,-8476.972399177437,0.9576151380041128
2020-11-17,2,2.5225440419309977,0.0,0.02649,0.0,0.008727,200000,191523.02760082256,-8476.972399177437,0.9576151380041128
2020-11-18,2,2.412180954943121,0.0,0.02678,0.0,0.008698,200000,191523.02760082256,-8476.972399177437,0.9576151380041128
2020-11-19,2,1.2652985824330143,0.0,0.02581,0.0,0.008646,200000,191523.02760082256,-8476.972399177437,0.9576151380041128
2020-11-20,0,0.8756754095968876,0.0,0.02629,0.0,0.008891,200000,191523.02760082256,-8476.972399177437,0.9576151380041128
2020-11-21,2,3.0137493753128477,0.0,0.03057,0.0,0.009271,200000,191523.02760082256,-8476.972399177437,0.9576151380041128
2020-11-22,2,1.9773478955100972,0.0,0.02875,0.0,0.008973,200000,191523.02760082256,-8476.972399177437,0.9576151380041128
2020-11-23,2,2.6861337214550054,0.0,0.03174,0.0,0.009236,200000,191523.02760082256,-8476.972399177437,0.9576151380041128
2020-11-24,2,1.872418082314924,0.0,0.03523,0.0,0.010515,200000,191523.02760082256,-8476.972399177437,0.9576151380041128
2020-11-25,0,-0.8285936607200649,0.0,0.03304,0.0,0.011755,200000,191523.02760082256,-8476.972399177437,0.9576151380041128
2020-11-26,0,0.3472883720176791,0.0,0.02942,0.0,0.009628,200000,191523.02760082256,-8476.972399177437,0.9576151380041128
2020-11-27,0,0.7658526376527872,0.0,0.02938,0.0,0.009312,200000,191523.02760082256,-8476.972399177437,0.9576151380041128
2020-11-28,0,0.9193506913297497,0.0,0.03047,0.0,0.009509,200000,191523.02760082256,-8476.972399177437,0.9576151380041128
2020-11-29,1,1.0377439674071158,-3117236.7773571378,0.03072,10125992.78845419,0.009457,200000,191523.02760082256,-8476.972399177437,0.9576151380041128
2020-11-30,2,1.2534109304989145,0.0,0.03236,0.0,0.009765,200000,193516.4901368444,-6483.509863155603,0.967582450684222
2020-12-01,0,-0.24053180051881992,0.0,0.03024,0.0,0.009941,200000,193516.4901368444,-6483.509863155603,0.967582450684222
2020-12-02,-1,-1.1329323865066716,3103215.043887819,0.03118,-8940057.753711743,0.010823,200000,193516.4901368444,-6483.509863155603,0.967582450684222
2020-12-03,-2,-1.3097924129601897,0.0,0.03166,0.0,0.011109,200000,194583.8034333398,-5416.19656666019,0.972919017166699
2020-12-04,-2,-2.615585958160095,0.0,0.02947,0.0,0.011875,200000,194583.8034333398,-5416.19656666019,0.972919017166699
2020-12-05,-2,-2.2296673727151823,0.0,0.03056,0.0,0.012431,200000,194583.8034333398,-5416.19656666019,0.972919017166699
2020-12-06,-2,-1.562458882665048,0.0,0.03091,0.0,0.011956,200000,194583.8034333398,-5416.19656666019,0.972919017166699
2020-12-07,-2,-2.0445547414849727,0.0,0.03029,0.0,0.01297,200000,194583.8034333398,-5416.19656666019,0.972919017166699
2020-12-08,-2,-2.4278860110914384,0.0,0.0279,0.0,0.014005,200000,194583.8034333398,-5416.19656666019,0.972919017166699
2020-12-09,-2,-2.4580779958825096,0.0,0.0287,0.0,0.016865,200000,194583.8034333398,-5416.19656666019,0.972919017166699
2020-12-10,-2,-1.8282936486905959,0.0,0.02811,0.0,0.015172,200000,194583.8034333398,-5416.19656666019,0.972919017166699
2020-12-11,-2,-1.3503251316816332,0.0,0.02778,0.0,0.01376,200000,194583.8034333398,-5416.19656666019,0.972919017166699
2020-12-12,-1,-1.117160015740514,3407772.3893754785,0.02855,-7085049.644383186,0.013732,200000,194583.8034333398,-5416.19656666019,0.972919017166699
2020-12-13,-1,-0.9873957589724796,3407772.3893754785,0.02921,-7085049.644383186,0.013928,200000,198221.60294062673,-1778.3970593732665,0.9911080147031337
2020-12-14,-2,-1.5804752030663585,0.0,0.0291,0.0,0.017339,200000,218265.30268647344,18265.302686473442,1.0913265134323673
2020-12-15,-2,-1.2749220935121124,0.0,0.02918,0.0,0.01654,200000,218265.30268647344,18265.302686473442,1.0913265134323673
2020-12-16,-1,-1.134509791347399,3470036.608687972,0.03145,-6156990.202721395,0.017725,200000,218265.30268647344,18265.302686473442,1.0913265134323673
2020-12-17,-1,-0.9412634343740949,3470036.608687972,0.03072,-6156990.202721395,0.016781,200000,209919.9772107622,9919.977210762212,1.0495998860538112
2020-12-18,-1,-0.9510751789672236,3470036.608687972,0.03109,-6156990.202721395,0.017513,200000,215710.80758436886,15710.807584368857,1.0785540379218443
2020-12-19,-1,-0.7731384036225255,3470036.608687972,0.03124,-6156990.202721395,0.017049,200000,213374.4696216093,13374.469621609314,1.0668723481080467
2020-12-20,-1,-0.5634282756788274,3470036.608687972,0.03122,-6156990.202721395,0.01639,200000,209247.61234584212,9247.61234584212,1.0462380617292106
2020-12-21,-1,-0.6141652417557596,3470036.608687972,0.02926,-6156990.202721395,0.015772,200000,198641.3206475319,-1358.6793524681125,0.9932066032376594
2020-12-22,-1,-1.0271940196598468,3470036.608687972,0.02885,-6156990.202721395,0.01718,200000,205887.6478434016,5887.647843401588,1.0294382392170078
2020-12-23,-2,-1.8993626914087278,0.0,0.0248,0.0,0.018202,200000,244277.93046094655,44277.93046094655,1.2213896523047327
2020-12-24,-2,-1.5404462477731842,0.0,0.02769,0.0,0.019371,200000,244277.93046094655,44277.93046094655,1.2213896523047327
2020-12-25,-2,-2.0351995931283824,0.0,0.02854,0.0,0.023837,200000,244277.93046094655,44277.93046094655,1.2213896523047327
2020-12-26,-2,-2.7738323294859057,0.0,0.0278,0.0,0.035034,200000,244277.93046094655,44277.93046094655,1.2213896523047327
2020-12-27,-2,-1.774662308173778,0.0,0.02889,0.0,0.02702,200000,244277.93046094655,44277.93046094655,1.2213896523047327
2020-12-28,-2,-1.7270836274712882,0.0,0.02959,0.0,0.029779,200000,244277.93046094655,44277.93046094655,1.2213896523047327
2020-12-29,-2,-1.5335177349281928,0.0,0.02767,0.0,0.02797,200000,244277.93046094655,44277.93046094655,1.2213896523047327
2020-12-30,-2,-1.426255419116237,0.0,0.02695,0.0,0.028098,200000,244277.93046094655,44277.93046094655,1.2213896523047327
2020-12-31,-2,-1.5898046587947992,0.0,0.02677,0.0,0.03333,200000,244277.93046094655,44277.93046094655,1.2213896523047327
2021-01-01,-2,-1.433449001547709,0.0,0.02685,0.0,0.03345,200000,244277.93046094655,44277.93046094655,1.2213896523047327
2021-01-02,-2,-1.4769932412747115,0.0,0.02721,0.0,0.037912,200000,244277.93046094655,44277.93046094655,1.2213896523047327
2021-01-03,0,-0.9200857122032813,0.0,0.02949,0.0,0.032107,200000,244277.93046094655,44277.93046094655,1.2213896523047327
2021-01-04,0,-0.5408091135033849,0.0,0.03095,0.0,0.029352,200000,244277.93046094655,44277.93046094655,1.2213896523047327
2021-01-05,0,-0.7085031852763357,0.0,0.02852,0.0,0.03009,200000,244277.93046094655,44277.93046094655,1.2213896523047327
2021-01-06,0,-0.5158712885102575,0.0,0.03046,0.0,0.030533,200000,244277.93046094655,44277.93046094655,1.2213896523047327
2021-01-07,0,-0.2086165075685737,0.0,0.03095,0.0,0.028364,200000,244277.93046094655,44277.93046094655,1.2213896523047327
2021-01-08,0,0.004731126984282659,0.0,0.0304,0.0,0.026742,200000,244277.93046094655,44277.93046094655,1.2213896523047327
2021-01-09,0,0.41264795875007076,0.0,0.03382,0.0,0.027671,200000,244277.93046094655,44277.93046094655,1.2213896523047327
2021-01-10,0,0.7422818504119415,0.0,0.03275,0.0,0.026263,200000,244277.93046094655,44277.93046094655,1.2213896523047327
2021-01-11,0,0.650240794019596,0.0,0.02897,0.0,0.024763,200000,244277.93046094655,44277.93046094655,1.2213896523047327
2021-01-12,0,0.5454987084934763,0.0,0.02865,0.0,0.025337,200000,244277.93046094655,44277.93046094655,1.2213896523047327
2021-01-13,0,0.387656757381783,0.0,0.03079,0.0,0.028643,200000,244277.93046094655,44277.93046094655,1.2213896523047327
2021-01-14,0,0.13559518671455306,0.0,0.03014,0.0,0.029342,200000,244277.93046094655,44277.93046094655,1.2213896523047327
2021-01-15,0,0.38175138003166786,0.0,0.02972,0.0,0.02767,200000,244277.93046094655,44277.93046094655,1.2213896523047327
2021-01-16,0,0.5023686977185995,0.0,0.03008,0.0,0.027542,200000,244277.93046094655,44277.93046094655,1.2213896523047327
2021-01-17,0,0.7732226601132793,0.0,0.0302,0.0,0.026523,200000,244277.93046094655,44277.93046094655,1.2213896523047327
2021-01-18,0,0.7975816767729702,0.0,0.03164,0.0,0.027466,200000,244277.93046094655,44277.93046094655,1.2213896523047327
2021-01-19,0,0.03082621618404802,0.0,0.03063,0.0,0.029265,200000,244277.93046094655,44277.93046094655,1.2213896523047327
2021-01-20,0,-0.19769791702044454,0.0,0.03046,0.0,0.029638,200000,244277.93046094655,44277.93046094655,1.2213896523047327
2021-01-21,0,0.3665320687005014,0.0,0.02762,0.0,0.024845,200000,244277.93046094655,44277.93046094655,1.2213896523047327
2021-01-22,0,-0.4592356986161707,0.0,0.02857,0.0,0.027276,200000,244277.93046094655,44277.93046094655,1.2213896523047327
2021-01-23,-2,-1.2307127324297684,0.0,0.02925,0.0,0.029377,200000,244277.93046094655,44277.93046094655,1.2213896523047327
2021-01-24,0,-0.4852798841454187,0.0,0.02999,0.0,0.028501,200000,244277.93046094655,44277.93046094655,1.2213896523047327
2021-01-25,-1,-1.1099889170634472,4141707.874888887,0.02949,-4198658.137864327,0.02909,200000,244277.93046094655,44277.93046094655,1.2213896523047327
2021-01-26,-2,-2.408240805126604,0.0,0.02949,0.0,0.033123,200000,261211.11873095337,61211.11873095337,1.3060555936547669
2021-01-27,-2,-1.3395373886745898,0.0,0.02823,0.0,0.029239,200000,261211.11873095337,61211.11873095337,1.3060555936547669
2021-01-28,0,-0.770526380675393,0.0,0.02955,0.0,0.029324,200000,261211.11873095337,61211.11873095337,1.3060555936547669
2021-01-29,0,0.7783347254146735,0.0,0.03335,0.0,0.029445,200000,261211.11873095337,61211.11873095337,1.3060555936547669
2021-01-30,0,0.7749220107362613,0.0,0.03216,0.0,0.028771,200000,261211.11873095337,61211.11873095337,1.3060555936547669
2021-01-31,1,1.0399840316448496,-4140949.8847646383,0.03154,4686746.308015814,0.027867,200000,261211.11873095337,61211.11873095337,1.3060555936547669
2021-02-01,1,0.9662228363072112,-4140949.8847646383,0.03295,4686746.308015814,0.029253,200000,273545.6884513814,73545.6884513814,1.367728442256907
2021-02-02,1,0.3765459644654462,-4140949.8847646383,0.03317,4686746.308015814,0.030505,200000,280324.50380366546,80324.50380366546,1.4016225190183274
2021-02-03,0,-0.18256817000706263,0.0,0.03452,0.0,0.032849,200000,250201.7792810172,50201.779281017196,1.251008896405086
2021-02-04,0,-0.6709174036212298,0.0,0.0331,0.0,0.032624,200000,250201.7792810172,50201.779281017196,1.251008896405086
2021-02-05,0,-0.46935587340212503,0.0,0.03624,0.0,0.035359,200000,250201.7792810172,50201.779281017196,1.251008896405086
2021-02-06,0,-0.37984588850751094,0.0,0.03507,0.0,0.03417,200000,250201.7792810172,50201.779281017196,1.251008896405086
2021-02-07,0,-0.5442828922211919,0.0,0.03597,0.0,0.03559,200000,250201.7792810172,50201.779281017196,1.251008896405086
2021-02-08,0,-0.1875564781374026,0.0,0.04042,0.0,0.039173,200000,250201.7792810172,50201.779281017196,1.251008896405086
2021-02-09,0,0.8494805699978579,0.0,0.04608,0.0,0.041884,200000,250201.7792810172,50201.779281017196,1.251008896405086
2021-02-10,0,0.8919071750832397,0.0,0.04629,0.0,0.042009,200000,250201.7792810172,50201.779281017196,1.251008896405086
2021-02-11,2,2.6288167313646014,0.0,0.05681,0.0,0.044899,200000,250201.7792810172,50201.779281017196,1.251008896405086
2021-02-12,1,1.0815186041085185,-2268375.152139775,0.05515,2613510.135176815,0.047867,200000,250201.7792810172,50201.779281017196,1.251008896405086
2021-02-13,1,0.5589079877956399,-2268375.152139775,0.05995,2613510.135176815,0.053836,200000,276690.0220081585,76690.0220081585,1.3834501100407925
2021-02-14,0,-1.2576053283315158,0.0,0.05519,0.0,0.057474,200000,225184.52241845915,25184.52241845915,1.1259226120922958
2021-02-15,-2,-2.5242307636920627,0.0,0.05079,0.0,0.060898,200000,225184.52241845915,25184.52241845915,1.1259226120922958
2021-02-16,-2,-1.6960619188654213,0.0,0.05202,0.0,0.057983,200000,225184.52241845915,25184.52241845915,1.1259226120922958
2021-02-17,-2,-1.5154423321384805,0.0,0.05256,0.0,0.058393,200000,225184.52241845915,25184.52241845915,1.1259226120922958
2021-02-18,-2,-1.3333402974464867,0.0,0.05492,0.0,0.060869,200000,225184.52241845915,25184.52241845915,1.1259226120922958
2021-02-19,-2,-2.507922534607264,0.0,0.06073,0.0,0.086817,200000,225184.52241845915,25184.52241845915,1.1259226120922958
2021-02-20,-2,-2.3276252055781135,0.0,0.05773,0.0,0.089168,200000,225184.52241845915,25184.52241845915,1.1259226120922958
2021-02-21,-2,-1.9136190769960626,0.0,0.05935,0.0,0.090146,200000,225184.52241845915,25184.52241845915,1.1259226120922958
2021-02-22,-2,-1.9722681525421377,0.0,0.05425,0.0,0.092491,200000,225184.52241845915,25184.52241845915,1.1259226120922958
2021-02-23,-2,-1.9119914413443342,0.0,0.04501,0.0,0.084445,200000,225184.52241845915,25184.52241845915,1.1259226120922958
2021-02-24,-2,-1.593980207724785,0.0,0.048,0.0,0.087108,200000,225184.52241845915,25184.52241845915,1.1259226120922958
2021-02-25,-2,-1.3245622902373433,0.0,0.0452,0.0,0.078599,200000,225184.52241845915,25184.52241845915,1.1259226120922958
2021-02-26,-2,-1.3008530287324644,0.0,0.04517,0.0,0.082858,200000,225184.52241845915,25184.52241845915,1.1259226120922958
2021-02-27,-2,-1.3613177896023831,0.0,0.04652,0.0,0.094728,200000,225184.52241845915,25184.52241845915,1.1259226120922958
2021-02-28,-2,-1.2078374414370294,0.0,0.04562,0.0,0.092106,200000,225184.52241845915,25184.52241845915,1.1259226120922958
2021-03-01,-2,-1.341130769885137,0.0,0.04784,0.0,0.112899,200000,225184.52241845915,25184.52241845915,1.1259226120922958
2021-03-02,-2,-1.3561092343094057,0.0,0.04687,0.0,0.122481,200000,225184.52241845915,25184.52241845915,1.1259226120922958
2021-03-03,-2,-1.3058347927493599,0.0,0.04883,0.0,0.128678,200000,225184.52241845915,25184.52241845915,1.1259226120922958
2021-03-04,-2,-1.3168322546371782,0.0,0.05142,0.0,0.143324,200000,225184.52241845915,25184.52241845915,1.1259226120922958
2021-03-05,-2,-1.2644235137524193,0.0,0.05019,0.0,0.139971,200000,225184.52241845915,25184.52241845915,1.1259226120922958
2021-03-06,-1,-1.1837938802118122,2245109.894501088,0.05015,-801516.7305638737,0.140474,200000,225184.52241845915,25184.52241845915,1.1259226120922958
2021-03-07,-1,-1.1033917703228682,2245109.894501088,0.05173,-801516.7305638737,0.146994,200000,233957.68513504733,33957.68513504733,1.1697884256752367
2021-03-08,-2,-1.2502301913235965,0.0,0.05307,0.0,0.171611,200000,243585.62796608335,43585.62796608335,1.2179281398304167
2021-03-09,-2,-1.322109988249924,0.0,0.0532,0.0,0.184748,200000,243585.62796608335,43585.62796608335,1.2179281398304167
2021-03-10,-2,-1.8661244275013278,0.0,0.05142,0.0,0.253021,200000,243585.62796608335,43585.62796608335,1.2179281398304167
2021-03-11,-2,-2.0294077662013974,0.0,0.05151,0.0,0.361876,200000,243585.62796608335,43585.62796608335,1.2179281398304167
2021-03-12,-2,-1.877833893330052,0.0,0.04997,0.0,0.394429,200000,243585.62796608335,43585.62796608335,1.2179281398304167
2021-03-13,-2,-1.6094242865434312,0.0,0.05291,0.0,0.369683,200000,243585.62796608335,43585.62796608335,1.2179281398304167
2021-03-14,-2,-1.4901328171428776,0.0,0.05105,0.0,0.374202,200000,243585.62796608335,43585.62796608335,1.2179281398304167
2021-03-15,-2,-1.2794185086834597,0.0,0.05069,0.0,0.344795,200000,243585.62796608335,43585.62796608335,1.2179281398304167
2021-03-16,-1,-1.1598024017237965,2325621.8060538797,0.05237,-344953.73150661815,0.35307,200000,243585.62796608335,43585.62796608335,1.2179281398304167
2021-03-17,-1,-1.0136985611134113,2325621.8060538797,0.05483,-344953.73150661815,0.346803,200000,247144.8325736239,47144.83257362389,1.2357241628681195
2021-03-18,-1,-0.9889712629330174,2325621.8060538797,0.05329,-344953.73150661815,0.352472,200000,245518.91769621195,45518.91769621195,1.2275945884810597
2021-03-19,-1,-0.7544538413297577,2325621.8060538797,0.05862,-344953.73150661815,0.341767,200000,254221.75222670077,54221.75222670077,1.271108761133504
2021-03-20,-1,-0.5138104570100347,2325621.8060538797,0.0609,-344953.73150661815,0.317905,200000,251292.8840032927,51292.88400329271,1.2564644200164636
2021-03-21,-1,-0.44970672998186356,2325621.8060538797,0.06337,-344953.73150661815,0.332983,200000,262238.38222790253,62238.38222790253,1.3111919111395127
2021-03-22,-1,-0.6841241237630751,2325621.8060538797,0.05927,-344953.73150661815,0.371675,200000,266050.28260253574,66050.28260253574,1.3302514130126788
2021-03-23,-1,-0.9924682449453277,2325621.8060538797,0.05852,-344953.73150661815,0.476938,200000,300616.9308875765,100616.93088757648,1.5030846544378824
2021-03-24,-1,-0.7032450851207858,2325621.8060538797,0.05568,-344953.73150661815,0.392889,200000,265019.14877898374,65019.14877898374,1.3250957438949187
2021-03-25,-1,-0.7489699695774537,2325621.8060538797,0.05528,-344953.73150661815,0.417473,200000,272569.24259192083,72569.24259192083,1.3628462129596042
2021-03-26,-1,-0.3649423769517954,2325621.8060538797,0.06464,-344953.73150661815,0.416534,200000,294013.15114270046,94013.15114270046,1.4700657557135024
2021-03-27,0,-0.17407673056987485,0.0,0.0636,0.0,0.396588,200000,232480.59157180326,32480.591571803263,1.1624029578590163
2021-03-28,0,-0.05884376394906729,0.0,0.06362,0.0,0.399384,200000,232480.59157180326,32480.591571803263,1.1624029578590163
2021-03-29,0,0.11962310616883486,0.0,0.06475,0.0,0.41121,200000,232480.59157180326,32480.591571803263,1.1624029578590163
2021-03-30,0,0.42780877147868573,0.0,0.06598,0.0,0.411099,200000,232480.59157180326,32480.591571803263,1.1624029578590163
2021-03-31,2,2.800396656380317,0.0,0.09296,0.0,0.416252,200000,232480.59157180326,32480.591571803263,1.1624029578590163
2021-04-01,2,1.7949363096413342,0.0,0.08543,0.0,0.415404,200000,232480.59157180326,32480.591571803263,1.1624029578590163
2021-04-02,2,1.7068921003833604,0.0,0.09232,0.0,0.439453,200000,232480.59157180326,32480.591571803263,1.1624029578590163
2021-04-03,2,2.627844899241863,0.0,0.10143,0.0,0.393855,200000,232480.59157180326,32480.591571803263,1.1624029578590163
2021-04-04,2,2.9301757574020932,0.0,0.12761,0.0,0.410231,200000,232480.59157180326,32480.591571803263,1.1624029578590163
2021-04-05,2,2.861965895532504,0.0,0.13655,0.0,0.376921,200000,232480.59157180326,32480.591571803263,1.1624029578590163
2021-04-06,2,2.230435969090524,0.0,0.12401,0.0,0.347919,200000,232480.59157180326,32480.591571803263,1.1624029578590163
2021-04-07,2,1.3600399608105174,0.0,0.11045,0.0,0.359988,200000,232480.59157180326,32480.591571803263,1.1624029578590163
2021-04-08,2,1.404059417599739,0.0,0.12349,0.0,0.382227,200000,232480.59157180326,32480.591571803263,1.1624029578590163
2021-04-09,1,1.1067318565544253,-1003455.592074427,0.11584,309836.14173395216,0.375167,200000,232480.59157180326,32480.591571803263,1.1624029578590163
2021-04-10,2,1.42974122899931,0.0,0.1263,0.0,0.361716,200000,247144.34300736513,47144.343007365125,1.2357217150368256
2021-04-11,2,1.2366466846234205,0.0,0.12214,0.0,0.354218,200000,247144.34300736513,47144.343007365125,1.2357217150368256
2021-04-12,2,1.2761264738194686,0.0,0.12874,0.0,0.357912,200000,247144.34300736513,47144.343007365125,1.2357217150368256
2021-04-13,2,1.6868460295775225,0.0,0.14622,0.0,0.352329,200000,247144.34300736513,47144.343007365125,1.2357217150368256
2021-04-14,2,1.5642762511397545,0.0,0.1404,0.0,0.334358,200000,247144.34300736513,47144.343007365125,1.2357217150368256
2021-04-15,2,1.694056398755658,0.0,0.16421,0.0,0.363338,200000,247144.34300736513,47144.343007365125,1.2357217150368256
2021-04-16,1,1.1901448752313821,-767958.3090154905,0.16091,318966.7164936801,0.387414,200000,247144.34300736513,47144.343007365125,1.2357217150368256
2021-04-17,2,1.3036807588906525,0.0,0.15535,0.0,0.355571,200000,253031.35196254725,53031.351962547255,1.2651567598127362
2021-04-18,2,1.3413279394705773,0.0,0.14302,0.0,0.318046,200000,253031.35196254725,53031.351962547255,1.2651567598127362
2021-04-19,1,1.0862765864399233,-973721.819297111,0.12993,421657.0768996335,0.300044,200000,253031.35196254725,53031.351962547255,1.2651567598127362
2021-04-20,1,0.9277854111938671,-973721.819297111,0.13279,421657.0768996335,0.31082,200000,260359.97302640745,60359.973026407446,1.3017998651320373
2021-04-21,1,0.8127668403679694,-973721.819297111,0.12273,421657.0768996335,0.290039,200000,241801.87580922723,41801.87580922723,1.2090093790461363
2021-04-22,1,1.0092827480871605,-973721.819297111,0.11001,421657.0768996335,0.250976,200000,212944.94387283758,12944.943872837583,1.064724719364188
2021-04-23,1,0.4830774594249283,-973721.819297111,0.10915,421657.0768996335,0.265,200000,218020.86195468256,18020.861954682565,1.0901043097734129
2021-04-24,1,0.7519086142494232,-973721.819297111,0.10249,421657.0768996335,0.238531,200000,200375.03346970738,375.03346970738494,1.0018751673485369
2021-04-25,0,-0.24887431758458556,0.0,0.10176,0.0,0.26626,200000,239846.87099892483,39846.87099892483,1.199234354994624
2021-04-26,0,-0.16160207908657576,0.0,0.11732,0.0,0.3023,200000,239846.87099892483,39846.87099892483,1.199234354994624
2021-04-27,0,-0.18867090473255296,0.0,0.12594,0.0,0.32129,200000,239846.87099892483,39846.87099892483,1.199234354994624
2021-04-28,0,-0.33174972214523873,0.0,0.12266,0.0,0.31404,200000,239846.87099892483,39846.87099892483,1.199234354994624
2021-04-29,-2,-1.3648811197018078,0.0,0.12123,0.0,0.33615,200000,239846.87099892483,39846.87099892483,1.199234354994624
2021-04-30,-1,-1.192437797099802,906930.6171024913,0.13223,-334841.3667442759,0.35815,200000,239846.87099892483,39846.87099892483,1.199234354994624
2021-05-01,-2,-1.4248083562138196,0.0,0.13112,0.0,0.35872,200000,241044.4235629528,41044.42356295281,1.2052221178147642
2021-05-02,-2,-1.6782359821802924,0.0,0.12759,0.0,0.35685,200000,241044.4235629528,41044.42356295281,1.2052221178147642
2021-05-03,-2,-1.5862883257838398,0.0,0.13159,0.0,0.37214,200000,241044.4235629528,41044.42356295281,1.2052221178147642
2021-05-04,-1,-1.1830466808419495,1011346.9143364639,0.11917,-366529.44401641143,0.32882,200000,241044.4235629528,41044.42356295281,1.2052221178147642
2021-05-05,-1,-0.5390698012820264,1011346.9143364639,0.14654,-366529.44401641143,0.38419,200000,289019.72392353055,89019.72392353055,1.4450986196176527
2021-05-06,0,0.006081965036789345,0.0,0.15216,0.0,0.38257,200000,227381.04647487495,27381.04647487495,1.1369052323743747
2021-05-07,0,-0.9865751276156758,0.0,0.14763,0.0,0.40605,200000,227381.04647487495,27381.04647487495,1.1369052323743747
2021-05-08,-1,-1.1627020058975168,794983.0308190859,0.14301,-282706.75926255743,0.40215,200000,227381.04647487495,27381.04647487495,1.1369052323743747
2021-05-09,-1,-0.6228686800820207,794983.0308190859,0.14295,-282706.75926255743,0.3874,200000,223163.42279390307,23163.422793903068,1.1158171139695154
2021-05-10,-1,-0.6325647671762882,794983.0308190859,0.12716,-282706.75926255743,0.34681,200000,199135.5733788025,-864.42662119749,0.9956778668940125
2021-05-11,0,-0.007297424400799906,0.0,0.13893,0.0,0.36499,200000,220119.1940664202,20119.194066420197,1.100595970332101
2021-05-12,2,1.6612282089246424,0.0,0.11918,0.0,0.28697,200000,220119.1940664202,20119.194066420197,1.100595970332101
2021-05-13,0,-0.669309256648829,0.0,0.12159,0.0,0.33436,200000,220119.1940664202,20119.194066420197,1.100595970332101
2021-05-14,0,-0.460065081621928,0.0,0.12473,0.0,0.34021,200000,220119.1940664202,20119.194066420197,1.100595970332101
2021-05-15,0,0.5373770670860771,0.0,0.12059,0.0,0.31496,200000,220119.1940664202,20119.194066420197,1.100595970332101
2021-05-16,-2,-1.4373558570337668,0.0,0.11964,0.0,0.344,200000,220119.1940664202,20119.194066420197,1.100595970332101
2021-05-17,-2,-1.6681066407949745,0.0,0.11279,0.0,0.33172,200000,220119.1940664202,20119.194066420197,1.100595970332101
2021-05-18,0,-0.8935432353074455,0.0,0.11627,0.0,0.33024,200000,220119.1940664202,20119.194066420197,1.100595970332101
2021-05-19,-2,-1.5073859739307018,0.0,0.07881,0.0,0.23274,200000,220119.1940664202,20119.194066420197,1.100595970332101
2021-05-20,-2,-2.3370931384316282,0.0,0.08928,0.0,0.28624,200000,220119.1940664202,20119.194066420197,1.100595970332101
2021-05-21,-2,-2.1457974426957174,0.0,0.0779,0.0,0.25489,200000,220119.1940664202,20119.194066420197,1.100595970332101
2021-05-22,-2,-2.5408680238425094,0.0,0.07534,0.0,0.27369,200000,220119.1940664202,20119.194066420197,1.100595970332101
2021-05-23,-2,-2.5433004857389307,0.0,0.06285,0.0,0.25157,200000,220119.1940664202,20119.194066420197,1.100595970332101
2021-05-24,-2,-1.655246062227228,0.0,0.07696,0.0,0.27944,200000,220119.1940664202,20119.194066420197,1.100595970332101
2021-05-25,-2,-1.4474076072778874,0.0,0.07714,0.0,0.27915,200000,220119.1940664202,20119.194066420197,1.100595970332101
2021-05-26,-2,-1.4033073886039766,0.0,0.08312,0.0,0.30654,200000,220119.1940664202,20119.194066420197,1.100595970332101
2021-05-27,-2,-1.5553689723925104,0.0,0.07949,0.0,0.31268,200000,220119.1940664202,20119.194066420197,1.100595970332101
2021-05-28,-2,-1.5228596240898842,0.0,0.07204,0.0,0.29327,200000,220119.1940664202,20119.194066420197,1.100595970332101
2021-05-29,-2,-1.443645465615114,0.0,0.06877,0.0,0.28627,200000,220119.1940664202,20119.194066420197,1.100595970332101
2021-05-30,-2,-1.3547510882358633,0.0,0.07196,0.0,0.30461,200000,220119.1940664202,20119.194066420197,1.100595970332101
2021-05-31,-2,-1.3873010577400653,0.0,0.07679,0.0,0.34008,200000,220119.1940664202,20119.194066420197,1.100595970332101
2021-06-01,-2,-1.5832287501193123,0.0,0.07614,0.0,0.36487,200000,220119.1940664202,20119.194066420197,1.100595970332101
2021-06-02,-2,-1.365930422091322,0.0,0.07804,0.0,0.36738,200000,220119.1940664202,20119.194066420197,1.100595970332101
2021-06-03,-2,-1.6014718811983686,0.0,0.08223,0.0,0.43258,200000,220119.1940664202,20119.194066420197,1.100595970332101
2021-06-04,-2,-1.6770180698403874,0.0,0.07714,0.0,0.43143,200000,220119.1940664202,20119.194066420197,1.100595970332101
2021-06-05,-2,-1.6559547394362577,0.0,0.07552,0.0,0.44424,200000,220119.1940664202,20119.194066420197,1.100595970332101
2021-06-06,-2,-1.5260393441816016,0.0,0.07745,0.0,0.4597,200000,220119.1940664202,20119.194066420197,1.100595970332101
2021-06-07,-2,-1.730808002008943,0.0,0.0717,0.0,0.4784,200000,220119.1940664202,20119.194066420197,1.100595970332101
2021-06-08,-2,-1.982605980544335,0.0,0.07242,0.0,0.5775,200000,220119.1940664202,20119.194066420197,1.100595970332101
2021-06-09,-2,-1.6872275015666227,0.0,0.07536,0.0,0.57565,200000,220119.1940664202,20119.194066420197,1.100595970332101
2021-06-10,-2,-1.4439216078278947,0.0,0.07257,0.0,0.53091,200000,220119.1940664202,20119.194066420197,1.100595970332101
2021-06-11,-1,-1.1952106199113635,1590686.4725135148,0.06919,-227668.687752286,0.48342,200000,220119.1940664202,20119.194066420197,1.100595970332101
2021-06-12,-1,-0.7717017908012884,1590686.4725135148,0.06804,-227668.687752286,0.42363,200000,204677.59378232047,4677.593782320473,1.0233879689116023
2021-06-13,-2,-1.3441269052159068,0.0,0.07153,0.0,0.57385,200000,236985.06715417778,36985.067154177785,1.1849253357708889
2021-06-14,-1,-1.1270735502410112,1645044.1979326517,0.07203,-215366.57077934695,0.55019,200000,236985.06715417778,36985.067154177785,1.1849253357708889
2021-06-15,-1,-0.7852761711885323,1645044.1979326517,0.07174,-215366.57077934695,0.49849,200000,225373.55262748507,25373.55262748507,1.1268677631374253
2021-06-16,-1,-0.8680691989944642,1645044.1979326517,0.06895,-215366.57077934695,0.504,200000,221970.5491202472,21970.54912024719,1.109852745601236
2021-06-17,-1,-0.9196969204515192,1645044.1979326517,0.0739,-215366.57077934695,0.56207,200000,242619.85466517048,42619.85466517048,1.2130992733258523
2021-06-18,-1,-1.133551016612318,1645044.1979326517,0.06962,-215366.57077934695,0.5792,200000,239268.29485546896,39268.294855468965,1.1963414742773448
2021-06-19,-1,-1.1845879484621944,1645044.1979326517,0.06827,-215366.57077934695,0.5873,200000,238791.9544115726,38791.9544115726,1.193959772057863
2021-06-20,-1,-1.1748559471009647,1645044.1979326517,0.06768,-215366.57077934695,0.58881,200000,238146.58185666916,38146.58185666916,1.1907329092833459
2021-06-21,-1,-1.0544361309627244,1645044.1979326517,0.05351,-215366.57077934695,0.45868,200000,186810.65371644706,-13189.346283552935,0.9340532685822354
2021-06-22,-2,-1.2084648869152437,0.0,0.05103,0.0,0.45324,200000,250651.20627370581,50651.206273705815,1.253256031368529
2021-06-23,0,-0.799428644199574,0.0,0.05797,0.0,0.47999,200000,250651.20627370581,50651.206273705815,1.253256031368529
2021-06-24,0,0.07899090249759032,0.0,0.06611,0.0,0.48658,200000,250651.20627370581,50651.206273705815,1.253256031368529
2021-06-25,0,0.7234862259388097,0.0,0.06139,0.0,0.42552,200000,250651.20627370581,50651.206273705815,1.253256031368529
2021-06-26,1,1.1924240972902156,-1997539.1000454717,0.06274,295900.2765662107,0.42354,200000,250651.20627370581,50651.206273705815,1.253256031368529
2021-06-27,2,1.3403072454237845,0.0,0.06479,0.0,0.43151,200000,252387.8362245663,52387.8362245663,1.2619391811228315
2021-06-28,2,1.3365984263870097,0.0,0.06532,0.0,0.429,200000,252387.8362245663,52387.8362245663,1.2619391811228315
2021-06-29,2,1.578090030696666,0.0,0.06793,0.0,0.42802,200000,252387.8362245663,52387.8362245663,1.2619391811228315
2021-06-30,2,1.7716489487959381,0.0,0.06828,0.0,0.41198,200000,252387.8362245663,52387.8362245663,1.2619391811228315
2021-07-01,2,1.8347425445677168,0.0,0.06471,0.0,0.37767,200000,252387.8362245663,52387.8362245663,1.2619391811228315
2021-07-02,2,2.08037465406795,0.0,0.06657,0.0,0.36884,200000,252387.8362245663,52387.8362245663,1.2619391811228315
2021-07-03,2,1.6645796020652945,0.0,0.06683,0.0,0.3772,200000,252387.8362245663,52387.8362245663,1.2619391811228315
2021-07-04,2,1.552997551735913,0.0,0.06736,0.0,0.37538,200000,252387.8362245663,52387.8362245663,1.2619391811228315
2021-07-05,2,1.5040861028648345,0.0,0.06448,0.0,0.35303,200000,252387.8362245663,52387.8362245663,1.2619391811228315
2021-07-06,2,1.3766828260805606,0.0,0.06494,0.0,0.35359,200000,252387.8362245663,52387.8362245663,1.2619391811228315
2021-07-07,1,1.1880585755093693,-1961665.1346538654,0.06433,357479.7261048785,0.35301,200000,252387.8362245663,52387.8362245663,1.2619391811228315
2021-07-08,1,0.2837265395644894,-1961665.1346538654,0.06106,357479.7261048785,0.38178,200000,256257.88295428554,56257.88295428554,1.2812894147714278
2021-07-09,1,0.7330116783482706,-1961665.1346538654,0.06219,357479.7261048785,0.35844,200000,250130.98774915654,50130.98774915654,1.2506549387457828
2021-07-10,1,0.8984437297327215,-1961665.1346538654,0.06142,357479.7261048785,0.34214,200000,242793.58605996353,42793.586059963534,1.2139679302998176
2021-07-11,1,0.775345378553945,-1961665.1346538654,0.06184,357479.7261048785,0.34683,200000,245294.06533195003,45294.06533195003,1.22647032665975
2021-07-12,1,0.8600416791568514,-1961665.1346538654,0.06004,357479.7261048785,0.33194,200000,236440.19496787147,36440.19496787147,1.1822009748393574
2021-07-13,2,1.3955232864696725,0.0,0.05937,0.0,0.31135,200000,257550.58254621233,57550.58254621233,1.2877529127310616
2021-07-14,2,1.8194722288179739,0.0,0.05989,0.0,0.30023,200000,257550.58254621233,57550.58254621233,1.2877529127310616
2021-07-15,2,1.6841811460413476,0.0,0.05784,0.0,0.28951,200000,257550.58254621233,57550.58254621233,1.2877529127310616
2021-07-16,2,2.14868201879323,0.0,0.05562,0.0,0.26293,200000,257550.58254621233,57550.58254621233,1.2877529127310616
2021-07-17,2,1.4971833570229396,0.0,0.05597,0.0,0.27528,200000,257550.58254621233,57550.58254621233,1.2877529127310616
2021-07-18,0,0.4827424546945548,0.0,0.05592,0.0,0.29584,200000,257550.58254621233,57550.58254621233,1.2877529127310616
2021-07-19,2,1.4965652647201317,0.0,0.05345,0.0,0.26095,200000,257550.58254621233,57550.58254621233,1.2877529127310616
2021-07-20,2,2.147260506528179,0.0,0.05045,0.0,0.23041,200000,257550.58254621233,57550.58254621233,1.2877529127310616
2021-07-21,0,0.6806063531623178,0.0,0.05388,0.0,0.27142,200000,257550.58254621233,57550.58254621233,1.2877529127310616
2021-07-22,0,0.4832308715560493,0.0,0.05526,0.0,0.2813,200000,257550.58254621233,57550.58254621233,1.2877529127310616
2021-07-23,0,0.4058023841313889,0.0,0.056,0.0,0.28544,200000,257550.58254621233,57550.58254621233,1.2877529127310616
2021-07-24,0,-0.831218022829188,0.0,0.05727,0.0,0.32065,200000,257550.58254621233,57550.58254621233,1.2877529127310616
2021-07-25,-2,-1.7235967430721113,0.0,0.05791,0.0,0.35555,200000,257550.58254621233,57550.58254621233,1.2877529127310616
2021-07-26,0,-0.8674941738297703,0.0,0.05842,0.0,0.33305,200000,257550.58254621233,57550.58254621233,1.2877529127310616
2021-07-27,0,-0.7847072772417575,0.0,0.06019,0.0,0.34149,200000,257550.58254621233,57550.58254621233,1.2877529127310616
2021-07-28,0,-0.3805509024576067,0.0,0.0607,0.0,0.32909,200000,257550.58254621233,57550.58254621233,1.2877529127310616
2021-07-29,0,-0.3512230716087878,0.0,0.06185,0.0,0.33316,200000,257550.58254621233,57550.58254621233,1.2877529127310616
2021-07-30,0,-0.0768511671906978,0.0,0.06325,0.0,0.33288,200000,257550.58254621233,57550.58254621233,1.2877529127310616
2021-07-31,0,0.18197325590915814,0.0,0.06396,0.0,0.3292,200000,257550.58254621233,57550.58254621233,1.2877529127310616
2021-08-01,0,0.7992500102322999,0.0,0.0632,0.0,0.31032,200000,257550.58254621233,57550.58254621233,1.2877529127310616
2021-08-02,2,1.344389289164204,0.0,0.06463,0.0,0.30342,200000,257550.58254621233,57550.58254621233,1.2877529127310616
2021-08-03,2,1.511437662223078,0.0,0.06403,0.0,0.29418,200000,257550.58254621233,57550.58254621233,1.2877529127310616
2021-08-04,2,1.555037112370001,0.0,0.06737,0.0,0.30479,200000,257550.58254621233,57550.58254621233,1.2877529127310616
2021-08-05,1,1.1618313420344892,-1836236.8640112102,0.07013,395052.58543150034,0.32597,200000,257550.5825462123,57550.5825462123,1.2877529127310616
2021-08-06,2,1.7477389558731398,0.0,0.07196,0.0,0.3149,200000,265284.1281280795,65284.12812807952,1.3264206406403976
2021-08-07,2,2.088018676357136,0.0,0.07527,0.0,0.31047,200000,265284.1281280795,65284.12812807952,1.3264206406403976
2021-08-08,2,2.1104589693060287,0.0,0.07192,0.0,0.28578,200000,265284.1281280795,65284.12812807952,1.3264206406403976
2021-08-09,2,1.5692650137813489,0.0,0.07395,0.0,0.30498,200000,265284.1281280795,65284.12812807952,1.3264206406403976
2021-08-10,2,1.392382528370229,0.0,0.07464,0.0,0.3081,200000,265284.1281280795,65284.12812807952,1.3264206406403976
2021-08-11,2,1.3225068071875448,0.0,0.08341,0.0,0.34113,200000,265284.1281280795,65284.12812807952,1.3264206406403976
2021-08-12,2,1.4169920763232438,0.0,0.08415,0.0,0.3339,200000,265284.1281280795,65284.12812807952,1.3264206406403976
2021-08-13,2,1.3425046273762973,0.0,0.08951,0.0,0.352,200000,265284.1281280795,65284.12812807952,1.3264206406403976
2021-08-14,2,1.5990563532010758,0.0,0.09264,0.0,0.34815,200000,265284.1281280795,65284.12812807952,1.3264206406403976
2021-08-15,2,1.5500690898099947,0.0,0.09295,0.0,0.34505,200000,265284.1281280795,65284.12812807952,1.3264206406403976
2021-08-16,0,0.8026420472295202,0.0,0.08936,0.0,0.35738,200000,265284.1281280795,65284.12812807952,1.3264206406403976
2021-08-17,0,0.9516921583238445,0.0,0.08509,0.0,0.332,200000,265284.1281280795,65284.12812807952,1.3264206406403976
2021-08-18,1,1.0667995793508254,-1568614.759508512,0.08456,409730.5287246772,0.32373,200000,265284.1281280795,65284.12812807952,1.3264206406403976
2021-08-19,2,1.2047886803641956,0.0,0.08825,0.0,0.3314,200000,267929.68343534763,67929.68343534763,1.3396484171767382
2021-08-20,2,1.2179787830997446,0.0,0.09059,0.0,0.33806,200000,267929.68343534763,67929.68343534763,1.3396484171767382
2021-08-21,0,0.8001316561724627,0.0,0.08799,0.0,0.33738,200000,267929.68343534763,67929.68343534763,1.3396484171767382
2021-08-22,0,0.7303245511389055,0.0,0.08795,0.0,0.3372,200000,267929.68343534763,67929.68343534763,1.3396484171767382
2021-08-23,0,0.3776894505926563,0.0,0.08987,0.0,0.35075,200000,267929.68343534763,67929.68343534763,1.3396484171767382
2021-08-24,0,0.21900916190848552,0.0,0.08457,0.0,0.33145,200000,267929.68343534763,67929.68343534763,1.3396484171767382
2021-08-25,0,0.12306588118699487,0.0,0.08758,0.0,0.34281,200000,267929.68343534763,67929.68343534763,1.3396484171767382
2021-08-26,0,0.616502985553134,0.0,0.08303,0.0,0.318,200000,267929.68343534763,67929.68343534763,1.3396484171767382
2021-08-27,0,0.6228957076199282,0.0,0.08828,0.0,0.3372,200000,267929.68343534763,67929.68343534763,1.3396484171767382
2021-08-28,2,1.2947060520442266,0.0,0.08829,0.0,0.3289,200000,267929.68343534763,67929.68343534763,1.3396484171767382
2021-08-29,2,1.250441291552784,0.0,0.08847,0.0,0.3291,200000,267929.68343534763,67929.68343534763,1.3396484171767382
2021-08-30,0,0.7647719601464321,0.0,0.08616,0.0,0.3246,200000,267929.68343534763,67929.68343534763,1.3396484171767382
2021-08-31,1,1.1732292422793416,-1509463.0052695642,0.08875,405339.9144256394,0.3305,200000,267929.68343534763,67929.68343534763,1.3396484171767382
2021-09-01,2,2.2574230248307185,0.0,0.095,0.0,0.3418,200000,272783.48618527275,72783.48618527275,1.3639174309263637
2021-09-02,2,2.823198697451701,0.0,0.09953,0.0,0.3445,200000,272783.48618527275,72783.48618527275,1.3639174309263637
2021-09-03,1,1.1827468293574754,-1342306.2995043437,0.10161,369825.7676047624,0.3688,200000,272783.48618527275,72783.48618527275,1.3639174309263637
2021-09-04,1,0.6116580483941653,-1342306.2995043437,0.10146,369825.7676047624,0.3752,200000,274949.02515301754,74949.02515301754,1.3747451257650878
2021-09-05,1,0.3976321495762874,-1342306.2995043437,0.10519,369825.7676047624,0.3908,200000,285725.10962480307,85725.10962480307,1.4286255481240153
2021-09-06,0,-2.7626125619373445,0.0,0.10381,0.0,0.4413,200000,248924.191892837,48924.191892837,1.244620959464185
2021-09-07,-1,-1.1410116202079745,1457572.267788014,0.08539,-366820.2061491851,0.3393,200000,248924.191892837,48924.191892837,1.244620959464185
2021-09-08,0,1.6217192661117017,0.0,0.09272,0.0,0.3258,200000,233288.11438693682,33288.114386936824,1.1664405719346842
2021-09-09,2,1.2137479370147737,0.0,0.09303,0.0,0.3311,200000,233288.11438693682,33288.114386936824,1.1664405719346842
2021-09-10,2,1.9586506052533919,0.0,0.09075,0.0,0.3077,200000,233288.11438693682,33288.114386936824,1.1664405719346842
2021-09-11,2,2.3013777207052555,0.0,0.09555,0.0,0.3103,200000,233288.11438693682,33288.114386936824,1.1664405719346842
2021-09-12,2,3.1700089813407657,0.0,0.11241,0.0,0.3195,200000,233288.11438693682,33288.114386936824,1.1664405719346842
2021-09-13,2,2.46108643358339,0.0,0.10462,0.0,0.2975,200000,233288.11438693682,33288.114386936824,1.1664405719346842
2021-09-14,2,2.4991514426842243,0.0,0.11822,0.0,0.3158,200000,233288.11438693682,33288.114386936824,1.1664405719346842
2021-09-15,2,1.981886607650594,0.0,0.12069,0.0,0.3266,200000,233288.11438693682,33288.114386936824,1.1664405719346842
2021-09-16,2,1.665323784462938,0.0,0.11594,0.0,0.316,200000,233288.11438693682,33288.114386936824,1.1664405719346842
2021-09-17,1,1.0248521061756306,-1106155.1180034936,0.10545,380816.3799982645,0.3063,200000,233288.11438693682,33288.114386936824,1.1664405719346842
2021-09-18,1,0.8888699755719588,-1106155.1180034936,0.10586,380816.3799982645,0.3092,200000,234846.0054873132,34846.0054873132,1.174230027436566
2021-09-19,1,0.9081117843626185,-1106155.1180034936,0.10369,380816.3799982645,0.2985,200000,228370.91361526423,28370.91361526423,1.1418545680763212
2021-09-20,1,0.8855835996021564,-1106155.1180034936,0.0914,380816.3799982645,0.2608,200000,200419.4896890667,419.48968906668597,1.0020974484453333
2021-09-21,1,0.6469595263024769,-1106155.1180034936,0.08826,380816.3799982645,0.2572,200000,195575.22365054197,-4424.776349458029,0.9778761182527098
2021-09-22,1,0.7561387370915603,-1106155.1180034936,0.09876,380816.3799982645,0.2812,200000,216329.445509537,16329.445509537007,1.081647227547685
2021-09-23,1,0.5452585429439802,-1106155.1180034936,0.09923,380816.3799982645,0.2876,200000,219286.56324698753,19286.563246987527,1.0964328162349377
2021-09-24,1,0.4715733887216954,-1106155.1180034936,0.09226,380816.3799982645,0.2675,200000,203922.25283653807,3922.2528365380713,1.0196112641826904
2021-09-25,1,0.34443994198777894,-1106155.1180034936,0.09055,380816.3799982645,0.2643,200000,200812.11516875765,812.1151687576494,1.0040605758437882
2021-09-26,0,-0.3678047985974024,0.0,0.08769,0.0,0.2729,200000,226362.06658313682,26362.066583136824,1.1318103329156841
2021-09-27,0,-0.45256728170371985,0.0,0.08599,0.0,0.2646,200000,226362.06658313682,26362.066583136824,1.1318103329156841
2021-09-28,0,-0.4254776602343373,0.0,0.08305,0.0,0.2523,200000,226362.06658313682,26362.066583136824,1.1318103329156841
2021-09-29,0,-0.15465123137836032,0.0,0.08581,0.0,0.253,200000,226362.06658313682,26362.066583136824,1.1318103329156841
2021-09-30,0,-0.20645540897030085,0.0,0.08943,0.0,0.2621,200000,226362.06658313682,26362.066583136824,1.1318103329156841
2021-10-01,-2,-1.4521931826288874,0.0,0.09481,0.0,0.2919,200000,226362.06658313682,26362.066583136824,1.1318103329156841
2021-10-02,-2,-2.0705992838020166,0.0,0.09338,0.0,0.3013,200000,226362.06658313682,26362.066583136824,1.1318103329156841
2021-10-03,-2,-1.2645301306055858,0.0,0.09494,0.0,0.2962,200000,226362.06658313682,26362.066583136824,1.1318103329156841
2021-10-04,-2,-1.4522302479472369,0.0,0.09351,0.0,0.2961,200000,226362.06658313682,26362.066583136824,1.1318103329156841
2021-10-05,-2,-1.618812961771515,0.0,0.09618,0.0,0.309,200000,226362.06658313682,26362.066583136824,1.1318103329156841
2021-10-06,-2,-1.237498133654119,0.0,0.09549,0.0,0.3021,200000,226362.06658313682,26362.066583136824,1.1318103329156841
2021-10-07,-2,-1.2416629376744255,0.0,0.09547,0.0,0.304,200000,226362.06658313682,26362.066583136824,1.1318103329156841
2021-10-08,-1,-1.0178045170059642,1158336.2326432136,0.09771,-365689.92985967174,0.3095,200000,226362.0665831368,26362.066583136795,1.131810332915684
2021-10-09,0,-0.1333881435658875,0.0,0.10306,0.0,0.3146,200000,222029.98638077994,22029.98638077994,1.1101499319038997
2021-10-10,0,-0.10804466819069573,0.0,0.09747,0.0,0.2982,200000,222029.98638077994,22029.98638077994,1.1101499319038997
2021-10-11,0,-0.024150244655115047,0.0,0.09707,0.0,0.2967,200000,222029.98638077994,22029.98638077994,1.1101499319038997
2021-10-12,0,0.4784188509237846,0.0,0.09549,0.0,0.2877,200000,222029.98638077994,22029.98638077994,1.1101499319038997
2021-10-13,0,0.8291804650609526,0.0,0.09793,0.0,0.2925,200000,222029.98638077994,22029.98638077994,1.1101499319038997
2021-10-14,0,0.8450858490233591,0.0,0.09729,0.0,0.2915,200000,222029.98638077994,22029.98638077994,1.1101499319038997
2021-10-15,2,1.8494095240283408,0.0,0.09861,0.0,0.2867,200000,222029.98638077994,22029.98638077994,1.1101499319038997
2021-10-16,2,1.8421978940406714,0.0,0.09871,0.0,0.2844,200000,222029.98638077994,22029.98638077994,1.1101499319038997
2021-10-17,2,1.8058727612025156,0.0,0.0987,0.0,0.282,200000,222029.98638077994,22029.98638077994,1.1101499319038997
2021-10-18,2,1.5781316495915416,0.0,0.0981,0.0,0.2805,200000,222029.98638077994,22029.98638077994,1.1101499319038997
2021-10-19,2,1.8522975880046233,0.0,0.10055,0.0,0.2821,200000,222029.98638077994,22029.98638077994,1.1101499319038997
2021-10-20,2,1.540616251371158,0.0,0.10324,0.0,0.2918,200000,222029.98638077994,22029.98638077994,1.1101499319038997
2021-10-21,2,1.2059943239347963,0.0,0.09958,0.0,0.2839,200000,222029.98638077994,22029.98638077994,1.1101499319038997
2021-10-22,0,-0.08193846910615518,0.0,0.09982,0.0,0.3009,200000,222029.98638077994,22029.98638077994,1.1101499319038997
2021-10-23,0,0.17022762266712735,0.0,0.10066,0.0,0.2994,200000,222029.98638077994,22029.98638077994,1.1101499319038997
2021-10-24,0,0.18641389238483583,0.0,0.09913,0.0,0.2938,200000,222029.98638077994,22029.98638077994,1.1101499319038997
2021-10-25,0,-0.832937199251305,0.0,0.10074,0.0,0.3103,200000,222029.98638077994,22029.98638077994,1.1101499319038997
2021-10-26,-2,-2.0738071079897766,0.0,0.10112,0.0,0.3304,200000,222029.98638077994,22029.98638077994,1.1101499319038997
2021-10-27,-2,-2.6213232831153483,0.0,0.09064,0.0,0.3122,200000,222029.98638077994,22029.98638077994,1.1101499319038997
2021-10-28,-2,-2.073131486331881,0.0,0.09527,0.0,0.3233,200000,222029.98638077994,22029.98638077994,1.1101499319038997
2021-10-29,-2,-2.312494249357035,0.0,0.0996,0.0,0.3559,200000,222029.98638077994,22029.98638077994,1.1101499319038997
2021-10-30,-2,-2.457484126520565,0.0,0.10111,0.0,0.3869,200000,222029.98638077994,22029.98638077994,1.1101499319038997
2021-10-31,-2,-1.3388562468607408,0.0,0.10152,0.0,0.3533,200000,222029.98638077994,22029.98638077994,1.1101499319038997
2021-11-01,-2,-1.205221131589709,0.0,0.10048,0.0,0.3495,200000,222029.98638077994,22029.98638077994,1.1101499319038997
2021-11-02,0,-0.7655585756810873,0.0,0.10748,0.0,0.3603,200000,222029.98638077994,22029.98638077994,1.1101499319038997
2021-11-03,-1,-1.1540761704503821,1048597.2720354204,0.10587,-296831.5325946256,0.374,200000,222029.98638077994,22029.98638077994,1.1101499319038997
2021-11-04,-1,-1.1024272349002693,1048597.2720354204,0.10329,-296831.5325946256,0.3676,200000,217424.88361032296,17424.883610322955,1.0871244180516149
2021-11-05,-1,-1.1464860308995521,1048597.2720354204,0.10346,-296831.5325946256,0.3752,200000,219859.0647942881,19859.064794288104,1.0992953239714405
2021-11-06,-2,-1.2246314098556919,0.0,0.10252,0.0,0.3808,200000,227561.24166374205,27561.241663742054,1.1378062083187102
2021-11-07,-1,-1.0389667041757176,1088809.7687260385,0.1045,-295995.3715709444,0.3844,200000,227561.24166374205,27561.241663742054,1.1378062083187102
2021-11-08,-1,-0.515192282831104,1088809.7687260385,0.10993,-295995.3715709444,0.3848,200000,233591.8768565528,33591.876856552786,1.167959384282764
2021-11-09,0,0.24096887235985784,0.0,0.11436,0.0,0.3762,200000,214398.41529722157,14398.415297221567,1.071992076486108
2021-11-10,0,0.4983063374869397,0.0,0.10662,0.0,0.3475,200000,214398.41529722157,14398.415297221567,1.071992076486108
2021-11-11,0,0.9020790524858238,0.0,0.10893,0.0,0.347,200000,214398.41529722157,14398.415297221567,1.071992076486108
2021-11-12,1,1.0002021667171286,-992953.0163820932,0.10796,310812.4315703415,0.3449,200000,214398.41529722157,14398.415297221567,1.071992076486108
2021-11-13,2,2.0222052670858104,0.0,0.11255,0.0,0.3399,200000,220510.1318002671,20510.13180026709,1.1025506590013354
2021-11-14,2,2.5883943724240677,0.0,0.117,0.0,0.3336,200000,220510.1318002671,20510.13180026709,1.1025506590013354
2021-11-15,2,2.6310211029449206,0.0,0.1238,0.0,0.3347,200000,220510.1318002671,20510.13180026709,1.1025506590013354
2021-11-16,2,1.688028892775565,0.0,0.10934,0.0,0.3114,200000,220510.1318002671,20510.13180026709,1.1025506590013354
2021-11-17,0,0.8809887076702008,0.0,0.11119,0.0,0.3376,200000,220510.1318002671,20510.13180026709,1.1025506590013354
2021-11-18,0,0.6935967610079907,0.0,0.10038,0.0,0.308,200000,220510.1318002671,20510.13180026709,1.1025506590013354
2021-11-19,0,0.4833981206959371,0.0,0.10387,0.0,0.3228,200000,220510.1318002671,20510.13180026709,1.1025506590013354
2021-11-20,0,0.37577899870689735,0.0,0.10519,0.0,0.3285,200000,220510.1318002671,20510.13180026709,1.1025506590013354
2021-11-21,0,0.4295446254134367,0.0,0.10643,0.0,0.3291,200000,220510.1318002671,20510.13180026709,1.1025506590013354
2021-11-22,0,0.6350106327356974,0.0,0.10182,0.0,0.3077,200000,220510.1318002671,20510.13180026709,1.1025506590013354
2021-11-23,0,0.1436490572190834,0.0,0.10283,0.0,0.3227,200000,220510.1318002671,20510.13180026709,1.1025506590013354
2021-11-24,0,-0.29264520717318027,0.0,0.09785,0.0,0.3173,200000,220510.1318002671,20510.13180026709,1.1025506590013354
2021-11-25,0,-0.7722130826061181,0.0,0.10019,0.0,0.3363,200000,220510.1318002671,20510.13180026709,1.1025506590013354
2021-11-26,0,-0.7203718245339508,0.0,0.09229,0.0,0.305,200000,220510.1318002671,20510.13180026709,1.1025506590013354
2021-11-27,0,-0.919627999883509,0.0,0.09335,0.0,0.3093,200000,220510.1318002671,20510.13180026709,1.1025506590013354
2021-11-28,0,-0.4498526552094866,0.0,0.09518,0.0,0.3037,200000,220510.1318002671,20510.13180026709,1.1025506590013354
2021-11-29,0,-0.12306282816823326,0.0,0.09655,0.0,0.3014,200000,220510.1318002671,20510.13180026709,1.1025506590013354
2021-11-30,0,-0.39823696239344325,0.0,0.09652,0.0,0.3055,200000,220510.1318002671,20510.13180026709,1.1025506590013354
2021-12-01,0,-0.2699318701541228,0.0,0.09688,0.0,0.3042,200000,220510.1318002671,20510.13180026709,1.1025506590013354
2021-12-02,0,0.2614270295394249,0.0,0.0975,0.0,0.2967,200000,220510.1318002671,20510.13180026709,1.1025506590013354
2021-12-03,-2,-1.265935042179998,0.0,0.09388,0.0,0.3137,200000,220510.1318002671,20510.13180026709,1.1025506590013354
2021-12-04,0,0.4475032277544954,0.0,0.08696,0.0,0.2643,200000,220510.1318002671,20510.13180026709,1.1025506590013354
2021-12-05,0,0.5725872751225382,0.0,0.08432,0.0,0.2582,200000,220510.1318002671,20510.13180026709,1.1025506590013354
2021-12-06,2,1.8239744047395818,0.0,0.08729,0.0,0.2569,200000,220510.1318002671,20510.13180026709,1.1025506590013354
2021-12-07,2,2.6805620654624067,0.0,0.08999,0.0,0.2505,200000,220510.1318002671,20510.13180026709,1.1025506590013354
2021-12-08,2,2.4956637755983584,0.0,0.09237,0.0,0.2517,200000,220510.1318002671,20510.13180026709,1.1025506590013354
2021-12-09,2,2.691867323285992,0.0,0.08861,0.0,0.2284,200000,220510.1318002671,20510.13180026709,1.1025506590013354
2021-12-10,2,2.2205504272771344,0.0,0.08771,0.0,0.2253,200000,220510.1318002671,20510.13180026709,1.1025506590013354
2021-12-11,2,2.0273330863912524,0.0,0.0916,0.0,0.2318,200000,220510.1318002671,20510.13180026709,1.1025506590013354
2021-12-12,2,1.8554911501835933,0.0,0.09101,0.0,0.2277,200000,220510.1318002671,20510.13180026709,1.1025506590013354
2021-12-13,2,2.180088233690318,0.0,0.08497,0.0,0.1985,200000,220510.1318002671,20510.13180026709,1.1025506590013354
2021-12-14,2,1.9644342746165961,0.0,0.08707,0.0,0.2006,200000,220510.1318002671,20510.13180026709,1.1025506590013354
2021-12-15,2,1.3105001037165886,0.0,0.08754,0.0,0.2126,200000,220510.1318002671,20510.13180026709,1.1025506590013354
2021-12-16,2,1.4551821711936568,0.0,0.08533,0.0,0.2003,200000,220510.1318002671,20510.13180026709,1.1025506590013354
2021-12-17,1,1.0301657376847044,-1386681.7494671557,0.07951,570383.1655464746,0.1933,200000,220510.1318002671,20510.13180026709,1.1025506590013354
2021-12-18,1,0.9125831331074361,-1386681.7494671557,0.08042,570383.1655464746,0.196,200000,223312.0467392577,23312.046739257697,1.1165602336962885
2021-12-19,1,0.705779637059043,-1386681.7494671557,0.07944,570383.1655464746,0.1963,200000,222124.21357444383,22124.213574443827,1.110621067872219
2021-12-20,1,0.8498187234125979,-1386681.7494671557,0.07759,570383.1655464746,0.1871,200000,214311.327214902,14311.327214902005,1.0715566360745101
2021-12-21,1,0.32523532964882174,-1386681.7494671557,0.07884,570383.1655464746,0.1992,200000,222946.31570484827,22946.315704848268,1.1147315785242413
2021-12-22,0,-0.013287371727083384,0.0,0.07913,0.0,0.2054,200000,213081.55643235723,13081.556432357233,1.0654077821617862
2021-12-23,0,-0.5720085524169435,0.0,0.08274,0.0,0.2229,200000,213081.55643235723,13081.556432357233,1.0654077821617862
2021-12-24,0,-0.5298571845271272,0.0,0.08085,0.0,0.2147,200000,213081.55643235723,13081.556432357233,1.0654077821617862
2021-12-25,0,-0.8555886211750495,0.0,0.08153,0.0,0.2186,200000,213081.55643235723,13081.556432357233,1.0654077821617862
2021-12-26,-2,-1.7238704947335002,0.0,0.08149,0.0,0.2295,200000,213081.55643235723,13081.556432357233,1.0654077821617862
2021-12-27,-2,-1.735358252988132,0.0,0.08114,0.0,0.2294,200000,213081.55643235723,13081.556432357233,1.0654077821617862
2021-12-28,0,-0.7844055475581954,0.0,0.07713,0.0,0.2046,200000,213081.55643235723,13081.556432357233,1.0654077821617862
2021-12-29,0,0.14288641274311098,0.0,0.0765,0.0,0.1918,200000,213081.55643235723,13081.556432357233,1.0654077821617862
2021-12-30,0,-0.06952454614461771,0.0,0.07782,0.0,0.1974,200000,213081.55643235723,13081.556432357233,1.0654077821617862
2021-12-31,0,-0.04727145376593142,0.0,0.07539,0.0,0.191,200000,213081.55643235723,13081.556432357233,1.0654077821617862
2022-01-01,0,-0.35249285240377326,0.0,0.0766,0.0,0.1979,200000,213081.55643235723,13081.556432357233,1.0654077821617862
2022-01-02,0,-0.6266451281874276,0.0,0.07762,0.0,0.2048,200000,213081.55643235723,13081.556432357233,1.0654077821617862
2022-01-03,0,-0.08662678363405597,0.0,0.07705,0.0,0.1982,200000,213081.55643235723,13081.556432357233,1.0654077821617862
2022-01-04,0,0.20255900665339502,0.0,0.07592,0.0,0.193,200000,213081.55643235723,13081.556432357233,1.0654077821617862
2022-01-05,0,0.21369124566486986,0.0,0.07112,0.0,0.1817,200000,213081.55643235723,13081.556432357233,1.0654077821617862
2022-01-06,0,0.6253762148581312,0.0,0.07106,0.0,0.1789,200000,213081.55643235723,13081.556432357233,1.0654077821617862
2022-01-07,2,1.2683893690796881,0.0,0.0682,0.0,0.1675,200000,213081.55643235723,13081.556432357233,1.0654077821617862
2022-01-08,0,0.9423771419067508,0.0,0.06539,0.0,0.1628,200000,213081.55643235723,13081.556432357233,1.0654077821617862
2022-01-09,0,0.6591980551768873,0.0,0.06611,0.0,0.1672,200000,213081.55643235723,13081.556432357233,1.0654077821617862
2022-01-10,0,0.4555285939290246,0.0,0.06342,0.0,0.1617,200000,213081.55643235723,13081.556432357233,1.0654077821617862
2022-01-11,0,-0.332345333337876,0.0,0.06493,0.0,0.1706,200000,213081.55643235723,13081.556432357233,1.0654077821617862
2022-01-12,0,-0.16865813942515803,0.0,0.06806,0.0,0.1774,200000,213081.55643235723,13081.556432357233,1.0654077821617862
2022-01-13,0,0.3062820726210402,0.0,0.0662,0.0,0.1693,200000,213081.55643235723,13081.556432357233,1.0654077821617862
2022-01-14,0,-0.0013607314790605647,0.0,0.06765,0.0,0.1746,200000,213081.55643235723,13081.556432357233,1.0654077821617862
2022-01-15,0,0.07615109923494016,0.0,0.06842,0.0,0.1754,200000,213081.55643235723,13081.556432357233,1.0654077821617862
2022-01-16,0,-0.39074440673050714,0.0,0.06988,0.0,0.1801,200000,213081.55643235723,13081.556432357233,1.0654077821617862
2022-01-17,2,1.5981277611393154,0.0,0.07085,0.0,0.1754,200000,213081.55643235723,13081.556432357233,1.0654077821617862
2022-01-18,-2,-2.493475294320526,0.0,0.06846,0.0,0.1856,200000,213081.55643235723,13081.556432357233,1.0654077821617862
2022-01-19,-2,-3.1214729439398874,0.0,0.06915,0.0,0.1986,200000,213081.55643235723,13081.556432357233,1.0654077821617862
2022-01-20,0,-0.9905420549683056,0.0,0.06773,0.0,0.1809,200000,213081.55643235723,13081.556432357233,1.0654077821617862
2022-01-21,0,0.5374948287465117,0.0,0.06103,0.0,0.1545,200000,213081.55643235723,13081.556432357233,1.0654077821617862
2022-01-22,2,2.392437987247774,0.0,0.0568,0.0,0.1326,200000,213081.55643235723,13081.556432357233,1.0654077821617862
2022-01-23,1,1.1588554133615177,-1852238.842423133,0.05752,760462.3712789337,0.1401,200000,213081.55643235723,13081.556432357233,1.0654077821617862
2022-01-24,2,1.5375900629202988,0.0,0.05506,0.0,0.1311,200000,215369.2102215067,15369.210221506713,1.0768460511075335
2022-01-25,2,1.967077472614609,0.0,0.05588,0.0,0.1287,200000,215369.2102215067,15369.210221506713,1.0768460511075335
2022-01-26,-2,-2.203547870881799,0.0,0.0562,0.0,0.165,200000,215369.2102215067,15369.210221506713,1.0768460511075335
2022-01-27,-2,-2.457524871227394,0.0,0.05649,0.0,0.1776,200000,215369.2102215067,15369.210221506713,1.0768460511075335
2022-01-28,-2,-1.8970803205723124,0.0,0.05757,0.0,0.1776,200000,215369.2102215067,15369.210221506713,1.0768460511075335
2022-01-29,-1,-1.1169523259185545,1784630.5122763235,0.06034,-615692.4248756624,0.1749,200000,215369.2102215067,15369.210221506713,1.0768460511075335
2022-01-30,-2,-1.4781095750666824,0.0,0.05863,0.0,0.1793,200000,221129.97506695212,21129.975066952116,1.1056498753347606
2022-01-31,-2,-1.2863258926727723,0.0,0.05906,0.0,0.1796,200000,221129.97506695212,21129.975066952116,1.1056498753347606
