date,statusList,zscore,TRXUSDT_position,TRXUSDT_price,ADAUSDT_position,ADAUSDT_price,init,total_asset,pnl,return
2020-01-01,0,,0.0,0.01322,0.0,0.03348,200000,200000.0,0.0,1.0
2020-01-02,0,,0.0,0.01284,0.0,0.03269,200000,200000.0,0.0,1.0
2020-01-03,0,,0.0,0.01344,0.0,0.03417,200000,200000.0,0.0,1.0
2020-01-04,0,,0.0,0.01344,0.0,0.03434,200000,200000.0,0.0,1.0
2020-01-05,0,,0.0,0.01353,0.0,0.0346,200000,200000.0,0.0,1.0
2020-01-06,0,,0.0,0.01472,0.0,0.03732,200000,200000.0,0.0,1.0
2020-01-07,0,,0.0,0.01434,0.0,0.037,200000,200000.0,0.0,1.0
2020-01-08,0,,0.0,0.01402,0.0,0.03631,200000,200000.0,0.0,1.0
2020-01-09,0,,0.0,0.01398,0.0,0.03616,200000,200000.0,0.0,1.0
2020-01-10,0,,0.0,0.01469,0.0,0.03693,200000,200000.0,0.0,1.0
2020-01-11,0,,0.0,0.0146,0.0,0.03678,200000,200000.0,0.0,1.0
2020-01-12,0,,0.0,0.01503,0.0,0.03792,200000,200000.0,0.0,1.0
2020-01-13,0,,0.0,0.01464,0.0,0.03682,200000,200000.0,0.0,1.0
2020-01-14,0,,0.0,0.01677,0.0,0.04161,200000,200000.0,0.0,1.0
2020-01-15,0,,0.0,0.01729,0.0,0.04275,200000,200000.0,0.0,1.0
2020-01-16,0,,0.0,0.01734,0.0,0.04168,200000,200000.0,0.0,1.0
2020-01-17,0,,0.0,0.01758,0.0,0.0449,200000,200000.0,0.0,1.0
2020-01-18,0,,0.0,0.01766,0.0,0.04489,200000,200000.0,0.0,1.0
2020-01-19,0,,0.0,0.01665,0.0,0.042,200000,200000.0,0.0,1.0
2020-01-20,-2,-1.9801620836276812,0.0,0.01661,0.0,0.04378,200000,200000.0,0.0,1.0
2020-01-21,-2,-1.9927752397966714,0.0,0.01732,0.0,0.04602,200000,200000.0,0.0,1.0
2020-01-22,-2,-1.3222885635266048,0.0,0.01743,0.0,0.04575,200000,200000.0,0.0,1.0
2020-01-23,-2,-1.5517893136089487,0.0,0.01628,0.0,0.04318,200000,200000.0,0.0,1.0
2020-01-24,-2,-2.267760671616646,0.0,0.01639,0.0,0.04495,200000,200000.0,0.0,1.0
2020-01-25,-2,-1.3237193185508993,0.0,0.01613,0.0,0.04314,200000,200000.0,0.0,1.0
2020-01-26,-1,-1.0360241787265028,5938242.280285035,0.01684,-2233638.597274961,0.04477,200000,200000.0,0.0,1.0
2020-01-27,-2,-2.110010227210378,0.0,0.01713,0.0,0.04796,200000,205403.2168640245,5403.216864024493,1.0270160843201224
2020-01-28,-2,-2.074424939163726,0.0,0.0186,0.0,0.0529,200000,205403.2168640245,5403.216864024493,1.0270160843201224
2020-01-29,-2,-1.847623805680972,0.0,0.01866,0.0,0.05329,200000,205403.2168640245,5403.216864024493,1.0270160843201224
2020-01-30,-2,-1.7292514579838594,0.0,0.0195,0.0,0.05614,200000,205403.2168640245,5403.216864024493,1.0270160843201224
2020-01-31,-2,-1.561209105004791,0.0,0.01867,0.0,0.0539,200000,205403.2168640245,5403.216864024493,1.0270160843201224
2020-02-01,-2,-1.6332832968489406,0.0,0.01907,0.0,0.0561,200000,205403.2168640245,5403.216864024493,1.0270160843201224
2020-02-02,-2,-1.3473261242387649,0.0,0.01909,0.0,0.0557,200000,205403.2168640245,5403.216864024493,1.0270160843201224
2020-02-03,-2,-1.4340897139711644,0.0,0.0192,0.0,0.05696,200000,205403.2168640245,5403.216864024493,1.0270160843201224
2020-02-04,-1,-1.0505816934050984,5335148.489974663,0.01925,-1833629.8595253036,0.05601,200000,205403.21686402452,5403.216864024522,1.0270160843201226
2020-02-05,-1,-0.717429265839268,5335148.489974663,0.02076,-1833629.8595253036,0.05933,200000,219546.94221751025,19546.94221751025,1.0977347110875513
2020-02-06,0,0.8023231535802768,0.0,0.02271,0.0,0.06008,200000,194406.47661698016,-5593.523383019841,0.9720323830849008
2020-02-07,0,0.3654508281894992,0.0,0.02204,0.0,0.05987,200000,194406.47661698016,-5593.523383019841,0.9720323830849008
2020-02-08,0,0.1890766209332973,0.0,0.02179,0.0,0.06002,200000,194406.47661698016,-5593.523383019841,0.9720323830849008
2020-02-09,0,-0.1753949064696514,0.0,0.02206,0.0,0.06188,200000,194406.47661698016,-5593.523383019841,0.9720323830849008
2020-02-10,0,0.637890949048839,0.0,0.02216,0.0,0.06029,200000,194406.47661698016,-5593.523383019841,0.9720323830849008
2020-02-11,0,0.08937776173803733,0.0,0.02272,0.0,0.06335,200000,194406.47661698016,-5593.523383019841,0.9720323830849008
2020-02-12,0,-0.42009143186132714,0.0,0.02393,0.0,0.06817,200000,194406.47661698016,-5593.523383019841,0.9720323830849008
2020-02-13,0,-0.5876379560640421,0.0,0.02391,0.0,0.06867,200000,194406.47661698016,-5593.523383019841,0.9720323830849008
2020-02-14,2,1.4620758355293846,0.0,0.02639,0.0,0.07074,200000,194406.47661698016,-5593.523383019841,0.9720323830849008
2020-02-15,1,1.127375133232387,-4111812.1111882436,0.02364,1512655.4358619682,0.06426,200000,194406.47661698016,-5593.523383019841,0.9720323830849008
2020-02-16,1,0.5662834321380915,-4111812.1111882436,0.02223,1512655.4358619682,0.06146,200000,184373.38631979123,-15626.613680208771,0.9218669315989562
2020-02-17,1,0.5459689660775693,-4111812.1111882436,0.02179,1512655.4358619682,0.06019,200000,180643.1165873237,-19356.88341267631,0.9032155829366184
2020-02-18,1,0.3751456562059954,-4111812.1111882436,0.02262,1512655.4358619682,0.06274,200000,187913.19200105796,-12086.807998942037,0.9395659600052898
2020-02-19,0,-0.374198918963994,0.0,0.0202,0.0,0.05737,200000,190684.03890758153,-9315.961092418467,0.9534201945379077
2020-02-20,-2,-1.3182472958059737,0.0,0.0198,0.0,0.05815,200000,190684.03890758153,-9315.961092418467,0.9534201945379077
2020-02-21,-1,-1.0293529847830432,4729266.8379856525,0.02016,-1628942.7550622034,0.05853,200000,190684.03890758153,-9315.961092418467,0.9534201945379077
2020-02-22,-1,-1.1037262113637227,4729266.8379856525,0.02002,-1628942.7550622034,0.05825,200000,189565.8375788461,-10434.162421153887,0.9478291878942305
2020-02-23,-1,-0.9040191560686041,4729266.8379856525,0.02133,-1628942.7550622034,0.06145,200000,200973.79395280633,973.7939528063289,1.0048689697640316
2020-02-24,-2,-1.7526094966853307,0.0,0.01988,0.0,0.05906,200000,192871.5732824005,-7128.426717599505,0.9643578664120025
2020-02-25,-2,-1.5260007753719707,0.0,0.01891,0.0,0.05603,200000,192871.5732824005,-7128.426717599505,0.9643578664120025
2020-02-26,-2,-1.7418445131004878,0.0,0.01636,0.0,0.04915,200000,192871.5732824005,-7128.426717599505,0.9643578664120025
2020-02-27,0,-0.949816254271218,0.0,0.01701,0.0,0.04986,200000,192871.5732824005,-7128.426717599505,0.9643578664120025
2020-02-28,0,-0.1399021683878994,0.0,0.0171,0.0,0.04885,200000,192871.5732824005,-7128.426717599505,0.9643578664120025
2020-02-29,0,-0.12540335845743666,0.0,0.01648,0.0,0.0471,200000,192871.5732824005,-7128.426717599505,0.9643578664120025
2020-03-01,0,0.8441854537607261,0.0,0.01643,0.0,0.04561,200000,192871.5732824005,-7128.426717599505,0.9643578664120025
2020-03-02,0,0.5862515548929496,0.0,0.01759,0.0,0.04923,200000,192871.5732824005,-7128.426717599505,0.9643578664120025
2020-03-03,0,0.2778462018928229,0.0,0.01723,0.0,0.04866,200000,192871.5732824005,-7128.426717599505,0.9643578664120025
2020-03-04,0,0.9316482100873732,0.0,0.01774,0.0,0.04898,200000,192871.5732824005,-7128.426717599505,0.9643578664120025
2020-03-05,0,0.04132567200718588,0.0,0.01789,0.0,0.05096,200000,192871.5732824005,-7128.426717599505,0.9643578664120025
2020-03-06,0,0.46689456831052406,0.0,0.01833,0.0,0.05174,200000,192871.5732824005,-7128.426717599505,0.9643578664120025
2020-03-07,0,-0.12088004380442047,0.0,0.01699,0.0,0.04879,200000,192871.5732824005,-7128.426717599505,0.9643578664120025
2020-03-08,0,-0.8120313821905467,0.0,0.01465,0.0,0.04291,200000,192871.5732824005,-7128.426717599505,0.9643578664120025
2020-03-09,2,1.5871786124224292,0.0,0.01504,0.0,0.04156,200000,192871.5732824005,-7128.426717599505,0.9643578664120025
2020-03-10,2,1.6131300173850254,0.0,0.01508,0.0,0.04146,200000,192871.5732824005,-7128.426717599505,0.9643578664120025
2020-03-11,2,2.298900844109365,0.0,0.01489,0.0,0.03969,200000,192871.5732824005,-7128.426717599505,0.9643578664120025
2020-03-12,0,0.8907892046868602,0.0,0.00841,0.0,0.02329,200000,192871.5732824005,-7128.426717599505,0.9643578664120025
2020-03-13,0,0.8779328714631631,0.0,0.01029,0.0,0.02843,200000,192871.5732824005,-7128.426717599505,0.9643578664120025
2020-03-14,2,1.9000258357189823,0.0,0.00973,0.0,0.02582,200000,192871.5732824005,-7128.426717599505,0.9643578664120025
2020-03-15,2,1.9444799511208108,0.0,0.01026,0.0,0.02693,200000,192871.5732824005,-7128.426717599505,0.9643578664120025
2020-03-16,2,2.5160221847454043,0.0,0.00961,0.0,0.02423,200000,192871.5732824005,-7128.426717599505,0.9643578664120025
2020-03-17,2,1.813107827489177,0.0,0.01002,0.0,0.02575,200000,192871.5732824005,-7128.426717599505,0.9643578664120025
2020-03-18,2,1.7657244946307573,0.0,0.01022,0.0,0.02607,200000,192871.5732824005,-7128.426717599505,0.9643578664120025
2020-03-19,1,1.1202019623272121,-8291985.093826333,0.01163,3182699.2290825164,0.0303,200000,192871.5732824005,-7128.426717599505,0.9643578664120025
2020-03-20,1,0.9409135355371608,-8291985.093826333,0.01127,3182699.2290825164,0.02946,200000,187212.9912961937,-12787.008703806292,0.9360649564809685
2020-03-21,1,0.7647993486182794,-8291985.093826333,0.01123,3182699.2290825164,0.02948,200000,186944.9658770223,-13055.034122977697,0.9347248293851115
2020-03-22,1,0.6984394217275627,-8291985.093826333,0.0103,3182699.2290825164,0.02703,200000,171435.80662851164,-28564.193371488363,0.8571790331425582
2020-03-23,1,1.0667376279094487,-8291985.093826333,0.01137,3182699.2290825164,0.02925,200000,187373.822967469,-12626.177032531006,0.9368691148373449
2020-03-24,1,0.5108641084109448,-8291985.093826333,0.01151,3182699.2290825164,0.03023,200000,191653.74612510554,-8346.253874894464,0.9582687306255276
2020-03-25,1,0.8039394635288406,-8291985.093826333,0.01139,3182699.2290825164,0.02945,200000,188176.20251516206,-11823.797484837938,0.9408810125758104
2020-03-26,1,0.7728067115168804,-8291985.093826333,0.01196,3182699.2290825164,0.03086,200000,197390.23993164938,-2609.760068350617,0.986951199658247
2020-03-27,1,0.7992343146585703,-8291985.093826333,0.01121,3182699.2290825164,0.02882,200000,184678.5446839513,-15321.455316048698,0.9233927234197565
2020-03-28,1,0.2553932666261415,-8291985.093826333,0.01139,3182699.2290825164,0.02975,200000,189131.01228388678,-10868.987716113217,0.9456550614194339
2020-03-29,0,-0.1216794751206716,0.0,0.01066,0.0,0.02806,200000,191957.5940145338,-8042.405985466205,0.959787970072669
2020-03-30,0,0.4548596817598918,0.0,0.01145,0.0,0.02965,200000,191957.5940145338,-8042.405985466205,0.959787970072669
2020-03-31,0,-0.2862775404417852,0.0,0.01157,0.0,0.03045,200000,191957.5940145338,-8042.405985466205,0.959787970072669
2020-04-01,-2,-1.2515840171104657,0.0,0.01158,0.0,0.03097,200000,191957.5940145338,-8042.405985466205,0.959787970072669
2020-04-02,-2,-1.4945729479799905,0.0,0.01196,0.0,0.03188,200000,191957.5940145338,-8042.405985466205,0.959787970072669
2020-04-03,-2,-2.161925251607711,0.0,0.01194,0.0,0.03231,200000,191957.5940145338,-8042.405985466205,0.959787970072669
2020-04-04,-2,-1.9278488028992686,0.0,0.01197,0.0,0.03244,200000,191957.5940145338,-8042.405985466205,0.959787970072669
2020-04-05,2,1.6515311479160801,0.0,0.01257,0.0,0.0319,200000,191957.5940145338,-8042.405985466205,0.959787970072669
2020-04-06,0,0.06995941164542765,0.0,0.01375,0.0,0.03592,200000,191957.5940145338,-8042.405985466205,0.959787970072669
2020-04-07,0,-0.6675852741966477,0.0,0.0133,0.0,0.03525,200000,191957.5940145338,-8042.405985466205,0.959787970072669
2020-04-08,0,-0.49351468908178653,0.0,0.01376,0.0,0.03639,200000,191957.5940145338,-8042.405985466205,0.959787970072669
2020-04-09,-1,-1.184709875727344,7135970.037715011,0.01345,-2660903.7152000805,0.03607,200000,191957.5940145338,-8042.405985466205,0.959787970072669
2020-04-10,-1,-0.7027745191311883,7135970.037715011,0.01248,-2660903.7152000805,0.03321,200000,177425.51845247802,-22574.48154752198,0.8871275922623901
2020-04-11,-1,-0.9051505999679158,7135970.037715011,0.0125,-2660903.7152000805,0.03343,200000,178153.63667057635,-21846.36332942365,0.8907681833528818
2020-04-12,-1,-0.21504288621098944,7135970.037715011,0.01266,-2660903.7152000805,0.03347,200000,179401.82802521874,-20598.17197478126,0.8970091401260937
2020-04-13,0,0.002554081396679549,0.0,0.01257,0.0,0.03311,200000,190360.97265073078,-9639.027349269221,0.9518048632536539
2020-04-14,0,-0.4900463587822419,0.0,0.01245,0.0,0.03312,200000,190360.97265073078,-9639.027349269221,0.9518048632536539
2020-04-15,0,0.6233126321637245,0.0,0.01219,0.0,0.03185,200000,190360.97265073078,-9639.027349269221,0.9518048632536539
2020-04-16,0,-0.07917213310779782,0.0,0.01302,0.0,0.03446,200000,190360.97265073078,-9639.027349269221,0.9518048632536539
2020-04-17,0,-0.4109840525953036,0.0,0.01289,0.0,0.03432,200000,190360.97265073078,-9639.027349269221,0.9518048632536539
2020-04-18,-2,-1.737481399352162,0.0,0.01339,0.0,0.03654,200000,190360.97265073078,-9639.027349269221,0.9518048632536539
2020-04-19,-2,-1.9246160812914224,0.0,0.0129,0.0,0.03549,200000,190360.97265073078,-9639.027349269221,0.9518048632536539
2020-04-20,-2,-1.4112791283754975,0.0,0.0124,0.0,0.03391,200000,190360.97265073078,-9639.027349269221,0.9518048632536539
2020-04-21,-2,-1.7452393283502687,0.0,0.01249,0.0,0.03454,200000,190360.97265073078,-9639.027349269221,0.9518048632536539
2020-04-22,-2,-2.2057568683532853,0.0,0.01298,0.0,0.03664,200000,190360.97265073078,-9639.027349269221,0.9518048632536539
2020-04-23,-2,-3.070090381099403,0.0,0.01361,0.0,0.04088,200000,190360.97265073078,-9639.027349269221,0.9518048632536539
2020-04-24,-2,-2.358690286085146,0.0,0.01392,0.0,0.04165,200000,190360.97265073078,-9639.027349269221,0.9518048632536539
2020-04-25,-2,-2.195979124997609,0.0,0.01396,0.0,0.04222,200000,190360.97265073078,-9639.027349269221,0.9518048632536539
2020-04-26,-2,-2.596364579280788,0.0,0.01426,0.0,0.04593,200000,190360.97265073078,-9639.027349269221,0.9518048632536539
2020-04-27,-2,-2.072253571245845,0.0,0.01452,0.0,0.04648,200000,190360.97265073078,-9639.027349269221,0.9518048632536539
2020-04-28,-2,-1.302627601045665,0.0,0.01528,0.0,0.04679,200000,190360.97265073078,-9639.027349269221,0.9518048632536539
2020-04-29,-2,-1.5485174185081179,0.0,0.01624,0.0,0.05146,200000,190360.97265073078,-9639.027349269221,0.9518048632536539
2020-04-30,-2,-1.244546762714622,0.0,0.01519,0.0,0.04752,200000,190360.97265073078,-9639.027349269221,0.9518048632536539
2020-05-01,-2,-1.4180095023917805,0.0,0.01581,0.0,0.05091,200000,190360.97265073078,-9639.027349269221,0.9518048632536539
2020-05-02,0,-0.9251144308573783,0.0,0.01635,0.0,0.0509,200000,190360.97265073078,-9639.027349269221,0.9518048632536539
2020-05-03,0,-0.6508282838215729,0.0,0.01599,0.0,0.04898,200000,190360.97265073078,-9639.027349269221,0.9518048632536539
2020-05-04,0,-0.5023971987913983,0.0,0.01623,0.0,0.04942,200000,190360.97265073078,-9639.027349269221,0.9518048632536539
2020-05-05,0,-0.7059710953763597,0.0,0.0159,0.0,0.04945,200000,190360.97265073078,-9639.027349269221,0.9518048632536539
2020-05-06,0,-0.7923148294888557,0.0,0.01554,0.0,0.04889,200000,190360.97265073078,-9639.027349269221,0.9518048632536539
2020-05-07,0,-0.9572359813161058,0.0,0.01603,0.0,0.05123,200000,190360.97265073078,-9639.027349269221,0.9518048632536539
2020-05-08,0,-0.8875280579663022,0.0,0.01627,0.0,0.05201,200000,190360.97265073078,-9639.027349269221,0.9518048632536539
2020-05-09,0,-0.8257955005863837,0.0,0.01609,0.0,0.05145,200000,190360.97265073078,-9639.027349269221,0.9518048632536539
2020-05-10,-2,-1.5684966209553701,0.0,0.01426,0.0,0.04755,200000,190360.97265073078,-9639.027349269221,0.9518048632536539
2020-05-11,-2,-2.0329365761020775,0.0,0.01398,0.0,0.04779,200000,190360.97265073078,-9639.027349269221,0.9518048632536539
2020-05-12,-2,-2.2376253680359404,0.0,0.01455,0.0,0.05043,200000,190360.97265073078,-9639.027349269221,0.9518048632536539
2020-05-13,-2,-1.7484211676860375,0.0,0.01501,0.0,0.05147,200000,190360.97265073078,-9639.027349269221,0.9518048632536539
2020-05-14,-1,-1.045568781680817,6233168.718098585,0.01527,-1867016.2088145427,0.05098,200000,190360.97265073078,-9639.027349269221,0.9518048632536539
2020-05-15,-2,-1.2078424843622741,0.0,0.01488,0.0,0.05026,200000,191447.65678044275,-8552.343219557253,0.9572382839022138
2020-05-16,-2,-1.282500731479057,0.0,0.01497,0.0,0.051,200000,191447.65678044275,-8552.343219557253,0.9572382839022138
2020-05-17,-2,-1.2341567687672474,0.0,0.015,0.0,0.05129,200000,191447.65678044275,-8552.343219557253,0.9572382839022138
2020-05-18,-2,-1.717650793549438,0.0,0.01537,0.0,0.05434,200000,191447.65678044275,-8552.343219557253,0.9572382839022138
2020-05-19,-2,-1.9931981267590357,0.0,0.01553,0.0,0.05677,200000,191447.65678044275,-8552.343219557253,0.9572382839022138
2020-05-20,-2,-2.1615880674569365,0.0,0.015,0.0,0.05689,200000,191447.65678044275,-8552.343219557253,0.9572382839022138
2020-05-21,-2,-1.4509564901643475,0.0,0.01421,0.0,0.05207,200000,191447.65678044275,-8552.343219557253,0.9572382839022138
2020-05-22,-2,-1.60023253753203,0.0,0.01484,0.0,0.05576,200000,191447.65678044275,-8552.343219557253,0.9572382839022138
2020-05-23,-1,-1.166533540064191,6398651.6303623915,0.01496,-1743603.431515872,0.0549,200000,191447.65678044275,-8552.343219557253,0.9572382839022138
2020-05-24,-1,-0.842105314195824,6398651.6303623915,0.01421,-1743603.431515872,0.05125,200000,180284.515532638,-19715.484467361995,0.90142257766319
2020-05-25,-1,-0.9967792604490132,6398651.6303623915,0.01472,-1743603.431515872,0.0539,200000,188168.37695763994,-11831.623042360065,0.9408418847881996
2020-05-26,-1,-0.966539547307864,6398651.6303623915,0.01458,-1743603.431515872,0.05355,200000,186662.30452835863,-13337.695471641375,0.9333115226417932
2020-05-27,-2,-1.223755732761407,0.0,0.0147,0.0,0.05513,200000,193512.33499358562,-6487.665006414376,0.9675616749679281
2020-05-28,-2,-2.7295776563275123,0.0,0.01514,0.0,0.06502,200000,193512.33499358562,-6487.665006414376,0.9675616749679281
2020-05-29,-2,-2.349655663359065,0.0,0.015,0.0,0.06469,200000,193512.33499358562,-6487.665006414376,0.9675616749679281
2020-05-30,-2,-2.575269025956494,0.0,0.01638,0.0,0.07691,200000,193512.33499358562,-6487.665006414376,0.9675616749679281
2020-05-31,-2,-2.0950903905838794,0.0,0.01582,0.0,0.0739,200000,193512.33499358562,-6487.665006414376,0.9675616749679281
2020-06-01,-2,-1.8832406360676692,0.0,0.01707,0.0,0.08093,200000,193512.33499358562,-6487.665006414376,0.9675616749679281
2020-06-02,-2,-1.7247065368477914,0.0,0.01637,0.0,0.07872,200000,193512.33499358562,-6487.665006414376,0.9675616749679281
2020-06-03,-2,-1.8007238044148268,0.0,0.01691,0.0,0.08558,200000,193512.33499358562,-6487.665006414376,0.9675616749679281
2020-06-04,-2,-1.7810744889945282,0.0,0.01687,0.0,0.08882,200000,193512.33499358562,-6487.665006414376,0.9675616749679281
2020-06-05,-2,-1.3931324179674733,0.0,0.01685,0.0,0.08517,200000,193512.33499358562,-6487.665006414376,0.9675616749679281
2020-06-06,-2,-1.2663964157261125,0.0,0.01704,0.0,0.08614,200000,193512.33499358562,-6487.665006414376,0.9675616749679281
2020-06-07,0,-0.8137845410374973,0.0,0.0182,0.0,0.08657,200000,193512.33499358562,-6487.665006414376,0.9675616749679281
2020-06-08,0,-0.8112815121934474,0.0,0.01794,0.0,0.08648,200000,193512.33499358562,-6487.665006414376,0.9675616749679281
2020-06-09,0,-0.6128071120269443,0.0,0.01754,0.0,0.08291,200000,193512.33499358562,-6487.665006414376,0.9675616749679281
2020-06-10,0,-0.5700312221427866,0.0,0.0176,0.0,0.0836,200000,193512.33499358562,-6487.665006414376,0.9675616749679281
2020-06-11,0,-0.5466713526883146,0.0,0.01573,0.0,0.07527,200000,193512.33499358562,-6487.665006414376,0.9675616749679281
2020-06-12,0,-0.5435004557588271,0.0,0.01644,0.0,0.07948,200000,193512.33499358562,-6487.665006414376,0.9675616749679281
2020-06-13,0,-0.3107953679574869,0.0,0.01668,0.0,0.07906,200000,193512.33499358562,-6487.665006414376,0.9675616749679281
2020-06-14,0,-0.19408237219928165,0.0,0.01616,0.0,0.07642,200000,193512.33499358562,-6487.665006414376,0.9675616749679281
2020-06-15,0,-0.42495574359112415,0.0,0.01606,0.0,0.07824,200000,193512.33499358562,-6487.665006414376,0.9675616749679281
2020-06-16,0,-0.5425038554278641,0.0,0.01613,0.0,0.07925,200000,193512.33499358562,-6487.665006414376,0.9675616749679281
2020-06-17,-2,-1.44137911145393,0.0,0.01621,0.0,0.08349,200000,193512.33499358562,-6487.665006414376,0.9675616749679281
2020-06-18,-2,-1.3048028069388529,0.0,0.01602,0.0,0.08176,200000,193512.33499358562,-6487.665006414376,0.9675616749679281
2020-06-19,0,-0.8478923469868846,0.0,0.01586,0.0,0.07987,200000,193512.33499358562,-6487.665006414376,0.9675616749679281
2020-06-20,0,-0.4601966730714734,0.0,0.01597,0.0,0.07953,200000,193512.33499358562,-6487.665006414376,0.9675616749679281
2020-06-21,0,-0.2586042945715069,0.0,0.01582,0.0,0.07841,200000,193512.33499358562,-6487.665006414376,0.9675616749679281
2020-06-22,-1,-1.019668212198955,5906969.932649135,0.01638,-1158063.046041805,0.08355,200000,193512.33499358562,-6487.665006414376,0.9675616749679281
2020-06-23,-1,-0.5410312061667997,5906969.932649135,0.0165,-1158063.046041805,0.08276,200000,193306.30157913052,-6693.698420869478,0.9665315078956526
2020-06-24,-2,-1.5963347445213616,0.0,0.01593,0.0,0.08254,200000,195000.8277867755,-4999.17221322449,0.9750041389338775
2020-06-25,-2,-1.2697326978488845,0.0,0.0159,0.0,0.08167,200000,195000.8277867755,-4999.17221322449,0.9750041389338775
2020-06-26,0,-0.9578363863560867,0.0,0.01585,0.0,0.08062,200000,195000.8277867755,-4999.17221322449,0.9750041389338775
2020-06-27,0,-0.442718238128315,0.0,0.01544,0.0,0.07738,200000,195000.8277867755,-4999.17221322449,0.9750041389338775
2020-06-28,0,-0.8411154479140954,0.0,0.01577,0.0,0.08028,200000,195000.8277867755,-4999.17221322449,0.9750041389338775
2020-06-29,-2,-1.2741788283828044,0.0,0.01619,0.0,0.08392,200000,195000.8277867755,-4999.17221322449,0.9750041389338775
2020-06-30,0,-0.5242313476519966,0.0,0.01636,0.0,0.08299,200000,195000.8277867755,-4999.17221322449,0.9750041389338775
2020-07-01,-2,-3.0685107242709435,0.0,0.01686,0.0,0.09681,200000,195000.8277867755,-4999.17221322449,0.9750041389338775
2020-07-02,-2,-2.1049149535701863,0.0,0.01658,0.0,0.09291,200000,195000.8277867755,-4999.17221322449,0.9750041389338775
2020-07-03,-2,-2.338129076021069,0.0,0.01662,0.0,0.09655,200000,195000.8277867755,-4999.17221322449,0.9750041389338775
2020-07-04,-2,-2.3069529400992614,0.0,0.01682,0.0,0.10005,200000,195000.8277867755,-4999.17221322449,0.9750041389338775
2020-07-05,-2,-1.702904965917487,0.0,0.01688,0.0,0.09813,200000,195000.8277867755,-4999.17221322449,0.9750041389338775
2020-07-06,-2,-1.5532002607750857,0.0,0.01802,0.0,0.10512,200000,195000.8277867755,-4999.17221322449,0.9750041389338775
2020-07-07,-2,-2.706143724194113,0.0,0.0172,0.0,0.11764,200000,195000.8277867755,-4999.17221322449,0.9750041389338775
2020-07-08,-2,-2.501166269775247,0.0,0.01791,0.0,0.12993,200000,195000.8277867755,-4999.17221322449,0.9750041389338775
2020-07-09,-2,-1.629187630244186,0.0,0.01856,0.0,0.12403,200000,195000.8277867755,-4999.17221322449,0.9750041389338775
2020-07-10,-2,-1.3089253633916649,0.0,0.01812,0.0,0.11846,200000,195000.8277867755,-4999.17221322449,0.9750041389338775
2020-07-11,-2,-1.443077484044996,0.0,0.01837,0.0,0.12523,200000,195000.8277867755,-4999.17221322449,0.9750041389338775
2020-07-12,-2,-1.426703997091517,0.0,0.01818,0.0,0.12685,200000,195000.8277867755,-4999.17221322449,0.9750041389338775
2020-07-13,-2,-1.364725791071646,0.0,0.01756,0.0,0.12427,200000,195000.8277867755,-4999.17221322449,0.9750041389338775
2020-07-14,-2,-1.5347302005270744,0.0,0.01765,0.0,0.13256,200000,195000.8277867755,-4999.17221322449,0.9750041389338775
2020-07-15,-2,-1.3290660533554268,0.0,0.01757,0.0,0.13069,200000,195000.8277867755,-4999.17221322449,0.9750041389338775
2020-07-16,-1,-1.1422183492106905,5681842.301479473,0.01716,-773690.0007410551,0.12602,200000,195000.82778677554,-4999.172213224461,0.9750041389338777
2020-07-17,-1,-0.8742374243775384,5681842.301479473,0.01717,-773690.0007410551,0.12224,200000,192133.09800698914,-7866.9019930108625,0.9606654900349457
2020-07-18,-1,-0.7304653703819706,5681842.301479473,0.01742,-773690.0007410551,0.1227,200000,193909.45598269987,-6090.544017300126,0.9695472799134993
2020-07-19,-1,-0.6910867227503483,5681842.301479473,0.01753,-773690.0007410551,0.12402,200000,195555.72943684083,-4444.270563159167,0.9777786471842042
2020-07-20,-1,-0.3684793462678929,5681842.301479473,0.01716,-773690.0007410551,0.11771,200000,188571.46388061735,-11428.536119382654,0.9428573194030867
2020-07-21,-1,-0.4763953876047862,5681842.301479473,0.01762,-773690.0007410551,0.12321,200000,195440.4063433737,-4559.593656626297,0.9772020317168685
2020-07-22,-1,-0.25585598418890076,5681842.301479473,0.01794,-773690.0007410551,0.1238,200000,197715.07298028437,-2284.9270197156293,0.9885753649014218
2020-07-23,-1,-0.21999200179579337,5681842.301479473,0.01792,-773690.0007410551,0.12422,200000,197926.385934566,-2073.614065433998,0.98963192967283
2020-07-24,0,0.13649686912659,0.0,0.01794,0.0,0.12197,200000,187435.54628862027,-12564.453711379727,0.9371777314431013
2020-07-25,-2,-1.5049002604190376,0.0,0.01877,0.0,0.14362,200000,187435.54628862027,-12564.453711379727,0.9371777314431013
2020-07-26,-2,-2.433740201094709,0.0,0.01852,0.0,0.14849,200000,187435.54628862027,-12564.453711379727,0.9371777314431013
2020-07-27,0,-0.828098540934895,0.0,0.01872,0.0,0.13859,200000,187435.54628862027,-12564.453711379727,0.9371777314431013
2020-07-28,-2,-1.62503930587965,0.0,0.01912,0.0,0.14904,200000,187435.54628862027,-12564.453711379727,0.9371777314431013
2020-07-29,0,-0.3648656464465011,0.0,0.01915,0.0,0.13972,200000,187435.54628862027,-12564.453711379727,0.9371777314431013
2020-07-30,0,-0.38745023090470604,0.0,0.01917,0.0,0.1406,200000,187435.54628862027,-12564.453711379727,0.9371777314431013
2020-07-31,0,0.5306915845083319,0.0,0.01968,0.0,0.13878,200000,187435.54628862027,-12564.453711379727,0.9371777314431013
2020-08-01,0,0.5750763822032464,0.0,0.02046,0.0,0.1441,200000,187435.54628862027,-12564.453711379727,0.9371777314431013
2020-08-02,0,0.6584519659437571,0.0,0.01907,0.0,0.13375,200000,187435.54628862027,-12564.453711379727,0.9371777314431013
2020-08-03,0,0.9127583328809621,0.0,0.01987,0.0,0.1373,200000,187435.54628862027,-12564.453711379727,0.9371777314431013
2020-08-04,0,0.44849592594275955,0.0,0.02039,0.0,0.14335,200000,187435.54628862027,-12564.453711379727,0.9371777314431013
2020-08-05,0,0.4806109752072436,0.0,0.02031,0.0,0.14227,200000,187435.54628862027,-12564.453711379727,0.9371777314431013
2020-08-06,0,0.02613138827069115,0.0,0.02022,0.0,0.14444,200000,187435.54628862027,-12564.453711379727,0.9371777314431013
2020-08-07,0,0.5368344537643326,0.0,0.01988,0.0,0.13888,200000,187435.54628862027,-12564.453711379727,0.9371777314431013
2020-08-08,0,-0.09279553159823445,0.0,0.02046,0.0,0.14696,200000,187435.54628862027,-12564.453711379727,0.9371777314431013
2020-08-09,0,0.23357825972445687,0.0,0.02045,0.0,0.14512,200000,187435.54628862027,-12564.453711379727,0.9371777314431013
2020-08-10,2,1.4985046417100476,0.0,0.02146,0.0,0.14383,200000,187435.54628862027,-12564.453711379727,0.9371777314431013
2020-08-11,1,1.0926012529310574,-4662575.778323888,0.0201,684821.1409887478,0.13685,200000,187435.54628862027,-12564.453711379727,0.9371777314431013
2020-08-12,1,1.1640503979708559,-4662575.778323888,0.02019,684821.1409887478,0.1367,200000,187752.4549375211,-12247.545062478894,0.9387622746876055
2020-08-13,2,2.519585992398364,0.0,0.02238,0.0,0.13944,200000,196292.53230803786,-3707.4676919621415,0.9814626615401892
2020-08-14,2,3.1718713306112005,0.0,0.02471,0.0,0.13826,200000,196292.53230803786,-3707.4676919621415,0.9814626615401892
2020-08-15,2,2.716388689745616,0.0,0.02526,0.0,0.13837,200000,196292.53230803786,-3707.4676919621415,0.9814626615401892
2020-08-16,2,2.9478667172570185,0.0,0.02824,0.0,0.13882,200000,196292.53230803786,-3707.4676919621415,0.9814626615401892
2020-08-17,2,2.7210371466904557,0.0,0.03036,0.0,0.14039,200000,196292.53230803786,-3707.4676919621415,0.9814626615401892
2020-08-18,2,2.038646820630068,0.0,0.02875,0.0,0.13691,200000,196292.53230803786,-3707.4676919621415,0.9814626615401892
2020-08-19,2,1.5904592466467034,0.0,0.02648,0.0,0.12966,200000,196292.53230803786,-3707.4676919621415,0.9814626615401892
2020-08-20,2,1.4262538819967907,0.0,0.02746,0.0,0.13413,200000,196292.53230803786,-3707.4676919621415,0.9814626615401892
2020-08-21,1,1.0410071802802023,-4047268.7073822236,0.02425,796965.2144053506,0.12315,200000,196292.53230803786,-3707.4676919621415,0.9814626615401892
2020-08-22,1,1.0591054718174648,-4047268.7073822236,0.02512,796965.2144053506,0.12515,200000,201407.58651227108,1407.586512271082,1.0070379325613554
2020-08-23,1,0.9533030736036073,-4047268.7073822236,0.02435,796965.2144053506,0.12141,200000,195310.53970571078,-4689.460294289223,0.9765526985285539
2020-08-24,1,0.9397319665561834,-4047268.7073822236,0.0251,796965.2144053506,0.12361,200000,200099.31470793922,99.31470793922199,1.000496573539696
2020-08-25,1,0.8971754899476752,-4047268.7073822236,0.02299,796965.2144053506,0.11239,200000,182617.62802973468,-17382.371970265318,0.9130881401486735
2020-08-26,1,0.8975550138399426,-4047268.7073822236,0.02369,796965.2144053506,0.11435,200000,187012.7679451367,-12987.2320548633,0.9350638397256835
2020-08-27,1,1.0769845521335037,-4047268.7073822236,0.02307,796965.2144053506,0.10725,200000,178845.00832428175,-21154.99167571825,0.8942250416214087
2020-08-28,1,1.1255280000796457,-4047268.7073822236,0.02392,796965.2144053506,0.10927,200000,183895.05645865545,-16104.943541344546,0.9194752822932772
2020-08-29,1,0.8805711515089265,-4047268.7073822236,0.02491,796965.2144053506,0.11623,200000,193448.7303712251,-6551.269628774899,0.9672436518561255
2020-08-30,2,1.4115198115135796,0.0,0.02696,0.0,0.11747,200000,211787.3929228661,11787.3929228661,1.0589369646143305
2020-08-31,2,1.701962927598579,0.0,0.02917,0.0,0.12253,200000,211787.3929228661,11787.3929228661,1.0589369646143305
2020-09-01,2,2.9558836865593694,0.0,0.03466,0.0,0.12445,200000,211787.3929228661,11787.3929228661,1.0589369646143305
2020-09-02,2,2.936826773758559,0.0,0.03449,0.0,0.11489,200000,211787.3929228661,11787.3929228661,1.0589369646143305
2020-09-03,2,3.6443749284016116,0.0,0.03996,0.0,0.09446,200000,211787.3929228661,11787.3929228661,1.0589369646143305
2020-09-04,2,1.9286735859384767,0.0,0.03552,0.0,0.10156,200000,211787.3929228661,11787.3929228661,1.0589369646143305
2020-09-05,2,1.441104209998307,0.0,0.02988,0.0,0.09,200000,211787.3929228661,11787.3929228661,1.0589369646143305
2020-09-06,2,1.3865624907873317,0.0,0.03142,0.0,0.0926,200000,211787.3929228661,11787.3929228661,1.0589369646143305
2020-09-07,2,1.3422622914553517,0.0,0.03249,0.0,0.0936,200000,211787.3929228661,11787.3929228661,1.0589369646143305
2020-09-08,2,1.668538567339655,0.0,0.03518,0.0,0.09101,200000,211787.3929228661,11787.3929228661,1.0589369646143305
2020-09-09,2,1.2219951583308266,0.0,0.03397,0.0,0.09331,200000,211787.3929228661,11787.3929228661,1.0589369646143305
2020-09-10,0,0.8112830092207883,0.0,0.03299,0.0,0.09709,200000,211787.3929228661,11787.3929228661,1.0589369646143305
2020-09-11,0,0.7998330938716923,0.0,0.0335,0.0,0.09701,200000,211787.3929228661,11787.3929228661,1.0589369646143305
2020-09-12,0,0.5825622917723038,0.0,0.03272,0.0,0.09771,200000,211787.3929228661,11787.3929228661,1.0589369646143305
2020-09-13,0,0.3370475591491172,0.0,0.03065,0.0,0.09507,200000,211787.3929228661,11787.3929228661,1.0589369646143305
2020-09-14,0,0.14782730783913656,0.0,0.03039,0.0,0.09663,200000,211787.3929228661,11787.3929228661,1.0589369646143305
2020-09-15,0,-0.17148413524686773,0.0,0.02788,0.0,0.09313,200000,211787.3929228661,11787.3929228661,1.0589369646143305
2020-09-16,0,-0.44576801718333287,0.0,0.02639,0.0,0.09151,200000,211787.3929228661,11787.3929228661,1.0589369646143305
2020-09-17,0,-0.355609042931049,0.0,0.02813,0.0,0.09408,200000,211787.3929228661,11787.3929228661,1.0589369646143305
2020-09-18,0,-0.06790162904093304,0.0,0.02905,0.0,0.09093,200000,211787.3929228661,11787.3929228661,1.0589369646143305
2020-09-19,0,-0.5831512940386305,0.0,0.02768,0.0,0.09141,200000,211787.3929228661,11787.3929228661,1.0589369646143305
2020-09-20,0,-0.7978055498981994,0.0,0.02694,0.0,0.08936,200000,211787.3929228661,11787.3929228661,1.0589369646143305
2020-09-21,0,-0.577113308240704,0.0,0.0249,0.0,0.07983,200000,211787.3929228661,11787.3929228661,1.0589369646143305
2020-09-22,0,-0.7483455534788712,0.0,0.02499,0.0,0.08146,200000,211787.3929228661,11787.3929228661,1.0589369646143305
2020-09-23,0,-0.08241789147792111,0.0,0.02486,0.0,0.07663,200000,211787.3929228661,11787.3929228661,1.0589369646143305
2020-09-24,0,-0.28207693031789877,0.0,0.02625,0.0,0.08254,200000,211787.3929228661,11787.3929228661,1.0589369646143305
2020-09-25,-2,-1.61436127902913,0.0,0.02714,0.0,0.09693,200000,211787.3929228661,11787.3929228661,1.0589369646143305
2020-09-26,-2,-1.2835627381575154,0.0,0.02718,0.0,0.09547,200000,211787.3929228661,11787.3929228661,1.0589369646143305
2020-09-27,-2,-1.8123118475114157,0.0,0.02659,0.0,0.1013,200000,211787.3929228661,11787.3929228661,1.0589369646143305
2020-09-28,-2,-1.7992580346208358,0.0,0.02625,0.0,0.1003,200000,211787.3929228661,11787.3929228661,1.0589369646143305
2020-09-29,-2,-1.7407896970137913,0.0,0.0263,0.0,0.1011,200000,211787.3929228661,11787.3929228661,1.0589369646143305
2020-09-30,-2,-1.6122919413742178,0.0,0.02621,0.0,0.10136,200000,211787.3929228661,11787.3929228661,1.0589369646143305
2020-10-01,-2,-1.3274938322708758,0.0,0.02581,0.0,0.09804,200000,211787.3929228661,11787.3929228661,1.0589369646143305
2020-10-02,0,-0.6119035037888039,0.0,0.0259,0.0,0.09286,200000,211787.3929228661,11787.3929228661,1.0589369646143305
2020-10-03,0,0.00534922193556855,0.0,0.02719,0.0,0.09328,200000,211787.3929228661,11787.3929228661,1.0589369646143305
2020-10-04,0,-0.7605829559251145,0.0,0.02644,0.0,0.09686,200000,211787.3929228661,11787.3929228661,1.0589369646143305
2020-10-05,0,-0.7604060560320967,0.0,0.02643,0.0,0.09738,200000,211787.3929228661,11787.3929228661,1.0589369646143305
2020-10-06,0,-0.5520938990865902,0.0,0.02556,0.0,0.09289,200000,211787.3929228661,11787.3929228661,1.0589369646143305
2020-10-07,0,-0.627318788491913,0.0,0.02551,0.0,0.09374,200000,211787.3929228661,11787.3929228661,1.0589369646143305
2020-10-08,0,-0.7805681478552273,0.0,0.02572,0.0,0.09632,200000,211787.3929228661,11787.3929228661,1.0589369646143305
2020-10-09,-1,-1.0388067208023015,4030974.360922461,0.02627,-1045450.6512136741,0.10129,200000,211787.3929228661,11787.3929228661,1.0589369646143305
2020-10-10,-2,-1.2499244359531119,0.0,0.02644,0.0,0.10493,200000,214907.56765192703,14907.567651927035,1.0745378382596351
2020-10-11,-2,-1.2558664600873415,0.0,0.02656,0.0,0.10648,200000,214907.56765192703,14907.567651927035,1.0745378382596351
2020-10-12,-2,-1.2341612983366526,0.0,0.02709,0.0,0.10945,200000,214907.56765192703,14907.567651927035,1.0745378382596351
2020-10-13,-2,-1.361738937840851,0.0,0.0268,0.0,0.10925,200000,214907.56765192703,14907.567651927035,1.0745378382596351
2020-10-14,-1,-1.164813316720648,4015462.773765453,0.02676,-1003959.4863679671,0.10703,200000,214907.56765192703,14907.567651927035,1.0745378382596351
2020-10-15,-1,-1.149727505372436,4015462.773765453,0.02652,-1003959.4863679671,0.10666,200000,213572.3915762672,13572.391576267197,1.067861957881336
2020-10-16,-1,-1.177265571822808,4015462.773765453,0.02572,-1003959.4863679671,0.10414,200000,207830.04345160752,7830.043451607518,1.0391502172580376
2020-10-17,-2,-1.3521449060989712,0.0,0.02574,0.0,0.10598,200000,217949.18222048145,17949.182220481453,1.0897459111024073
2020-10-18,-2,-1.303851154293091,0.0,0.02594,0.0,0.10735,200000,217949.18222048145,17949.182220481453,1.0897459111024073
2020-10-19,-2,-1.3786951939382428,0.0,0.02589,0.0,0.10859,200000,217949.18222048145,17949.182220481453,1.0897459111024073
2020-10-20,0,-0.3537905179884996,0.0,0.02592,0.0,0.10238,200000,217949.18222048145,17949.182220481453,1.0897459111024073
2020-10-21,0,-0.4034031879311947,0.0,0.02667,0.0,0.10589,200000,217949.18222048145,17949.182220481453,1.0897459111024073
2020-10-22,0,-0.8210316046588073,0.0,0.02708,0.0,0.11077,200000,217949.18222048145,17949.182220481453,1.0897459111024073
2020-10-23,0,-0.593020375908326,0.0,0.02669,0.0,0.10805,200000,217949.18222048145,17949.182220481453,1.0897459111024073
2020-10-24,0,-0.19955772456164866,0.0,0.02706,0.0,0.10797,200000,217949.18222048145,17949.182220481453,1.0897459111024073
2020-10-25,0,0.18747841885253982,0.0,0.02699,0.0,0.10639,200000,217949.18222048145,17949.182220481453,1.0897459111024073
2020-10-26,1,1.0240018380334566,-4073816.4901024573,0.02675,1057389.7837205583,0.10306,200000,217949.18222048145,17949.182220481453,1.0897459111024073
2020-10-27,2,1.7485417908112615,0.0,0.02701,0.0,0.10256,200000,219537.06939976837,19537.06939976837,1.097685346998842
2020-10-28,2,2.6926791699938852,0.0,0.02688,0.0,0.09869,200000,219537.06939976837,19537.06939976837,1.097685346998842
2020-10-29,2,2.6824498390365163,0.0,0.02655,0.0,0.09531,200000,219537.06939976837,19537.06939976837,1.097685346998842
2020-10-30,2,1.9181021788875245,0.0,0.0256,0.0,0.0933,200000,219537.06939976837,19537.06939976837,1.097685346998842
2020-10-31,2,1.8345631111933671,0.0,0.02576,0.0,0.093,200000,219537.06939976837,19537.06939976837,1.097685346998842
2020-11-01,0,0.5546757366703945,0.0,0.02574,0.0,0.09827,200000,219537.06939976837,19537.06939976837,1.097685346998842
2020-11-02,0,0.7375434945815924,0.0,0.02445,0.0,0.09221,200000,219537.06939976837,19537.06939976837,1.097685346998842
2020-11-03,0,0.354672024051346,0.0,0.02442,0.0,0.09357,200000,219537.06939976837,19537.06939976837,1.097685346998842
2020-11-04,0,-0.28577709024835873,0.0,0.0242,0.0,0.0955,200000,219537.06939976837,19537.06939976837,1.097685346998842
2020-11-05,0,-0.13972742582075454,0.0,0.02493,0.0,0.09752,200000,219537.06939976837,19537.06939976837,1.097685346998842
2020-11-06,-2,-1.431434067768767,0.0,0.02616,0.0,0.1091,200000,219537.06939976837,19537.06939976837,1.097685346998842
2020-11-07,0,-0.9980943876357388,0.0,0.02486,0.0,0.10128,200000,219537.06939976837,19537.06939976837,1.097685346998842
2020-11-08,-2,-1.623609075905599,0.0,0.02535,0.0,0.10655,200000,219537.06939976837,19537.06939976837,1.097685346998842
2020-11-09,-2,-1.6722189848017375,0.0,0.02479,0.0,0.10561,200000,219537.06939976837,19537.06939976837,1.097685346998842
2020-11-10,-2,-1.5227015819920775,0.0,0.02483,0.0,0.1059,200000,219537.06939976837,19537.06939976837,1.097685346998842
2020-11-11,-2,-1.3540095273079416,0.0,0.02498,0.0,0.10599,200000,219537.06939976837,19537.06939976837,1.097685346998842
2020-11-12,-1,-1.1260716037474348,4408374.88754555,0.0249,-1049412.377627956,0.1046,200000,219537.0693997684,19537.0693997684,1.097685346998842
2020-11-13,-1,-0.9975273582667116,4408374.88754555,0.0254,-1049412.377627956,0.10629,200000,223514.7637617324,23514.763761732407,1.1175738188086621
2020-11-14,-1,-0.7837552211334183,4408374.88754555,0.02513,-1049412.377627956,0.10411,200000,220036.78355886618,20036.783558866184,1.100183917794331
2020-11-15,0,-0.06052505224492731,0.0,0.02533,0.0,0.10046,200000,213296.90095474408,13296.90095474408,1.0664845047737204
2020-11-16,0,-0.4448568777218905,0.0,0.02549,0.0,0.10387,200000,213296.90095474408,13296.90095474408,1.0664845047737204
2020-11-17,0,-0.5938994375197,0.0,0.02649,0.0,0.10947,200000,213296.90095474408,13296.90095474408,1.0664845047737204
2020-11-18,0,0.1519511044729401,0.0,0.02678,0.0,0.10658,200000,213296.90095474408,13296.90095474408,1.0664845047737204
2020-11-19,0,-0.34575156914780736,0.0,0.02581,0.0,0.1059,200000,213296.90095474408,13296.90095474408,1.0664845047737204
2020-11-20,-2,-2.1003337584869453,0.0,0.02629,0.0,0.11828,200000,213296.90095474408,13296.90095474408,1.0664845047737204
2020-11-21,-2,-1.3312644230401847,0.0,0.03057,0.0,0.13334,200000,213296.90095474408,13296.90095474408,1.0664845047737204
2020-11-22,-2,-3.131928085873638,0.0,0.02875,0.0,0.14599,200000,213296.90095474408,13296.90095474408,1.0664845047737204
2020-11-23,-2,-2.1365733822763344,0.0,0.03174,0.0,0.15445,200000,213296.90095474408,13296.90095474408,1.0664845047737204
2020-11-24,-2,-1.5782744112264953,0.0,0.03523,0.0,0.16721,200000,213296.90095474408,13296.90095474408,1.0664845047737204
2020-11-25,-2,-1.2647829625198566,0.0,0.03304,0.0,0.15473,200000,213296.90095474408,13296.90095474408,1.0664845047737204
2020-11-26,-1,-1.1978238962897585,3625032.3071846375,0.02942,-770414.2922587014,0.13843,200000,213296.90095474408,13296.90095474408,1.0664845047737204
2020-11-27,-2,-1.365074661552109,0.0,0.02938,0.0,0.14178,200000,216022.7901260981,16022.790126098087,1.0801139506304904
2020-11-28,-2,-2.2083644312085555,0.0,0.03047,0.0,0.16489,200000,216022.7901260981,16022.790126098087,1.0801139506304904
2020-11-29,-2,-1.8887869719104442,0.0,0.03072,0.0,0.16663,200000,216022.7901260981,16022.790126098087,1.0801139506304904
2020-11-30,-2,-1.5086466042091808,0.0,0.03236,0.0,0.17204,200000,216022.7901260981,16022.790126098087,1.0801139506304904
2020-12-01,-1,-1.1129061540117633,3571805.3922965955,0.03024,-694071.4243866408,0.15562,200000,216022.7901260981,16022.790126098087,1.0801139506304904
2020-12-02,-1,-0.9115722731802177,3571805.3922965955,0.03118,-694071.4243866408,0.15845,200000,221344.50932587107,21344.50932587107,1.1067225466293553
2020-12-03,-1,-0.9683492835310858,3571805.3922965955,0.03166,-694071.4243866408,0.16398,200000,226897.19089103158,26897.190891031583,1.134485954455158
2020-12-04,-1,-0.6240398304906338,3571805.3922965955,0.02947,-694071.4243866408,0.14781,200000,207851.80214957002,7851.802149570023,1.03925901074785
2020-12-05,-1,-0.9073509526038621,3571805.3922965955,0.03056,-694071.4243866408,0.15993,200000,220157.2156907394,20157.215690739395,1.100786078453697
2020-12-06,-1,-0.6622838228140923,3571805.3922965955,0.03091,-694071.4243866408,0.15873,200000,220574.46186877927,20574.461868779268,1.1028723093438964
2020-12-07,-1,-0.49052949013405434,3571805.3922965955,0.03029,-694071.4243866408,0.15401,200000,215083.92540245043,15083.925402450433,1.0754196270122522
2020-12-08,-1,-0.3617958407233545,3571805.3922965955,0.0279,-694071.4243866408,0.1412,200000,197656.2555684687,-2343.7444315312896,0.9882812778423435
2020-12-09,-1,-0.5533352252526751,3571805.3922965955,0.0287,-694071.4243866408,0.14796,200000,205205.62271115967,5205.622711159667,1.0260281135557983
2020-12-10,0,-0.11964137728915428,0.0,0.02811,0.0,0.14188,200000,214094.1942406174,14094.194240617391,1.0704709712030869
2020-12-11,0,0.1836851190008178,0.0,0.02778,0.0,0.13926,200000,214094.1942406174,14094.194240617391,1.0704709712030869
2020-12-12,0,-0.028885758350962434,0.0,0.02855,0.0,0.14438,200000,214094.1942406174,14094.194240617391,1.0704709712030869
2020-12-13,0,-0.9053075513582833,0.0,0.02921,0.0,0.15406,200000,214094.1942406174,14094.194240617391,1.0704709712030869
2020-12-14,-2,-1.5106782342739133,0.0,0.0291,0.0,0.15877,200000,214094.1942406174,14094.194240617391,1.0704709712030869
2020-12-15,0,-0.6761520772495244,0.0,0.02918,0.0,0.15381,200000,214094.1942406174,14094.194240617391,1.0704709712030869
2020-12-16,-1,-1.0333693252267504,3403723.2788651413,0.03145,-636654.556442897,0.16814,200000,214094.1942406174,14094.194240617391,1.0704709712030869
2020-12-17,-1,-0.8262701015628174,3403723.2788651413,0.03072,-636654.556442897,0.16336,200000,208566.26746724878,8566.267467248777,1.042831337336244
2020-12-18,-1,-0.8282069398045597,3403723.2788651413,0.03109,-636654.556442897,0.16502,200000,210882.4916441241,10882.491644124093,1.0544124582206205
2020-12-19,-1,-0.5867893546368135,3403723.2788651413,0.03124,-636654.556442897,0.16433,200000,210953.7584920083,10953.758492008288,1.0547687924600415
2020-12-20,0,-0.08524584757976132,0.0,0.03122,0.0,0.16201,200000,210974.3581637614,10974.358163761412,1.054871790818807
2020-12-21,0,-0.3143584394398244,0.0,0.02926,0.0,0.15278,200000,210974.3581637614,10974.358163761412,1.054871790818807
2020-12-22,-2,-1.6365783604847277,0.0,0.02885,0.0,0.15646,200000,210974.3581637614,10974.358163761412,1.054871790818807
2020-12-23,-2,-1.8384891218840422,0.0,0.0248,0.0,0.13635,200000,210974.3581637614,10974.358163761412,1.054871790818807
2020-12-24,-2,-1.7762704803144562,0.0,0.02769,0.0,0.15304,200000,210974.3581637614,10974.358163761412,1.054871790818807
2020-12-25,-2,-1.5465637957518528,0.0,0.02854,0.0,0.15761,200000,210974.3581637614,10974.358163761412,1.054871790818807
2020-12-26,-2,-2.055939025686853,0.0,0.0278,0.0,0.15839,200000,210974.3581637614,10974.358163761412,1.054871790818807
2020-12-27,0,-0.32259172498825217,0.0,0.02889,0.0,0.15467,200000,210974.3581637614,10974.358163761412,1.054871790818807
2020-12-28,-2,-2.526712392945556,0.0,0.02959,0.0,0.17627,200000,210974.3581637614,10974.358163761412,1.054871790818807
2020-12-29,-2,-3.304551750869916,0.0,0.02767,0.0,0.19067,200000,210974.3581637614,10974.358163761412,1.054871790818807
2020-12-30,-2,-2.490910307415534,0.0,0.02695,0.0,0.18389,200000,210974.3581637614,10974.358163761412,1.054871790818807
2020-12-31,-2,-2.042513728941379,0.0,0.02677,0.0,0.18134,200000,210974.3581637614,10974.358163761412,1.054871790818807
2021-01-01,-2,-1.4944913517392493,0.0,0.02685,0.0,0.17509,200000,210974.3581637614,10974.358163761412,1.054871790818807
2021-01-02,-2,-1.332530603245005,0.0,0.02721,0.0,0.17742,200000,210974.3581637614,10974.358163761412,1.054871790818807
2021-01-03,-2,-1.685835082565618,0.0,0.02949,0.0,0.20615,200000,210974.3581637614,10974.358163761412,1.054871790818807
2021-01-04,-2,-1.7299287385015611,0.0,0.03095,0.0,0.22528,200000,210974.3581637614,10974.358163761412,1.054871790818807
2021-01-05,-2,-2.4398084368202304,0.0,0.02852,0.0,0.25873,200000,210974.3581637614,10974.358163761412,1.054871790818807
2021-01-06,-2,-2.5068011960667613,0.0,0.03046,0.0,0.33309,200000,210974.3581637614,10974.358163761412,1.054871790818807
2021-01-07,-2,-1.7953396089855218,0.0,0.03095,0.0,0.29928,200000,210974.3581637614,10974.358163761412,1.054871790818807
2021-01-08,-2,-1.6684454944765303,0.0,0.0304,0.0,0.30389,200000,210974.3581637614,10974.358163761412,1.054871790818807
2021-01-09,-2,-1.431992823444246,0.0,0.03382,0.0,0.33062,200000,210974.3581637614,10974.358163761412,1.054871790818807
2021-01-10,-1,-1.126027082515285,3220982.5673856703,0.03275,-349839.74756037776,0.30153,200000,210974.3581637614,10974.358163761412,1.054871790818807
2021-01-11,-1,-1.1201963316758412,3220982.5673856703,0.02897,-349839.74756037776,0.2757,200000,189762.68337955902,-10237.316620440979,0.9488134168977951
2021-01-12,-1,-1.1827407496560791,3220982.5673856703,0.02865,-349839.74756037776,0.28888,200000,193342.8568308414,-6657.143169158604,0.966714284154207
2021-01-13,-1,-1.0950613310274222,3220982.5673856703,0.03079,-349839.74756037776,0.3123,200000,208429.00641291076,8429.006412910763,1.0421450320645538
2021-01-14,-1,-1.0637157958951562,3220982.5673856703,0.03014,-349839.74756037776,0.31201,200000,206233.9142173176,6233.914217317593,1.031169571086588
2021-01-15,-1,-0.9175429839632767,3220982.5673856703,0.02972,-349839.74756037776,0.30188,200000,201337.22489622896,1337.2248962289596,1.0066861244811447
2021-01-16,-2,-1.3086551769429002,0.0,0.03008,0.0,0.35071,200000,236779.50040370057,36779.50040370057,1.1838975020185027
2021-01-17,-2,-1.4498483202905323,0.0,0.0302,0.0,0.38081,200000,236779.50040370057,36779.50040370057,1.1838975020185027
2021-01-18,-1,-1.0981876824069345,3741774.6587184034,0.03164,-318912.1304901282,0.37123,200000,236779.50040370057,36779.50040370057,1.1838975020185027
2021-01-19,-1,-1.0691072585856807,3741774.6587184034,0.03063,-318912.1304901282,0.3672,200000,231715.09211251978,31715.09211251978,1.1585754605625989
2021-01-20,-1,-1.070671574070247,3741774.6587184034,0.03046,-318912.1304901282,0.37532,200000,233668.55692011747,33668.556920117466,1.1683427846005874
2021-01-21,-1,-0.6341829694647894,3741774.6587184034,0.02762,-318912.1304901282,0.30785,200000,201524.91544518826,1524.9154451882641,1.0076245772259413
2021-01-22,-1,-1.009487601541235,3741774.6587184034,0.02857,-318912.1304901282,0.34867,200000,218097.59453757777,18097.594537577766,1.0904879726878889
2021-01-23,-1,-0.8435988436526051,3741774.6587184034,0.02925,-318912.1304901282,0.34583,200000,219736.29085491435,19736.290854914347,1.0986814542745718
2021-01-24,-1,-0.8777401239273376,3741774.6587184034,0.02999,-318912.1304901282,0.35345,200000,224935.31453670072,24935.314536700724,1.1246765726835035
2021-01-25,-1,-0.69122978656458,3741774.6587184034,0.02949,-318912.1304901282,0.34308,200000,219757.30841415888,19757.308414158877,1.0987865420707943
2021-01-26,-1,-0.6590252993083793,3741774.6587184034,0.02949,-318912.1304901282,0.3433,200000,219827.4690828667,19827.469082866708,1.0991373454143336
2021-01-27,0,-0.08141900921192963,0.0,0.02823,0.0,0.31144,200000,230471.19570792554,30471.195707925537,1.1523559785396276
2021-01-28,0,-0.54940421029013,0.0,0.02955,0.0,0.34409,200000,230471.19570792554,30471.195707925537,1.1523559785396276
2021-01-29,0,0.6727788561049488,0.0,0.03335,0.0,0.34752,200000,230471.19570792554,30471.195707925537,1.1523559785396276
2021-01-30,0,-0.13607826220946065,0.0,0.03216,0.0,0.364,200000,230471.19570792554,30471.195707925537,1.1523559785396276
2021-01-31,0,0.4594815475684622,0.0,0.03154,0.0,0.34475,200000,230471.19570792554,30471.195707925537,1.1523559785396276
2021-02-01,-2,-1.2049557028171063,0.0,0.03295,0.0,0.40876,200000,230471.19570792554,30471.195707925537,1.1523559785396276
2021-02-02,-2,-1.5180343280740372,0.0,0.03317,0.0,0.42498,200000,230471.19570792554,30471.195707925537,1.1523559785396276
2021-02-03,-2,-1.3916889232822147,0.0,0.03452,0.0,0.44189,200000,230471.19570792554,30471.195707925537,1.1523559785396276
2021-02-04,-2,-1.8161545435793849,0.0,0.0331,0.0,0.43934,200000,230471.19570792554,30471.195707925537,1.1523559785396276
2021-02-05,-2,-2.5715360025284824,0.0,0.03624,0.0,0.53917,200000,230471.19570792554,30471.195707925537,1.1523559785396276
2021-02-06,-2,-3.0235166336124473,0.0,0.03507,0.0,0.63444,200000,230471.19570792554,30471.195707925537,1.1523559785396276
2021-02-07,-2,-2.42659721043539,0.0,0.03597,0.0,0.66109,200000,230471.19570792554,30471.195707925537,1.1523559785396276
2021-02-08,-2,-1.6821164320641524,0.0,0.04042,0.0,0.67638,200000,230471.19570792554,30471.195707925537,1.1523559785396276
2021-02-09,-1,-1.1096539223855446,2500772.522872456,0.04608,-163311.12759553693,0.70562,200000,230471.19570792554,30471.195707925537,1.1523559785396276
2021-02-10,-2,-2.020726840248729,0.0,0.04629,0.0,0.93966,200000,268167.36978058185,68167.36978058185,1.3408368489029092
2021-02-11,-1,-1.0432453927941086,2360212.724701477,0.05681,-144492.95755236316,0.92796,200000,268167.36978058185,68167.36978058185,1.3408368489029092
2021-02-12,-1,-1.0433460482049959,2360212.724701477,0.05515,-144492.95755236316,0.92426,200000,263714.79271463363,63714.79271463363,1.3185739635731681
2021-02-13,-1,-0.5624679810478163,2360212.724701477,0.05995,-144492.95755236316,0.91299,200000,273415.3781615856,73415.3781615856,1.367076890807928
2021-02-14,-1,-0.5145785735464379,2360212.724701477,0.05519,-144492.95755236316,0.84364,200000,252160.1789857502,52160.178985750186,1.2608008949287508
2021-02-15,-1,-0.8796488954019607,2360212.724701477,0.05079,-144492.95755236316,0.86143,200000,244345.77271192023,44345.77271192023,1.221728863559601
2021-02-16,-1,-0.7395803100280517,2360212.724701477,0.05202,-144492.95755236316,0.87,200000,248487.1390095268,48487.139009526814,1.242435695047634
2021-02-17,-1,-0.7231587959639684,2360212.724701477,0.05256,-144492.95755236316,0.89206,200000,252949.16852447073,52949.16852447073,1.2647458426223537
2021-02-18,-1,-0.5693981794200965,2360212.724701477,0.05492,-144492.95755236316,0.91442,200000,261750.13308563706,61750.13308563706,1.3087506654281853
2021-02-19,0,0.00865990497429465,0.0,0.06073,0.0,0.92581,200000,258604.67604101446,58604.67604101446,1.2930233802050723
2021-02-20,-2,-1.3340484768369771,0.0,0.05773,0.0,1.11568,200000,258604.67604101446,58604.67604101446,1.2930233802050723
2021-02-21,-1,-1.0115345626972805,2178640.9102023123,0.05935,-117660.9624005926,1.09894,200000,258604.67604101446,58604.67604101446,1.2930233802050723
2021-02-22,-2,-1.4773251374521092,0.0,0.05425,0.0,1.09703,200000,269491.01224486117,69491.01224486117,1.3474550612243057
2021-02-23,-2,-1.7468884892346546,0.0,0.04501,0.0,0.96197,200000,269491.01224486117,69491.01224486117,1.3474550612243057
2021-02-24,-2,-1.804792354470721,0.0,0.048,0.0,1.04902,200000,269491.01224486117,69491.01224486117,1.3474550612243057
2021-02-25,-2,-2.0374526850996064,0.0,0.0452,0.0,1.07691,200000,269491.01224486117,69491.01224486117,1.3474550612243057
2021-02-26,-2,-2.2781107098557736,0.0,0.04517,0.0,1.24303,200000,269491.01224486117,69491.01224486117,1.3474550612243057
2021-02-27,-2,-2.0072404878590104,0.0,0.04652,0.0,1.31402,200000,269491.01224486117,69491.01224486117,1.3474550612243057
2021-02-28,-2,-1.7788158047009324,0.0,0.04562,0.0,1.31203,200000,269491.01224486117,69491.01224486117,1.3474550612243057
2021-03-01,-2,-1.4089935507884437,0.0,0.04784,0.0,1.29627,200000,269491.01224486117,69491.01224486117,1.3474550612243057
2021-03-02,-1,-1.1776541869683836,2874877.450873279,0.04687,-110194.2313726125,1.2228,200000,269491.01224486117,69491.01224486117,1.3474550612243057
2021-03-03,-1,-0.9081136501194551,2874877.450873279,0.04883,-110194.2313726125,1.21311,200000,274057.98994657217,74057.98994657217,1.370289949732861
2021-03-04,-1,-0.3124204880390513,2874877.450873279,0.05142,-110194.2313726125,1.11239,200000,270405.15956048446,70405.15956048446,1.3520257978024224
2021-03-05,-1,-0.5068434188473955,2874877.450873279,0.05019,-110194.2313726125,1.15908,200000,272014.02895869757,72014.02895869757,1.3600701447934878
2021-03-06,-1,-0.3196808371241362,2874877.450873279,0.05015,-110194.2313726125,1.129,200000,268584.39138097444,68584.39138097444,1.3429219569048723
2021-03-07,0,-0.11315902092805313,0.0,0.05173,0.0,1.13042,200000,245339.36473941506,45339.36473941506,1.2266968236970752
2021-03-08,0,0.14902219024328758,0.0,0.05307,0.0,1.11848,200000,245339.36473941506,45339.36473941506,1.2266968236970752
2021-03-09,0,-0.12611272045383146,0.0,0.0532,0.0,1.1972,200000,245339.36473941506,45339.36473941506,1.2266968236970752
2021-03-10,0,0.09438230011831061,0.0,0.05142,0.0,1.13261,200000,245339.36473941506,45339.36473941506,1.2266968236970752
2021-03-11,0,0.3904720626415277,0.0,0.05151,0.0,1.1243,200000,245339.36473941506,45339.36473941506,1.2266968236970752
2021-03-12,0,0.9460400518277602,0.0,0.04997,0.0,1.03207,200000,245339.36473941506,45339.36473941506,1.2266968236970752
2021-03-13,1,1.0401507133431722,-2318459.315246788,0.05291,111517.89306337047,1.1,200000,245339.36473941506,45339.36473941506,1.2266968236970752
2021-03-14,1,1.1531522093493503,-2318459.315246788,0.05105,111517.89306337047,1.05243,200000,235722.1242400315,35722.124240031495,1.1786106212001575
2021-03-15,2,1.2365763762238904,0.0,0.05069,0.0,1.03103,200000,247883.77414414787,47883.77414414787,1.2394188707207394
2021-03-16,0,-0.2609112999925863,0.0,0.05237,0.0,1.24924,200000,247883.77414414787,47883.77414414787,1.2394188707207394
2021-03-17,0,-0.6789504506428143,0.0,0.05483,0.0,1.377,200000,247883.77414414787,47883.77414414787,1.2394188707207394
2021-03-18,0,-0.008014801282905307,0.0,0.05329,0.0,1.22925,200000,247883.77414414787,47883.77414414787,1.2394188707207394
2021-03-19,0,0.3426583828061725,0.0,0.05862,0.0,1.29474,200000,247883.77414414787,47883.77414414787,1.2394188707207394
2021-03-20,2,1.6178962749864125,0.0,0.0609,0.0,1.20046,200000,247883.77414414787,47883.77414414787,1.2394188707207394
2021-03-21,2,2.112483656722462,0.0,0.06337,0.0,1.18561,200000,247883.77414414787,47883.77414414787,1.2394188707207394
2021-03-22,2,1.982173555038437,0.0,0.05927,0.0,1.1015,200000,247883.77414414787,47883.77414414787,1.2394188707207394
2021-03-23,2,1.472510725973531,0.0,0.05852,0.0,1.11639,200000,247883.77414414787,47883.77414414787,1.2394188707207394
2021-03-24,2,1.2489867018557494,0.0,0.05568,0.0,1.06902,200000,247883.77414414787,47883.77414414787,1.2394188707207394
2021-03-25,0,0.7519100060448479,0.0,0.05528,0.0,1.0956,200000,247883.77414414787,47883.77414414787,1.2394188707207394
2021-03-26,2,1.312392052106059,0.0,0.06464,0.0,1.2142,200000,247883.77414414787,47883.77414414787,1.2394188707207394
2021-03-27,2,1.3494329383950505,0.0,0.0636,0.0,1.17678,200000,247883.77414414787,47883.77414414787,1.2394188707207394
2021-03-28,1,1.102520914963879,-1948159.1806361827,0.06362,104167.72738296559,1.18983,200000,247883.77414414787,47883.77414414787,1.2394188707207394
2021-03-29,1,1.0758201096076725,-1948159.1806361827,0.06475,104167.72738296559,1.20239,200000,251393.54067419685,51393.54067419685,1.2569677033709843
2021-03-30,1,1.093663539998298,-1948159.1806361827,0.06598,104167.72738296559,1.21189,200000,254779.3698765175,54779.36987651751,1.2738968493825875
2021-03-31,2,3.5037301461415518,0.0,0.09296,0.0,1.19191,200000,304826.09563105693,104826.09563105693,1.5241304781552847
2021-04-01,2,2.214903522502315,0.0,0.08543,0.0,1.18377,200000,304826.09563105693,104826.09563105693,1.5241304781552847
2021-04-02,2,2.2630767932274387,0.0,0.09232,0.0,1.18998,200000,304826.09563105693,104826.09563105693,1.5241304781552847
2021-04-03,2,2.4640800587379887,0.0,0.10143,0.0,1.16238,200000,304826.09563105693,104826.09563105693,1.5241304781552847
2021-04-04,2,2.8671778399708456,0.0,0.12761,0.0,1.18206,200000,304826.09563105693,104826.09563105693,1.5241304781552847
2021-04-05,2,2.460533555012193,0.0,0.13655,0.0,1.2118,200000,304826.09563105693,104826.09563105693,1.5241304781552847
2021-04-06,2,1.5847727739302278,0.0,0.12401,0.0,1.252,200000,304826.09563105693,104826.09563105693,1.5241304781552847
2021-04-07,2,1.2185011402906314,0.0,0.11045,0.0,1.17359,200000,304826.09563105693,104826.09563105693,1.5241304781552847
2021-04-08,2,1.3856151079323704,0.0,0.12349,0.0,1.21926,200000,304826.09563105693,104826.09563105693,1.5241304781552847
2021-04-09,1,1.0514791383788071,-1315720.3713357085,0.11584,126798.4857160327,1.20201,200000,304826.09563105693,104826.09563105693,1.5241304781552847
2021-04-10,2,1.2398250176333092,0.0,0.1263,0.0,1.21747,200000,316628.2261260585,116628.2261260585,1.5831411306302925
2021-04-11,0,0.8410236431323397,0.0,0.12214,0.0,1.26355,200000,316628.2261260585,116628.2261260585,1.5831411306302925
2021-04-12,0,0.8108041745208127,0.0,0.12874,0.0,1.31431,200000,316628.2261260585,116628.2261260585,1.5831411306302925
2021-04-13,0,0.9621831049987515,0.0,0.14622,0.0,1.41246,200000,316628.2261260585,116628.2261260585,1.5831411306302925
2021-04-14,0,0.5789740973643589,0.0,0.1404,0.0,1.45092,200000,316628.2261260585,116628.2261260585,1.5831411306302925
2021-04-15,1,1.1607047503123622,-964095.4452410282,0.16421,107099.25115886162,1.4782,200000,316628.2261260585,116628.2261260585,1.5831411306302925
2021-04-16,2,1.2103729055395254,0.0,0.16091,0.0,1.40989,200000,320762.66100342496,120762.66100342496,1.6038133050171248
2021-04-17,1,1.1092986215912752,-1032387.064703653,0.15535,117236.10071615363,1.36802,200000,320762.66100342496,120762.66100342496,1.6038133050171248
2021-04-18,1,0.9811567729768562,-1032387.064703653,0.14302,117236.10071615363,1.27693,200000,297354.29208139447,97354.29208139447,1.4867714604069724
2021-04-19,1,0.7635878331326523,-1032387.064703653,0.12993,117236.10071615363,1.1945,200000,274176.5736223911,74176.5736223911,1.3708828681119556
2021-04-20,1,0.3690362834147375,-1032387.064703653,0.13279,117236.10071615363,1.26689,200000,285615.92195828597,85615.92195828597,1.42807960979143
2021-04-21,0,-0.009974098003344511,0.0,0.12273,0.0,1.20358,200000,306364.4993545561,106364.49935455609,1.5318224967727805
2021-04-22,0,-0.9063702258147057,0.0,0.11001,0.0,1.144,200000,306364.4993545561,106364.49935455609,1.5318224967727805
2021-04-23,-2,-1.3228202808144887,0.0,0.10915,0.0,1.15866,200000,306364.4993545561,106364.49935455609,1.5318224967727805
2021-04-24,-2,-1.3433849445182067,0.0,0.10249,0.0,1.10287,200000,306364.4993545561,106364.49935455609,1.5318224967727805
2021-04-25,-1,-1.1846029434034213,1505328.7114512385,0.10176,-140366.76411369749,1.0913,200000,306364.4993545561,106364.49935455609,1.5318224967727805
2021-04-26,-1,-0.9155567964833717,1505328.7114512385,0.11732,-140366.76411369749,1.2375,200000,350309.03501815995,150309.03501815995,1.7515451750907998
2021-04-27,-1,-0.7192220104016762,1505328.7114512385,0.12594,-140366.76411369749,1.3063,200000,372942.20188189205,172942.20188189205,1.86471100940946
2021-04-28,-2,-1.2581614862663004,0.0,0.12266,0.0,1.3379,200000,309517.57331566303,109517.57331566303,1.5475878665783152
2021-04-29,-1,-1.0605312243655138,1276571.6956020086,0.12123,-118471.09137091902,1.3063,200000,309517.57331566303,109517.57331566303,1.5475878665783152
2021-04-30,-1,-0.3743222694711143,1276571.6956020086,0.13223,-118471.09137091902,1.3532,200000,329116.1561525812,129116.15615258121,1.6455807807629061
2021-05-01,-1,-0.4700409140662122,1276571.6956020086,0.13112,-118471.09137091902,1.3516,200000,327509.6078242695,127509.60782426951,1.6375480391213475
2021-05-02,-1,-0.5658182993823845,1276571.6956020086,0.12759,-118471.09137091902,1.3267,200000,320053.37956365856,120053.37956365856,1.6002668978182928
2021-05-03,-1,-0.463362581106032,1276571.6956020086,0.13159,-118471.09137091902,1.3622,200000,329365.3900897342,129365.39008973422,1.6468269504486712
2021-05-04,-1,-0.7944483039934377,1276571.6956020086,0.11917,-118471.09137091902,1.2698,200000,302563.64078768436,102563.64078768436,1.512818203938422
2021-05-05,0,-0.05031828030855357,0.0,0.14654,0.0,1.4798,200000,297762.27805283066,97762.27805283066,1.4888113902641533
2021-05-06,0,-0.9193572783486758,0.0,0.15216,0.0,1.6491,200000,297762.27805283066,97762.27805283066,1.4888113902641533
2021-05-07,-2,-1.3437734258300922,0.0,0.14763,0.0,1.653,200000,297762.27805283066,97762.27805283066,1.4888113902641533
2021-05-08,-2,-1.5535487739023222,0.0,0.14301,0.0,1.6211,200000,297762.27805283066,97762.27805283066,1.4888113902641533
2021-05-09,-2,-2.6898129216990996,0.0,0.14295,0.0,1.7663,200000,297762.27805283066,97762.27805283066,1.4888113902641533
2021-05-10,-2,-2.724184032222871,0.0,0.12716,0.0,1.6423,200000,297762.27805283066,97762.27805283066,1.4888113902641533
2021-05-11,-2,-2.1231543503590307,0.0,0.13893,0.0,1.7632,200000,297762.27805283066,97762.27805283066,1.4888113902641533
2021-05-12,-2,-2.123043083230612,0.0,0.11918,0.0,1.5694,200000,297762.27805283066,97762.27805283066,1.4888113902641533
2021-05-13,-2,-2.8117892843576,0.0,0.12159,0.0,1.9296,200000,297762.27805283066,97762.27805283066,1.4888113902641533
2021-05-14,-2,-2.308861001093374,0.0,0.12473,0.0,2.0069,200000,297762.27805283066,97762.27805283066,1.4888113902641533
2021-05-15,-2,-2.3132186074184573,0.0,0.12059,0.0,2.1744,200000,297762.27805283066,97762.27805283066,1.4888113902641533
2021-05-16,-2,-2.117639304231932,0.0,0.11964,0.0,2.3002,200000,297762.27805283066,97762.27805283066,1.4888113902641533
2021-05-17,-2,-1.6430681369408342,0.0,0.11279,0.0,2.0307,200000,297762.27805283066,97762.27805283066,1.4888113902641533
2021-05-18,-2,-1.3270473390358133,0.0,0.11627,0.0,2.0036,200000,297762.27805283066,97762.27805283066,1.4888113902641533
2021-05-19,-2,-1.4071247772841002,0.0,0.07881,0.0,1.4663,200000,297762.27805283066,97762.27805283066,1.4888113902641533
2021-05-20,-2,-1.4681012862885778,0.0,0.08928,0.0,1.8006,200000,297762.27805283066,97762.27805283066,1.4888113902641533
2021-05-21,-2,-1.2885710093768983,0.0,0.0779,0.0,1.5493,200000,297762.27805283066,97762.27805283066,1.4888113902641533
2021-05-22,-1,-1.108730205759427,1976123.4274809572,0.07534,-101771.23455220132,1.4629,200000,297762.27805283066,97762.27805283066,1.4888113902641533
2021-05-23,-2,-1.2000865155378937,0.0,0.06285,0.0,1.3139,200000,307280.14571378985,107280.14571378985,1.5364007285689492
2021-05-24,-1,-1.0010191934181623,1996362.6930469715,0.07696,-99122.62764960963,1.55,200000,307280.14571378985,107280.14571378985,1.5364007285689492
2021-05-25,-1,-0.9345497818908389,1996362.6930469715,0.07714,-99122.62764960963,1.5532,200000,307956.68340701703,107956.68340701703,1.539783417035085
2021-05-26,-1,-1.0499019707659687,1996362.6930469715,0.08312,-99122.62764960963,1.7791,200000,342286.7338974847,142286.73389748472,1.7114336694874237
2021-05-27,-1,-0.8931239598163486,1996362.6930469715,0.07949,-99122.62764960963,1.6552,200000,322758.64375593764,122758.64375593764,1.6137932187796882
2021-05-28,-1,-0.877195639675032,1996362.6930469715,0.07204,-99122.62764960963,1.5133,200000,293820.2408292581,93820.24082925811,1.4691012041462905
2021-05-29,-1,-0.6902899924554026,1996362.6930469715,0.06877,-99122.62764960963,1.4029,200000,276348.99673047755,76348.99673047755,1.3817449836523878
2021-05-30,-1,-0.9612771679904919,1996362.6930469715,0.07196,-99122.62764960963,1.5751,200000,299786.31020256015,99786.31020256015,1.4989315510128007
2021-05-31,-1,-1.1495860214273104,1996362.6930469715,0.07679,-99122.62764960963,1.7373,200000,325506.43221474375,125506.43221474375,1.6275321610737188
2021-06-01,-2,-1.3604835873825858,0.0,0.07614,0.0,1.7363,200000,327383.70865321055,127383.70865321055,1.6369185432660527
2021-06-02,-1,-1.196134617884276,2097537.856568494,0.07804,-93356.82350097255,1.7534,200000,327383.70865321055,127383.70865321055,1.6369185432660527
2021-06-03,-1,-1.1841042727648734,2097537.856568494,0.08223,-93356.82350097255,1.8453,200000,344751.8843519719,144751.8843519719,1.7237594217598595
2021-06-04,-1,-0.9453447433313248,2097537.856568494,0.07714,-93356.82350097255,1.7077,200000,321229.5177483044,121229.51774830441,1.6061475887415222
2021-06-05,-1,-0.7484280094789341,2097537.856568494,0.07552,-93356.82350097255,1.6551,200000,312920.9375045123,112920.93750451232,1.5646046875225617
2021-06-06,-1,-0.5324860322600733,2097537.856568494,0.07745,-93356.82350097255,1.6771,200000,319023.03568471095,119023.03568471095,1.5951151784235549
2021-06-07,-1,-0.6196331008006639,2097537.856568494,0.0717,-93356.82350097255,1.5659,200000,296580.9142361339,96580.91423613392,1.4829045711806697
2021-06-08,-1,-0.5629725571380162,2097537.856568494,0.07242,-93356.82350097255,1.5819,200000,299584.8506688788,99584.85066887882,1.4979242533443942
2021-06-09,-1,-0.27460494497702376,2097537.856568494,0.07536,-93356.82350097255,1.6279,200000,310046.0258482349,110046.02584823489,1.5502301292411744
2021-06-10,0,0.28849479496911146,0.0,0.07257,0.0,1.5328,200000,318262.72546432563,118262.72546432563,1.5913136273216282
2021-06-11,0,0.8841428385220642,0.0,0.06919,0.0,1.4371,200000,318262.72546432563,118262.72546432563,1.5913136273216282
2021-06-12,0,-0.2774965363758712,0.0,0.06804,0.0,1.4789,200000,318262.72546432563,118262.72546432563,1.5913136273216282
2021-06-13,0,-0.22379996687555892,0.0,0.07153,0.0,1.5566,200000,318262.72546432563,118262.72546432563,1.5913136273216282
2021-06-14,0,-0.3123421662776174,0.0,0.07203,0.0,1.5769,200000,318262.72546432563,118262.72546432563,1.5913136273216282
2021-06-15,0,0.03748789721718021,0.0,0.07174,0.0,1.5552,200000,318262.72546432563,118262.72546432563,1.5913136273216282
2021-06-16,0,0.3327848324670094,0.0,0.06895,0.0,1.4851,200000,318262.72546432563,118262.72546432563,1.5913136273216282
2021-06-17,2,2.463835211358605,0.0,0.0739,0.0,1.4826,200000,318262.72546432563,118262.72546432563,1.5913136273216282
2021-06-18,2,1.9866864441742396,0.0,0.06962,0.0,1.4163,200000,318262.72546432563,118262.72546432563,1.5913136273216282
2021-06-19,2,1.7995251544136377,0.0,0.06827,0.0,1.3839,200000,318262.72546432563,118262.72546432563,1.5913136273216282
2021-06-20,0,0.6079980367427743,0.0,0.06768,0.0,1.4263,200000,318262.72546432563,118262.72546432563,1.5913136273216282
2021-06-21,0,-0.6354497874678672,0.0,0.05351,0.0,1.174,200000,318262.72546432563,118262.72546432563,1.5913136273216282
2021-06-22,-2,-1.551469792463189,0.0,0.05103,0.0,1.1567,200000,318262.72546432563,118262.72546432563,1.5913136273216282
2021-06-23,0,-0.19219173279741245,0.0,0.05797,0.0,1.2512,200000,318262.72546432563,118262.72546432563,1.5913136273216282
2021-06-24,1,1.199390493023272,-2407069.471065842,0.06611,116973.95084692944,1.3604,200000,318262.72546432563,118262.72546432563,1.5913136273216282
2021-06-25,2,1.3274096074970039,0.0,0.06139,0.0,1.2521,200000,319569.63643761736,119569.63643761736,1.5978481821880868
2021-06-26,2,1.738766893070512,0.0,0.06274,0.0,1.2521,200000,319569.63643761736,119569.63643761736,1.5978481821880868
2021-06-27,0,0.672967860930802,0.0,0.06479,0.0,1.338,200000,319569.63643761736,119569.63643761736,1.5978481821880868
2021-06-28,1,1.0560786878974318,-2446185.2146174014,0.06532,120501.37120573806,1.326,200000,319569.63643761736,119569.63643761736,1.5978481821880868
2021-06-29,1,1.0676702984385886,-2446185.2146174014,0.06793,120501.37120573806,1.373,200000,331617.74429443845,131617.74429443845,1.6580887214721922
2021-06-30,1,0.8851590735270521,-2446185.2146174014,0.06828,120501.37120573806,1.3853,200000,333956.0759853851,133956.0759853851,1.6697803799269255
2021-07-01,1,0.485616576972396,-2446185.2146174014,0.06471,120501.37120573806,1.3313,200000,318716.12072409113,118716.12072409113,1.5935806036204556
2021-07-02,0,-0.05293687446322453,0.0,0.06657,0.0,1.3946,200000,314360.97389117547,114360.97389117547,1.5718048694558773
2021-07-03,0,-0.19303773538345276,0.0,0.06683,0.0,1.4045,200000,314360.97389117547,114360.97389117547,1.5718048694558773
2021-07-04,-1,-1.1099246444101947,2333439.533040198,0.06736,-107547.37389366249,1.4615,200000,314360.97389117547,114360.97389117547,1.5718048694558773
2021-07-05,-1,-1.1921174463937367,2333439.533040198,0.06448,-107547.37389366249,1.4039,200000,301445.9392997447,101445.93929974473,1.5072296964987237
2021-07-06,-1,-1.1883961371813836,2333439.533040198,0.06494,-107547.37389366249,1.4157,200000,303788.3804968884,103788.38049688842,1.5189419024844422
2021-07-07,-1,-1.104081174272591,2333439.533040198,0.06433,-107547.37389366249,1.404,200000,301106.6781071781,101106.67810717807,1.5055333905358903
2021-07-08,-1,-0.895162649610873,2333439.533040198,0.06106,-107547.37389366249,1.327,200000,285195.1830443246,85195.18304432463,1.4259759152216231
2021-07-09,-1,-0.7867756180908079,2333439.533040198,0.06219,-107547.37389366249,1.3504,200000,290348.57826577174,90348.57826577174,1.4517428913288586
2021-07-10,-1,-0.7696722692732546,2333439.533040198,0.06142,-107547.37389366249,1.3356,200000,286960.1286917046,86960.1286917046,1.434800643458523
2021-07-11,-1,-0.8604359404078071,2333439.533040198,0.06184,-107547.37389366249,1.3485,200000,289327.5344188097,89327.5344188097,1.4466376720940484
2021-07-12,-1,-1.0581702638114294,2333439.533040198,0.06004,-107547.37389366249,1.3126,200000,281266.39253655483,81266.39253655483,1.4063319626827742
2021-07-13,-1,-0.3159104209129665,2333439.533040198,0.05937,-107547.37389366249,1.265,200000,274583.73305207957,74583.73305207957,1.3729186652603977
2021-07-14,0,0.02626280179490307,0.0,0.05989,0.0,1.2635,200000,310497.3871720406,110497.38717204059,1.552486935860203
2021-07-15,0,-0.05629944191567683,0.0,0.05784,0.0,1.2258,200000,310497.3871720406,110497.38717204059,1.552486935860203
2021-07-16,0,0.2815507777062559,0.0,0.05562,0.0,1.1708,200000,310497.3871720406,110497.38717204059,1.552486935860203
2021-07-17,0,0.5055475541553308,0.0,0.05597,0.0,1.1721,200000,310497.3871720406,110497.38717204059,1.552486935860203
2021-07-18,0,0.27956026880548535,0.0,0.05592,0.0,1.1813,200000,310497.3871720406,110497.38717204059,1.552486935860203
2021-07-19,0,0.675511735491654,0.0,0.05345,0.0,1.1225,200000,310497.3871720406,110497.38717204059,1.552486935860203
2021-07-20,1,1.1290440547584613,-3077278.3664226024,0.05045,147308.7518607271,1.0539,200000,310497.3871720406,110497.38717204059,1.552486935860203
2021-07-21,0,-0.8562420831385219,0.0,0.05388,0.0,1.1711,200000,303787.86625079287,103787.86625079287,1.5189393312539643
2021-07-22,0,-0.0618753350484095,0.0,0.05526,0.0,1.1856,200000,303787.86625079287,103787.86625079287,1.5189393312539643
2021-07-23,0,-0.3001851216820931,0.0,0.056,0.0,1.2077,200000,303787.86625079287,103787.86625079287,1.5189393312539643
2021-07-24,0,-0.20867240484018856,0.0,0.05727,0.0,1.2327,200000,303787.86625079287,103787.86625079287,1.5189393312539643
2021-07-25,0,0.6274660486401982,0.0,0.05791,0.0,1.2284,200000,303787.86625079287,103787.86625079287,1.5189393312539643
2021-07-26,0,-0.22841107661755913,0.0,0.05842,0.0,1.2551,200000,303787.86625079287,103787.86625079287,1.5189393312539643
2021-07-27,0,0.37126756539119204,0.0,0.06019,0.0,1.2799,200000,303787.86625079287,103787.86625079287,1.5189393312539643
2021-07-28,0,0.4741223451541079,0.0,0.0607,0.0,1.2875,200000,303787.86625079287,103787.86625079287,1.5189393312539643
2021-07-29,2,1.6774881816075033,0.0,0.06185,0.0,1.2856,200000,303787.86625079287,103787.86625079287,1.5189393312539643
2021-07-30,2,1.667245454246279,0.0,0.06325,0.0,1.3108,200000,303787.86625079287,103787.86625079287,1.5189393312539643
2021-07-31,2,1.7720530527989624,0.0,0.06396,0.0,1.3193,200000,303787.86625079287,103787.86625079287,1.5189393312539643
2021-08-01,1,1.1711446316929148,-2403385.0178069053,0.0632,115579.00861771149,1.3142,200000,303787.86625079287,103787.86625079287,1.5189393312539643
2021-08-02,2,2.4148419670599837,0.0,0.06463,0.0,1.3083,200000,307906.62297710124,107906.62297710124,1.5395331148855063
2021-08-03,0,-0.7567978562481537,0.0,0.06403,0.0,1.3696,200000,307906.62297710124,107906.62297710124,1.5395331148855063
2021-08-04,2,1.6302757847422602,0.0,0.06737,0.0,1.3765,200000,307906.62297710124,107906.62297710124,1.5395331148855063
2021-08-05,2,2.6045583107695043,0.0,0.07013,0.0,1.3859,200000,307906.62297710124,107906.62297710124,1.5395331148855063
2021-08-06,2,2.4870628773428893,0.0,0.07196,0.0,1.4025,200000,307906.62297710124,107906.62297710124,1.5395331148855063
2021-08-07,2,1.9671029886707754,0.0,0.07527,0.0,1.4727,200000,307906.62297710124,107906.62297710124,1.5395331148855063
2021-08-08,2,1.3849701178017357,0.0,0.07192,0.0,1.4255,200000,307906.62297710124,107906.62297710124,1.5395331148855063
2021-08-09,1,1.0996548974619615,-2081856.8152609954,0.07395,104410.51982946804,1.4745,200000,307906.62297710124,107906.62297710124,1.5395331148855063
2021-08-10,0,-1.9792018566129912,0.0,0.07464,0.0,1.678,200000,288095.5633943346,88095.56339433457,1.440477816971673
2021-08-11,0,-0.8867101237693763,0.0,0.08341,0.0,1.7934,200000,288095.5633943346,88095.56339433457,1.440477816971673
2021-08-12,-1,-1.172626920606007,1711797.7622955113,0.08415,-78611.53770856105,1.8324,200000,288095.5633943346,88095.56339433457,1.440477816971673
2021-08-13,-2,-2.5922623906207587,0.0,0.08951,0.0,2.1386,200000,302991.180234792,102991.180234792,1.51495590117396
2021-08-14,-2,-2.0138816096931818,0.0,0.09264,0.0,2.1878,200000,302991.180234792,102991.180234792,1.51495590117396
2021-08-15,-2,-1.6133104172684298,0.0,0.09295,0.0,2.1667,200000,302991.180234792,102991.180234792,1.51495590117396
2021-08-16,-2,-1.3821036994955112,0.0,0.08936,0.0,2.0714,200000,302991.180234792,102991.180234792,1.51495590117396
2021-08-17,0,-0.9475256997901742,0.0,0.08509,0.0,1.9239,200000,302991.180234792,102991.180234792,1.51495590117396
2021-08-18,-2,-1.9078200289418779,0.0,0.08456,0.0,2.1043,200000,302991.180234792,102991.180234792,1.51495590117396
2021-08-19,-2,-2.4054839432889668,0.0,0.08825,0.0,2.4411,200000,302991.180234792,102991.180234792,1.51495590117396
2021-08-20,-2,-1.8875735520017793,0.0,0.09059,0.0,2.4557,200000,302991.180234792,102991.180234792,1.51495590117396
2021-08-21,-2,-1.760941541043888,0.0,0.08799,0.0,2.4341,200000,302991.180234792,102991.180234792,1.51495590117396
2021-08-22,-2,-2.0693086574507937,0.0,0.08795,0.0,2.7049,200000,302991.180234792,102991.180234792,1.51495590117396
2021-08-23,-2,-1.982578299558917,0.0,0.08987,0.0,2.9152,200000,302991.180234792,102991.180234792,1.51495590117396
2021-08-24,-2,-1.6866895661503172,0.0,0.08457,0.0,2.7187,200000,302991.180234792,102991.180234792,1.51495590117396
2021-08-25,-2,-1.3981729445243065,0.0,0.08758,0.0,2.739,200000,302991.180234792,102991.180234792,1.51495590117396
2021-08-26,-1,-1.1605706738719939,1824588.5838539803,0.08303,-59927.053052767405,2.528,200000,302991.180234792,102991.180234792,1.51495590117396
2021-08-27,-2,-1.4510147728726168,0.0,0.08828,0.0,2.946,200000,318461.59834561544,118461.59834561544,1.5923079917280771
2021-08-28,-1,-1.1933420307422162,1803497.5554740936,0.08829,-55929.32882782147,2.847,200000,318461.59834561544,118461.59834561544,1.5923079917280771
2021-08-29,-1,-1.111711983589258,1803497.5554740936,0.08847,-55929.32882782147,2.851,200000,319009.94522091205,119009.94522091205,1.5950497261045602
2021-08-30,-1,-0.9335120460212919,1803497.5554740936,0.08616,-55929.32882782147,2.734,200000,308300.1343949118,108300.13439491182,1.5415006719745592
2021-08-31,-1,-0.7609431033783581,1803497.5554740936,0.08875,-55929.32882782147,2.767,200000,314816.86091490777,114816.86091490777,1.574084304574539
2021-09-01,-1,-0.4958655979208215,1803497.5554740936,0.095,-55929.32882782147,2.869,200000,331793.5121770587,131793.51217705873,1.6589675608852936
2021-09-02,-1,-0.32454899442572777,1803497.5554740936,0.09953,-55929.32882782147,2.96,200000,345052.9250266881,145052.92502668808,1.7252646251334405
2021-09-03,0,-0.1152720022713629,0.0,0.10161,0.0,2.966,200000,301094.60103721125,101094.60103721125,1.5054730051860563
2021-09-04,0,0.3509993420758675,0.0,0.10146,0.0,2.83,200000,301094.60103721125,101094.60103721125,1.5054730051860563
2021-09-05,0,0.5844846384155576,0.0,0.10519,0.0,2.91,200000,301094.60103721125,101094.60103721125,1.5054730051860563
2021-09-06,1,1.0865618670125214,-1450219.637015756,0.10381,53140.593194001274,2.833,200000,301094.60103721125,101094.60103721125,1.5054730051860563
2021-09-07,1,0.25926313361764575,-1450219.637015756,0.08539,53140.593194001274,2.514,200000,257429.7060944946,57429.70609449461,1.287148530472473
2021-09-08,2,1.7340984961660515,0.0,0.09272,0.0,2.47,200000,304301.7005921289,104301.70059212891,1.5215085029606445
2021-09-09,2,1.4787307841221071,0.0,0.09303,0.0,2.518,200000,304301.7005921289,104301.70059212891,1.5215085029606445
2021-09-10,2,1.8038269921469463,0.0,0.09075,0.0,2.383,200000,304301.7005921289,104301.70059212891,1.5215085029606445
2021-09-11,0,0.9674248446645656,0.0,0.09555,0.0,2.638,200000,304301.7005921289,104301.70059212891,1.5215085029606445
2021-09-12,2,2.7946027655062746,0.0,0.11241,0.0,2.581,200000,304301.7005921289,104301.70059212891,1.5215085029606445
2021-09-13,2,2.2669015312277803,0.0,0.10462,0.0,2.402,200000,304301.7005921289,104301.70059212891,1.5215085029606445
2021-09-14,2,2.7616221721794463,0.0,0.11822,0.0,2.396,200000,304301.7005921289,104301.70059212891,1.5215085029606445
2021-09-15,2,2.084418109933736,0.0,0.12069,0.0,2.505,200000,304301.7005921289,104301.70059212891,1.5215085029606445
2021-09-16,2,1.7829071175337385,0.0,0.11594,0.0,2.417,200000,304301.7005921289,104301.70059212891,1.5215085029606445
2021-09-17,1,1.1340853757297082,-1442871.9800480271,0.10545,64745.04267917636,2.35,200000,304301.7005921289,104301.70059212891,1.5215085029606445
2021-09-18,1,0.9948039567265486,-1442871.9800480271,0.10586,64745.04267917636,2.371,200000,306252.9240002113,106252.9240002113,1.5312646200010565
2021-09-19,1,1.0257061060238388,-1442871.9800480271,0.10369,64745.04267917636,2.283,200000,297424.3280477396,97424.32804773957,1.4871216402386978
2021-09-20,1,0.6901161754828966,-1442871.9800480271,0.0914,64745.04267917636,2.079,200000,266483.4427063973,66483.44270639733,1.3324172135319867
2021-09-21,1,0.6980113813943511,-1442871.9800480271,0.08826,64745.04267917636,1.986,200000,255931.53571988313,55931.53571988313,1.2796576785994156
2021-09-22,1,0.4947758465456188,-1442871.9800480271,0.09876,64745.04267917636,2.257,200000,288627.59807644424,88627.59807644424,1.4431379903822212
2021-09-23,1,0.20090245162982612,-1442871.9800480271,0.09923,64745.04267917636,2.327,200000,293837.9008946091,93837.9008946091,1.4691895044730456
2021-09-24,0,-0.3068626937878671,0.0,0.09226,0.0,2.277,200000,289996.60729087534,89996.60729087534,1.4499830364543767
2021-09-25,0,-0.6151352582933305,0.0,0.09055,0.0,2.3,200000,289996.60729087534,89996.60729087534,1.4499830364543767
2021-09-26,0,-0.5876692864833274,0.0,0.08769,0.0,2.207,200000,289996.60729087534,89996.60729087534,1.4499830364543767
2021-09-27,0,-0.5715296787300317,0.0,0.08599,0.0,2.13,200000,289996.60729087534,89996.60729087534,1.4499830364543767
2021-09-28,0,-0.5311993947597385,0.0,0.08305,0.0,2.037,200000,289996.60729087534,89996.60729087534,1.4499830364543767
2021-09-29,0,-0.4130352086486005,0.0,0.08581,0.0,2.066,200000,289996.60729087534,89996.60729087534,1.4499830364543767
2021-09-30,0,-0.27045276042474653,0.0,0.08943,0.0,2.115,200000,289996.60729087534,89996.60729087534,1.4499830364543767
2021-10-01,0,-0.5066019897695367,0.0,0.09481,0.0,2.256,200000,289996.60729087534,89996.60729087534,1.4499830364543767
2021-10-02,0,-0.6308101692135807,0.0,0.09338,0.0,2.247,200000,289996.60729087534,89996.60729087534,1.4499830364543767
2021-10-03,0,-0.3867484035829212,0.0,0.09494,0.0,2.251,200000,289996.60729087534,89996.60729087534,1.4499830364543767
2021-10-04,0,-0.10800046375120108,0.0,0.09351,0.0,2.191,200000,289996.60729087534,89996.60729087534,1.4499830364543767
2021-10-05,0,0.17857716351755448,0.0,0.09618,0.0,2.233,200000,289996.60729087534,89996.60729087534,1.4499830364543767
2021-10-06,0,0.4425038962641902,0.0,0.09549,0.0,2.209,200000,289996.60729087534,89996.60729087534,1.4499830364543767
2021-10-07,0,-0.23850360468586965,0.0,0.09547,0.0,2.278,200000,289996.60729087534,89996.60729087534,1.4499830364543767
2021-10-08,0,0.8896588528011131,0.0,0.09771,0.0,2.237,200000,289996.60729087534,89996.60729087534,1.4499830364543767
2021-10-09,2,1.98793752073036,0.0,0.10306,0.0,2.268,200000,289996.60729087534,89996.60729087534,1.4499830364543767
2021-10-10,2,1.3687970686297004,0.0,0.09747,0.0,2.189,200000,289996.60729087534,89996.60729087534,1.4499830364543767
2021-10-11,2,1.4558769207193265,0.0,0.09707,0.0,2.171,200000,289996.60729087534,89996.60729087534,1.4499830364543767
2021-10-12,2,1.5600041705551435,0.0,0.09549,0.0,2.118,200000,289996.60729087534,89996.60729087534,1.4499830364543767
2021-10-13,2,1.234564664500483,0.0,0.09793,0.0,2.19,200000,289996.60729087534,89996.60729087534,1.4499830364543767
2021-10-14,1,1.1526849104850854,-1490372.1209316237,0.09729,66757.9666875864,2.172,200000,289996.60729087534,89996.60729087534,1.4499830364543767
2021-10-15,1,0.8980821079394109,-1490372.1209316237,0.09861,66757.9666875864,2.218,200000,295034.76495813404,95034.76495813404,1.4751738247906703
2021-10-16,2,1.307681305939081,0.0,0.09871,0.0,2.179,200000,291645.6299357852,91645.6299357852,1.458228149678926
2021-10-17,2,1.46199498524402,0.0,0.0987,0.0,2.158,200000,291645.6299357852,91645.6299357852,1.458228149678926
2021-10-18,2,1.5585237993335423,0.0,0.0981,0.0,2.128,200000,291645.6299357852,91645.6299357852,1.458228149678926
2021-10-19,2,2.1827539061367616,0.0,0.10055,0.0,2.11,200000,291645.6299357852,91645.6299357852,1.458228149678926
2021-10-20,2,1.6436999504728922,0.0,0.10324,0.0,2.19,200000,291645.6299357852,91645.6299357852,1.458228149678926
2021-10-21,2,1.2070708827902494,0.0,0.09958,0.0,2.137,200000,291645.6299357852,91645.6299357852,1.458228149678926
2021-10-22,0,0.9543511002886446,0.0,0.09982,0.0,2.156,200000,291645.6299357852,91645.6299357852,1.458228149678926
2021-10-23,0,0.9770769092602802,0.0,0.10066,0.0,2.166,200000,291645.6299357852,91645.6299357852,1.458228149678926
2021-10-24,1,1.0674519171213117,-1471026.0765448664,0.09913,68784.3466829682,2.12,200000,291645.6299357852,91645.6299357852,1.458228149678926
2021-10-25,1,1.115968530152016,-1471026.0765448664,0.10074,68784.3466829682,2.144,200000,295664.8062394137,95664.80623941368,1.4783240311970685
2021-10-26,2,1.231308936397065,0.0,0.10112,0.0,2.137,200000,293403.637934499,93403.63793449901,1.467018189672495
2021-10-27,2,1.3223126835119339,0.0,0.09064,0.0,1.912,200000,293403.637934499,93403.63793449901,1.467018189672495
2021-10-28,2,1.644128324565748,0.0,0.09527,0.0,1.987,200000,293403.637934499,93403.63793449901,1.467018189672495
2021-10-29,2,2.334327683153293,0.0,0.0996,0.0,2.015,200000,293403.637934499,93403.63793449901,1.467018189672495
2021-10-30,2,2.891908863043078,0.0,0.10111,0.0,1.955,200000,293403.637934499,93403.63793449901,1.467018189672495
2021-10-31,2,2.320638046542074,0.0,0.10152,0.0,1.964,200000,293403.637934499,93403.63793449901,1.467018189672495
2021-11-01,2,1.9161228923974414,0.0,0.10048,0.0,1.949,200000,293403.637934499,93403.63793449901,1.467018189672495
2021-11-02,2,2.534412411449718,0.0,0.10748,0.0,1.971,200000,293403.637934499,93403.63793449901,1.467018189672495
2021-11-03,1,1.1973629064424567,-1385678.841666662,0.10587,71110.91564093529,2.063,200000,293403.637934499,93403.63793449901,1.467018189672495
2021-11-04,2,1.3455119899884247,0.0,0.10329,0.0,1.983,200000,295517.45977427386,95517.45977427386,1.4775872988713692
2021-11-05,2,1.2532910085039808,0.0,0.10346,0.0,1.982,200000,295517.45977427386,95517.45977427386,1.4775872988713692
2021-11-06,0,0.7702339814964138,0.0,0.10252,0.0,2.005,200000,295517.45977427386,95517.45977427386,1.4775872988713692
2021-11-07,0,0.8966172556552704,0.0,0.1045,0.0,2.021,200000,295517.45977427386,95517.45977427386,1.4775872988713692
2021-11-08,0,0.8219218404576285,0.0,0.10993,0.0,2.125,200000,295517.45977427386,95517.45977427386,1.4775872988713692
2021-11-09,0,0.24324143837547543,0.0,0.11436,0.0,2.27,200000,295517.45977427386,95517.45977427386,1.4775872988713692
2021-11-10,0,0.35782595599253714,0.0,0.10662,0.0,2.097,200000,295517.45977427386,95517.45977427386,1.4775872988713692
2021-11-11,0,0.911049766021066,0.0,0.10893,0.0,2.079,200000,295517.45977427386,95517.45977427386,1.4775872988713692
2021-11-12,0,0.996747987981768,0.0,0.10796,0.0,2.045,200000,295517.45977427386,95517.45977427386,1.4775872988713692
2021-11-13,2,1.7650567658897434,0.0,0.11255,0.0,2.05,200000,295517.45977427386,95517.45977427386,1.4775872988713692
2021-11-14,2,2.406900843984718,0.0,0.117,0.0,2.04,200000,295517.45977427386,95517.45977427386,1.4775872988713692
2021-11-15,2,2.964735759635561,0.0,0.1238,0.0,2.017,200000,295517.45977427386,95517.45977427386,1.4775872988713692
2021-11-16,2,1.7655530746570778,0.0,0.10934,0.0,1.874,200000,295517.45977427386,95517.45977427386,1.4775872988713692
2021-11-17,2,1.8196518320373816,0.0,0.11119,0.0,1.876,200000,295517.45977427386,95517.45977427386,1.4775872988713692
2021-11-18,0,0.7938393725053174,0.0,0.10038,0.0,1.786,200000,295517.45977427386,95517.45977427386,1.4775872988713692
2021-11-19,0,0.589714400069827,0.0,0.10387,0.0,1.863,200000,295517.45977427386,95517.45977427386,1.4775872988713692
2021-11-20,0,0.22239712194998335,0.0,0.10519,0.0,1.922,200000,295517.45977427386,95517.45977427386,1.4775872988713692
2021-11-21,1,1.1378064676393687,-1388318.4241955928,0.10643,80522.46860334437,1.835,200000,295517.45977427386,95517.45977427386,1.4775872988713692
2021-11-22,1,0.8668939499981064,-1388318.4241955928,0.10182,80522.46860334437,1.776,200000,284366.48619113484,84366.48619113484,1.4218324309556742
2021-11-23,1,1.1654306444387907,-1388318.4241955928,0.10283,80522.46860334437,1.751,200000,283755.6260844888,83755.62608448882,1.418778130422444
2021-11-24,1,1.0545936156963531,-1388318.4241955928,0.09785,80522.46860334437,1.666,200000,269997.39050071046,69997.39050071046,1.3499869525035524
2021-11-25,2,1.2363773696157827,0.0,0.10019,0.0,1.675,200000,299737.9477838285,99737.94778382848,1.4986897389191425
2021-11-26,2,1.2238315685597827,0.0,0.09229,0.0,1.533,200000,299737.9477838285,99737.94778382848,1.4986897389191425
2021-11-27,1,1.1889024683666496,-1605452.318070854,0.09335,97128.30453137669,1.543,200000,299737.9477838285,99737.94778382848,1.4986897389191425
2021-11-28,1,0.8694654861609411,-1605452.318070854,0.09518,97128.30453137669,1.594,200000,307629.4690569984,107629.46905699838,1.5381473452849919
2021-11-29,1,0.9893617802427387,-1605452.318070854,0.09655,97128.30453137669,1.601,200000,310508.83686447504,110508.83686447504,1.5525441843223753
2021-11-30,2,1.5321506904384863,0.0,0.09652,0.0,1.554,200000,303758.8202822679,103758.82028226787,1.5187941014113395
2021-12-01,2,1.6008352688591108,0.0,0.09688,0.0,1.548,200000,303758.8202822679,103758.82028226787,1.5187941014113395
2021-12-02,0,-0.8439765837206229,0.0,0.0975,0.0,1.719,200000,303758.8202822679,103758.82028226787,1.5187941014113395
2021-12-03,0,0.6744133272374983,0.0,0.09388,0.0,1.556,200000,303758.8202822679,103758.82028226787,1.5187941014113395
2021-12-04,0,0.996713520439876,0.0,0.08696,0.0,1.42,200000,303758.8202822679,103758.82028226787,1.5187941014113395
2021-12-05,0,0.9827625480919118,0.0,0.08432,0.0,1.378,200000,303758.8202822679,103758.82028226787,1.5187941014113395
2021-12-06,1,1.0147268182424123,-1739940.5446343673,0.08729,106957.33108530559,1.42,200000,303758.8202822679,103758.82028226787,1.5187941014113395
2021-12-07,2,2.2331097801699324,0.0,0.08999,0.0,1.378,200000,312948.8676583635,112948.86765836348,1.5647443382918174
2021-12-08,2,2.150600171115839,0.0,0.09237,0.0,1.396,200000,312948.8676583635,112948.86765836348,1.5647443382918174
2021-12-09,2,2.463797773752352,0.0,0.08861,0.0,1.289,200000,312948.8676583635,112948.86765836348,1.5647443382918174
2021-12-10,2,2.7808769334252355,0.0,0.08771,0.0,1.211,200000,312948.8676583635,112948.86765836348,1.5647443382918174
2021-12-11,2,1.3869024695124779,0.0,0.0916,0.0,1.354,200000,312948.8676583635,112948.86765836348,1.5647443382918174
2021-12-12,2,1.2439710291518657,0.0,0.09101,0.0,1.346,200000,312948.8676583635,112948.86765836348,1.5647443382918174
2021-12-13,2,1.5070190975839348,0.0,0.08497,0.0,1.223,200000,312948.8676583635,112948.86765836348,1.5647443382918174
2021-12-14,2,1.2081640855463331,0.0,0.08707,0.0,1.266,200000,312948.8676583635,112948.86765836348,1.5647443382918174
2021-12-15,0,0.6643992151150817,0.0,0.08754,0.0,1.311,200000,312948.8676583635,112948.86765836348,1.5647443382918174
2021-12-16,1,1.03682014509622,-1833756.4025451979,0.08533,126189.05953966269,1.24,200000,312948.8676583635,112948.86765836348,1.5647443382918174
2021-12-17,0,0.15471460186946268,0.0,0.07951,0.0,1.218,200000,305052.56470542296,105052.56470542296,1.5252628235271148
2021-12-18,0,-0.03408579349550551,0.0,0.08042,0.0,1.242,200000,305052.56470542296,105052.56470542296,1.5252628235271148
2021-12-19,0,-0.2996059234814806,0.0,0.07944,0.0,1.243,200000,305052.56470542296,105052.56470542296,1.5252628235271148
2021-12-20,0,-0.6181159790368652,0.0,0.07759,0.0,1.237,200000,305052.56470542296,105052.56470542296,1.5252628235271148
2021-12-21,0,-0.890333429374825,0.0,0.07884,0.0,1.28,200000,305052.56470542296,105052.56470542296,1.5252628235271148
2021-12-22,-2,-1.547394361506245,0.0,0.07913,0.0,1.327,200000,305052.56470542296,105052.56470542296,1.5252628235271148
2021-12-23,-2,-2.2222995643942096,0.0,0.08274,0.0,1.475,200000,305052.56470542296,105052.56470542296,1.5252628235271148
2021-12-24,-2,-1.600979385602007,0.0,0.08085,0.0,1.392,200000,305052.56470542296,105052.56470542296,1.5252628235271148
2021-12-25,-2,-1.8407687432904571,0.0,0.08153,0.0,1.452,200000,305052.56470542296,105052.56470542296,1.5252628235271148
2021-12-26,-2,-1.6852484319095047,0.0,0.08149,0.0,1.455,200000,305052.56470542296,105052.56470542296,1.5252628235271148
2021-12-27,-2,-1.8629546702792081,0.0,0.08114,0.0,1.516,200000,305052.56470542296,105052.56470542296,1.5252628235271148
2021-12-28,-2,-1.4000015270789905,0.0,0.07713,0.0,1.4,200000,305052.56470542296,105052.56470542296,1.5252628235271148
2021-12-29,0,-0.8990455387781368,0.0,0.0765,0.0,1.332,200000,305052.56470542296,105052.56470542296,1.5252628235271148
2021-12-30,0,-0.8528002231627391,0.0,0.07782,0.0,1.359,200000,305052.56470542296,105052.56470542296,1.5252628235271148
2021-12-31,0,-0.7032370632392756,0.0,0.07539,0.0,1.308,200000,305052.56470542296,105052.56470542296,1.5252628235271148
2022-01-01,-1,-1.0060311690024732,1991204.7304531524,0.0766,-110526.29155993587,1.38,200000,305052.56470542296,105052.56470542296,1.5252628235271148
2022-01-02,-1,-0.764794612582994,1991204.7304531524,0.07762,-110526.29155993587,1.377,200000,306752.01465580537,106752.01465580537,1.5337600732790269
2022-01-03,-1,-0.25882480136760455,1991204.7304531524,0.07705,-110526.29155993587,1.319,200000,299206.50304897083,99206.50304897083,1.4960325152448541
2022-01-04,-1,-0.2747368774785091,1991204.7304531524,0.07592,-110526.29155993587,1.309,200000,295851.1787879594,95851.17878795939,1.479255893939797
2022-01-05,-1,-0.22105068741779613,1991204.7304531524,0.07112,-110526.29155993587,1.23,200000,277561.8190485493,77561.81904854928,1.3878090952427464
2022-01-06,-1,-0.8459066509362404,1991204.7304531524,0.07106,-110526.29155993587,1.28,200000,282968.6613427189,82968.66134271887,1.4148433067135944
2022-01-07,-1,-0.4963532901992561,1991204.7304531524,0.0682,-110526.29155993587,1.21,200000,269536.9754044274,69536.97540442739,1.3476848770221368
2022-01-08,-1,-0.8485541842146838,1991204.7304531524,0.06539,-110526.29155993587,1.181,200000,260736.4276566159,60736.42765661591,1.3036821382830794
2022-01-09,-1,-0.23347287589636134,1991204.7304531524,0.06611,-110526.29155993587,1.17,200000,260954.30585538287,60954.305855382874,1.3047715292769144
2022-01-10,0,-0.13556567536575556,0.0,0.06342,0.0,1.123,200000,302891.386121892,102891.38612189202,1.5144569306094602
2022-01-11,-2,-1.3503197589045193,0.0,0.06493,0.0,1.187,200000,302891.386121892,102891.38612189202,1.5144569306094602
2022-01-12,-2,-2.6618077190195146,0.0,0.06806,0.0,1.312,200000,302891.386121892,102891.38612189202,1.5144569306094602
2022-01-13,-2,-1.3858638410761441,0.0,0.0662,0.0,1.233,200000,302891.386121892,102891.38612189202,1.5144569306094602
2022-01-14,-2,-1.8643525386818096,0.0,0.06765,0.0,1.292,200000,302891.386121892,102891.38612189202,1.5144569306094602
2022-01-15,-2,-1.3616786736329967,0.0,0.06842,0.0,1.291,200000,302891.386121892,102891.38612189202,1.5144569306094602
2022-01-16,-2,-2.521404199559057,0.0,0.06988,0.0,1.41,200000,302891.386121892,102891.38612189202,1.5144569306094602
2022-01-17,-2,-3.117120446521509,0.0,0.07085,0.0,1.603,200000,302891.386121892,102891.38612189202,1.5144569306094602
2022-01-18,-2,-1.9502171742416927,0.0,0.06846,0.0,1.458,200000,302891.386121892,102891.38612189202,1.5144569306094602
2022-01-19,0,-0.6287486227775693,0.0,0.06915,0.0,1.337,200000,302891.386121892,102891.38612189202,1.5144569306094602
2022-01-20,0,-0.03055981199307988,0.0,0.06773,0.0,1.259,200000,302891.386121892,102891.38612189202,1.5144569306094602
2022-01-21,0,0.17187608051169448,0.0,0.06103,0.0,1.12,200000,302891.386121892,102891.38612189202,1.5144569306094602
2022-01-22,0,-0.1809149214404363,0.0,0.0568,0.0,1.071,200000,302891.386121892,102891.38612189202,1.5144569306094602
2022-01-23,0,-0.6163991574453203,0.0,0.05752,0.0,1.124,200000,302891.386121892,102891.38612189202,1.5144569306094602
2022-01-24,0,-0.39452950451978636,0.0,0.05506,0.0,1.065,200000,302891.386121892,102891.38612189202,1.5144569306094602
2022-01-25,0,0.24615924162659014,0.0,0.05588,0.0,1.043,200000,302891.386121892,102891.38612189202,1.5144569306094602
2022-01-26,0,-0.14753283324003827,0.0,0.0562,0.0,1.077,200000,302891.386121892,102891.38612189202,1.5144569306094602
2022-01-27,0,0.5658127307610253,0.0,0.05649,0.0,1.042,200000,302891.386121892,102891.38612189202,1.5144569306094602
2022-01-28,0,0.8206247081800926,0.0,0.05757,0.0,1.048,200000,302891.386121892,102891.38612189202,1.5144569306094602
2022-01-29,2,1.48647137300463,0.0,0.06034,0.0,1.059,200000,302891.386121892,102891.38612189202,1.5144569306094602
2022-01-30,2,1.3673614498523832,0.0,0.05863,0.0,1.035,200000,302891.386121892,102891.38612189202,1.5144569306094602
2022-01-31,1,1.16293918497239,-2564268.42297572,0.05906,144096.75838339297,1.051,200000,302891.386121892,102891.38612189202,1.5144569306094602
