date,statusList,zscore,VETUSDT_position,VETUSDT_price,IOSTUSDT_position,IOSTUSDT_price,init,total_asset,pnl,return
2020-01-01,0,,0.0,0.005358,0.0,0.004817,200000,200000.0,0.0,1.0
2020-01-02,0,,0.0,0.005094,0.0,0.004605,200000,200000.0,0.0,1.0
2020-01-03,0,,0.0,0.005327,0.0,0.004819,200000,200000.0,0.0,1.0
2020-01-04,0,,0.0,0.00562,0.0,0.004869,200000,200000.0,0.0,1.0
2020-01-05,0,,0.0,0.005465,0.0,0.004916,200000,200000.0,0.0,1.0
2020-01-06,0,,0.0,0.00573,0.0,0.00512,200000,200000.0,0.0,1.0
2020-01-07,0,,0.0,0.005578,0.0,0.00496,200000,200000.0,0.0,1.0
2020-01-08,0,,0.0,0.005492,0.0,0.004716,200000,200000.0,0.0,1.0
2020-01-09,0,,0.0,0.005319,0.0,0.004766,200000,200000.0,0.0,1.0
2020-01-10,0,,0.0,0.005454,0.0,0.005095,200000,200000.0,0.0,1.0
2020-01-11,0,,0.0,0.005526,0.0,0.004983,200000,200000.0,0.0,1.0
2020-01-12,0,,0.0,0.005523,0.0,0.005361,200000,200000.0,0.0,1.0
2020-01-13,0,,0.0,0.005407,0.0,0.005108,200000,200000.0,0.0,1.0
2020-01-14,0,,0.0,0.005994,0.0,0.005758,200000,200000.0,0.0,1.0
2020-01-15,0,,0.0,0.006003,0.0,0.005815,200000,200000.0,0.0,1.0
2020-01-16,0,,0.0,0.005885,0.0,0.005884,200000,200000.0,0.0,1.0
2020-01-17,0,,0.0,0.006392,0.0,0.006125,200000,200000.0,0.0,1.0
2020-01-18,0,,0.0,0.006239,0.0,0.005849,200000,200000.0,0.0,1.0
2020-01-19,0,,0.0,0.005862,0.0,0.005483,200000,200000.0,0.0,1.0
2020-01-20,0,-0.043081061906972154,0.0,0.005814,0.0,0.005363,200000,200000.0,0.0,1.0
2020-01-21,0,0.3967827855045086,0.0,0.005964,0.0,0.005409,200000,200000.0,0.0,1.0
2020-01-22,0,-0.242683682104702,0.0,0.005863,0.0,0.005462,200000,200000.0,0.0,1.0
2020-01-23,0,-0.3623788726781283,0.0,0.005607,0.0,0.005258,200000,200000.0,0.0,1.0
2020-01-24,0,-0.10102916229114989,0.0,0.00558,0.0,0.005196,200000,200000.0,0.0,1.0
2020-01-25,0,0.13988797052735139,0.0,0.005623,0.0,0.005198,200000,200000.0,0.0,1.0
2020-01-26,0,-0.2516801122959909,0.0,0.00573,0.0,0.005384,200000,200000.0,0.0,1.0
2020-01-27,0,-0.32250245172446645,0.0,0.005748,0.0,0.005428,200000,200000.0,0.0,1.0
2020-01-28,-2,-1.443068166519894,0.0,0.0058,0.0,0.005681,200000,200000.0,0.0,1.0
2020-01-29,-2,-1.2954017097622592,0.0,0.005733,0.0,0.005607,200000,200000.0,0.0,1.0
2020-01-30,-2,-1.370014643108595,0.0,0.005687,0.0,0.005599,200000,200000.0,0.0,1.0
2020-01-31,-2,-1.2621851716754329,0.0,0.005766,0.0,0.005674,200000,200000.0,0.0,1.0
2020-02-01,-2,-1.313214230781999,0.0,0.005997,0.0,0.005922,200000,200000.0,0.0,1.0
2020-02-02,0,-0.8784374836922505,0.0,0.006229,0.0,0.00609,200000,200000.0,0.0,1.0
2020-02-03,0,-0.6488234686884227,0.0,0.006304,0.0,0.006128,200000,200000.0,0.0,1.0
2020-02-04,-2,-1.943744961934184,0.0,0.006532,0.0,0.006656,200000,200000.0,0.0,1.0
2020-02-05,-2,-2.096093398721717,0.0,0.006472,0.0,0.006681,200000,200000.0,0.0,1.0
2020-02-06,-2,-2.042406317653243,0.0,0.0068,0.0,0.007113,200000,200000.0,0.0,1.0
2020-02-07,-2,-2.122624144264443,0.0,0.006817,0.0,0.007299,200000,200000.0,0.0,1.0
2020-02-08,-2,-1.6865813352466623,0.0,0.006669,0.0,0.007077,200000,200000.0,0.0,1.0
2020-02-09,-2,-2.1411825877545514,0.0,0.006825,0.0,0.007598,200000,200000.0,0.0,1.0
2020-02-10,-2,-2.2154362384063875,0.0,0.00651,0.0,0.007472,200000,200000.0,0.0,1.0
2020-02-11,0,-0.264180213658456,0.0,0.007485,0.0,0.007594,200000,200000.0,0.0,1.0
2020-02-12,0,-0.9438249186225902,0.0,0.00747,0.0,0.007946,200000,200000.0,0.0,1.0
2020-02-13,0,0.7740055516954568,0.0,0.008059,0.0,0.007778,200000,200000.0,0.0,1.0
2020-02-14,0,0.12338589726561179,0.0,0.008301,0.0,0.008343,200000,200000.0,0.0,1.0
2020-02-15,0,0.5297548794834867,0.0,0.00747,0.0,0.007382,200000,200000.0,0.0,1.0
2020-02-16,2,1.5023456905737305,0.0,0.007081,0.0,0.006682,200000,200000.0,0.0,1.0
2020-02-17,0,0.9229503121761314,0.0,0.006743,0.0,0.006532,200000,200000.0,0.0,1.0
2020-02-18,1,1.0475759822840507,-14168319.637291018,0.007058,14738393.515106853,0.006785,200000,200000.0,0.0,1.0
2020-02-19,1,1.0850003226438054,-14168319.637291018,0.006484,14738393.515106853,0.006205,200000,183319.11628943298,-16680.883710567025,0.9165955814471649
2020-02-20,1,1.0951788404274072,-14168319.637291018,0.00649,14738393.515106853,0.006189,200000,183168.31191101501,-16831.688088984985,0.9158415595550751
2020-02-21,1,0.9753497413374907,-14168319.637291018,0.006633,14738393.515106853,0.006347,200000,187523.04779453453,-12476.952205465466,0.9376152389726726
2020-02-22,1,1.1733495295010956,-14168319.637291018,0.006593,14738393.515106853,0.006222,200000,185114.0158196545,-14885.984180345491,0.9255700790982726
2020-02-23,2,1.4398758075907387,0.0,0.006955,0.0,0.006432,200000,203743.31598819175,3743.3159881917527,1.0187165799409588
2020-02-24,2,1.3976718275238753,0.0,0.006713,0.0,0.006165,200000,203743.31598819175,3743.3159881917527,1.0187165799409588
2020-02-25,2,1.5285023759111775,0.0,0.006211,0.0,0.005595,200000,203743.31598819175,3743.3159881917527,1.0187165799409588
2020-02-26,2,1.2318452097300527,0.0,0.005554,0.0,0.00505,200000,203743.31598819175,3743.3159881917527,1.0187165799409588
2020-02-27,2,1.2508241850846555,0.0,0.005806,0.0,0.00523,200000,203743.31598819175,3743.3159881917527,1.0187165799409588
2020-02-28,0,0.9331517234317926,0.0,0.00575,0.0,0.005251,200000,203743.31598819175,3743.3159881917527,1.0187165799409588
2020-02-29,0,0.9143840691049739,0.0,0.005615,0.0,0.005115,200000,203743.31598819175,3743.3159881917527,1.0187165799409588
2020-03-01,0,0.48888116564949186,0.0,0.005427,0.0,0.005049,200000,203743.31598819175,3743.3159881917527,1.0187165799409588
2020-03-02,1,1.058119655070418,-17452742.503699824,0.005837,19282918.416448206,0.005283,200000,203743.31598819175,3743.3159881917527,1.0187165799409588
2020-03-03,2,1.3042802431042202,0.0,0.005773,0.0,0.005186,200000,204496.78355435046,4496.7835543504625,1.0224839177717524
2020-03-04,0,0.9193753065803594,0.0,0.006035,0.0,0.005471,200000,204496.78355435046,4496.7835543504625,1.0224839177717524
2020-03-05,2,1.3436196842358066,0.0,0.006129,0.0,0.005473,200000,204496.78355435046,4496.7835543504625,1.0224839177717524
2020-03-06,0,-0.17645364171368547,0.0,0.00614,0.0,0.00571,200000,204496.78355435046,4496.7835543504625,1.0224839177717524
2020-03-07,0,-0.23022492482123857,0.0,0.005788,0.0,0.005386,200000,204496.78355435046,4496.7835543504625,1.0224839177717524
2020-03-08,-2,-2.144939098229505,0.0,0.004698,0.0,0.004615,200000,204496.78355435046,4496.7835543504625,1.0224839177717524
2020-03-09,-2,-1.4109134248790385,0.0,0.004674,0.0,0.004498,200000,204496.78355435046,4496.7835543504625,1.0224839177717524
2020-03-10,-2,-1.6813483803227443,0.0,0.004691,0.0,0.004562,200000,204496.78355435046,4496.7835543504625,1.0224839177717524
2020-03-11,-2,-2.139442381408074,0.0,0.004462,0.0,0.004444,200000,204496.78355435046,4496.7835543504625,1.0224839177717524
2020-03-12,-2,-2.0710645404074275,0.0,0.002283,0.0,0.002293,200000,204496.78355435046,4496.7835543504625,1.0224839177717524
2020-03-13,0,0.6523164948266058,0.0,0.002823,0.0,0.002562,200000,204496.78355435046,4496.7835543504625,1.0224839177717524
2020-03-14,-2,-2.093190001743261,0.0,0.002545,0.0,0.002599,200000,204496.78355435046,4496.7835543504625,1.0224839177717524
2020-03-15,-2,-2.646258984053204,0.0,0.002524,0.0,0.002761,200000,204496.78355435046,4496.7835543504625,1.0224839177717524
2020-03-16,-2,-1.926658161952731,0.0,0.00226,0.0,0.002417,200000,204496.78355435046,4496.7835543504625,1.0224839177717524
2020-03-17,-1,-1.069963568829599,41446449.84887525,0.002467,-40655424.16587485,0.002515,200000,204496.78355435046,4496.7835543504625,1.0224839177717524
2020-03-18,-1,-0.4847849047229712,41446449.84887525,0.002544,-40655424.16587485,0.00251,200000,207484.88307188448,7484.883071884484,1.0374244153594223
2020-03-19,-1,-0.3078579188117827,41446449.84887525,0.002907,-40655424.16587485,0.002847,200000,236230.82231092604,36230.82231092604,1.1811541115546302
2020-03-20,-2,-1.9043632023410837,0.0,0.002845,0.0,0.003146,200000,214483.59816014266,14483.598160142661,1.0724179908007132
2020-03-21,-2,-2.2664074595576285,0.0,0.002897,0.0,0.003433,200000,214483.59816014266,14483.598160142661,1.0724179908007132
2020-03-22,-2,-1.5670864785312184,0.0,0.00261,0.0,0.002959,200000,214483.59816014266,14483.598160142661,1.0724179908007132
2020-03-23,-2,-1.4590967954245169,0.0,0.002859,0.0,0.003258,200000,214483.59816014266,14483.598160142661,1.0724179908007132
2020-03-24,0,-0.9104361144082833,0.0,0.00306,0.0,0.003346,200000,214483.59816014266,14483.598160142661,1.0724179908007132
2020-03-25,0,-0.06500997113377889,0.0,0.003056,0.0,0.003137,200000,214483.59816014266,14483.598160142661,1.0724179908007132
2020-03-26,0,0.003712182966281754,0.0,0.003079,0.0,0.003161,200000,214483.59816014266,14483.598160142661,1.0724179908007132
2020-03-27,0,0.5996031082429606,0.0,0.002998,0.0,0.00297,200000,214483.59816014266,14483.598160142661,1.0724179908007132
2020-03-28,0,0.5264044773816194,0.0,0.002969,0.0,0.002958,200000,214483.59816014266,14483.598160142661,1.0724179908007132
2020-03-29,0,0.39183487474307355,0.0,0.002721,0.0,0.002743,200000,214483.59816014266,14483.598160142661,1.0724179908007132
2020-03-30,0,0.5942517833404046,0.0,0.002933,0.0,0.002925,200000,214483.59816014266,14483.598160142661,1.0724179908007132
2020-03-31,0,0.9176399941342206,0.0,0.003108,0.0,0.003034,200000,214483.59816014266,14483.598160142661,1.0724179908007132
2020-04-01,1,1.0800378614601474,-34012622.60706354,0.003153,35323385.73124879,0.003036,200000,214483.59816014266,14483.598160142661,1.0724179908007132
2020-04-02,1,1.1684375222033292,-34012622.60706354,0.003228,35323385.73124879,0.003122,200000,220072.35602855982,20072.35602855982,1.1003617801427992
2020-04-03,1,1.0077958423697861,-34012622.60706354,0.00326,35323385.73124879,0.003169,200000,222820.95908135455,22820.95908135455,1.1141047954067727
2020-04-04,1,0.4836156928129425,-34012622.60706354,0.003245,35323385.73124879,0.003241,200000,224854.05351489852,24854.053514898522,1.1242702675744927
2020-04-05,1,0.7766605011706372,-34012622.60706354,0.00323,35323385.73124879,0.003157,200000,221376.69977436768,21376.699774367677,1.1068834988718383
2020-04-06,1,1.0411453786439335,-34012622.60706354,0.003643,35323385.73124879,0.00349,200000,247186.60035959072,47186.600359590724,1.2359330017979535
2020-04-07,2,2.181938211330144,0.0,0.003872,0.0,0.003395,200000,226257.57833710304,26257.57833710304,1.1312878916855151
2020-04-08,2,1.622151292872928,0.0,0.003979,0.0,0.003571,200000,226257.57833710304,26257.57833710304,1.1312878916855151
2020-04-09,2,1.3739623375216374,0.0,0.003866,0.0,0.003491,200000,226257.57833710304,26257.57833710304,1.1312878916855151
2020-04-10,2,1.6650483332056971,0.0,0.003608,0.0,0.003169,200000,226257.57833710304,26257.57833710304,1.1312878916855151
2020-04-11,2,1.8624507759500182,0.0,0.003679,0.0,0.00315,200000,226257.57833710304,26257.57833710304,1.1312878916855151
2020-04-12,2,1.6686288972336416,0.0,0.003681,0.0,0.003169,200000,226257.57833710304,26257.57833710304,1.1312878916855151
2020-04-13,2,1.243578383507728,0.0,0.003609,0.0,0.003172,200000,226257.57833710304,26257.57833710304,1.1312878916855151
2020-04-14,2,1.4109942321425837,0.0,0.003667,0.0,0.003163,200000,226257.57833710304,26257.57833710304,1.1312878916855151
2020-04-15,2,1.8951751551514175,0.0,0.003658,0.0,0.003021,200000,226257.57833710304,26257.57833710304,1.1312878916855151
2020-04-16,1,1.1541930071394872,-29552975.226894338,0.003828,34501003.10111361,0.003279,200000,226257.57833710304,26257.57833710304,1.1312878916855151
2020-04-17,1,0.9571952330655783,-29552975.226894338,0.003783,34501003.10111361,0.00326,200000,224272.17539297164,24272.175392971636,1.1213608769648582
2020-04-18,1,0.9360979963291924,-29552975.226894338,0.003968,34501003.10111361,0.003405,200000,234742.1212596086,34742.1212596086,1.173710606298043
2020-04-19,2,1.2019111727059828,0.0,0.003904,0.0,0.003277,200000,228572.60646054923,28572.60646054923,1.1428630323027462
2020-04-20,1,1.1279853161277533,-31362871.358472724,0.003644,37446364.099041484,0.003052,200000,228572.60646054923,28572.60646054923,1.1428630323027462
2020-04-21,2,1.2119275535781056,0.0,0.003677,0.0,0.003044,200000,229907.15212817118,29907.152128171176,1.1495357606408558
2020-04-22,2,1.3549754791273314,0.0,0.003898,0.0,0.003178,200000,229907.15212817118,29907.152128171176,1.1495357606408558
2020-04-23,0,0.6432871039062836,0.0,0.003952,0.0,0.003336,200000,229907.15212817118,29907.152128171176,1.1495357606408558
2020-04-24,0,-0.25869042310929885,0.0,0.004085,0.0,0.003587,200000,229907.15212817118,29907.152128171176,1.1495357606408558
2020-04-25,0,0.8243389176318369,0.0,0.004216,0.0,0.003527,200000,229907.15212817118,29907.152128171176,1.1495357606408558
2020-04-26,2,2.191173664675899,0.0,0.00448,0.0,0.003577,200000,229907.15212817118,29907.152128171176,1.1495357606408558
2020-04-27,2,1.4358959864756287,0.0,0.004356,0.0,0.003538,200000,229907.15212817118,29907.152128171176,1.1495357606408558
2020-04-28,1,1.0035208128874886,-26814456.744596593,0.004287,32657265.92729704,0.00352,200000,229907.15212817118,29907.152128171176,1.1495357606408558
2020-04-29,1,0.868877235607546,-26814456.744596593,0.004766,32657265.92729704,0.003922,200000,255879.49781160636,55879.49781160636,1.2793974890580317
2020-04-30,0,0.018276464101667902,0.0,0.004353,0.0,0.00366,200000,227104.88904349296,27104.889043492964,1.1355244452174649
2020-05-01,0,-0.5905704712948772,0.0,0.004437,0.0,0.003791,200000,227104.88904349296,27104.889043492964,1.1355244452174649
2020-05-02,-2,-1.254568562119385,0.0,0.004515,0.0,0.003933,200000,227104.88904349296,27104.889043492964,1.1355244452174649
2020-05-03,-2,-1.5464229062148134,0.0,0.004332,0.0,0.003804,200000,227104.88904349296,27104.889043492964,1.1355244452174649
2020-05-04,0,-0.1817433714927578,0.0,0.004444,0.0,0.003754,200000,227104.88904349296,27104.889043492964,1.1355244452174649
2020-05-05,0,0.19310521653166318,0.0,0.004419,0.0,0.003699,200000,227104.88904349296,27104.889043492964,1.1355244452174649
2020-05-06,0,0.021147926529780616,0.0,0.00425,0.0,0.00357,200000,227104.88904349296,27104.889043492964,1.1355244452174649
2020-05-07,0,0.8723205565492196,0.0,0.00451,0.0,0.003699,200000,227104.88904349296,27104.889043492964,1.1355244452174649
2020-05-08,2,1.6092790476241021,0.0,0.004783,0.0,0.003831,200000,227104.88904349296,27104.889043492964,1.1355244452174649
2020-05-09,0,0.6176509717923997,0.0,0.004549,0.0,0.003734,200000,227104.88904349296,27104.889043492964,1.1355244452174649
2020-05-10,2,1.237353473150579,0.0,0.004165,0.0,0.003352,200000,227104.88904349296,27104.889043492964,1.1355244452174649
2020-05-11,2,1.5288070281561787,0.0,0.004113,0.0,0.003268,200000,227104.88904349296,27104.889043492964,1.1355244452174649
2020-05-12,2,1.2069345085174463,0.0,0.004243,0.0,0.003396,200000,227104.88904349296,27104.889043492964,1.1355244452174649
2020-05-13,2,1.2900848502750923,0.0,0.004459,0.0,0.003544,200000,227104.88904349296,27104.889043492964,1.1355244452174649
2020-05-14,2,1.3808508249510487,0.0,0.004494,0.0,0.00355,200000,227104.88904349296,27104.889043492964,1.1355244452174649
2020-05-15,1,1.119711633046617,-25942984.81191375,0.004377,32705197.1548809,0.003472,200000,227104.88904349296,27104.889043492964,1.1355244452174649
2020-05-16,2,1.369565049424988,0.0,0.004449,0.0,0.003495,200000,228220.5644153885,28220.564415388508,1.1411028220769426
2020-05-17,1,1.0661717645169069,-25781807.99993092,0.004426,32584318.16324793,0.003502,200000,228220.5644153885,28220.564415388508,1.1411028220769426
2020-05-18,1,0.29191885314017757,-25781807.99993092,0.004487,32584318.16324793,0.003639,200000,234257.30629174924,34257.306291749235,1.1712865314587462
2020-05-19,1,0.941521526175394,-25781807.99993092,0.004534,32584318.16324793,0.00359,200000,233872.41967774683,33872.41967774683,1.169362098388734
2020-05-20,1,0.8741523805879088,-25781807.99993092,0.004525,32584318.16324793,0.00358,200000,233314.54022411502,33314.540224115015,1.166572701120575
2020-05-21,0,-0.9748307725984947,0.0,0.004237,0.0,0.003566,200000,221262.40634095366,21262.40634095366,1.1063120317047683
2020-05-22,-2,-2.517232767832826,0.0,0.00464,0.0,0.00417,200000,221262.40634095366,21262.40634095366,1.1063120317047683
2020-05-23,-2,-1.3631676184626,0.0,0.004609,0.0,0.003939,200000,221262.40634095366,21262.40634095366,1.1063120317047683
2020-05-24,-1,-1.0370116238710503,24766331.580585815,0.004467,-29321813.72130316,0.003773,200000,221262.40634095366,21262.40634095366,1.1063120317047683
2020-05-25,-2,-2.4094069307179087,0.0,0.005064,0.0,0.004598,200000,230667.402707419,30667.40270741901,1.153337013537095
2020-05-26,-2,-2.166670782890459,0.0,0.004871,0.0,0.004459,200000,230667.402707419,30667.40270741901,1.153337013537095
2020-05-27,-2,-1.6311454566683656,0.0,0.004896,0.0,0.00441,200000,230667.402707419,30667.40270741901,1.153337013537095
2020-05-28,0,-0.03933999419918436,0.0,0.005508,0.0,0.004558,200000,230667.402707419,30667.40270741901,1.153337013537095
2020-05-29,0,0.34086945068643193,0.0,0.005547,0.0,0.004499,200000,230667.402707419,30667.40270741901,1.153337013537095
2020-05-30,2,1.443659413932043,0.0,0.006227,0.0,0.004752,200000,230667.402707419,30667.40270741901,1.153337013537095
2020-05-31,2,1.5409313883141853,0.0,0.006247,0.0,0.00471,200000,230667.402707419,30667.40270741901,1.153337013537095
2020-06-01,1,1.1783320247891538,-17330383.373960856,0.006655,22645533.350424014,0.005093,200000,230667.402707419,30667.40270741901,1.153337013537095
2020-06-02,2,2.673006281700919,0.0,0.00725,0.0,0.004899,200000,245372.21428490803,45372.21428490803,1.22686107142454
2020-06-03,2,1.7488499109774032,0.0,0.007099,0.0,0.00501,200000,245372.21428490803,45372.21428490803,1.22686107142454
2020-06-04,1,1.0950357461980174,-18224317.75734611,0.006732,24775062.02392044,0.004952,200000,245372.21428490803,45372.21428490803,1.22686107142454
2020-06-05,1,0.5169425184489971,-18224317.75734611,0.006693,24775062.02392044,0.005146,200000,249467.8279250121,49467.8279250121,1.2473391396250606
2020-06-06,1,1.0935916270137214,-18224317.75734611,0.007301,24775062.02392044,0.005327,200000,265032.49934780813,65032.49934780813,1.3251624967390407
2020-06-07,2,1.2551242199948056,0.0,0.007246,0.0,0.005165,200000,249462.42540108884,49462.42540108884,1.2473121270054441
2020-06-08,2,1.6762466704859011,0.0,0.007787,0.0,0.005267,200000,249462.42540108884,49462.42540108884,1.2473121270054441
2020-06-09,2,1.6603621894567777,0.0,0.008181,0.0,0.005431,200000,249462.42540108884,49462.42540108884,1.2473121270054441
2020-06-10,2,1.9378326749160943,0.0,0.009008,0.0,0.005658,200000,249462.42540108884,49462.42540108884,1.2473121270054441
2020-06-11,2,2.301791323121468,0.0,0.008762,0.0,0.005085,200000,249462.42540108884,49462.42540108884,1.2473121270054441
2020-06-12,2,1.9448152622618393,0.0,0.00971,0.0,0.00564,200000,249462.42540108884,49462.42540108884,1.2473121270054441
2020-06-13,1,1.087854537924019,-12996896.18636495,0.009597,20592902.872799147,0.006057,200000,249462.42540108884,49462.42540108884,1.2473121270054441
2020-06-14,1,0.7746284956001724,-12996896.18636495,0.00864,20592902.872799147,0.005607,200000,227757.58945797797,27757.58945797797,1.1387879472898899
2020-06-15,1,1.196556234971201,-12996896.18636495,0.00901,20592902.872799147,0.00552,200000,230774.85849699948,30774.858496999484,1.1538742924849974
2020-06-16,1,0.5353479477851824,-12996896.18636495,0.009061,20592902.872799147,0.005911,200000,239489.52522576856,39489.525225768564,1.197447626128843
2020-06-17,1,0.7480699415595148,-12996896.18636495,0.009013,20592902.872799147,0.005715,200000,234829.46524575443,34829.46524575443,1.174147326228772
2020-06-18,1,0.24481834348672482,-12996896.18636495,0.00866,20592902.872799147,0.005711,200000,230159.1892804764,30159.189280476392,1.150795946402382
2020-06-19,0,-0.49232359817260507,0.0,0.008379,0.0,0.00587,200000,237483.07868330978,37483.07868330978,1.1874153934165488
2020-06-20,-1,-1.0040533735782229,14323466.748088647,0.00829,-19581388.413861293,0.006064,200000,237483.07868330978,37483.07868330978,1.1874153934165488
2020-06-21,-1,-0.4602383421661027,14323466.748088647,0.008626,-19581388.413861293,0.00597,200000,240455.11299976456,40455.11299976456,1.2022755649988228
2020-06-22,-1,-1.00937798907599,14323466.748088647,0.009283,-19581388.413861293,0.006767,200000,265471.9972191063,65471.9972191063,1.3273599860955314
2020-06-23,-1,-1.0592918133432272,14323466.748088647,0.008903,-19581388.413861293,0.006545,200000,255682.01162695535,55682.011626955355,1.2784100581347768
2020-06-24,-1,-0.640523880265363,14323466.748088647,0.008996,-19581388.413861293,0.006352,200000,253234.8860706524,53234.8860706524,1.266174430353262
2020-06-25,-1,-0.49950335591491435,14323466.748088647,0.008882,-19581388.413861293,0.006149,200000,247626.98901335645,47626.98901335645,1.2381349450667822
2020-06-26,-1,-0.3993421320149271,14323466.748088647,0.008949,-19581388.413861293,0.006122,200000,248057.96379830415,48057.96379830415,1.2402898189915208
2020-06-27,0,0.43172891724829177,0.0,0.008608,0.0,0.005522,200000,222315.1037371048,22315.1037371048,1.111575518685524
2020-06-28,0,0.26947894163260977,0.0,0.00869,0.0,0.005625,200000,222315.1037371048,22315.1037371048,1.111575518685524
2020-06-29,0,0.28190708090986566,0.0,0.008691,0.0,0.005613,200000,222315.1037371048,22315.1037371048,1.111575518685524
2020-06-30,0,0.7735580954416557,0.0,0.008837,0.0,0.005518,200000,222315.1037371048,22315.1037371048,1.111575518685524
2020-07-01,2,1.4595210010836854,0.0,0.009436,0.0,0.00567,200000,222315.1037371048,22315.1037371048,1.111575518685524
2020-07-02,2,2.2574163779243066,0.0,0.009556,0.0,0.005443,200000,222315.1037371048,22315.1037371048,1.111575518685524
2020-07-03,2,2.5442677434883683,0.0,0.010223,0.0,0.005488,200000,222315.1037371048,22315.1037371048,1.111575518685524
2020-07-04,2,3.2761654322326823,0.0,0.012525,0.0,0.005601,200000,222315.1037371048,22315.1037371048,1.111575518685524
2020-07-05,2,2.1075319034585043,0.0,0.014307,0.0,0.006866,200000,222315.1037371048,22315.1037371048,1.111575518685524
2020-07-06,2,2.258726978042556,0.0,0.01442,0.0,0.006409,200000,222315.1037371048,22315.1037371048,1.111575518685524
2020-07-07,2,2.7420004715848347,0.0,0.017325,0.0,0.006483,200000,222315.1037371048,22315.1037371048,1.111575518685524
2020-07-08,2,2.6945976668476193,0.0,0.019932,0.0,0.006624,200000,222315.1037371048,22315.1037371048,1.111575518685524
2020-07-09,2,1.9678620006791663,0.0,0.01825,0.0,0.006415,200000,222315.1037371048,22315.1037371048,1.111575518685524
2020-07-10,2,1.4416612604015908,0.0,0.017119,0.0,0.006419,200000,222315.1037371048,22315.1037371048,1.111575518685524
2020-07-11,2,1.5987393817845954,0.0,0.018535,0.0,0.00645,200000,222315.1037371048,22315.1037371048,1.111575518685524
2020-07-12,2,1.3922672326775656,0.0,0.018155,0.0,0.006368,200000,222315.1037371048,22315.1037371048,1.111575518685524
2020-07-13,2,1.5638185159630782,0.0,0.018461,0.0,0.006015,200000,222315.1037371048,22315.1037371048,1.111575518685524
2020-07-14,2,1.2955787628398876,0.0,0.01845,0.0,0.006164,200000,222315.1037371048,22315.1037371048,1.111575518685524
2020-07-15,2,1.395923961969253,0.0,0.018996,0.0,0.006028,200000,222315.1037371048,22315.1037371048,1.111575518685524
2020-07-16,1,1.176010231242326,-6163093.361529851,0.018036,19030568.71572546,0.005841,200000,222315.1037371048,22315.1037371048,1.111575518685524
2020-07-17,1,1.03373705960179,-6163093.361529851,0.018211,19030568.71572546,0.005945,200000,225372.824221808,25372.824221807998,1.12686412110904
2020-07-18,1,0.9935642821838653,-6163093.361529851,0.018168,19030568.71572546,0.005871,200000,223699.54912229851,23699.549122298515,1.1184977456114926
2020-07-19,1,0.7268418699950226,-6163093.361529851,0.018017,19030568.71572546,0.006039,200000,225966.05756894936,25966.057568949356,1.1298302878447468
2020-07-20,0,0.12854597313385807,0.0,0.016074,0.0,0.005934,200000,208453.27167122075,8453.271671220748,1.0422663583561038
2020-07-21,0,0.4088659831489738,0.0,0.0175,0.0,0.006069,200000,208453.27167122075,8453.271671220748,1.0422663583561038
2020-07-22,0,0.05329212005712362,0.0,0.017467,0.0,0.006288,200000,208453.27167122075,8453.271671220748,1.0422663583561038
2020-07-23,0,-0.04693015605385848,0.0,0.017381,0.0,0.006229,200000,208453.27167122075,8453.271671220748,1.0422663583561038
2020-07-24,0,0.027935111097434042,0.0,0.016995,0.0,0.005979,200000,208453.27167122075,8453.271671220748,1.0422663583561038
2020-07-25,0,0.5481021543119463,0.0,0.018218,0.0,0.006084,200000,208453.27167122075,8453.271671220748,1.0422663583561038
2020-07-26,0,0.14248222586567225,0.0,0.017554,0.0,0.00598,200000,208453.27167122075,8453.271671220748,1.0422663583561038
2020-07-27,0,-0.7431822852699475,0.0,0.015641,0.0,0.005545,200000,208453.27167122075,8453.271671220748,1.0422663583561038
2020-07-28,-1,-1.1819306934383869,6522317.636771613,0.01598,-17889913.46302959,0.005826,200000,208453.27167122075,8453.271671220748,1.0422663583561038
2020-07-29,-1,-1.166926983311664,6522317.636771613,0.015583,-17889913.46302959,0.0057,200000,203609.7824730807,3609.782473080704,1.0180489123654035
2020-07-30,0,0.6728867467241604,0.0,0.017315,0.0,0.005749,200000,198368.45428947738,-1631.5457105226233,0.9918422714473869
2020-07-31,0,0.08352814916540541,0.0,0.017204,0.0,0.005862,200000,198368.45428947738,-1631.5457105226233,0.9918422714473869
2020-08-01,0,-0.39563458449043754,0.0,0.017319,0.0,0.006032,200000,198368.45428947738,-1631.5457105226233,0.9918422714473869
2020-08-02,0,0.5529895402871976,0.0,0.016207,0.0,0.005414,200000,198368.45428947738,-1631.5457105226233,0.9918422714473869
2020-08-03,0,0.8176502303886556,0.0,0.0167,0.0,0.005509,200000,198368.45428947738,-1631.5457105226233,0.9918422714473869
2020-08-04,2,2.676989372496175,0.0,0.018734,0.0,0.005589,200000,198368.45428947738,-1631.5457105226233,0.9918422714473869
2020-08-05,2,2.2822187900123647,0.0,0.018793,0.0,0.005596,200000,198368.45428947738,-1631.5457105226233,0.9918422714473869
2020-08-06,2,2.4487816429760563,0.0,0.019704,0.0,0.005625,200000,198368.45428947738,-1631.5457105226233,0.9918422714473869
2020-08-07,0,0.9762829534444137,0.0,0.018671,0.0,0.005853,200000,198368.45428947738,-1631.5457105226233,0.9918422714473869
2020-08-08,2,1.693597263715934,0.0,0.020815,0.0,0.006114,200000,198368.45428947738,-1631.5457105226233,0.9918422714473869
2020-08-09,2,2.031840450470291,0.0,0.021929,0.0,0.006132,200000,198368.45428947738,-1631.5457105226233,0.9918422714473869
2020-08-10,0,0.771981756689806,0.0,0.021422,0.0,0.006566,200000,198368.45428947738,-1631.5457105226233,0.9918422714473869
2020-08-11,0,0.6571551784865279,0.0,0.019966,0.0,0.006139,200000,198368.45428947738,-1631.5457105226233,0.9918422714473869
2020-08-12,0,0.3690971988940809,0.0,0.020429,0.0,0.006396,200000,198368.45428947738,-1631.5457105226233,0.9918422714473869
2020-08-13,0,-0.013607660667664674,0.0,0.019598,0.0,0.006301,200000,198368.45428947738,-1631.5457105226233,0.9918422714473869
2020-08-14,0,-0.2660310281179936,0.0,0.020513,0.0,0.006723,200000,198368.45428947738,-1631.5457105226233,0.9918422714473869
2020-08-15,-2,-1.3273969176211005,0.0,0.019575,0.0,0.007066,200000,198368.45428947738,-1631.5457105226233,0.9918422714473869
2020-08-16,-1,-1.128849416631674,4998701.095894502,0.019842,-14100686.258848263,0.007034,200000,198368.45428947738,-1631.5457105226233,0.9918422714473869
2020-08-17,-2,-1.5939953509553793,0.0,0.02002,0.0,0.007432,200000,203090.75862542976,3090.758625429764,1.0154537931271488
2020-08-18,-2,-1.7348878700348673,0.0,0.019089,0.0,0.007234,200000,203090.75862542976,3090.758625429764,1.0154537931271488
2020-08-19,-2,-1.6257693890669072,0.0,0.017857,0.0,0.006832,200000,203090.75862542976,3090.758625429764,1.0154537931271488
2020-08-20,-2,-1.60737755587531,0.0,0.019392,0.0,0.007554,200000,203090.75862542976,3090.758625429764,1.0154537931271488
2020-08-21,-2,-1.7220570893578229,0.0,0.017962,0.0,0.007278,200000,203090.75862542976,3090.758625429764,1.0154537931271488
2020-08-22,-2,-1.5378940718922447,0.0,0.018165,0.0,0.007366,200000,203090.75862542976,3090.758625429764,1.0154537931271488
2020-08-23,-2,-1.3706024491683324,0.0,0.017889,0.0,0.007242,200000,203090.75862542976,3090.758625429764,1.0154537931271488
2020-08-24,-2,-1.348911420153235,0.0,0.01817,0.0,0.007515,200000,203090.75862542976,3090.758625429764,1.0154537931271488
2020-08-25,-1,-1.1186643521641677,6014652.56842474,0.016883,-14802533.427509459,0.00686,200000,203090.75862542976,3090.758625429764,1.0154537931271488
2020-08-26,-1,-0.907877565568338,6014652.56842474,0.017113,-14802533.427509459,0.006817,200000,203837.61977878457,3837.619778784574,1.0191880988939228
2020-08-27,-1,-0.8985966311328695,6014652.56842474,0.015933,-14802533.427509459,0.006428,200000,190982.14424474217,-9017.855755257828,0.9549107212237109
2020-08-28,-1,-0.6731223216603789,6014652.56842474,0.016317,-14802533.427509459,0.006439,200000,193454.5986987199,-6545.401301280101,0.9672729934935995
2020-08-29,-1,-0.725182577383758,6014652.56842474,0.016744,-14802533.427509459,0.006697,200000,199841.90896973468,-158.09103026532102,0.9992095448486734
2020-08-30,-1,-0.7017505643834219,6014652.56842474,0.017113,-14802533.427509459,0.006882,200000,204799.7844515727,4799.78445157269,1.0239989222578634
2020-08-31,-1,-0.8116972702602697,6014652.56842474,0.017372,-14802533.427509459,0.007111,200000,209747.35962169434,9747.35962169434,1.0487367981084716
2020-09-01,-1,-0.9908595141469535,6014652.56842474,0.016989,-14802533.427509459,0.007094,200000,207192.10461972002,7192.104619720019,1.0359605230986002
2020-09-02,-1,-0.954989662102674,6014652.56842474,0.015995,-14802533.427509459,0.006661,200000,194804.04299259422,-5195.957007405785,0.9740202149629711
2020-09-03,-1,-0.7663253575865832,6014652.56842474,0.012343,-14802533.427509459,0.005066,200000,149228.4909958295,-50771.50900417051,0.7461424549791474
2020-09-04,0,0.8331709528711447,0.0,0.014268,0.0,0.005465,200000,198169.54096048477,-1830.4590395152336,0.9908477048024238
2020-09-05,0,-0.012278791237098617,0.0,0.012101,0.0,0.004833,200000,198169.54096048477,-1830.4590395152336,0.9908477048024238
2020-09-06,0,-0.8090094946747867,0.0,0.012354,0.0,0.005073,200000,198169.54096048477,-1830.4590395152336,0.9908477048024238
2020-09-07,-2,-3.6078508392339406,0.0,0.012201,0.0,0.005963,200000,198169.54096048477,-1830.4590395152336,0.9908477048024238
2020-09-08,-2,-3.3300123798063965,0.0,0.012119,0.0,0.006604,200000,198169.54096048477,-1830.4590395152336,0.9908477048024238
2020-09-09,-2,-1.7941051832131187,0.0,0.012841,0.0,0.00625,200000,198169.54096048477,-1830.4590395152336,0.9908477048024238
2020-09-10,-2,-2.723643853134886,0.0,0.013005,0.0,0.007731,200000,198169.54096048477,-1830.4590395152336,0.9908477048024238
2020-09-11,-2,-2.0039237951841495,0.0,0.013239,0.0,0.007514,200000,198169.54096048477,-1830.4590395152336,0.9908477048024238
2020-09-12,-2,-2.113027287779021,0.0,0.013419,0.0,0.008372,200000,198169.54096048477,-1830.4590395152336,0.9908477048024238
2020-09-13,-2,-1.49268266957083,0.0,0.01281,0.0,0.007372,200000,198169.54096048477,-1830.4590395152336,0.9908477048024238
2020-09-14,0,-0.9185602239502748,0.0,0.012861,0.0,0.006765,200000,198169.54096048477,-1830.4590395152336,0.9908477048024238
2020-09-15,0,-0.5888733523352913,0.0,0.012569,0.0,0.006313,200000,198169.54096048477,-1830.4590395152336,0.9908477048024238
2020-09-16,0,-0.8730098578000199,0.0,0.01246,0.0,0.006689,200000,198169.54096048477,-1830.4590395152336,0.9908477048024238
2020-09-17,0,-0.12364341296152012,0.0,0.013514,0.0,0.00644,200000,198169.54096048477,-1830.4590395152336,0.9908477048024238
2020-09-18,0,0.27079648694035524,0.0,0.01443,0.0,0.006525,200000,198169.54096048477,-1830.4590395152336,0.9908477048024238
2020-09-19,0,0.9009122879327187,0.0,0.015265,0.0,0.006347,200000,198169.54096048477,-1830.4590395152336,0.9908477048024238
2020-09-20,0,0.7289353507241999,0.0,0.014476,0.0,0.00618,200000,198169.54096048477,-1830.4590395152336,0.9908477048024238
2020-09-21,0,0.6913603714030043,0.0,0.012605,0.0,0.005421,200000,198169.54096048477,-1830.4590395152336,0.9908477048024238
2020-09-22,0,0.4481445603797442,0.0,0.01234,0.0,0.00551,200000,198169.54096048477,-1830.4590395152336,0.9908477048024238
2020-09-23,0,0.2051788358801586,0.0,0.011381,0.0,0.005294,200000,198169.54096048477,-1830.4590395152336,0.9908477048024238
2020-09-24,0,0.2672957173160476,0.0,0.012385,0.0,0.005795,200000,198169.54096048477,-1830.4590395152336,0.9908477048024238
2020-09-25,0,0.638745237763949,0.0,0.012909,0.0,0.005842,200000,198169.54096048477,-1830.4590395152336,0.9908477048024238
2020-09-26,0,0.7028194690351223,0.0,0.012851,0.0,0.00583,200000,198169.54096048477,-1830.4590395152336,0.9908477048024238
2020-09-27,0,0.6089205130880012,0.0,0.012741,0.0,0.005815,200000,198169.54096048477,-1830.4590395152336,0.9908477048024238
2020-09-28,0,0.39062265959179204,0.0,0.012765,0.0,0.005927,200000,198169.54096048477,-1830.4590395152336,0.9908477048024238
2020-09-29,0,0.5863199713655572,0.0,0.013169,0.0,0.005964,200000,198169.54096048477,-1830.4590395152336,0.9908477048024238
2020-09-30,0,0.8265724313816879,0.0,0.013519,0.0,0.005923,200000,198169.54096048477,-1830.4590395152336,0.9908477048024238
2020-10-01,0,0.5366665641942098,0.0,0.012732,0.0,0.005696,200000,198169.54096048477,-1830.4590395152336,0.9908477048024238
2020-10-02,0,0.12394275068425185,0.0,0.011859,0.0,0.005456,200000,198169.54096048477,-1830.4590395152336,0.9908477048024238
2020-10-03,0,0.09067295842867744,0.0,0.011739,0.0,0.005366,200000,198169.54096048477,-1830.4590395152336,0.9908477048024238
2020-10-04,0,-0.5697833601941559,0.0,0.011657,0.0,0.005502,200000,198169.54096048477,-1830.4590395152336,0.9908477048024238
2020-10-05,-1,-1.092983051771542,8704627.117652848,0.011383,-17985981.20897484,0.005509,200000,198169.54096048477,-1830.4590395152336,0.9908477048024238
2020-10-06,-2,-2.6459711624137037,0.0,0.010106,0.0,0.005287,200000,205292.46196133504,5292.461961335037,1.0264623098066752
2020-10-07,0,-0.9520065754257689,0.0,0.011227,0.0,0.00537,200000,205292.46196133504,5292.461961335037,1.0264623098066752
2020-10-08,-2,-1.4709530340149413,0.0,0.011012,0.0,0.005464,200000,205292.46196133504,5292.461961335037,1.0264623098066752
2020-10-09,-2,-1.692816397412243,0.0,0.011455,0.0,0.0058,200000,205292.46196133504,5292.461961335037,1.0264623098066752
2020-10-10,-2,-1.5347585514471214,0.0,0.0114,0.0,0.005769,200000,205292.46196133504,5292.461961335037,1.0264623098066752
2020-10-11,-2,-1.8070774423206362,0.0,0.011436,0.0,0.005945,200000,205292.46196133504,5292.461961335037,1.0264623098066752
2020-10-12,-2,-1.5193420354545915,0.0,0.011377,0.0,0.005883,200000,205292.46196133504,5292.461961335037,1.0264623098066752
2020-10-13,-2,-1.5528188991774392,0.0,0.011482,0.0,0.006026,200000,205292.46196133504,5292.461961335037,1.0264623098066752
2020-10-14,-2,-1.2414462271102618,0.0,0.011139,0.0,0.005782,200000,205292.46196133504,5292.461961335037,1.0264623098066752
2020-10-15,-2,-1.3214267855403132,0.0,0.010963,0.0,0.00578,200000,205292.46196133504,5292.461961335037,1.0264623098066752
2020-10-16,0,-0.894179847123957,0.0,0.010591,0.0,0.005459,200000,205292.46196133504,5292.461961335037,1.0264623098066752
2020-10-17,0,-0.43695449282728555,0.0,0.010988,0.0,0.00552,200000,205292.46196133504,5292.461961335037,1.0264623098066752
2020-10-18,0,0.44274787191615067,0.0,0.011627,0.0,0.005543,200000,205292.46196133504,5292.461961335037,1.0264623098066752
2020-10-19,0,0.07842195719047211,0.0,0.011396,0.0,0.005576,200000,205292.46196133504,5292.461961335037,1.0264623098066752
2020-10-20,0,0.7299274661239326,0.0,0.010781,0.0,0.005131,200000,205292.46196133504,5292.461961335037,1.0264623098066752
2020-10-21,0,0.44655586388272656,0.0,0.011339,0.0,0.005511,200000,205292.46196133504,5292.461961335037,1.0264623098066752
2020-10-22,2,1.753273533419104,0.0,0.012155,0.0,0.00558,200000,205292.46196133504,5292.461961335037,1.0264623098066752
2020-10-23,2,2.100559061351228,0.0,0.012218,0.0,0.005507,200000,205292.46196133504,5292.461961335037,1.0264623098066752
2020-10-24,2,2.0512434978450784,0.0,0.012282,0.0,0.005481,200000,205292.46196133504,5292.461961335037,1.0264623098066752
2020-10-25,2,1.4090610014866436,0.0,0.01179,0.0,0.00539,200000,205292.46196133504,5292.461961335037,1.0264623098066752
2020-10-26,1,1.0918644918853246,-9029401.036300803,0.011368,19547939.626864888,0.005251,200000,205292.46196133504,5292.461961335037,1.0264623098066752
2020-10-27,1,0.9607630406134793,-9029401.036300803,0.01137,19547939.626864888,0.005274,200000,205760.12337482552,5760.123374825518,1.0288006168741275
2020-10-28,1,0.7424592067985101,-9029401.036300803,0.010638,19547939.626864888,0.004975,200000,193305.76786782074,-6694.232132179255,0.9665288393391037
2020-10-29,0,0.11011330507919712,0.0,0.010186,0.0,0.004921,200000,201070.5300132929,1070.5300132929115,1.0053526500664645
2020-10-30,0,-0.005935749792954605,0.0,0.01008,0.0,0.004891,200000,201070.5300132929,1070.5300132929115,1.0053526500664645
2020-10-31,0,-0.2710056257626167,0.0,0.009895,0.0,0.004855,200000,201070.5300132929,1070.5300132929115,1.0053526500664645
2020-11-01,0,0.3069192602126657,0.0,0.010505,0.0,0.004984,200000,201070.5300132929,1070.5300132929115,1.0053526500664645
2020-11-02,0,0.7709765449009334,0.0,0.01005,0.0,0.004645,200000,201070.5300132929,1070.5300132929115,1.0053526500664645
2020-11-03,0,0.02577354771898275,0.0,0.00925,0.0,0.004405,200000,201070.5300132929,1070.5300132929115,1.0053526500664645
2020-11-04,0,0.8968805513952627,0.0,0.009398,0.0,0.004309,200000,201070.5300132929,1070.5300132929115,1.0053526500664645
2020-11-05,0,0.0036876481563738518,0.0,0.009721,0.0,0.004583,200000,201070.5300132929,1070.5300132929115,1.0053526500664645
2020-11-06,2,1.386182719626855,0.0,0.011196,0.0,0.005049,200000,201070.5300132929,1070.5300132929115,1.0053526500664645
2020-11-07,2,1.7197086241482789,0.0,0.010383,0.0,0.004605,200000,201070.5300132929,1070.5300132929115,1.0053526500664645
2020-11-08,0,0.6558105352640428,0.0,0.011122,0.0,0.005081,200000,201070.5300132929,1070.5300132929115,1.0053526500664645
2020-11-09,2,1.3306952628328201,0.0,0.011035,0.0,0.004922,200000,201070.5300132929,1070.5300132929115,1.0053526500664645
2020-11-10,1,1.117998970997987,-8679553.225127036,0.011583,19397118.465492275,0.005183,200000,201070.5300132929,1070.5300132929115,1.0053526500664645
2020-11-11,1,0.6001683939934938,-8679553.225127036,0.01134,19397118.465492275,0.005147,200000,198263.1023148293,-1736.8976851706975,0.9913155115741465
2020-11-12,0,-0.6071050534716462,0.0,0.010644,0.0,0.005019,200000,196101.5569632394,-3898.443036760611,0.9805077848161969
2020-11-13,2,1.9876136982214387,0.0,0.011814,0.0,0.005137,200000,196101.5569632394,-3898.443036760611,0.9805077848161969
2020-11-14,2,1.8824534461726923,0.0,0.011245,0.0,0.004861,200000,196101.5569632394,-3898.443036760611,0.9805077848161969
2020-11-15,2,1.3653136440013438,0.0,0.011039,0.0,0.00483,200000,196101.5569632394,-3898.443036760611,0.9805077848161969
2020-11-16,2,1.7224096527201032,0.0,0.011336,0.0,0.004852,200000,196101.5569632394,-3898.443036760611,0.9805077848161969
2020-11-17,2,2.942194084011306,0.0,0.012346,0.0,0.004816,200000,196101.5569632394,-3898.443036760611,0.9805077848161969
2020-11-18,2,2.243492324523548,0.0,0.011777,0.0,0.004638,200000,196101.5569632394,-3898.443036760611,0.9805077848161969
2020-11-19,2,1.4372037349439588,0.0,0.011504,0.0,0.004694,200000,196101.5569632394,-3898.443036760611,0.9805077848161969
2020-11-20,2,1.6235413046927452,0.0,0.012059,0.0,0.004817,200000,196101.5569632394,-3898.443036760611,0.9805077848161969
2020-11-21,2,2.3687712582151312,0.0,0.014426,0.0,0.005356,200000,196101.5569632394,-3898.443036760611,0.9805077848161969
2020-11-22,2,1.8413687882986745,0.0,0.013905,0.0,0.005232,200000,196101.5569632394,-3898.443036760611,0.9805077848161969
2020-11-23,2,2.409452993529775,0.0,0.016023,0.0,0.005586,200000,196101.5569632394,-3898.443036760611,0.9805077848161969
2020-11-24,0,0.7556933804606708,0.0,0.016174,0.0,0.00637,200000,196101.5569632394,-3898.443036760611,0.9805077848161969
2020-11-25,1,1.1169342802894968,-5925234.377666165,0.016548,15630603.934579898,0.006273,200000,196101.5569632394,-3898.443036760611,0.9805077848161969
2020-11-26,1,0.8717968536004949,-5925234.377666165,0.014627,15630603.934579898,0.005612,200000,174387.35252298537,-25612.64747701463,0.8719367626149268
2020-11-27,1,0.7510708143830344,-5925234.377666165,0.014487,15630603.934579898,0.005576,200000,172995.11796846724,-27004.88203153276,0.8649755898423361
2020-11-28,1,0.7283955373934416,-5925234.377666165,0.01535,15630603.934579898,0.005881,200000,182875.92943644003,-17124.070563559973,0.9143796471822001
2020-11-29,1,0.23424281332322708,-5925234.377666165,0.015151,15630603.934579898,0.006002,200000,183588.1108713686,-16411.88912863139,0.9179405543568431
2020-11-30,1,0.417884068680067,-5925234.377666165,0.015972,15630603.934579898,0.006207,200000,191657.00210202142,-8342.997897978581,0.9582850105101071
2020-12-01,0,-0.4391625658961125,0.0,0.014737,0.0,0.006059,200000,188715.9067472861,-11284.093252713908,0.9435795337364304
2020-12-02,0,0.386464466313882,0.0,0.016405,0.0,0.00634,200000,188715.9067472861,-11284.093252713908,0.9435795337364304
2020-12-03,2,1.5789499959925146,0.0,0.017397,0.0,0.006244,200000,188715.9067472861,-11284.093252713908,0.9435795337364304
2020-12-04,0,0.3119364298210456,0.0,0.015698,0.0,0.006009,200000,188715.9067472861,-11284.093252713908,0.9435795337364304
2020-12-05,2,1.808649617415777,0.0,0.017484,0.0,0.006174,200000,188715.9067472861,-11284.093252713908,0.9435795337364304
2020-12-06,2,1.7671164216016282,0.0,0.017144,0.0,0.006027,200000,188715.9067472861,-11284.093252713908,0.9435795337364304
2020-12-07,2,2.5971230762488036,0.0,0.018137,0.0,0.005934,200000,188715.9067472861,-11284.093252713908,0.9435795337364304
2020-12-08,2,1.686753316697975,0.0,0.016382,0.0,0.005546,200000,188715.9067472861,-11284.093252713908,0.9435795337364304
2020-12-09,0,0.31927919695768425,0.0,0.016758,0.0,0.006129,200000,188715.9067472861,-11284.093252713908,0.9435795337364304
2020-12-10,0,0.06423024171901241,0.0,0.015937,0.0,0.005897,200000,188715.9067472861,-11284.093252713908,0.9435795337364304
2020-12-11,0,0.27875182255883635,0.0,0.015587,0.0,0.005692,200000,188715.9067472861,-11284.093252713908,0.9435795337364304
2020-12-12,0,0.48643793070520885,0.0,0.016497,0.0,0.00594,200000,188715.9067472861,-11284.093252713908,0.9435795337364304
2020-12-13,0,0.6005277857549206,0.0,0.01647,0.0,0.005905,200000,188715.9067472861,-11284.093252713908,0.9435795337364304
2020-12-14,0,-0.3673957508910108,0.0,0.01637,0.0,0.006184,200000,188715.9067472861,-11284.093252713908,0.9435795337364304
2020-12-15,0,-0.480863078379795,0.0,0.016501,0.0,0.006275,200000,188715.9067472861,-11284.093252713908,0.9435795337364304
2020-12-16,0,-0.11411491204288256,0.0,0.017274,0.0,0.006424,200000,188715.9067472861,-11284.093252713908,0.9435795337364304
2020-12-17,0,-0.3166462705630258,0.0,0.017092,0.0,0.006419,200000,188715.9067472861,-11284.093252713908,0.9435795337364304
2020-12-18,0,-0.37031852120571007,0.0,0.017424,0.0,0.006556,200000,188715.9067472861,-11284.093252713908,0.9435795337364304
2020-12-19,0,-0.6316115371003305,0.0,0.017373,0.0,0.00661,200000,188715.9067472861,-11284.093252713908,0.9435795337364304
2020-12-20,-2,-1.3324501799139612,0.0,0.016325,0.0,0.006469,200000,188715.9067472861,-11284.093252713908,0.9435795337364304
2020-12-21,-2,-1.480361858273109,0.0,0.015523,0.0,0.006164,200000,188715.9067472861,-11284.093252713908,0.9435795337364304
2020-12-22,0,-0.9825197645203942,0.0,0.015854,0.0,0.006132,200000,188715.9067472861,-11284.093252713908,0.9435795337364304
2020-12-23,0,-0.7362426294090488,0.0,0.013236,0.0,0.005073,200000,188715.9067472861,-11284.093252713908,0.9435795337364304
2020-12-24,0,-0.6089407929178023,0.0,0.014893,0.0,0.005668,200000,188715.9067472861,-11284.093252713908,0.9435795337364304
2020-12-25,-2,-1.3234023810029205,0.0,0.014598,0.0,0.005818,200000,188715.9067472861,-11284.093252713908,0.9435795337364304
2020-12-26,0,0.8969879015924853,0.0,0.016471,0.0,0.005847,200000,188715.9067472861,-11284.093252713908,0.9435795337364304
2020-12-27,2,1.5153709274849878,0.0,0.016542,0.0,0.005785,200000,188715.9067472861,-11284.093252713908,0.9435795337364304
2020-12-28,2,3.6874626048868144,0.0,0.020212,0.0,0.005892,200000,188715.9067472861,-11284.093252713908,0.9435795337364304
2020-12-29,2,3.107021499731501,0.0,0.021135,0.0,0.005797,200000,188715.9067472861,-11284.093252713908,0.9435795337364304
2020-12-30,2,1.9007760904822586,0.0,0.0202,0.0,0.005945,200000,188715.9067472861,-11284.093252713908,0.9435795337364304
2020-12-31,2,1.4371202514796955,0.0,0.018754,0.0,0.005673,200000,188715.9067472861,-11284.093252713908,0.9435795337364304
2021-01-01,2,1.2624507724599416,0.0,0.019052,0.0,0.005787,200000,188715.9067472861,-11284.093252713908,0.9435795337364304
2021-01-02,2,1.7398477864322337,0.0,0.019993,0.0,0.005615,200000,188715.9067472861,-11284.093252713908,0.9435795337364304
2021-01-03,2,2.9647096534715702,0.0,0.026226,0.0,0.005726,200000,188715.9067472861,-11284.093252713908,0.9435795337364304
2021-01-04,2,1.9671448394221651,0.0,0.024598,0.0,0.005796,200000,188715.9067472861,-11284.093252713908,0.9435795337364304
2021-01-05,2,2.3713031207166098,0.0,0.027964,0.0,0.005739,200000,188715.9067472861,-11284.093252713908,0.9435795337364304
2021-01-06,2,2.1383119850777956,0.0,0.030819,0.0,0.006113,200000,188715.9067472861,-11284.093252713908,0.9435795337364304
2021-01-07,2,1.3340198421564449,0.0,0.028673,0.0,0.006353,200000,188715.9067472861,-11284.093252713908,0.9435795337364304
2021-01-08,0,-0.26906506187671136,0.0,0.027299,0.0,0.008581,200000,188715.9067472861,-11284.093252713908,0.9435795337364304
2021-01-09,-1,-1.040213950018574,3274953.2616147106,0.028812,-8317873.181738633,0.011344,200000,188715.9067472861,-11284.093252713908,0.9435795337364304
2021-01-10,-1,-0.8970926692487085,3274953.2616147106,0.02707,-8317873.181738633,0.010123,200000,172854.8150106504,-27145.184989349596,0.864274075053252
2021-01-11,-2,-1.3058129939025631,0.0,0.024344,0.0,0.010585,200000,197035.13217524101,-2964.867824758985,0.9851756608762051
2021-01-12,-2,-1.3445457295844454,0.0,0.02299,0.0,0.010376,200000,197035.13217524101,-2964.867824758985,0.9851756608762051
2021-01-13,-2,-1.4164637858096951,0.0,0.026073,0.0,0.012541,200000,197035.13217524101,-2964.867824758985,0.9851756608762051
2021-01-14,-2,-1.6519755550661608,0.0,0.025743,0.0,0.01478,200000,197035.13217524101,-2964.867824758985,0.9851756608762051
2021-01-15,-2,-2.0439905837777843,0.0,0.025306,0.0,0.024766,200000,197035.13217524101,-2964.867824758985,0.9851756608762051
2021-01-16,-2,-1.5990723679282934,0.0,0.026863,0.0,0.02079,200000,197035.13217524101,-2964.867824758985,0.9851756608762051
2021-01-17,-2,-1.4067686039639253,0.0,0.027152,0.0,0.020653,200000,197035.13217524101,-2964.867824758985,0.9851756608762051
2021-01-18,-1,-1.1207058712618678,3198310.7517975685,0.030803,-4856431.336272331,0.020286,200000,197035.13217524101,-2964.867824758985,0.9851756608762051
2021-01-19,-1,-0.946937095011914,3198310.7517975685,0.029015,-4856431.336272331,0.017878,200000,179622.26589328318,-20377.734106716816,0.8981113294664159
2021-01-20,-1,-0.6748740282863034,3198310.7517975685,0.034595,-4856431.336272331,0.01825,200000,199275.4323454069,-724.567654593091,0.9963771617270345
2021-01-21,-1,-0.6316803655487707,3198310.7517975685,0.027918,-4856431.336272331,0.014886,200000,161583.27644043445,-38416.72355956555,0.8079163822021722
2021-01-22,-1,-0.49240513540026326,3198310.7517975685,0.031268,-4856431.336272331,0.015771,200000,176595.5591915573,-23404.440808442712,0.8829777959577865
2021-01-23,-1,-0.4457501852535352,3198310.7517975685,0.030068,-4856431.336272331,0.01545,200000,171198.67183045682,-28801.32816954318,0.8559933591522841
2021-01-24,-1,-0.5493002825457893,3198310.7517975685,0.030606,-4856431.336272331,0.017724,200000,183962.8878736072,-16037.112126392807,0.919814439368036
2021-01-25,-1,-0.3868440520494988,3198310.7517975685,0.029758,-4856431.336272331,0.016313,200000,174398.2957406026,-25601.704259397404,0.871991478703013
2021-01-26,-1,-0.40621734492489425,3198310.7517975685,0.029444,-4856431.336272331,0.016927,200000,176375.87500500935,-23624.12499499065,0.8818793750250468
2021-01-27,-1,-0.4552225012813506,3198310.7517975685,0.026361,-4856431.336272331,0.015691,200000,160512.93382558486,-39487.066174415144,0.8025646691279242
2021-01-28,-1,-0.5674788509636527,3198310.7517975685,0.027389,-4856431.336272331,0.017132,200000,170798.9148340012,-29201.08516599881,0.8539945741700059
2021-01-29,-1,-0.37990978831852257,3198310.7517975685,0.02783,-4856431.336272331,0.016936,200000,171257.50933363452,-28742.490666365484,0.8562875466681725
2021-01-30,-1,-0.2017583560535206,3198310.7517975685,0.026842,-4856431.336272331,0.01605,200000,163794.78014692123,-36205.21985307877,0.8189739007346062
2021-01-31,-1,-0.3164451512281499,3198310.7517975685,0.025397,-4856431.336272331,0.015755,200000,157740.57386637345,-42259.42613362655,0.7887028693318673
2021-02-01,0,0.5616376010077525,0.0,0.029382,0.0,0.016121,200000,181352.8952379711,-18647.104762028903,0.9067644761898555
2021-02-02,0,0.11627967926731946,0.0,0.028127,0.0,0.01666,200000,181352.8952379711,-18647.104762028903,0.9067644761898555
2021-02-03,0,0.09451150139799971,0.0,0.029177,0.0,0.017367,200000,181352.8952379711,-18647.104762028903,0.9067644761898555
2021-02-04,0,0.0483011831177217,0.0,0.02771,0.0,0.016295,200000,181352.8952379711,-18647.104762028903,0.9067644761898555
2021-02-05,0,0.3020339645059534,0.0,0.032096,0.0,0.018217,200000,181352.8952379711,-18647.104762028903,0.9067644761898555
2021-02-06,-2,-1.6092203992856264,0.0,0.029946,0.0,0.019791,200000,181352.8952379711,-18647.104762028903,0.9067644761898555
2021-02-07,-2,-1.3875107919730634,0.0,0.029139,0.0,0.018838,200000,181352.8952379711,-18647.104762028903,0.9067644761898555
2021-02-08,-2,-1.2189634511285277,0.0,0.031326,0.0,0.02006,200000,181352.8952379711,-18647.104762028903,0.9067644761898555
2021-02-09,0,-0.7188493025967211,0.0,0.035375,0.0,0.021872,200000,181352.8952379711,-18647.104762028903,0.9067644761898555
2021-02-10,0,-0.8645580721436065,0.0,0.035689,0.0,0.022485,200000,181352.8952379711,-18647.104762028903,0.9067644761898555
2021-02-11,0,-0.697234926957984,0.0,0.042558,0.0,0.026566,200000,181352.8952379711,-18647.104762028903,0.9067644761898555
2021-02-12,0,0.931885641960441,0.0,0.054359,0.0,0.031099,200000,181352.8952379711,-18647.104762028903,0.9067644761898555
2021-02-13,0,-0.9879663690881983,0.0,0.054766,0.0,0.034867,200000,181352.8952379711,-18647.104762028903,0.9067644761898555
2021-02-14,0,0.3800256223995071,0.0,0.052161,0.0,0.031014,200000,181352.8952379711,-18647.104762028903,0.9067644761898555
2021-02-15,0,0.2932732957447728,0.0,0.051032,0.0,0.030545,200000,181352.8952379711,-18647.104762028903,0.9067644761898555
2021-02-16,0,-0.5896265622665073,0.0,0.049319,0.0,0.030866,200000,181352.8952379711,-18647.104762028903,0.9067644761898555
2021-02-17,-2,-3.1150704883620906,0.0,0.051196,0.0,0.0402,200000,181352.8952379711,-18647.104762028903,0.9067644761898555
2021-02-18,-2,-2.4150978284463096,0.0,0.054483,0.0,0.042707,200000,181352.8952379711,-18647.104762028903,0.9067644761898555
2021-02-19,-2,-2.2244196444017414,0.0,0.053602,0.0,0.043628,200000,181352.8952379711,-18647.104762028903,0.9067644761898555
2021-02-20,-2,-1.6117523184272957,0.0,0.053554,0.0,0.0415,200000,181352.8952379711,-18647.104762028903,0.9067644761898555
2021-02-21,-2,-2.6481946118143522,0.0,0.054826,0.0,0.056268,200000,181352.8952379711,-18647.104762028903,0.9067644761898555
2021-02-22,-2,-2.5311776603525757,0.0,0.050147,0.0,0.059897,200000,181352.8952379711,-18647.104762028903,0.9067644761898555
2021-02-23,-2,-2.2689197723809276,0.0,0.042224,0.0,0.055317,200000,181352.8952379711,-18647.104762028903,0.9067644761898555
2021-02-24,-2,-1.8115177229759776,0.0,0.042694,0.0,0.052644,200000,181352.8952379711,-18647.104762028903,0.9067644761898555
2021-02-25,-2,-1.3545172566792205,0.0,0.039342,0.0,0.043304,200000,181352.8952379711,-18647.104762028903,0.9067644761898555
2021-02-26,-1,-1.0341949684121807,2298341.0037002396,0.039453,-2249366.134624567,0.040312,200000,181352.8952379711,-18647.104762028903,0.9067644761898555
2021-02-27,-1,-0.788672305530829,2298341.0037002396,0.040822,-2249366.134624567,0.039475,200000,182616.60461735597,-17383.395382644027,0.9130830230867799
2021-02-28,-1,-0.4355929404521572,2298341.0037002396,0.039735,-2249366.134624567,0.035048,200000,170160.36406835084,-29839.635931649158,0.8508018203417542
2021-03-01,-1,-0.38186222752647975,2298341.0037002396,0.045729,-2249366.134624567,0.04045,200000,196087.69590377196,-3912.3040962280356,0.9804384795188599
2021-03-02,-1,-0.4900742478388039,2298341.0037002396,0.043803,-2249366.134624567,0.040816,200000,192484.3591359179,-7515.640864082088,0.9624217956795895
2021-03-03,0,-0.03359889489536823,0.0,0.052864,0.0,0.044099,200000,159048.1935891704,-40951.806410829595,0.7952409679458521
2021-03-04,0,-0.268096337568278,0.0,0.050284,0.0,0.045633,200000,159048.1935891704,-40951.806410829595,0.7952409679458521
2021-03-05,0,-0.2835818016901407,0.0,0.05201,0.0,0.04828,200000,159048.1935891704,-40951.806410829595,0.7952409679458521
2021-03-06,0,0.20783039785041538,0.0,0.053272,0.0,0.045334,200000,159048.1935891704,-40951.806410829595,0.7952409679458521
2021-03-07,0,0.7335789582639264,0.0,0.05667,0.0,0.045319,200000,159048.1935891704,-40951.806410829595,0.7952409679458521
2021-03-08,2,2.010178037955163,0.0,0.065316,0.0,0.04463,200000,159048.1935891704,-40951.806410829595,0.7952409679458521
2021-03-09,2,1.457227761002964,0.0,0.064429,0.0,0.046748,200000,159048.1935891704,-40951.806410829595,0.7952409679458521
2021-03-10,2,1.3105137695048024,0.0,0.061343,0.0,0.045055,200000,159048.1935891704,-40951.806410829595,0.7952409679458521
2021-03-11,2,1.6511782801315968,0.0,0.067237,0.0,0.045976,200000,159048.1935891704,-40951.806410829595,0.7952409679458521
2021-03-12,2,1.7081666481559283,0.0,0.065552,0.0,0.043395,200000,159048.1935891704,-40951.806410829595,0.7952409679458521
2021-03-13,2,1.612029756539824,0.0,0.067523,0.0,0.043814,200000,159048.1935891704,-40951.806410829595,0.7952409679458521
2021-03-14,2,1.3727442588676755,0.0,0.066074,0.0,0.043502,200000,159048.1935891704,-40951.806410829595,0.7952409679458521
2021-03-15,2,2.348612235018749,0.0,0.078901,0.0,0.04261,200000,159048.1935891704,-40951.806410829595,0.7952409679458521
2021-03-16,2,1.8006602980895887,0.0,0.074411,0.0,0.042184,200000,159048.1935891704,-40951.806410829595,0.7952409679458521
2021-03-17,2,1.7101402009402438,0.0,0.076673,0.0,0.042714,200000,159048.1935891704,-40951.806410829595,0.7952409679458521
2021-03-18,2,1.2157132047022672,0.0,0.077475,0.0,0.045688,200000,159048.1935891704,-40951.806410829595,0.7952409679458521
2021-03-19,1,1.1807956144146066,-984635.6317041441,0.080765,1691606.1516365362,0.047011,200000,159048.1935891704,-40951.806410829595,0.7952409679458521
2021-03-20,0,-0.0990556281229974,0.0,0.089496,0.0,0.064004,200000,138899.58395481962,-61100.41604518038,0.6944979197740981
2021-03-21,1,1.0127958572977953,-740387.1130403383,0.093802,1262723.4904983602,0.055,200000,138899.58395481962,-61100.41604518038,0.6944979197740981
2021-03-22,2,1.3708924522751336,0.0,0.088369,0.0,0.04833,200000,143299.42645129553,-56700.57354870447,0.7164971322564777
2021-03-23,0,0.8996489552926464,0.0,0.083028,0.0,0.047852,200000,143299.42645129553,-56700.57354870447,0.7164971322564777
2021-03-24,2,1.4867440871964248,0.0,0.0846,0.0,0.044295,200000,143299.42645129553,-56700.57354870447,0.7164971322564777
2021-03-25,1,1.0655520988432696,-887171.1104931498,0.080762,1618361.37658726,0.044273,200000,143299.42645129553,-56700.57354870447,0.7164971322564777
2021-03-26,1,0.9517172838048338,-887171.1104931498,0.090047,1618361.37658726,0.049652,200000,160241.9760568873,-39758.0239431127,0.8012098802844365
2021-03-27,1,0.8549074242803667,-887171.1104931498,0.088445,1618361.37658726,0.048931,200000,157653.88938535785,-42346.11061464215,0.7882694469267892
2021-03-28,1,0.9675507580080636,-887171.1104931498,0.090733,1618361.37658726,0.049154,200000,160044.63147314516,-39955.36852685484,0.8002231573657258
2021-03-29,1,0.44184061261866475,-887171.1104931498,0.092003,1618361.37658726,0.052107,200000,165950.3599285336,-34049.64007146639,0.829751799642668
2021-03-30,0,-0.26884645101573645,0.0,0.089331,0.0,0.053531,200000,135918.80607266648,-64081.193927333516,0.6795940303633324
2021-03-31,0,-0.49903047745503515,0.0,0.087721,0.0,0.053163,200000,135918.80607266648,-64081.193927333516,0.6795940303633324
2021-04-01,0,-0.8736551979861181,0.0,0.088056,0.0,0.054694,200000,135918.80607266648,-64081.193927333516,0.6795940303633324
2021-04-02,0,-0.5271485247569169,0.0,0.094023,0.0,0.056503,200000,135918.80607266648,-64081.193927333516,0.6795940303633324
2021-04-03,0,-0.013647024565744513,0.0,0.087307,0.0,0.050236,200000,135918.80607266648,-64081.193927333516,0.6795940303633324
2021-04-04,0,0.2207639703137525,0.0,0.092423,0.0,0.052547,200000,135918.80607266648,-64081.193927333516,0.6795940303633324
2021-04-05,2,1.5346672219130197,0.0,0.102343,0.0,0.05326,200000,135918.80607266648,-64081.193927333516,0.6795940303633324
2021-04-06,2,1.3576625743128734,0.0,0.111808,0.0,0.058393,200000,135918.80607266648,-64081.193927333516,0.6795940303633324
2021-04-07,2,2.036423358380867,0.0,0.105908,0.0,0.051696,200000,135918.80607266648,-64081.193927333516,0.6795940303633324
2021-04-08,2,2.2660772575406254,0.0,0.116636,0.0,0.054035,200000,135918.80607266648,-64081.193927333516,0.6795940303633324
2021-04-09,2,2.783877023228425,0.0,0.125996,0.0,0.054006,200000,135918.80607266648,-64081.193927333516,0.6795940303633324
2021-04-10,2,3.058314443434742,0.0,0.141922,0.0,0.053369,200000,135918.80607266648,-64081.193927333516,0.6795940303633324
2021-04-11,2,1.8400705051939665,0.0,0.139394,0.0,0.057351,200000,135918.80607266648,-64081.193927333516,0.6795940303633324
2021-04-12,0,0.6067701316182484,0.0,0.128931,0.0,0.061344,200000,135918.80607266648,-64081.193927333516,0.6795940303633324
2021-04-13,2,1.2624717280129816,0.0,0.153447,0.0,0.066042,200000,135918.80607266648,-64081.193927333516,0.6795940303633324
2021-04-14,0,0.9390130964767124,0.0,0.168004,0.0,0.074491,200000,135918.80607266648,-64081.193927333516,0.6795940303633324
2021-04-15,0,0.7043317067715563,0.0,0.175601,0.0,0.079609,200000,135918.80607266648,-64081.193927333516,0.6795940303633324
2021-04-16,2,2.928019054719737,0.0,0.234485,0.0,0.07162,200000,135918.80607266648,-64081.193927333516,0.6795940303633324
2021-04-17,2,1.736085294717519,0.0,0.226425,0.0,0.078152,200000,135918.80607266648,-64081.193927333516,0.6795940303633324
2021-04-18,2,2.026754767782076,0.0,0.253321,0.0,0.078993,200000,135918.80607266648,-64081.193927333516,0.6795940303633324
2021-04-19,2,1.808280870804515,0.0,0.228215,0.0,0.070423,200000,135918.80607266648,-64081.193927333516,0.6795940303633324
2021-04-20,2,2.22790705102766,0.0,0.251237,0.0,0.067435,200000,135918.80607266648,-64081.193927333516,0.6795940303633324
2021-04-21,2,1.6768255781018824,0.0,0.226271,0.0,0.064149,200000,135918.80607266648,-64081.193927333516,0.6795940303633324
2021-04-22,2,1.783549487301496,0.0,0.190174,0.0,0.050625,200000,135918.80607266648,-64081.193927333516,0.6795940303633324
2021-04-23,2,1.8503203126761987,0.0,0.202086,0.0,0.050674,200000,135918.80607266648,-64081.193927333516,0.6795940303633324
2021-04-24,2,1.5510781883268343,0.0,0.178425,0.0,0.045657,200000,135918.80607266648,-64081.193927333516,0.6795940303633324
2021-04-25,1,1.0973646120939666,-403799.18619330507,0.1683,1479018.107822439,0.045949,200000,135918.80607266648,-64081.193927333516,0.6795940303633324
2021-04-26,1,0.48497083019913667,-403799.18619330507,0.18849,1479018.107822439,0.057489,200000,161139.38060618026,-38860.61939381974,0.8056969030309014
2021-04-27,1,0.4251520281026452,-403799.18619330507,0.2081,1479018.107822439,0.063311,200000,177668.7260711732,-22331.27392882679,0.888343630355866
2021-04-28,1,0.30252890179636177,-403799.18619330507,0.1984,1479018.107822439,0.060991,200000,170320.5519549501,-29679.44804504991,0.8516027597747504
2021-04-29,0,0.069704236933583,0.0,0.19127,0.0,0.060761,200000,123286.85716646073,-76713.14283353927,0.6164342858323036
2021-04-30,0,-0.35934588835532355,0.0,0.20098,0.0,0.069114,200000,123286.85716646073,-76713.14283353927,0.6164342858323036
2021-05-01,0,-0.07003608680973879,0.0,0.20422,0.0,0.065591,200000,123286.85716646073,-76713.14283353927,0.6164342858323036
2021-05-02,0,0.3783977059247475,0.0,0.21488,0.0,0.062992,200000,123286.85716646073,-76713.14283353927,0.6164342858323036
2021-05-03,0,0.013302460968851315,0.0,0.21084,0.0,0.064435,200000,123286.85716646073,-76713.14283353927,0.6164342858323036
2021-05-04,0,-0.03403352734143551,0.0,0.18753,0.0,0.056743,200000,123286.85716646073,-76713.14283353927,0.6164342858323036
2021-05-05,0,-0.10737484178753955,0.0,0.20705,0.0,0.061933,200000,123286.85716646073,-76713.14283353927,0.6164342858323036
2021-05-06,0,-0.11079591377427367,0.0,0.21584,0.0,0.064511,200000,123286.85716646073,-76713.14283353927,0.6164342858323036
2021-05-07,0,0.17009090002910052,0.0,0.2306,0.0,0.066767,200000,123286.85716646073,-76713.14283353927,0.6164342858323036
2021-05-08,0,0.16832377804106272,0.0,0.2234,0.0,0.064462,200000,123286.85716646073,-76713.14283353927,0.6164342858323036
2021-05-09,0,0.8902563300860404,0.0,0.23386,0.0,0.063419,200000,123286.85716646073,-76713.14283353927,0.6164342858323036
2021-05-10,0,0.8393368417281283,0.0,0.20262,0.0,0.055236,200000,123286.85716646073,-76713.14283353927,0.6164342858323036
2021-05-11,0,0.44725414359211924,0.0,0.21269,0.0,0.059688,200000,123286.85716646073,-76713.14283353927,0.6164342858323036
2021-05-12,0,-0.04834988001814313,0.0,0.1666,0.0,0.048843,200000,123286.85716646073,-76713.14283353927,0.6164342858323036
2021-05-13,0,0.946750993875694,0.0,0.18222,0.0,0.050246,200000,123286.85716646073,-76713.14283353927,0.6164342858323036
2021-05-14,0,0.9001391243797499,0.0,0.18674,0.0,0.052246,200000,123286.85716646073,-76713.14283353927,0.6164342858323036
2021-05-15,1,1.013646377946857,-357270.36387637863,0.17254,1282367.9755196664,0.04807,200000,123286.85716646073,-76713.14283353927,0.6164342858323036
2021-05-16,1,0.8473928671584869,-357270.36387637863,0.17646,1282367.9755196664,0.049391,200000,126381.36508851762,-73618.63491148238,0.6319068254425881
2021-05-17,0,0.17376872435995472,0.0,0.15775,0.0,0.045819,200000,120889.43879762388,-79110.56120237612,0.6044471939881194
2021-05-18,0,0.30451415578012736,0.0,0.16183,0.0,0.046505,200000,120889.43879762388,-79110.56120237612,0.6044471939881194
2021-05-19,0,0.6160172480160186,0.0,0.10533,0.0,0.02961,200000,120889.43879762388,-79110.56120237612,0.6044471939881194
2021-05-20,0,0.8372892409626193,0.0,0.13077,0.0,0.036352,200000,120889.43879762388,-79110.56120237612,0.6044471939881194
2021-05-21,-2,-2.4802185175945195,0.0,0.10813,0.0,0.034814,200000,120889.43879762388,-79110.56120237612,0.6044471939881194
2021-05-22,-2,-2.105322727325469,0.0,0.09944,0.0,0.032072,200000,120889.43879762388,-79110.56120237612,0.6044471939881194
2021-05-23,-2,-1.6725272382314704,0.0,0.08638,0.0,0.027391,200000,120889.43879762388,-79110.56120237612,0.6044471939881194
2021-05-24,0,-0.9583310195965343,0.0,0.1124,0.0,0.034283,200000,120889.43879762388,-79110.56120237612,0.6044471939881194
2021-05-25,0,-0.16078478525374115,0.0,0.11267,0.0,0.032883,200000,120889.43879762388,-79110.56120237612,0.6044471939881194
2021-05-26,2,1.554344949529103,0.0,0.13306,0.0,0.035289,200000,120889.43879762388,-79110.56120237612,0.6044471939881194
2021-05-27,0,0.580188661991758,0.0,0.1238,0.0,0.034445,200000,120889.43879762388,-79110.56120237612,0.6044471939881194
2021-05-28,0,0.5391329290203812,0.0,0.10815,0.0,0.030096,200000,120889.43879762388,-79110.56120237612,0.6044471939881194
2021-05-29,0,-0.7952434160448869,0.0,0.09896,0.0,0.029807,200000,120889.43879762388,-79110.56120237612,0.6044471939881194
2021-05-30,0,0.42475914017348804,0.0,0.10752,0.0,0.03034,200000,120889.43879762388,-79110.56120237612,0.6044471939881194
2021-05-31,2,1.862182486767057,0.0,0.12588,0.0,0.032602,200000,120889.43879762388,-79110.56120237612,0.6044471939881194
2021-06-01,2,1.5792377341613502,0.0,0.12068,0.0,0.031354,200000,120889.43879762388,-79110.56120237612,0.6044471939881194
2021-06-02,0,0.5798878967158526,0.0,0.12573,0.0,0.034641,200000,120889.43879762388,-79110.56120237612,0.6044471939881194
2021-06-03,2,2.033420926312274,0.0,0.14323,0.0,0.035518,200000,120889.43879762388,-79110.56120237612,0.6044471939881194
2021-06-04,2,1.724256445405081,0.0,0.12902,0.0,0.032123,200000,120889.43879762388,-79110.56120237612,0.6044471939881194
2021-06-05,2,1.5830024355335865,0.0,0.12534,0.0,0.031068,200000,120889.43879762388,-79110.56120237612,0.6044471939881194
2021-06-06,1,1.1758529937025204,-473482.0570171701,0.12766,1871411.4801948029,0.032299,200000,120889.43879762388,-79110.56120237612,0.6044471939881194
2021-06-07,1,0.7807241751948932,-473482.0570171701,0.11458,1871411.4801948029,0.029729,200000,109886.76598773865,-90113.23401226135,0.5494338299386932
2021-06-08,1,1.0430148246482718,-473482.0570171701,0.11285,1871411.4801948029,0.02846,200000,106692.82086073174,-93307.17913926826,0.5334641043036588
2021-06-09,1,1.134814392195135,-473482.0570171701,0.11996,1871411.4801948029,0.029771,200000,112512.6987366592,-87487.3012633408,0.562563493683296
2021-06-10,1,0.6633179789608017,-473482.0570171701,0.11204,1871411.4801948029,0.028738,200000,106829.55278604198,-93170.44721395802,0.5341477639302099
2021-06-11,0,0.16530907632210332,0.0,0.10482,0.0,0.027774,200000,118543.24556323318,-81456.75443676682,0.592716227816166
2021-06-12,0,0.9992300167083826,0.0,0.10624,0.0,0.026455,200000,118543.24556323318,-81456.75443676682,0.592716227816166
2021-06-13,0,0.9685967925550808,0.0,0.11244,0.0,0.027951,200000,118543.24556323318,-81456.75443676682,0.592716227816166
2021-06-14,0,0.1252416965421507,0.0,0.11334,0.0,0.029394,200000,118543.24556323318,-81456.75443676682,0.592716227816166
2021-06-15,0,0.014994506879249993,0.0,0.11135,0.0,0.02902,200000,118543.24556323318,-81456.75443676682,0.592716227816166
2021-06-16,0,0.4550732413694833,0.0,0.10752,0.0,0.027293,200000,118543.24556323318,-81456.75443676682,0.592716227816166
2021-06-17,0,0.6809276205264565,0.0,0.10726,0.0,0.026825,200000,118543.24556323318,-81456.75443676682,0.592716227816166
2021-06-18,0,0.06434533164702659,0.0,0.09957,0.0,0.025468,200000,118543.24556323318,-81456.75443676682,0.592716227816166
2021-06-19,0,0.5215815027607403,0.0,0.09639,0.0,0.024234,200000,118543.24556323318,-81456.75443676682,0.592716227816166
2021-06-20,2,1.9477869791946323,0.0,0.0984,0.0,0.02362,200000,118543.24556323318,-81456.75443676682,0.592716227816166
2021-06-21,2,2.11290785226286,0.0,0.07332,0.0,0.017301,200000,118543.24556323318,-81456.75443676682,0.592716227816166
2021-06-22,2,2.940117610752543,0.0,0.07176,0.0,0.01617,200000,118543.24556323318,-81456.75443676682,0.592716227816166
2021-06-23,0,0.6138802078158377,0.0,0.07614,0.0,0.0186,200000,118543.24556323318,-81456.75443676682,0.592716227816166
2021-06-24,0,0.8143190301264515,0.0,0.08077,0.0,0.019548,200000,118543.24556323318,-81456.75443676682,0.592716227816166
2021-06-25,0,0.24734417026618227,0.0,0.07209,0.0,0.017821,200000,118543.24556323318,-81456.75443676682,0.592716227816166
2021-06-26,0,-0.05134768613507908,0.0,0.074,0.0,0.018492,200000,118543.24556323318,-81456.75443676682,0.592716227816166
2021-06-27,0,0.7210998762041654,0.0,0.07806,0.0,0.018889,200000,118543.24556323318,-81456.75443676682,0.592716227816166
2021-06-28,0,-0.1321094663176322,0.0,0.07942,0.0,0.019827,200000,118543.24556323318,-81456.75443676682,0.592716227816166
2021-06-29,0,0.5472912357989163,0.0,0.09008,0.0,0.021902,200000,118543.24556323318,-81456.75443676682,0.592716227816166
2021-06-30,0,0.20282241870047282,0.0,0.09134,0.0,0.022451,200000,118543.24556323318,-81456.75443676682,0.592716227816166
2021-07-01,0,-0.924282426660176,0.0,0.08424,0.0,0.021505,200000,118543.24556323318,-81456.75443676682,0.592716227816166
2021-07-02,-2,-3.008670880000986,0.0,0.08655,0.0,0.025264,200000,118543.24556323318,-81456.75443676682,0.592716227816166
2021-07-03,-2,-2.2476811683639086,0.0,0.08736,0.0,0.025185,200000,118543.24556323318,-81456.75443676682,0.592716227816166
2021-07-04,-2,-2.0834204444840383,0.0,0.08778,0.0,0.025675,200000,118543.24556323318,-81456.75443676682,0.592716227816166
2021-07-05,-2,-1.7377577970921874,0.0,0.08342,0.0,0.02418,200000,118543.24556323318,-81456.75443676682,0.592716227816166
2021-07-06,-2,-1.423861738528475,0.0,0.08446,0.0,0.024184,200000,118543.24556323318,-81456.75443676682,0.592716227816166
2021-07-07,-2,-1.2990915552964124,0.0,0.0834,0.0,0.023928,200000,118543.24556323318,-81456.75443676682,0.592716227816166
2021-07-08,0,-0.7955782020107691,0.0,0.07607,0.0,0.020973,200000,118543.24556323318,-81456.75443676682,0.592716227816166
2021-07-09,0,-0.7441947750700533,0.0,0.07703,0.0,0.021263,200000,118543.24556323318,-81456.75443676682,0.592716227816166
2021-07-10,0,-0.551205903314555,0.0,0.07597,0.0,0.020736,200000,118543.24556323318,-81456.75443676682,0.592716227816166
2021-07-11,0,-0.6311868147318328,0.0,0.07768,0.0,0.0215,200000,118543.24556323318,-81456.75443676682,0.592716227816166
2021-07-12,0,-0.8725451166660693,0.0,0.07495,0.0,0.021302,200000,118543.24556323318,-81456.75443676682,0.592716227816166
2021-07-13,0,-0.6237065623537875,0.0,0.07294,0.0,0.020447,200000,118543.24556323318,-81456.75443676682,0.592716227816166
2021-07-14,0,-0.432298014366974,0.0,0.07256,0.0,0.020158,200000,118543.24556323318,-81456.75443676682,0.592716227816166
2021-07-15,0,-0.3378101608812047,0.0,0.06904,0.0,0.019146,200000,118543.24556323318,-81456.75443676682,0.592716227816166
2021-07-16,0,-0.2506821087002535,0.0,0.06521,0.0,0.01806,200000,118543.24556323318,-81456.75443676682,0.592716227816166
2021-07-17,0,-0.4134038571840945,0.0,0.0655,0.0,0.018432,200000,118543.24556323318,-81456.75443676682,0.592716227816166
2021-07-18,0,0.08865641137550152,0.0,0.06755,0.0,0.018556,200000,118543.24556323318,-81456.75443676682,0.592716227816166
2021-07-19,0,-0.5596789393817123,0.0,0.0618,0.0,0.017635,200000,118543.24556323318,-81456.75443676682,0.592716227816166
2021-07-20,-2,-2.4650103059703303,0.0,0.05773,0.0,0.017964,200000,118543.24556323318,-81456.75443676682,0.592716227816166
2021-07-21,-1,-1.1225528696672098,897375.0610388584,0.06605,-3052248.9717089757,0.019419,200000,118543.24556323318,-81456.75443676682,0.592716227816166
2021-07-22,-2,-1.3820437293260917,0.0,0.06777,0.0,0.020141,200000,119203.48421582024,-80796.51578417976,0.5960174210791012
2021-07-23,-2,-1.532247820473677,0.0,0.07099,0.0,0.021322,200000,119203.48421582024,-80796.51578417976,0.5960174210791012
2021-07-24,-2,-3.0337062869494313,0.0,0.07219,0.0,0.024234,200000,119203.48421582024,-80796.51578417976,0.5960174210791012
2021-07-25,-2,-1.653437173097807,0.0,0.07438,0.0,0.023425,200000,119203.48421582024,-80796.51578417976,0.5960174210791012
2021-07-26,0,-0.44855599769076393,0.0,0.07754,0.0,0.022869,200000,119203.48421582024,-80796.51578417976,0.5960174210791012
2021-07-27,0,0.6809839966852439,0.0,0.08396,0.0,0.02328,200000,119203.48421582024,-80796.51578417976,0.5960174210791012
2021-07-28,0,0.4168980432552905,0.0,0.08283,0.0,0.023316,200000,119203.48421582024,-80796.51578417976,0.5960174210791012
2021-07-29,0,-0.2066543421122357,0.0,0.08266,0.0,0.02411,200000,119203.48421582024,-80796.51578417976,0.5960174210791012
2021-07-30,0,-0.8832948346997793,0.0,0.08596,0.0,0.026136,200000,119203.48421582024,-80796.51578417976,0.5960174210791012
2021-07-31,0,-0.8907227718255102,0.0,0.08962,0.0,0.0274,200000,119203.48421582024,-80796.51578417976,0.5960174210791012
2021-08-01,0,-0.27521359161773984,0.0,0.08574,0.0,0.025413,200000,119203.48421582024,-80796.51578417976,0.5960174210791012
2021-08-02,0,-0.42778468257241176,0.0,0.08606,0.0,0.025796,200000,119203.48421582024,-80796.51578417976,0.5960174210791012
2021-08-03,0,0.429650965183575,0.0,0.0854,0.0,0.02455,200000,119203.48421582024,-80796.51578417976,0.5960174210791012
2021-08-04,0,0.5809568866983839,0.0,0.08841,0.0,0.025289,200000,119203.48421582024,-80796.51578417976,0.5960174210791012
2021-08-05,0,0.00938343333034331,0.0,0.09082,0.0,0.026789,200000,119203.48421582024,-80796.51578417976,0.5960174210791012
2021-08-06,0,0.6306613296154797,0.0,0.09665,0.0,0.02775,200000,119203.48421582024,-80796.51578417976,0.5960174210791012
2021-08-07,2,1.557686126315766,0.0,0.10371,0.0,0.028622,200000,119203.48421582024,-80796.51578417976,0.5960174210791012
2021-08-08,2,2.1376103002651887,0.0,0.1013,0.0,0.026864,200000,119203.48421582024,-80796.51578417976,0.5960174210791012
2021-08-09,2,1.8067272108672254,0.0,0.10574,0.0,0.028102,200000,119203.48421582024,-80796.51578417976,0.5960174210791012
2021-08-10,0,0.9147265652544602,0.0,0.10633,0.0,0.02945,200000,119203.48421582024,-80796.51578417976,0.5960174210791012
2021-08-11,0,0.8504429053748455,0.0,0.11096,0.0,0.030708,200000,119203.48421582024,-80796.51578417976,0.5960174210791012
2021-08-12,0,0.46024201524840463,0.0,0.10725,0.0,0.030228,200000,119203.48421582024,-80796.51578417976,0.5960174210791012
2021-08-13,2,1.46975154226618,0.0,0.12083,0.0,0.032278,200000,119203.48421582024,-80796.51578417976,0.5960174210791012
2021-08-14,2,2.4307195147845193,0.0,0.13014,0.0,0.032696,200000,119203.48421582024,-80796.51578417976,0.5960174210791012
2021-08-15,2,2.739923648420955,0.0,0.13937,0.0,0.033024,200000,119203.48421582024,-80796.51578417976,0.5960174210791012
2021-08-16,2,1.538862711722416,0.0,0.12869,0.0,0.032301,200000,119203.48421582024,-80796.51578417976,0.5960174210791012
2021-08-17,1,1.0714307228669955,-504415.55609267193,0.11816,1963425.4219235117,0.030356,200000,119203.48421582024,-80796.51578417976,0.5960174210791012
2021-08-18,1,1.1987666790628047,-504415.55609267193,0.11955,1963425.4219235117,0.030185,200000,119568.87609164012,-80431.12390835988,0.5978443804582005
2021-08-19,2,1.5478051502023487,0.0,0.13013,0.0,0.031719,200000,122565.18957216779,-77434.81042783221,0.6128259478608389
2021-08-20,2,1.2440196838457869,0.0,0.13295,0.0,0.032816,200000,122565.18957216779,-77434.81042783221,0.6128259478608389
2021-08-21,0,-0.395131075842771,0.0,0.12822,0.0,0.035285,200000,122565.18957216779,-77434.81042783221,0.6128259478608389
2021-08-22,-1,-1.1392209260094064,478135.24838951306,0.12817,-1655078.5855209413,0.037027,200000,122565.18957216779,-77434.81042783221,0.6128259478608389
2021-08-23,-2,-2.3262481068021117,0.0,0.13164,0.0,0.043006,200000,130801.77512308588,-69198.22487691412,0.6540088756154294
2021-08-24,-2,-2.0349118480807746,0.0,0.12128,0.0,0.039731,200000,130801.77512308588,-69198.22487691412,0.6540088756154294
2021-08-25,-2,-2.207732345968921,0.0,0.1275,0.0,0.044358,200000,130801.77512308588,-69198.22487691412,0.6540088756154294
2021-08-26,-2,-2.3450979264487604,0.0,0.11591,0.0,0.04423,200000,130801.77512308588,-69198.22487691412,0.6540088756154294
2021-08-27,-2,-1.7698372087745784,0.0,0.12803,0.0,0.04659,200000,130801.77512308588,-69198.22487691412,0.6540088756154294
2021-08-28,-2,-1.6068898734309556,0.0,0.12328,0.0,0.04541,200000,130801.77512308588,-69198.22487691412,0.6540088756154294
2021-08-29,-2,-1.260132950794227,0.0,0.12352,0.0,0.04384,200000,130801.77512308588,-69198.22487691412,0.6540088756154294
2021-08-30,-1,-1.106077544888746,558552.28936325,0.11709,-1586629.9748069614,0.04122,200000,130801.77512308588,-69198.22487691412,0.6540088756154294
2021-08-31,-1,-0.8971990572135571,558552.28936325,0.12282,-1586629.9748069614,0.04221,200000,135573.0434161962,-64426.95658380381,0.6778652170809809
2021-09-01,-1,-0.4635085373041549,558552.28936325,0.13728,-1586629.9748069614,0.04386,200000,146267.6489788203,-53732.3510211797,0.7313382448941015
2021-09-02,-1,-0.294059414546169,558552.28936325,0.14307,-1586629.9748069614,0.04472,200000,150866.1685125675,-49133.8314874325,0.7543308425628374
2021-09-03,-1,-1.0103638314213828,558552.28936325,0.14294,-1586629.9748069614,0.05212,200000,162534.6185285218,-37465.381471478206,0.812673092642609
2021-09-04,-2,-1.3974581915626925,0.0,0.14477,0.0,0.05884,200000,143297.46790960978,-56702.53209039022,0.7164873395480489
2021-09-05,-1,-1.1846105467135453,465523.578421187,0.15391,-1170348.4801503576,0.06122,200000,143297.46790960978,-56702.53209039022,0.7164873395480489
2021-09-06,-2,-1.382781626391048,0.0,0.14998,0.0,0.06425,200000,148673.13146766066,-51326.868532339344,0.7433656573383033
2021-09-07,-2,-1.386307622136546,0.0,0.12286,0.0,0.0541,200000,148673.13146766066,-51326.868532339344,0.7433656573383033
2021-09-08,-2,-2.4968921105467428,0.0,0.11837,0.0,0.07866,200000,148673.13146766066,-51326.868532339344,0.7433656573383033
2021-09-09,-2,-2.229302212560053,0.0,0.12163,0.0,0.07978,200000,148673.13146766066,-51326.868532339344,0.7433656573383033
2021-09-10,-2,-1.9877525171526058,0.0,0.11252,0.0,0.07458,200000,148673.13146766066,-51326.868532339344,0.7433656573383033
2021-09-11,-2,-1.6572824334799232,0.0,0.11549,0.0,0.07282,200000,148673.13146766066,-51326.868532339344,0.7433656573383033
2021-09-12,-2,-1.3877376846779814,0.0,0.11984,0.0,0.07294,200000,148673.13146766066,-51326.868532339344,0.7433656573383033
2021-09-13,-1,-1.1817273345498855,661063.2790914214,0.11245,-1115829.566704148,0.06662,200000,148673.13146766066,-51326.868532339344,0.7433656573383033
2021-09-14,-2,-1.2172752806176423,0.0,0.11764,0.0,0.07417,200000,153666.72627779248,-46333.27372220752,0.7683336313889624
2021-09-15,-1,-1.172668686249638,629472.088635886,0.12206,-966457.3979735376,0.0795,200000,153666.72627779248,-46333.27372220752,0.7683336313889624
2021-09-16,-1,-0.9693349070263639,629472.088635886,0.11669,-966457.3979735376,0.07301,200000,144014.15264896952,-55985.847351030476,0.7200707632448476
2021-09-17,-1,-0.8505014917819261,629472.088635886,0.11145,-966457.3979735376,0.06893,200000,136772.57272078545,-63227.42727921455,0.6838628636039272
2021-09-18,-1,-0.7664724344370611,629472.088635886,0.11297,-966457.3979735376,0.06986,200000,138628.17567562737,-61371.82432437263,0.6931408783781368
2021-09-19,-1,-0.6785216842054173,629472.088635886,0.10824,-966457.3979735376,0.0667,200000,132596.76731878327,-67403.23268121673,0.6629838365939164
2021-09-20,-1,-0.571356222432745,629472.088635886,0.09176,-966457.3979735376,0.05589,200000,111775.6628259699,-88224.3371740301,0.5588783141298495
2021-09-21,-1,-0.4872725525679608,629472.088635886,0.0861,-966457.3979735376,0.05224,200000,104685.28130168738,-95314.71869831262,0.5234264065084369
2021-09-22,-1,-0.7243097770421113,629472.088635886,0.09956,-966457.3979735376,0.0656,200000,126069.84645165288,-73930.15354834712,0.6303492322582644
2021-09-23,-1,-0.6134239949558679,629472.088635886,0.10202,-966457.3979735376,0.06624,200000,128236.88052440021,-71763.11947559979,0.641184402622001
2021-09-24,-1,-0.603134909928356,629472.088635886,0.09229,-966457.3979735376,0.06065,200000,116709.62024730098,-83290.37975269902,0.5835481012365049
2021-09-25,-1,-0.5695844637243829,629472.088635886,0.08994,-966457.3979735376,0.05915,200000,113780.67474204634,-86219.32525795366,0.5689033737102317
2021-09-26,-1,-0.31579772214526963,629472.088635886,0.09149,-966457.3979735376,0.05862,200000,114244.13405850598,-85755.86594149402,0.57122067029253
2021-09-27,-1,-0.714365443111379,629472.088635886,0.08634,-966457.3979735376,0.05621,200000,108673.19047291495,-91326.80952708505,0.5433659523645747
2021-09-28,-1,-0.3854697685704311,629472.088635886,0.08173,-966457.3979735376,0.05246,200000,102147.10890190274,-97852.89109809726,0.5107355445095136
2021-09-29,0,0.041732293411745294,0.0,0.08468,0.0,0.05347,200000,152039.5068817507,-47960.49311824929,0.7601975344087536
2021-09-30,2,2.611139961555507,0.0,0.09598,0.0,0.05465,200000,152039.5068817507,-47960.49311824929,0.7601975344087536
2021-10-01,2,3.01933165274572,0.0,0.10825,0.0,0.05773,200000,152039.5068817507,-47960.49311824929,0.7601975344087536
2021-10-02,2,2.9447873619163887,0.0,0.11131,0.0,0.05608,200000,152039.5068817507,-47960.49311824929,0.7601975344087536
2021-10-03,2,2.4002251673655426,0.0,0.11042,0.0,0.0554,200000,152039.5068817507,-47960.49311824929,0.7601975344087536
2021-10-04,2,2.220797900372687,0.0,0.10939,0.0,0.0535,200000,152039.5068817507,-47960.49311824929,0.7601975344087536
2021-10-05,2,1.7979412538406603,0.0,0.11342,0.0,0.05606,200000,152039.5068817507,-47960.49311824929,0.7601975344087536
2021-10-06,2,1.6595797092309956,0.0,0.11231,0.0,0.05494,200000,152039.5068817507,-47960.49311824929,0.7601975344087536
2021-10-07,2,1.514635625996159,0.0,0.11169,0.0,0.05431,200000,152039.5068817507,-47960.49311824929,0.7601975344087536
2021-10-08,1,1.0181046722545481,-681669.2381714075,0.11152,1344768.3255063747,0.05653,200000,152039.5068817507,-47960.49311824929,0.7601975344087536
2021-10-09,1,1.007503230730568,-681669.2381714075,0.11892,1344768.3255063747,0.05966,200000,161292.9841030541,-38707.0158969459,0.8064649205152705
2021-10-10,1,1.076302212824887,-681669.2381714075,0.11031,1344768.3255063747,0.05423,200000,148121.71995489867,-51878.28004510133,0.7406085997744933
2021-10-11,1,0.9096200006171907,-681669.2381714075,0.10911,1344768.3255063747,0.05409,200000,147115.44930352207,-52884.550696477934,0.7355772465176103
2021-10-12,1,0.6211747822058925,-681669.2381714075,0.10675,1344768.3255063747,0.05424,200000,145708.4251502635,-54291.5748497365,0.7285421257513175
2021-10-13,1,1.0954943484081903,-681669.2381714075,0.11553,1344768.3255063747,0.05505,200000,152782.74340506864,-47217.25659493136,0.7639137170253432
2021-10-14,2,1.3025713393196534,0.0,0.11916,0.0,0.05488,200000,159466.32759846578,-40533.67240153422,0.7973316379923289
2021-10-15,2,1.6503633944651541,0.0,0.11987,0.0,0.05252,200000,159466.32759846578,-40533.67240153422,0.7973316379923289
2021-10-16,2,1.5458948270847113,0.0,0.1199,0.0,0.05234,200000,159466.32759846578,-40533.67240153422,0.7973316379923289
2021-10-17,2,1.9118569409893855,0.0,0.12223,0.0,0.05082,200000,159466.32759846578,-40533.67240153422,0.7973316379923289
2021-10-18,2,1.6547375712786332,0.0,0.11844,0.0,0.04998,200000,159466.32759846578,-40533.67240153422,0.7973316379923289
2021-10-19,2,1.3610140362843364,0.0,0.11608,0.0,0.05013,200000,159466.32759846578,-40533.67240153422,0.7973316379923289
2021-10-20,2,1.4680916289259893,0.0,0.12223,0.0,0.052,200000,159466.32759846578,-40533.67240153422,0.7973316379923289
2021-10-21,2,2.3886149673627886,0.0,0.12953,0.0,0.05011,200000,159466.32759846578,-40533.67240153422,0.7973316379923289
2021-10-22,2,1.8808903429833974,0.0,0.13015,0.0,0.05101,200000,159466.32759846578,-40533.67240153422,0.7973316379923289
2021-10-23,2,2.017097163156061,0.0,0.13596,0.0,0.05121,200000,159466.32759846578,-40533.67240153422,0.7973316379923289
2021-10-24,2,1.7444481715423281,0.0,0.13237,0.0,0.04984,200000,159466.32759846578,-40533.67240153422,0.7973316379923289
2021-10-25,2,2.002170543515769,0.0,0.14248,0.0,0.05076,200000,159466.32759846578,-40533.67240153422,0.7973316379923289
2021-10-26,2,1.5626450047801088,0.0,0.14029,0.0,0.05106,200000,159466.32759846578,-40533.67240153422,0.7973316379923289
2021-10-27,2,1.559876103044914,0.0,0.12415,0.0,0.04426,200000,159466.32759846578,-40533.67240153422,0.7973316379923289
2021-10-28,2,1.256288487879342,0.0,0.13007,0.0,0.04722,200000,159466.32759846578,-40533.67240153422,0.7973316379923289
2021-10-29,2,1.344030315701743,0.0,0.13746,0.0,0.04875,200000,159466.32759846578,-40533.67240153422,0.7973316379923289
2021-10-30,0,0.8583518607706088,0.0,0.13058,0.0,0.04827,200000,159466.32759846578,-40533.67240153422,0.7973316379923289
2021-10-31,0,0.6931838391721165,0.0,0.13311,0.0,0.04966,200000,159466.32759846578,-40533.67240153422,0.7973316379923289
2021-11-01,1,1.0564104310881706,-583783.5978857292,0.13658,1628204.2842400018,0.04897,200000,159466.32759846578,-40533.67240153422,0.7973316379923289
2021-11-02,1,0.6893903751168909,-583783.5978857292,0.14015,1628204.2842400018,0.05154,200000,165734.92005341465,-34265.07994658535,0.8286746002670733
2021-11-03,0,-0.3987934297317272,0.0,0.13722,0.0,0.05458,200000,150705.72306652626,-49294.27693347374,0.7535286153326313
2021-11-04,1,1.1250154504060634,-493663.9251393025,0.15264,1393616.821403054,0.05407,200000,150705.72306652626,-49294.27693347374,0.7535286153326313
2021-11-05,2,2.169189429522091,0.0,0.1581,0.0,0.05141,200000,157108.14884271898,-42891.851157281024,0.7855407442135949
2021-11-06,2,2.291133966682446,0.0,0.16057,0.0,0.05024,200000,157108.14884271898,-42891.851157281024,0.7855407442135949
2021-11-07,2,1.5793294997664726,0.0,0.15506,0.0,0.05036,200000,157108.14884271898,-42891.851157281024,0.7855407442135949
2021-11-08,2,2.5332725053172243,0.0,0.17603,0.0,0.05165,200000,157108.14884271898,-42891.851157281024,0.7855407442135949
2021-11-09,2,1.870391305446019,0.0,0.17095,0.0,0.05183,200000,157108.14884271898,-42891.851157281024,0.7855407442135949
2021-11-10,2,1.9086228222035713,0.0,0.16257,0.0,0.04796,200000,157108.14884271898,-42891.851157281024,0.7855407442135949
2021-11-11,2,1.7344855646045392,0.0,0.16513,0.0,0.04843,200000,157108.14884271898,-42891.851157281024,0.7855407442135949
2021-11-12,2,1.2950782344715612,0.0,0.15866,0.0,0.04768,200000,157108.14884271898,-42891.851157281024,0.7855407442135949
2021-11-13,1,1.1534162217673827,-489769.1528234895,0.16039,1627389.153125326,0.04827,200000,157108.14884271898,-42891.851157281024,0.7855407442135949
2021-11-14,1,1.1554965490119289,-489769.1528234895,0.16169,1627389.153125326,0.04811,200000,157484.46647688944,-42515.53352311056,0.7874223323844473
2021-11-15,1,1.0087820463028918,-489769.1528234895,0.16292,1627389.153125326,0.04865,200000,158965.67267755,-41034.32732245,0.79482836338775
2021-11-16,1,0.4337904211525732,-489769.1528234895,0.14428,1627389.153125326,0.04521,200000,144238.15698216905,-55761.84301783095,0.7211907849108452
2021-11-17,0,0.007029523793039164,0.0,0.14514,0.0,0.04714,200000,151478.11900519236,-48521.88099480764,0.7573905950259618
2021-11-18,0,0.11101429526147878,0.0,0.12889,0.0,0.04126,200000,151478.11900519236,-48521.88099480764,0.7573905950259618
2021-11-19,0,0.3599915888762431,0.0,0.13927,0.0,0.04331,200000,151478.11900519236,-48521.88099480764,0.7573905950259618
2021-11-20,0,0.022590183271712826,0.0,0.13952,0.0,0.04434,200000,151478.11900519236,-48521.88099480764,0.7573905950259618
2021-11-21,0,-0.6978131653029351,0.0,0.13252,0.0,0.04444,200000,151478.11900519236,-48521.88099480764,0.7573905950259618
2021-11-22,0,-0.8872751960247234,0.0,0.12656,0.0,0.0427,200000,151478.11900519236,-48521.88099480764,0.7573905950259618
2021-11-23,0,-0.7594617854701715,0.0,0.13097,0.0,0.04275,200000,151478.11900519236,-48521.88099480764,0.7573905950259618
2021-11-24,-2,-1.4500830807449387,0.0,0.1221,0.0,0.041,200000,151478.11900519236,-48521.88099480764,0.7573905950259618
2021-11-25,0,-0.8870435510461034,0.0,0.12782,0.0,0.04174,200000,151478.11900519236,-48521.88099480764,0.7573905950259618
2021-11-26,0,-0.9759649001422015,0.0,0.11336,0.0,0.03733,200000,151478.11900519236,-48521.88099480764,0.7573905950259618
2021-11-27,-1,-1.0821339563676025,663679.1053504748,0.11412,-1999975.165106844,0.03787,200000,151478.11900519236,-48521.88099480764,0.7573905950259618
2021-11-28,-1,-0.7994711854543475,663679.1053504748,0.11639,-1999975.165106844,0.03822,200000,153684.66188212534,-46315.338117874664,0.7684233094106266
2021-11-29,-2,-1.4147719010153712,0.0,0.1213,0.0,0.04149,200000,153952.81312646274,-46047.186873537255,0.7697640656323137
2021-11-30,0,-0.9580524104323916,0.0,0.11917,0.0,0.03996,200000,153952.81312646274,-46047.186873537255,0.7697640656323137
2021-12-01,-2,-1.2353789253414136,0.0,0.1182,0.0,0.04039,200000,153952.81312646274,-46047.186873537255,0.7697640656323137
2021-12-02,-2,-1.5043042353237512,0.0,0.11582,0.0,0.04042,200000,153952.81312646274,-46047.186873537255,0.7697640656323137
2021-12-03,-1,-1.0569461473803654,708937.2496153193,0.10858,-2068146.3343157272,0.03722,200000,153952.81312646274,-46047.186873537255,0.7697640656323137
2021-12-04,-1,-1.1879440906981695,708937.2496153193,0.09656,-2068146.3343157272,0.03337,200000,137469.02399897104,-62530.97600102896,0.6873451199948553
2021-12-05,-2,-2.455706566168781,0.0,0.08979,0.0,0.03308,200000,158711.61822266746,-41288.38177733254,0.7935580911133373
2021-12-06,-2,-1.8135951404021717,0.0,0.09339,0.0,0.0338,200000,158711.61822266746,-41288.38177733254,0.7935580911133373
2021-12-07,-2,-2.139295510893817,0.0,0.09151,0.0,0.03432,200000,158711.61822266746,-41288.38177733254,0.7935580911133373
2021-12-08,-2,-1.4287205994765768,0.0,0.09448,0.0,0.03446,200000,158711.61822266746,-41288.38177733254,0.7935580911133373
2021-12-09,-2,-1.7303064434844908,0.0,0.08553,0.0,0.03195,200000,158711.61822266746,-41288.38177733254,0.7935580911133373
2021-12-10,-2,-1.9987839708282376,0.0,0.08056,0.0,0.03099,200000,158711.61822266746,-41288.38177733254,0.7935580911133373
2021-12-11,-2,-1.2824554049398813,0.0,0.08617,0.0,0.03213,200000,158711.61822266746,-41288.38177733254,0.7935580911133373
2021-12-12,0,-0.8348539760772052,0.0,0.08698,0.0,0.03178,200000,158711.61822266746,-41288.38177733254,0.7935580911133373
2021-12-13,-1,-1.1823024674954588,1028324.5964925973,0.07717,-2741133.3026367435,0.02895,200000,158711.61822266746,-41288.38177733254,0.7935580911133373
2021-12-14,-1,-1.1570237901653977,1028324.5964925973,0.07969,-2741133.3026367435,0.03007,200000,164373.06550478196,-35626.93449521804,0.8218653275239098
2021-12-15,-1,-0.5828913044150295,1028324.5964925973,0.08306,-2741133.3026367435,0.03046,200000,168907.56138299033,-31092.43861700967,0.8445378069149516
2021-12-16,-1,-0.23303491310071728,1028324.5964925973,0.08158,-2741133.3026367435,0.02949,200000,164726.74167662364,-35273.25832337636,0.8236337083831182
2021-12-17,0,-0.13983786245619695,0.0,0.08008,0.0,0.02893,200000,155664.37098082126,-44335.62901917874,0.7783218549041063
2021-12-18,0,0.7976965378127476,0.0,0.08413,0.0,0.02936,200000,155664.37098082126,-44335.62901917874,0.7783218549041063
2021-12-19,0,-0.06269026071950053,0.0,0.08026,0.0,0.02906,200000,155664.37098082126,-44335.62901917874,0.7783218549041063
2021-12-20,0,-0.3143774089768672,0.0,0.0795,0.0,0.02916,200000,155664.37098082126,-44335.62901917874,0.7783218549041063
2021-12-21,0,0.04333300372476813,0.0,0.08326,0.0,0.03027,200000,155664.37098082126,-44335.62901917874,0.7783218549041063
2021-12-22,0,-0.014954370137399486,0.0,0.08684,0.0,0.0317,200000,155664.37098082126,-44335.62901917874,0.7783218549041063
2021-12-23,-2,-2.0383498453971614,0.0,0.09299,0.0,0.03625,200000,155664.37098082126,-44335.62901917874,0.7783218549041063
2021-12-24,0,-0.9895074865443081,0.0,0.09185,0.0,0.03475,200000,155664.37098082126,-44335.62901917874,0.7783218549041063
2021-12-25,-1,-1.0655247528156935,822055.1910689758,0.09468,-2163206.934141485,0.03598,200000,155664.37098082126,-44335.62901917874,0.7783218549041063
2021-12-26,-2,-2.3011996798642094,0.0,0.09447,0.0,0.03772,200000,159600.98263635195,-40399.01736364805,0.7980049131817597
2021-12-27,0,-0.23469520165091132,0.0,0.09773,0.0,0.03654,200000,159600.98263635195,-40399.01736364805,0.7980049131817597
2021-12-28,0,-0.08054973678947863,0.0,0.08762,0.0,0.03264,200000,159600.98263635195,-40399.01736364805,0.7980049131817597
2021-12-29,-1,-1.1260368160056098,966341.6240999755,0.08258,-2504723.519089014,0.03186,200000,159600.98263635195,-40399.01736364805,0.7980049131817597
2021-12-30,-1,-0.5641986624261084,966341.6240999755,0.08461,-2504723.519089014,0.03202,200000,161963.41189632914,-38036.58810367086,0.8098170594816457
2021-12-31,-1,-0.5589613115342982,966341.6240999755,0.08267,-2504723.519089014,0.03131,200000,158310.35544702198,-41689.64455297802,0.7915517772351099
2022-01-01,-1,-0.44673673315795986,966341.6240999755,0.08658,-2504723.519089014,0.03273,200000,165645.4585943593,-34354.54140564069,0.8282272929717965
2022-01-02,-2,-1.3880852103681485,0.0,0.08714,0.0,0.0341,200000,160805.04551321545,-39194.954486784554,0.8040252275660772
2022-01-03,-1,-1.0578421852205127,936328.4355025938,0.08587,-2413765.3184211263,0.03331,200000,160805.04551321545,-39194.954486784554,0.8040252275660772
2022-01-04,-1,-0.4173152974204897,936328.4355025938,0.0859,-2413765.3184211263,0.03265,200000,159240.0502561226,-40759.9497438774,0.796200251280613
2022-01-05,0,1.6648578919629822,0.0,0.08461,0.0,0.02992,200000,153802.1549125011,-46197.84508749889,0.7690107745625056
2022-01-06,0,0.19691494964419456,0.0,0.08257,0.0,0.03075,200000,153802.1549125011,-46197.84508749889,0.7690107745625056
2022-01-07,0,0.5353610670837581,0.0,0.07861,0.0,0.0291,200000,153802.1549125011,-46197.84508749889,0.7690107745625056
2022-01-08,0,0.13349435205899202,0.0,0.07545,0.0,0.02832,200000,153802.1549125011,-46197.84508749889,0.7690107745625056
2022-01-09,0,0.3263265719843149,0.0,0.07663,0.0,0.02864,200000,153802.1549125011,-46197.84508749889,0.7690107745625056
2022-01-10,0,-0.02306810354899884,0.0,0.07302,0.0,0.02761,200000,153802.1549125011,-46197.84508749889,0.7690107745625056
2022-01-11,0,-0.3433276551594809,0.0,0.07661,0.0,0.02927,200000,153802.1549125011,-46197.84508749889,0.7690107745625056
2022-01-12,1,1.1537064861644717,-933492.0788571324,0.08238,2543866.273776069,0.03023,200000,153802.1549125011,-46197.84508749889,0.7690107745625056
2022-01-13,1,0.3157221942541703,-933492.0788571324,0.07777,2543866.273776069,0.02912,200000,146675.0648650783,-53324.93513492169,0.7333753243253915
2022-01-14,1,0.35411613682921034,-933492.0788571324,0.07898,2543866.273776069,0.02952,200000,148822.13679000584,-51177.86320999416,0.7441106839500292
2022-01-15,0,-0.32491728041570467,0.0,0.07851,0.0,0.02974,200000,151436.03504147427,-48563.96495852573,0.7571801752073714
2022-01-16,0,-0.6895628022979627,0.0,0.07844,0.0,0.02999,200000,151436.03504147427,-48563.96495852573,0.7571801752073714
2022-01-17,0,-0.33564834728448806,0.0,0.07519,0.0,0.02855,200000,151436.03504147427,-48563.96495852573,0.7571801752073714
2022-01-18,0,-0.5660186347957743,0.0,0.07414,0.0,0.02827,200000,151436.03504147427,-48563.96495852573,0.7571801752073714
2022-01-19,-1,-1.1355423776228153,1070521.949960938,0.07073,-2767471.4006117377,0.02736,200000,151436.03504147427,-48563.96495852573,0.7571801752073714
2022-01-20,-1,-0.5339581827472112,1070521.949960938,0.0676,-2767471.4006117377,0.02581,200000,143795.72066714836,-56204.27933285164,0.7189786033357418
2022-01-21,-2,-2.1945081709071723,0.0,0.05746,0.0,0.02306,200000,153741.73429482547,-46258.265705174534,0.7687086714741274
2022-01-22,-2,-2.4320450596635683,0.0,0.05163,0.0,0.02114,200000,153741.73429482547,-46258.265705174534,0.7687086714741274
2022-01-23,-2,-2.7029382051039064,0.0,0.05314,0.0,0.02262,200000,153741.73429482547,-46258.265705174534,0.7687086714741274
2022-01-24,-2,-2.1075672103988192,0.0,0.05142,0.0,0.02175,200000,153741.73429482547,-46258.265705174534,0.7687086714741274
2022-01-25,-2,-1.363568881642169,0.0,0.05363,0.0,0.02198,200000,153741.73429482547,-46258.265705174534,0.7687086714741274
2022-01-26,-2,-2.2688705697056575,0.0,0.05337,0.0,0.02344,200000,153741.73429482547,-46258.265705174534,0.7687086714741274
2022-01-27,-2,-2.34194586275344,0.0,0.05237,0.0,0.0239,200000,153741.73429482547,-46258.265705174534,0.7687086714741274
2022-01-28,-2,-1.7924666404947702,0.0,0.05392,0.0,0.02418,200000,153741.73429482547,-46258.265705174534,0.7687086714741274
2022-01-29,-2,-2.097259402589958,0.0,0.05449,0.0,0.02584,200000,153741.73429482547,-46258.265705174534,0.7687086714741274
2022-01-30,-2,-1.9403251861860118,0.0,0.05256,0.0,0.02537,200000,153741.73429482547,-46258.265705174534,0.7687086714741274
2022-01-31,-2,-1.754250012155321,0.0,0.05385,0.0,0.02624,200000,153741.73429482547,-46258.265705174534,0.7687086714741274
