date,statusList,zscore,VETUSDT_position,VETUSDT_price,TFUELUSDT_position,TFUELUSDT_price,init,total_asset,pnl,return
2020-01-01,0,,0.0,0.005358,0.0,0.002383,200000,200000.0,0.0,1.0
2020-01-02,0,,0.0,0.005094,0.0,0.002297,200000,200000.0,0.0,1.0
2020-01-03,0,,0.0,0.005327,0.0,0.002403,200000,200000.0,0.0,1.0
2020-01-04,0,,0.0,0.00562,0.0,0.002429,200000,200000.0,0.0,1.0
2020-01-05,0,,0.0,0.005465,0.0,0.002412,200000,200000.0,0.0,1.0
2020-01-06,0,,0.0,0.00573,0.0,0.002461,200000,200000.0,0.0,1.0
2020-01-07,0,,0.0,0.005578,0.0,0.002382,200000,200000.0,0.0,1.0
2020-01-08,0,,0.0,0.005492,0.0,0.002511,200000,200000.0,0.0,1.0
2020-01-09,0,,0.0,0.005319,0.0,0.002395,200000,200000.0,0.0,1.0
2020-01-10,0,,0.0,0.005454,0.0,0.002402,200000,200000.0,0.0,1.0
2020-01-11,0,,0.0,0.005526,0.0,0.002403,200000,200000.0,0.0,1.0
2020-01-12,0,,0.0,0.005523,0.0,0.002452,200000,200000.0,0.0,1.0
2020-01-13,0,,0.0,0.005407,0.0,0.002456,200000,200000.0,0.0,1.0
2020-01-14,0,,0.0,0.005994,0.0,0.002572,200000,200000.0,0.0,1.0
2020-01-15,0,,0.0,0.006003,0.0,0.002567,200000,200000.0,0.0,1.0
2020-01-16,0,,0.0,0.005885,0.0,0.002584,200000,200000.0,0.0,1.0
2020-01-17,0,,0.0,0.006392,0.0,0.002598,200000,200000.0,0.0,1.0
2020-01-18,0,,0.0,0.006239,0.0,0.002591,200000,200000.0,0.0,1.0
2020-01-19,0,,0.0,0.005862,0.0,0.00246,200000,200000.0,0.0,1.0
2020-01-20,0,-0.5037169150504938,0.0,0.005814,0.0,0.002579,200000,200000.0,0.0,1.0
2020-01-21,1,1.0189467989490841,-16767270.28839705,0.005964,39777247.41447891,0.002514,200000,200000.0,0.0,1.0
2020-01-22,1,0.3969894475855343,-16767270.28839705,0.005863,39777247.41447891,0.002515,200000,198346.28294828636,-1653.71705171364,0.9917314147414318
2020-01-23,0,-0.7759627986871142,0.0,0.005607,0.0,0.002492,200000,194889.1839501608,-5110.816049839195,0.974445919750804
2020-01-24,0,-0.3433900745554283,0.0,0.00558,0.0,0.002449,200000,194889.1839501608,-5110.816049839195,0.974445919750804
2020-01-25,0,-0.6122202119599507,0.0,0.005623,0.0,0.002489,200000,194889.1839501608,-5110.816049839195,0.974445919750804
2020-01-26,0,-0.12050244189635191,0.0,0.00573,0.0,0.0025,200000,194889.1839501608,-5110.816049839195,0.974445919750804
2020-01-27,0,-0.871538165545531,0.0,0.005748,0.0,0.002574,200000,194889.1839501608,-5110.816049839195,0.974445919750804
2020-01-28,0,-0.9743967990945205,0.0,0.0058,0.0,0.0026,200000,194889.1839501608,-5110.816049839195,0.974445919750804
2020-01-29,0,0.13762629563331405,0.0,0.005733,0.0,0.002481,200000,194889.1839501608,-5110.816049839195,0.974445919750804
2020-01-30,0,-0.3865022958948545,0.0,0.005687,0.0,0.002498,200000,194889.1839501608,-5110.816049839195,0.974445919750804
2020-01-31,0,0.30294882347801555,0.0,0.005766,0.0,0.002482,200000,194889.1839501608,-5110.816049839195,0.974445919750804
2020-02-01,2,1.3469092767423616,0.0,0.005997,0.0,0.002496,200000,194889.1839501608,-5110.816049839195,0.974445919750804
2020-02-02,2,1.9650346881601113,0.0,0.006229,0.0,0.002528,200000,194889.1839501608,-5110.816049839195,0.974445919750804
2020-02-03,2,1.7660924455197469,0.0,0.006304,0.0,0.002553,200000,194889.1839501608,-5110.816049839195,0.974445919750804
2020-02-04,0,0.4991518874621535,0.0,0.006532,0.0,0.002754,200000,194889.1839501608,-5110.816049839195,0.974445919750804
2020-02-05,-1,-1.058979778608569,15056333.741514277,0.006472,-33811447.597182654,0.002882,200000,194889.1839501608,-5110.816049839195,0.974445919750804
2020-02-06,-1,-0.9379464366407615,15056333.741514277,0.0068,-33811447.597182654,0.003024,200000,204628.88697617743,4628.886976177426,1.0231444348808871
2020-02-07,-2,-2.0874788453604376,0.0,0.006817,0.0,0.0032,200000,200446.78914524248,446.789145242481,1.0022339457262124
2020-02-08,-1,-1.134205278046233,15028249.298638664,0.006669,-33066115.002514433,0.003031,200000,200446.78914524248,446.789145242481,1.0022339457262124
2020-02-09,-2,-2.3481228688967293,0.0,0.006825,0.0,0.003333,200000,208088.3489854142,8088.348985414195,1.040441744927071
2020-02-10,-2,-2.8486680683284207,0.0,0.00651,0.0,0.003465,200000,208088.3489854142,8088.348985414195,1.040441744927071
2020-02-11,-1,-1.0849383238089663,13900357.313654922,0.007485,-29201283.887933508,0.003563,200000,208088.3489854142,8088.348985414195,1.040441744927071
2020-02-12,-2,-1.5527339099179505,0.0,0.00747,0.0,0.00372,200000,212881.45591552457,12881.455915524566,1.064407279577623
2020-02-13,-1,-1.1112952779171519,13207684.322839346,0.008059,-27167107.697233867,0.003918,200000,212881.45591552457,12881.455915524566,1.064407279577623
2020-02-14,-1,-0.3818420441593839,13207684.322839346,0.008301,-27167107.697233867,0.003836,200000,213850.01269047853,13850.012690478528,1.0692500634523927
2020-02-15,-1,-0.3642017506872387,13207684.322839346,0.00747,-27167107.697233867,0.003458,200000,192605.26030864462,-7394.739691355382,0.9630263015432231
2020-02-16,-1,-0.3236391321898616,13207684.322839346,0.007081,-27167107.697233867,0.003274,200000,182468.7232907691,-17531.276709230908,0.9123436164538454
2020-02-17,-2,-1.2403334829554153,0.0,0.006743,0.0,0.003369,200000,215348.0263585998,15348.026358599804,1.076740131792999
2020-02-18,0,-0.6835927998068376,0.0,0.007058,0.0,0.003394,200000,215348.0263585998,15348.026358599804,1.076740131792999
2020-02-19,0,-0.503837138427426,0.0,0.006484,0.0,0.003088,200000,215348.0263585998,15348.026358599804,1.076740131792999
2020-02-20,0,-0.5928377081053334,0.0,0.00649,0.0,0.003129,200000,215348.0263585998,15348.026358599804,1.076740131792999
2020-02-21,0,-0.2516590706348121,0.0,0.006633,0.0,0.003134,200000,215348.0263585998,15348.026358599804,1.076740131792999
2020-02-22,0,-0.34431621388019845,0.0,0.006593,0.0,0.003154,200000,215348.0263585998,15348.026358599804,1.076740131792999
2020-02-23,0,0.22598940264729914,0.0,0.006955,0.0,0.003246,200000,215348.0263585998,15348.026358599804,1.076740131792999
2020-02-24,0,0.272775126782775,0.0,0.006713,0.0,0.003151,200000,215348.0263585998,15348.026358599804,1.076740131792999
2020-02-25,0,-0.06653024793522869,0.0,0.006211,0.0,0.002966,200000,215348.0263585998,15348.026358599804,1.076740131792999
2020-02-26,0,0.9551501391703034,0.0,0.005554,0.0,0.002565,200000,215348.0263585998,15348.026358599804,1.076740131792999
2020-02-27,0,0.7712938359849438,0.0,0.005806,0.0,0.002696,200000,215348.0263585998,15348.026358599804,1.076740131792999
2020-02-28,0,-0.2043895999337194,0.0,0.00575,0.0,0.00277,200000,215348.0263585998,15348.026358599804,1.076740131792999
2020-02-29,0,-0.2685505759482626,0.0,0.005615,0.0,0.002709,200000,215348.0263585998,15348.026358599804,1.076740131792999
2020-03-01,-2,-1.8185778139486346,0.0,0.005427,0.0,0.002713,200000,215348.0263585998,15348.026358599804,1.076740131792999
2020-03-02,0,0.6889170802049097,0.0,0.005837,0.0,0.002732,200000,215348.0263585998,15348.026358599804,1.076740131792999
2020-03-03,-1,-1.0919530571157932,18651310.09514982,0.005773,-38141697.90269214,0.002823,200000,215348.02635859983,15348.026358599833,1.0767401317929992
2020-03-04,-1,-0.5003313055662556,18651310.09514982,0.006035,-38141697.90269214,0.002906,200000,223400.4305294525,23400.43052945251,1.1170021526472627
2020-03-05,-1,-1.177604468891608,18651310.09514982,0.006129,-38141697.90269214,0.00301,200000,229120.3902602766,29120.39026027659,1.1456019513013829
2020-03-06,-1,-0.7139881925213275,18651310.09514982,0.00614,-38141697.90269214,0.002987,200000,228448.2956195613,28448.295619561308,1.1422414780978065
2020-03-07,-2,-1.6772392029903331,0.0,0.005788,0.0,0.002896,200000,217852.6006540691,17852.6006540691,1.0892630032703454
2020-03-08,-2,-3.033817862331363,0.0,0.004698,0.0,0.002504,200000,217852.6006540691,17852.6006540691,1.0892630032703454
2020-03-09,-2,-2.6292478842956832,0.0,0.004674,0.0,0.002535,200000,217852.6006540691,17852.6006540691,1.0892630032703454
2020-03-10,-2,-1.8138885671650204,0.0,0.004691,0.0,0.002487,200000,217852.6006540691,17852.6006540691,1.0892630032703454
2020-03-11,-2,-1.792639772831655,0.0,0.004462,0.0,0.002398,200000,217852.6006540691,17852.6006540691,1.0892630032703454
2020-03-12,0,0.06363793829629844,0.0,0.002283,0.0,0.001116,200000,217852.6006540691,17852.6006540691,1.0892630032703454
2020-03-13,0,0.04370967864468298,0.0,0.002823,0.0,0.001383,200000,217852.6006540691,17852.6006540691,1.0892630032703454
2020-03-14,-2,-2.4918997269144856,0.0,0.002545,0.0,0.00148,200000,217852.6006540691,17852.6006540691,1.0892630032703454
2020-03-15,-2,-2.813511235214266,0.0,0.002524,0.0,0.001626,200000,217852.6006540691,17852.6006540691,1.0892630032703454
2020-03-16,-2,-2.431268841099585,0.0,0.00226,0.0,0.001501,200000,217852.6006540691,17852.6006540691,1.0892630032703454
2020-03-17,-2,-1.6818194026337747,0.0,0.002467,0.0,0.001541,200000,217852.6006540691,17852.6006540691,1.0892630032703454
2020-03-18,0,-0.9546826111308288,0.0,0.002544,0.0,0.001476,200000,217852.6006540691,17852.6006540691,1.0892630032703454
2020-03-19,-1,-1.0107778495160913,37470347.54971949,0.002907,-63402968.758460164,0.001718,200000,217852.6006540691,17852.6006540691,1.0892630032703454
2020-03-20,-2,-1.4109439081200894,0.0,0.002845,0.0,0.0018,200000,225374.80564034547,25374.80564034547,1.1268740282017273
2020-03-21,0,-0.9237884017494437,0.0,0.002897,0.0,0.001746,200000,225374.80564034547,25374.80564034547,1.1268740282017273
2020-03-22,0,-0.9071110497980452,0.0,0.00261,0.0,0.001587,200000,225374.80564034547,25374.80564034547,1.1268740282017273
2020-03-23,0,-0.5923301367289107,0.0,0.002859,0.0,0.00169,200000,225374.80564034547,25374.80564034547,1.1268740282017273
2020-03-24,0,0.2983144615290817,0.0,0.00306,0.0,0.001657,200000,225374.80564034547,25374.80564034547,1.1268740282017273
2020-03-25,0,0.3924505292155758,0.0,0.003056,0.0,0.001651,200000,225374.80564034547,25374.80564034547,1.1268740282017273
2020-03-26,0,0.0922912843525587,0.0,0.003079,0.0,0.001725,200000,225374.80564034547,25374.80564034547,1.1268740282017273
2020-03-27,0,0.059994788621972286,0.0,0.002998,0.0,0.001696,200000,225374.80564034547,25374.80564034547,1.1268740282017273
2020-03-28,0,-0.019244073390916668,0.0,0.002969,0.0,0.001697,200000,225374.80564034547,25374.80564034547,1.1268740282017273
2020-03-29,0,-0.15178798967625476,0.0,0.002721,0.0,0.001578,200000,225374.80564034547,25374.80564034547,1.1268740282017273
2020-03-30,0,-0.07180975511611937,0.0,0.002933,0.0,0.001697,200000,225374.80564034547,25374.80564034547,1.1268740282017273
2020-03-31,0,0.41089933419420877,0.0,0.003108,0.0,0.001734,200000,225374.80564034547,25374.80564034547,1.1268740282017273
2020-04-01,0,0.7355065479034981,0.0,0.003153,0.0,0.00174,200000,225374.80564034547,25374.80564034547,1.1268740282017273
2020-04-02,2,1.3901521870383173,0.0,0.003228,0.0,0.001742,200000,225374.80564034547,25374.80564034547,1.1268740282017273
2020-04-03,2,1.5400796601751359,0.0,0.00326,0.0,0.001727,200000,225374.80564034547,25374.80564034547,1.1268740282017273
2020-04-04,2,1.2478697271326102,0.0,0.003245,0.0,0.001737,200000,225374.80564034547,25374.80564034547,1.1268740282017273
2020-04-05,2,1.351395886605984,0.0,0.00323,0.0,0.001715,200000,225374.80564034547,25374.80564034547,1.1268740282017273
2020-04-06,2,1.9913853064762697,0.0,0.003643,0.0,0.00185,200000,225374.80564034547,25374.80564034547,1.1268740282017273
2020-04-07,2,2.8131099106602657,0.0,0.003872,0.0,0.001793,200000,225374.80564034547,25374.80564034547,1.1268740282017273
2020-04-08,2,2.265304807026173,0.0,0.003979,0.0,0.001843,200000,225374.80564034547,25374.80564034547,1.1268740282017273
2020-04-09,2,1.7609731514647056,0.0,0.003866,0.0,0.001828,200000,225374.80564034547,25374.80564034547,1.1268740282017273
2020-04-10,2,1.7963555661564585,0.0,0.003608,0.0,0.00167,200000,225374.80564034547,25374.80564034547,1.1268740282017273
2020-04-11,2,1.8360054468713478,0.0,0.003679,0.0,0.001666,200000,225374.80564034547,25374.80564034547,1.1268740282017273
2020-04-12,2,1.3673916185412376,0.0,0.003681,0.0,0.001708,200000,225374.80564034547,25374.80564034547,1.1268740282017273
2020-04-13,2,1.2707728925255501,0.0,0.003609,0.0,0.001668,200000,225374.80564034547,25374.80564034547,1.1268740282017273
2020-04-14,0,0.9471287571709939,0.0,0.003667,0.0,0.001727,200000,225374.80564034547,25374.80564034547,1.1268740282017273
2020-04-15,2,1.569291692133064,0.0,0.003658,0.0,0.001609,200000,225374.80564034547,25374.80564034547,1.1268740282017273
2020-04-16,2,1.4910138403089743,0.0,0.003828,0.0,0.001669,200000,225374.80564034547,25374.80564034547,1.1268740282017273
2020-04-17,2,1.397932927542369,0.0,0.003783,0.0,0.001641,200000,225374.80564034547,25374.80564034547,1.1268740282017273
2020-04-18,2,1.4226007354408028,0.0,0.003968,0.0,0.001698,200000,225374.80564034547,25374.80564034547,1.1268740282017273
2020-04-19,2,1.520339050511887,0.0,0.003904,0.0,0.001639,200000,225374.80564034547,25374.80564034547,1.1268740282017273
2020-04-20,0,0.5544505001206473,0.0,0.003644,0.0,0.001646,200000,225374.80564034547,25374.80564034547,1.1268740282017273
2020-04-21,0,0.7034630416377685,0.0,0.003677,0.0,0.001632,200000,225374.80564034547,25374.80564034547,1.1268740282017273
2020-04-22,0,0.8243457681436183,0.0,0.003898,0.0,0.001706,200000,225374.80564034547,25374.80564034547,1.1268740282017273
2020-04-23,0,0.8366089492113155,0.0,0.003952,0.0,0.00172,200000,225374.80564034547,25374.80564034547,1.1268740282017273
2020-04-24,1,1.145122162207303,-27585655.525134083,0.004085,64725676.51934104,0.001741,200000,225374.80564034547,25374.80564034547,1.1268740282017273
2020-04-25,1,0.9218691674984838,-27585655.525134083,0.004216,64725676.51934104,0.001818,200000,233972.4036061273,33972.40360612731,1.1698620180306365
2020-04-26,2,1.6968059346490294,0.0,0.00448,0.0,0.001869,200000,227986.25297829777,27986.252978297765,1.1399312648914888
2020-04-27,1,1.0983539106353901,-26169220.957104888,0.004356,61617906.210350744,0.00185,200000,227986.25297829777,27986.252978297765,1.1399312648914888
2020-04-28,0,0.10612805525322377,0.0,0.004287,0.0,0.001887,200000,223900.71420247457,23900.71420247457,1.1195035710123729
2020-04-29,2,2.0252818239789985,0.0,0.004766,0.0,0.001937,200000,223900.71420247457,23900.71420247457,1.1195035710123729
2020-04-30,0,-0.47483367128724996,0.0,0.004353,0.0,0.00194,200000,223900.71420247457,23900.71420247457,1.1195035710123729
2020-05-01,-2,-1.3107138235869653,0.0,0.004437,0.0,0.002047,200000,223900.71420247457,23900.71420247457,1.1195035710123729
2020-05-02,-2,-1.6430244601270434,0.0,0.004515,0.0,0.002115,200000,223900.71420247457,23900.71420247457,1.1195035710123729
2020-05-03,-2,-1.859693469430871,0.0,0.004332,0.0,0.00206,200000,223900.71420247457,23900.71420247457,1.1195035710123729
2020-05-04,-1,-1.0622183128576854,25191349.482726663,0.004444,-55066579.98093324,0.002033,200000,223900.71420247457,23900.71420247457,1.1195035710123729
2020-05-05,-2,-1.601209134386539,0.0,0.004419,0.0,0.002086,200000,227449.0266785322,27449.026678532187,1.137245133392661
2020-05-06,-2,-1.5827148992183913,0.0,0.00425,0.0,0.002025,200000,227449.0266785322,27449.026678532187,1.137245133392661
2020-05-07,0,-0.9698176771941472,0.0,0.00451,0.0,0.002095,200000,227449.0266785322,27449.026678532187,1.137245133392661
2020-05-08,-1,-1.1336022267616557,23776816.504132573,0.004783,-50454531.20641797,0.002254,200000,227449.0266785322,27449.026678532187,1.137245133392661
2020-05-09,-1,-0.757941271200187,23776816.504132573,0.004549,-50454531.20641797,0.002112,200000,214720.70818525384,14720.70818525384,1.0736035409262692
2020-05-10,0,0.016224201296248835,0.0,0.004165,0.0,0.001862,200000,222364.9230451703,22364.92304517029,1.1118246152258515
2020-05-11,0,-0.2059461587995543,0.0,0.004113,0.0,0.00186,200000,222364.9230451703,22364.92304517029,1.1118246152258515
2020-05-12,-2,-1.8316630363815398,0.0,0.004243,0.0,0.002115,200000,222364.9230451703,22364.92304517029,1.1118246152258515
2020-05-13,0,-0.6003921218127669,0.0,0.004459,0.0,0.002082,200000,222364.9230451703,22364.92304517029,1.1118246152258515
2020-05-14,0,-0.9847030338010749,0.0,0.004494,0.0,0.002155,200000,222364.9230451703,22364.92304517029,1.1118246152258515
2020-05-15,-2,-2.4462148557911183,0.0,0.004377,0.0,0.002376,200000,222364.9230451703,22364.92304517029,1.1118246152258515
2020-05-16,-2,-2.960073925518898,0.0,0.004449,0.0,0.002749,200000,222364.9230451703,22364.92304517029,1.1118246152258515
2020-05-17,-2,-1.9166957649589924,0.0,0.004426,0.0,0.002534,200000,222364.9230451703,22364.92304517029,1.1118246152258515
2020-05-18,-2,-1.6345517316471827,0.0,0.004487,0.0,0.002556,200000,222364.9230451703,22364.92304517029,1.1118246152258515
2020-05-19,-2,-2.3450098642130146,0.0,0.004534,0.0,0.002951,200000,222364.9230451703,22364.92304517029,1.1118246152258515
2020-05-20,-2,-2.8992736612777965,0.0,0.004525,0.0,0.003893,200000,222364.9230451703,22364.92304517029,1.1118246152258515
2020-05-21,-2,-3.188750181398915,0.0,0.004237,0.0,0.007618,200000,222364.9230451703,22364.92304517029,1.1118246152258515
2020-05-22,-2,-2.277581297620152,0.0,0.00464,0.0,0.006619,200000,222364.9230451703,22364.92304517029,1.1118246152258515
2020-05-23,-2,-2.1689989231287647,0.0,0.004609,0.0,0.009016,200000,222364.9230451703,22364.92304517029,1.1118246152258515
2020-05-24,-2,-2.1541568232474164,0.0,0.004467,0.0,0.017882,200000,222364.9230451703,22364.92304517029,1.1118246152258515
2020-05-25,-2,-1.767458797666003,0.0,0.005064,0.0,0.016088,200000,222364.9230451703,22364.92304517029,1.1118246152258515
2020-05-26,-2,-1.5109744281462383,0.0,0.004871,0.0,0.013827,200000,222364.9230451703,22364.92304517029,1.1118246152258515
2020-05-27,-2,-1.2246898997293434,0.0,0.004896,0.0,0.010594,200000,222364.9230451703,22364.92304517029,1.1118246152258515
2020-05-28,0,-0.8999506303470347,0.0,0.005508,0.0,0.00866,200000,222364.9230451703,22364.92304517029,1.1118246152258515
2020-05-29,0,-0.9311906283055924,0.0,0.005547,0.0,0.010282,200000,222364.9230451703,22364.92304517029,1.1118246152258515
2020-05-30,0,-0.7340287843377166,0.0,0.006227,0.0,0.009945,200000,222364.9230451703,22364.92304517029,1.1118246152258515
2020-05-31,0,-0.508721879969751,0.0,0.006247,0.0,0.008509,200000,222364.9230451703,22364.92304517029,1.1118246152258515
2020-06-01,0,-0.42339315551900397,0.0,0.006655,0.0,0.00896,200000,222364.9230451703,22364.92304517029,1.1118246152258515
2020-06-02,0,-0.16719679168412793,0.0,0.00725,0.0,0.0085,200000,222364.9230451703,22364.92304517029,1.1118246152258515
2020-06-03,0,-0.13358719427362908,0.0,0.007099,0.0,0.00868,200000,222364.9230451703,22364.92304517029,1.1118246152258515
2020-06-04,0,-0.11401750139815417,0.0,0.006732,0.0,0.008622,200000,222364.9230451703,22364.92304517029,1.1118246152258515
2020-06-05,0,0.022749574692414638,0.0,0.006693,0.0,0.008324,200000,222364.9230451703,22364.92304517029,1.1118246152258515
2020-06-06,0,0.3483339870993205,0.0,0.007301,0.0,0.008279,200000,222364.9230451703,22364.92304517029,1.1118246152258515
2020-06-07,0,0.6599012544874912,0.0,0.007246,0.0,0.008019,200000,222364.9230451703,22364.92304517029,1.1118246152258515
2020-06-08,2,1.3788457672095136,0.0,0.007787,0.0,0.007737,200000,222364.9230451703,22364.92304517029,1.1118246152258515
2020-06-09,2,1.8852440120579863,0.0,0.008181,0.0,0.007345,200000,222364.9230451703,22364.92304517029,1.1118246152258515
2020-06-10,2,2.1402844636363008,0.0,0.009008,0.0,0.007026,200000,222364.9230451703,22364.92304517029,1.1118246152258515
2020-06-11,2,2.1242046577105453,0.0,0.008762,0.0,0.00626,200000,222364.9230451703,22364.92304517029,1.1118246152258515
2020-06-12,0,0.5474275012534238,0.0,0.00971,0.0,0.010355,200000,222364.9230451703,22364.92304517029,1.1118246152258515
2020-06-13,0,0.11032002864315939,0.0,0.009597,0.0,0.011541,200000,222364.9230451703,22364.92304517029,1.1118246152258515
2020-06-14,0,0.11279329010652646,0.0,0.00864,0.0,0.010087,200000,222364.9230451703,22364.92304517029,1.1118246152258515
2020-06-15,0,0.12395188026971947,0.0,0.00901,0.0,0.010208,200000,222364.9230451703,22364.92304517029,1.1118246152258515
2020-06-16,0,0.18728154785677797,0.0,0.009061,0.0,0.009892,200000,222364.9230451703,22364.92304517029,1.1118246152258515
2020-06-17,0,0.3613330436165388,0.0,0.009013,0.0,0.009332,200000,222364.9230451703,22364.92304517029,1.1118246152258515
2020-06-18,0,0.3387679354394215,0.0,0.00866,0.0,0.008862,200000,222364.9230451703,22364.92304517029,1.1118246152258515
2020-06-19,0,-0.3866705220960885,0.0,0.008379,0.0,0.009719,200000,222364.9230451703,22364.92304517029,1.1118246152258515
2020-06-20,0,-0.3074727904365818,0.0,0.00829,0.0,0.009369,200000,222364.9230451703,22364.92304517029,1.1118246152258515
2020-06-21,0,-0.08178873791406459,0.0,0.008626,0.0,0.009259,200000,222364.9230451703,22364.92304517029,1.1118246152258515
2020-06-22,0,0.2215538243516684,0.0,0.009283,0.0,0.009419,200000,222364.9230451703,22364.92304517029,1.1118246152258515
2020-06-23,0,-0.3337377762883365,0.0,0.008903,0.0,0.009844,200000,222364.9230451703,22364.92304517029,1.1118246152258515
2020-06-24,0,0.07908912706934476,0.0,0.008996,0.0,0.009209,200000,222364.9230451703,22364.92304517029,1.1118246152258515
2020-06-25,0,0.10045869494972093,0.0,0.008882,0.0,0.008983,200000,222364.9230451703,22364.92304517029,1.1118246152258515
2020-06-26,0,0.26519055976964195,0.0,0.008949,0.0,0.008785,200000,222364.9230451703,22364.92304517029,1.1118246152258515
2020-06-27,0,0.450794585093404,0.0,0.008608,0.0,0.008182,200000,222364.9230451703,22364.92304517029,1.1118246152258515
2020-06-28,0,0.2872418078716383,0.0,0.00869,0.0,0.008434,200000,222364.9230451703,22364.92304517029,1.1118246152258515
2020-06-29,0,0.3911342343824263,0.0,0.008691,0.0,0.008354,200000,222364.9230451703,22364.92304517029,1.1118246152258515
2020-06-30,0,0.8736492419537457,0.0,0.008837,0.0,0.00816,200000,222364.9230451703,22364.92304517029,1.1118246152258515
2020-07-01,2,2.220999231759456,0.0,0.009436,0.0,0.008223,200000,222364.9230451703,22364.92304517029,1.1118246152258515
2020-07-02,2,1.6208102609547468,0.0,0.009556,0.0,0.008552,200000,222364.9230451703,22364.92304517029,1.1118246152258515
2020-07-03,2,2.4880970698373877,0.0,0.010223,0.0,0.008192,200000,222364.9230451703,22364.92304517029,1.1118246152258515
2020-07-04,2,3.265644262757381,0.0,0.012525,0.0,0.008228,200000,222364.9230451703,22364.92304517029,1.1118246152258515
2020-07-05,2,3.1703870059483776,0.0,0.014307,0.0,0.008057,200000,222364.9230451703,22364.92304517029,1.1118246152258515
2020-07-06,2,2.1886939780040144,0.0,0.01442,0.0,0.008642,200000,222364.9230451703,22364.92304517029,1.1118246152258515
2020-07-07,2,2.5382654546101686,0.0,0.017325,0.0,0.008835,200000,222364.9230451703,22364.92304517029,1.1118246152258515
2020-07-08,2,2.5866844458859752,0.0,0.019932,0.0,0.008886,200000,222364.9230451703,22364.92304517029,1.1118246152258515
2020-07-09,2,1.9569907523407062,0.0,0.01825,0.0,0.008545,200000,222364.9230451703,22364.92304517029,1.1118246152258515
2020-07-10,2,1.5334155938507577,0.0,0.017119,0.0,0.008389,200000,222364.9230451703,22364.92304517029,1.1118246152258515
2020-07-11,2,1.6098954477205507,0.0,0.018535,0.0,0.008508,200000,222364.9230451703,22364.92304517029,1.1118246152258515
2020-07-12,0,0.904491719854749,0.0,0.018155,0.0,0.009628,200000,222364.9230451703,22364.92304517029,1.1118246152258515
2020-07-13,2,1.2601792446911333,0.0,0.018461,0.0,0.008696,200000,222364.9230451703,22364.92304517029,1.1118246152258515
2020-07-14,1,1.155174486284249,-6026149.676020875,0.01845,12846038.304169284,0.008655,200000,222364.9230451703,22364.92304517029,1.1118246152258515
2020-07-15,1,1.1840933906874789,-6026149.676020875,0.018996,12846038.304169284,0.00861,200000,225077.12904459005,25077.129044590052,1.1253856452229503
2020-07-16,1,0.9829314046041799,-6026149.676020875,0.018036,12846038.304169284,0.008363,200000,216119.05389448022,16119.053894480225,1.080595269472401
2020-07-17,1,0.8898809013840372,-6026149.676020875,0.018211,12846038.304169284,0.00845,200000,218291.2354202466,18291.23542024661,1.091456177101233
2020-07-18,1,0.808213961347382,-6026149.676020875,0.018168,12846038.304169284,0.008432,200000,217800.88229470266,17800.882294702664,1.0890044114735133
2020-07-19,1,0.7187801612836359,-6026149.676020875,0.018017,12846038.304169284,0.008389,200000,216338.55404654425,16338.554046544246,1.0816927702327213
2020-07-20,0,0.09556750747766729,0.0,0.016074,0.0,0.008322,200000,212324.52217023307,12324.522170233075,1.0616226108511653
2020-07-21,0,0.454534502763109,0.0,0.0175,0.0,0.008372,200000,212324.52217023307,12324.522170233075,1.0616226108511653
2020-07-22,0,0.0758206513021301,0.0,0.017467,0.0,0.0087,200000,212324.52217023307,12324.522170233075,1.0616226108511653
2020-07-23,0,0.12367466682826467,0.0,0.017381,0.0,0.008471,200000,212324.52217023307,12324.522170233075,1.0616226108511653
2020-07-24,0,0.15048032961529478,0.0,0.016995,0.0,0.008177,200000,212324.52217023307,12324.522170233075,1.0616226108511653
2020-07-25,0,0.8181574746802557,0.0,0.018218,0.0,0.008331,200000,212324.52217023307,12324.522170233075,1.0616226108511653
2020-07-26,0,0.45807474069624626,0.0,0.017554,0.0,0.008188,200000,212324.52217023307,12324.522170233075,1.0616226108511653
2020-07-27,-1,-1.1147449958901827,6787434.376645774,0.015641,-13574000.905909289,0.007821,200000,212324.52217023307,12324.522170233075,1.0616226108511653
2020-07-28,-2,-1.8137972745145636,0.0,0.01598,0.0,0.00835,200000,217204.22839577615,17204.228395776154,1.0860211419788808
2020-07-29,-2,-1.850281512056938,0.0,0.015583,0.0,0.008291,200000,217204.22839577615,17204.228395776154,1.0860211419788808
2020-07-30,0,0.37251749971512027,0.0,0.017315,0.0,0.008183,200000,217204.22839577615,17204.228395776154,1.0860211419788808
2020-07-31,0,-0.016854563275525522,0.0,0.017204,0.0,0.008312,200000,217204.22839577615,17204.228395776154,1.0860211419788808
2020-08-01,-2,-1.3806829219668582,0.0,0.017319,0.0,0.008929,200000,217204.22839577615,17204.228395776154,1.0860211419788808
2020-08-02,-2,-1.3397964573318188,0.0,0.016207,0.0,0.008407,200000,217204.22839577615,17204.228395776154,1.0860211419788808
2020-08-03,-1,-1.0775080685730414,6503120.610651981,0.0167,-12634029.106315505,0.008596,200000,217204.22839577615,17204.228395776154,1.0860211419788808
2020-08-04,0,-0.002628766641351815,0.0,0.018734,0.0,0.009153,200000,211014.03528592776,11014.035285927763,1.0550701764296389
2020-08-05,0,0.7117083763349368,0.0,0.018793,0.0,0.008894,200000,211014.03528592776,11014.035285927763,1.0550701764296389
2020-08-06,2,1.5582435241151018,0.0,0.019704,0.0,0.00895,200000,211014.03528592776,11014.035285927763,1.0550701764296389
2020-08-07,0,0.9198118319855498,0.0,0.018671,0.0,0.008739,200000,211014.03528592776,11014.035285927763,1.0550701764296389
2020-08-08,2,2.197798628596477,0.0,0.020815,0.0,0.009057,200000,211014.03528592776,11014.035285927763,1.0550701764296389
2020-08-09,2,2.8477995600565906,0.0,0.021929,0.0,0.008792,200000,211014.03528592776,11014.035285927763,1.0550701764296389
2020-08-10,2,1.3738238636588544,0.0,0.021422,0.0,0.009303,200000,211014.03528592776,11014.035285927763,1.0550701764296389
2020-08-11,0,0.7561570588892818,0.0,0.019966,0.0,0.008995,200000,211014.03528592776,11014.035285927763,1.0550701764296389
2020-08-12,0,0.24733642327284003,0.0,0.020429,0.0,0.00952,200000,211014.03528592776,11014.035285927763,1.0550701764296389
2020-08-13,0,-0.21781568830892856,0.0,0.019598,0.0,0.009449,200000,211014.03528592776,11014.035285927763,1.0550701764296389
2020-08-14,0,0.3289919512537754,0.0,0.020513,0.0,0.009512,200000,211014.03528592776,11014.035285927763,1.0550701764296389
2020-08-15,0,-0.012369385559488752,0.0,0.019575,0.0,0.009312,200000,211014.03528592776,11014.035285927763,1.0550701764296389
2020-08-16,0,-0.1518522636235987,0.0,0.019842,0.0,0.009515,200000,211014.03528592776,11014.035285927763,1.0550701764296389
2020-08-17,0,-0.20093569093263833,0.0,0.02002,0.0,0.009588,200000,211014.03528592776,11014.035285927763,1.0550701764296389
2020-08-18,-2,-1.5778797413831158,0.0,0.019089,0.0,0.010091,200000,211014.03528592776,11014.035285927763,1.0550701764296389
2020-08-19,-2,-1.6342708581592245,0.0,0.017857,0.0,0.009648,200000,211014.03528592776,11014.035285927763,1.0550701764296389
2020-08-20,-2,-1.3158125252567778,0.0,0.019392,0.0,0.010312,200000,211014.03528592776,11014.035285927763,1.0550701764296389
2020-08-21,-2,-2.225123791292524,0.0,0.017962,0.0,0.010778,200000,211014.03528592776,11014.035285927763,1.0550701764296389
2020-08-22,-2,-2.061871473741376,0.0,0.018165,0.0,0.011107,200000,211014.03528592776,11014.035285927763,1.0550701764296389
2020-08-23,-2,-2.201590577022747,0.0,0.017889,0.0,0.011831,200000,211014.03528592776,11014.035285927763,1.0550701764296389
2020-08-24,-2,-2.3712448291754957,0.0,0.01817,0.0,0.0138,200000,211014.03528592776,11014.035285927763,1.0550701764296389
2020-08-25,-2,-1.8437239879215144,0.0,0.016883,0.0,0.012263,200000,211014.03528592776,11014.035285927763,1.0550701764296389
2020-08-26,-2,-1.422517417467636,0.0,0.017113,0.0,0.011769,200000,211014.03528592776,11014.035285927763,1.0550701764296389
2020-08-27,-1,-1.1373657101881913,6621917.883823755,0.015933,-9988357.25106162,0.010563,200000,211014.03528592776,11014.035285927763,1.0550701764296389
2020-08-28,-1,-1.1357641305233115,6621917.883823755,0.016317,-9988357.25106162,0.011119,200000,219110.3783849064,19110.37838490639,1.095551891924532
2020-08-29,-1,-1.0021356314415508,6621917.883823755,0.016744,-9988357.25106162,0.011252,200000,223266.3888356903,23266.388835690304,1.1163319441784516
2020-08-30,-1,-0.7562922428772197,6621917.883823755,0.017113,-9988357.25106162,0.011099,200000,224181.65787540883,24181.657875408826,1.1209082893770441
2020-08-31,-1,-0.43327439490975544,6621917.883823755,0.017372,-9988357.25106162,0.010737,200000,222280.94928243489,22280.949282434885,1.1114047464121743
2020-09-01,-1,-0.3498072643537888,6621917.883823755,0.016989,-9988357.25106162,0.01048,200000,217177.74691940757,17177.746919407567,1.0858887345970378
2020-09-02,-1,-0.3249658887318199,6621917.883823755,0.015995,-9988357.25106162,0.009943,200000,205231.81269906665,5231.81269906665,1.0261590634953333
2020-09-03,-1,-0.8111402925886403,6621917.883823755,0.012343,-9988357.25106162,0.008438,200000,166016.09092449455,-33983.90907550545,0.8300804546224727
2020-09-04,0,-0.17749149550272458,0.0,0.014268,0.0,0.008947,200000,205898.34324477875,5898.343244778749,1.0294917162238937
2020-09-05,0,-0.716283843177331,0.0,0.012101,0.0,0.008266,200000,205898.34324477875,5898.343244778749,1.0294917162238937
2020-09-06,0,-0.7901129938735567,0.0,0.012354,0.0,0.00855,200000,205898.34324477875,5898.343244778749,1.0294917162238937
2020-09-07,0,-0.7960537618159497,0.0,0.012201,0.0,0.008506,200000,205898.34324477875,5898.343244778749,1.0294917162238937
2020-09-08,0,-0.4696754707182159,0.0,0.012119,0.0,0.008242,200000,205898.34324477875,5898.343244778749,1.0294917162238937
2020-09-09,0,-0.6039308380831866,0.0,0.012841,0.0,0.008849,200000,205898.34324477875,5898.343244778749,1.0294917162238937
2020-09-10,0,-0.963531647728132,0.0,0.013005,0.0,0.009219,200000,205898.34324477875,5898.343244778749,1.0294917162238937
2020-09-11,0,-0.8262498429579527,0.0,0.013239,0.0,0.009351,200000,205898.34324477875,5898.343244778749,1.0294917162238937
2020-09-12,-1,-1.0283773162920478,7671895.940263013,0.013419,-10671625.54394002,0.009647,200000,205898.34324477875,5898.343244778749,1.0294917162238937
2020-09-13,-1,-1.0818510940645394,7671895.940263013,0.01281,-10671625.54394002,0.009166,200000,196093.10673052346,-3906.893269476539,0.9804655336526173
2020-09-14,-2,-1.5718282510430055,0.0,0.012861,0.0,0.009483,200000,208429.11459023936,8429.114590239362,1.0421455729511968
2020-09-15,-2,-1.3133746973786744,0.0,0.012569,0.0,0.009193,200000,208429.11459023936,8429.114590239362,1.0421455729511968
2020-09-16,-2,-1.2760600906570858,0.0,0.01246,0.0,0.009174,200000,208429.11459023936,8429.114590239362,1.0421455729511968
2020-09-17,0,-0.12862101193335299,0.0,0.013514,0.0,0.009278,200000,208429.11459023936,8429.114590239362,1.0421455729511968
2020-09-18,0,-0.1300933987933139,0.0,0.01443,0.0,0.009919,200000,208429.11459023936,8429.114590239362,1.0421455729511968
2020-09-19,2,1.248944070182907,0.0,0.015265,0.0,0.009674,200000,208429.11459023936,8429.114590239362,1.0421455729511968
2020-09-20,2,1.4005527541562366,0.0,0.014476,0.0,0.009127,200000,208429.11459023936,8429.114590239362,1.0421455729511968
2020-09-21,0,-0.9323884329028144,0.0,0.012605,0.0,0.009133,200000,208429.11459023936,8429.114590239362,1.0421455729511968
2020-09-22,-1,-1.1402639902256249,8445263.962327365,0.01234,-11469794.991758713,0.009086,200000,208429.11459023936,8429.114590239362,1.0421455729511968
2020-09-23,-2,-1.3125454830981718,0.0,0.011381,0.0,0.008529,200000,210139.4469197017,10139.446919701702,1.0506972345985086
2020-09-24,-2,-1.7875187996213135,0.0,0.012385,0.0,0.009617,200000,210139.4469197017,10139.446919701702,1.0506972345985086
2020-09-25,-2,-1.5231608278261801,0.0,0.012909,0.0,0.009992,200000,210139.4469197017,10139.446919701702,1.0506972345985086
2020-09-26,-2,-2.3943878772827634,0.0,0.012851,0.0,0.010968,200000,210139.4469197017,10139.446919701702,1.0506972345985086
2020-09-27,-2,-1.736797490996021,0.0,0.012741,0.0,0.010552,200000,210139.4469197017,10139.446919701702,1.0506972345985086
2020-09-28,-2,-1.2102620410388845,0.0,0.012765,0.0,0.010232,200000,210139.4469197017,10139.446919701702,1.0506972345985086
2020-09-29,-2,-1.783360590509269,0.0,0.013169,0.0,0.011389,200000,210139.4469197017,10139.446919701702,1.0506972345985086
2020-09-30,0,-0.7368636261903998,0.0,0.013519,0.0,0.010661,200000,210139.4469197017,10139.446919701702,1.0506972345985086
2020-10-01,0,-0.5317175993916492,0.0,0.012732,0.0,0.009906,200000,210139.4469197017,10139.446919701702,1.0506972345985086
2020-10-02,0,-0.5982158879403696,0.0,0.011859,0.0,0.009329,200000,210139.4469197017,10139.446919701702,1.0506972345985086
2020-10-03,-2,-1.3181490797603033,0.0,0.011739,0.0,0.01004,200000,210139.4469197017,10139.446919701702,1.0506972345985086
2020-10-04,-1,-1.1783008529697205,9013444.579209989,0.011657,-10557649.061480189,0.009952,200000,210139.4469197017,10139.446919701702,1.0506972345985086
2020-10-05,-1,-1.1874873328913869,9013444.579209989,0.011383,-10557649.061480189,0.009865,200000,206751.24763664938,6751.247636649379,1.0337562381832468
2020-10-06,-2,-1.499956102673591,0.0,0.010106,0.0,0.0093,200000,217235.7122739713,17235.712273971294,1.0861785613698565
2020-10-07,0,-0.7826794963605568,0.0,0.011227,0.0,0.009556,200000,217235.7122739713,17235.712273971294,1.0861785613698565
2020-10-08,0,-0.9293411963209666,0.0,0.011012,0.0,0.009643,200000,217235.7122739713,17235.712273971294,1.0861785613698565
2020-10-09,0,-0.7761576865675726,0.0,0.011455,0.0,0.009901,200000,217235.7122739713,17235.712273971294,1.0861785613698565
2020-10-10,-1,-1.1257074337729007,9527882.117279442,0.0114,-10752114.05038464,0.010102,200000,217235.7122739713,17235.712273971294,1.0861785613698565
2020-10-11,-1,-0.7448009973593847,9527882.117279442,0.011436,-10752114.05038464,0.009905,200000,215460.54956226755,15460.549562267552,1.0773027478113377
2020-10-12,-1,-0.7159901362165833,9527882.117279442,0.011377,-10752114.05038464,0.009878,200000,214608.0974379877,14608.097437987686,1.0730404871899384
2020-10-13,-1,-0.5383687830479298,9527882.117279442,0.011482,-10752114.05038464,0.009907,200000,215920.33636776317,15920.336367763171,1.0796016818388159
2020-10-14,-1,-1.0042183794131205,9527882.117279442,0.011139,-10752114.05038464,0.0099,200000,212577.00800318364,12577.00800318364,1.0628850400159182
2020-10-15,-1,-1.11304500524477,9527882.117279442,0.010963,-10752114.05038464,0.009838,200000,210233.46967941863,10233.469679418631,1.0511673483970931
2020-10-16,-2,-1.38234069846593,0.0,0.010591,0.0,0.009704,200000,220664.4275147973,20664.42751479731,1.1033221375739866
2020-10-17,0,-0.35076345928414104,0.0,0.010988,0.0,0.009573,200000,220664.4275147973,20664.42751479731,1.1033221375739866
2020-10-18,0,0.2795382538158937,0.0,0.011627,0.0,0.009858,200000,220664.4275147973,20664.42751479731,1.1033221375739866
2020-10-19,0,0.03907085429954034,0.0,0.011396,0.0,0.009765,200000,220664.4275147973,20664.42751479731,1.1033221375739866
2020-10-20,0,-0.47930243789952365,0.0,0.010781,0.0,0.009498,200000,220664.4275147973,20664.42751479731,1.1033221375739866
2020-10-21,0,-0.45600394122544535,0.0,0.011339,0.0,0.010006,200000,220664.4275147973,20664.42751479731,1.1033221375739866
2020-10-22,2,1.809208883668107,0.0,0.012155,0.0,0.010143,200000,220664.4275147973,20664.42751479731,1.1033221375739866
2020-10-23,2,1.9530366975409554,0.0,0.012218,0.0,0.010094,200000,220664.4275147973,20664.42751479731,1.1033221375739866
2020-10-24,2,1.339745417390232,0.0,0.012282,0.0,0.010287,200000,220664.4275147973,20664.42751479731,1.1033221375739866
2020-10-25,0,0.8244707211572672,0.0,0.01179,0.0,0.010001,200000,220664.4275147973,20664.42751479731,1.1033221375739866
2020-10-26,0,0.4041684755729415,0.0,0.011368,0.0,0.009737,200000,220664.4275147973,20664.42751479731,1.1033221375739866
2020-10-27,0,-0.19805001168253888,0.0,0.01137,0.0,0.009901,200000,220664.4275147973,20664.42751479731,1.1033221375739866
2020-10-28,-2,-1.3375021952327368,0.0,0.010638,0.0,0.009571,200000,220664.4275147973,20664.42751479731,1.1033221375739866
2020-10-29,-2,-1.801265439681612,0.0,0.010186,0.0,0.009362,200000,220664.4275147973,20664.42751479731,1.1033221375739866
2020-10-30,-2,-1.6401031397915782,0.0,0.01008,0.0,0.00927,200000,220664.4275147973,20664.42751479731,1.1033221375739866
2020-10-31,-2,-1.9277801600298112,0.0,0.009895,0.0,0.009301,200000,220664.4275147973,20664.42751479731,1.1033221375739866
2020-11-01,0,0.10631820613495735,0.0,0.010505,0.0,0.009161,200000,220664.4275147973,20664.42751479731,1.1033221375739866
2020-11-02,0,-0.46994870843320435,0.0,0.01005,0.0,0.008963,200000,220664.4275147973,20664.42751479731,1.1033221375739866
2020-11-03,-2,-1.7928676171604658,0.0,0.00925,0.0,0.008755,200000,220664.4275147973,20664.42751479731,1.1033221375739866
2020-11-04,0,-0.6184541877031272,0.0,0.009398,0.0,0.008475,200000,220664.4275147973,20664.42751479731,1.1033221375739866
2020-11-05,0,-0.45119962166821664,0.0,0.009721,0.0,0.008693,200000,220664.4275147973,20664.42751479731,1.1033221375739866
2020-11-06,2,1.679790030158946,0.0,0.011196,0.0,0.00916,200000,220664.4275147973,20664.42751479731,1.1033221375739866
2020-11-07,0,0.8040168401393528,0.0,0.010383,0.0,0.008796,200000,220664.4275147973,20664.42751479731,1.1033221375739866
2020-11-08,2,1.3719509070139295,0.0,0.011122,0.0,0.009168,200000,220664.4275147973,20664.42751479731,1.1033221375739866
2020-11-09,2,1.7725335581151975,0.0,0.011035,0.0,0.008844,200000,220664.4275147973,20664.42751479731,1.1033221375739866
2020-11-10,2,2.1185730538094214,0.0,0.011583,0.0,0.008962,200000,220664.4275147973,20664.42751479731,1.1033221375739866
2020-11-11,2,1.7129140021580245,0.0,0.01134,0.0,0.008863,200000,220664.4275147973,20664.42751479731,1.1033221375739866
2020-11-12,0,0.9395890250411328,0.0,0.010644,0.0,0.008668,200000,220664.4275147973,20664.42751479731,1.1033221375739866
2020-11-13,2,1.9641685348001041,0.0,0.011814,0.0,0.008936,200000,220664.4275147973,20664.42751479731,1.1033221375739866
2020-11-14,2,1.5243318883437016,0.0,0.011245,0.0,0.008634,200000,220664.4275147973,20664.42751479731,1.1033221375739866
2020-11-15,2,1.2817061926101578,0.0,0.011039,0.0,0.008533,200000,220664.4275147973,20664.42751479731,1.1033221375739866
2020-11-16,2,1.3044084103003775,0.0,0.011336,0.0,0.00866,200000,220664.4275147973,20664.42751479731,1.1033221375739866
2020-11-17,2,2.0507140988495016,0.0,0.012346,0.0,0.008727,200000,220664.4275147973,20664.42751479731,1.1033221375739866
2020-11-18,2,1.3110530978127857,0.0,0.011777,0.0,0.008698,200000,220664.4275147973,20664.42751479731,1.1033221375739866
2020-11-19,0,0.9856892392722532,0.0,0.011504,0.0,0.008646,200000,220664.4275147973,20664.42751479731,1.1033221375739866
2020-11-20,1,1.142851346459692,-9149366.759880476,0.012059,12409426.808840249,0.008891,200000,220664.4275147973,20664.42751479731,1.1033221375739866
2020-11-21,2,2.4877575615261813,0.0,0.014426,0.0,0.009271,200000,237605.39644807507,37605.39644807507,1.1880269822403753
2020-11-22,2,2.057051631398963,0.0,0.013905,0.0,0.008973,200000,237605.39644807507,37605.39644807507,1.1880269822403753
2020-11-23,2,2.7370178774170126,0.0,0.016023,0.0,0.009236,200000,237605.39644807507,37605.39644807507,1.1880269822403753
2020-11-24,2,1.3056870975883896,0.0,0.016174,0.0,0.010515,200000,237605.39644807507,37605.39644807507,1.1880269822403753
2020-11-25,0,0.36224228806380315,0.0,0.016548,0.0,0.011755,200000,237605.39644807507,37605.39644807507,1.1880269822403753
2020-11-26,1,1.0416303813474614,-8122150.695565566,0.014627,12339291.464897959,0.009628,200000,237605.39644807507,37605.39644807507,1.1880269822403753
2020-11-27,1,1.1817361821153833,-8122150.695565566,0.014487,12339291.464897959,0.009312,200000,232569.07924778818,32569.079247788177,1.162845396238941
2020-11-28,2,1.4358370142276637,0.0,0.01535,0.0,0.009509,200000,244946.0870852918,44946.0870852918,1.224730435426459
2020-11-29,2,1.218988738081043,0.0,0.015151,0.0,0.009457,200000,244946.0870852918,44946.0870852918,1.224730435426459
2020-11-30,2,1.3024365031649088,0.0,0.015972,0.0,0.009765,200000,244946.0870852918,44946.0870852918,1.224730435426459
2020-12-01,0,0.19223227499461853,0.0,0.014737,0.0,0.009941,200000,244946.0870852918,44946.0870852918,1.224730435426459
2020-12-02,0,0.35147180399914363,0.0,0.016405,0.0,0.010823,200000,244946.0870852918,44946.0870852918,1.224730435426459
2020-12-03,0,0.6579927069845894,0.0,0.017397,0.0,0.011109,200000,244946.0870852918,44946.0870852918,1.224730435426459
2020-12-04,-2,-1.272776503686605,0.0,0.015698,0.0,0.011875,200000,244946.0870852918,44946.0870852918,1.224730435426459
2020-12-05,0,-0.6841623911495803,0.0,0.017484,0.0,0.012431,200000,244946.0870852918,44946.0870852918,1.224730435426459
2020-12-06,0,-0.5378361571102291,0.0,0.017144,0.0,0.011956,200000,244946.0870852918,44946.0870852918,1.224730435426459
2020-12-07,0,-0.8398485726261272,0.0,0.018137,0.0,0.01297,200000,244946.0870852918,44946.0870852918,1.224730435426459
2020-12-08,-2,-2.3906301045600498,0.0,0.016382,0.0,0.014005,200000,244946.0870852918,44946.0870852918,1.224730435426459
2020-12-09,-2,-2.8088232746708335,0.0,0.016758,0.0,0.016865,200000,244946.0870852918,44946.0870852918,1.224730435426459
2020-12-10,-2,-2.0971331105362303,0.0,0.015937,0.0,0.015172,200000,244946.0870852918,44946.0870852918,1.224730435426459
2020-12-11,-2,-1.4727128637207991,0.0,0.015587,0.0,0.01376,200000,244946.0870852918,44946.0870852918,1.224730435426459
2020-12-12,-1,-1.0272823555130448,7423958.5101925135,0.016497,-8918805.967276866,0.013732,200000,244946.0870852918,44946.0870852918,1.224730435426459
2020-12-13,-1,-1.0264463530425996,7423958.5101925135,0.01647,-8918805.967276866,0.013928,200000,246493.72617510287,46493.72617510287,1.2324686308755144
2020-12-14,-2,-1.8907938954408865,0.0,0.01637,0.0,0.017339,200000,278059.06294005393,78059.06294005393,1.3902953147002697
2020-12-15,-2,-1.4593365492216777,0.0,0.016501,0.0,0.01654,200000,278059.06294005393,78059.06294005393,1.3902953147002697
2020-12-16,-2,-1.3866381949811026,0.0,0.017274,0.0,0.017725,200000,278059.06294005393,78059.06294005393,1.3902953147002697
2020-12-17,-1,-1.088475587447793,8134187.425112741,0.017092,-8284937.2188801,0.016781,200000,278059.06294005393,78059.06294005393,1.3902953147002697
2020-12-18,-1,-1.0811748109592243,8134187.425112741,0.017424,-8284937.2188801,0.017513,200000,286824.1872094116,86824.18720941158,1.434120936047058
2020-12-19,-1,-0.8933975996698136,8134187.425112741,0.017373,-8284937.2188801,0.017049,200000,282565.1327811705,82565.13278117048,1.4128256639058523
2020-12-20,-1,-0.9223558181875022,8134187.425112741,0.016325,-8284937.2188801,0.01639,200000,268580.73073241033,68580.73073241033,1.3429036536620518
2020-12-21,-1,-0.8900492724779913,8134187.425112741,0.015523,-8284937.2188801,0.015772,200000,256937.02121620203,56937.02121620203,1.2846851060810103
2020-12-22,-1,-1.105497770345114,8134187.425112741,0.015854,-8284937.2188801,0.01718,200000,271294.6288580975,71294.62885809748,1.3564731442904874
2020-12-23,-2,-1.982094260051706,0.0,0.013236,0.0,0.018202,200000,321197.3854393173,121197.38543931732,1.6059869271965868
2020-12-24,-2,-1.5620652183661898,0.0,0.014893,0.0,0.019371,200000,321197.3854393173,121197.38543931732,1.6059869271965868
2020-12-25,-2,-2.089390276731253,0.0,0.014598,0.0,0.023837,200000,321197.3854393173,121197.38543931732,1.6059869271965868
2020-12-26,-2,-2.413081336537917,0.0,0.016471,0.0,0.035034,200000,321197.3854393173,121197.38543931732,1.6059869271965868
2020-12-27,-2,-1.6241394308497337,0.0,0.016542,0.0,0.02702,200000,321197.3854393173,121197.38543931732,1.6059869271965868
2020-12-28,-1,-1.1694321355818607,7945710.108829342,0.020212,-5393018.325654275,0.029779,200000,321197.3854393173,121197.38543931732,1.6059869271965868
2020-12-29,-1,-0.7208033890988396,7945710.108829342,0.021135,-5393018.325654275,0.02797,200000,318775.3057186582,118775.3057186582,1.593876528593291
2020-12-30,-1,-0.816683232261911,7945710.108829342,0.0202,-5393018.325654275,0.028098,200000,312036.3731125865,112036.3731125865,1.5601818655629325
2020-12-31,-2,-1.4184527004150582,0.0,0.018754,0.0,0.03333,200000,351932.8388523888,151932.83885238878,1.7596641942619438
2021-01-01,-2,-1.2773525033436388,0.0,0.019052,0.0,0.03345,200000,351932.8388523888,151932.83885238878,1.7596641942619438
2021-01-02,-2,-1.3798962948588018,0.0,0.019993,0.0,0.037912,200000,351932.8388523888,151932.83885238878,1.7596641942619438
2021-01-03,0,0.16082857381611163,0.0,0.026226,0.0,0.032107,200000,351932.8388523888,151932.83885238878,1.7596641942619438
2021-01-04,0,0.32563663686301847,0.0,0.024598,0.0,0.029352,200000,351932.8388523888,151932.83885238878,1.7596641942619438
2021-01-05,0,0.8474072889903796,0.0,0.027964,0.0,0.03009,200000,351932.8388523888,151932.83885238878,1.7596641942619438
2021-01-06,2,1.2972063772247988,0.0,0.030819,0.0,0.030533,200000,351932.8388523888,151932.83885238878,1.7596641942619438
2021-01-07,2,1.2936684618347198,0.0,0.028673,0.0,0.028364,200000,351932.8388523888,151932.83885238878,1.7596641942619438
2021-01-08,2,1.3470392357521097,0.0,0.027299,0.0,0.026742,200000,351932.8388523888,151932.83885238878,1.7596641942619438
2021-01-09,2,1.4225342266510388,0.0,0.028812,0.0,0.027671,200000,351932.8388523888,151932.83885238878,1.7596641942619438
2021-01-10,2,1.3313422978660678,0.0,0.02707,0.0,0.026263,200000,351932.8388523888,151932.83885238878,1.7596641942619438
2021-01-11,1,1.0451149409085843,-7228328.106564015,0.024344,7106021.864321544,0.024763,200000,351932.8388523888,151932.83885238878,1.7596641942619438
2021-01-12,1,0.5954697648525347,-7228328.106564015,0.02299,7106021.864321544,0.025337,200000,346224.53914622165,146224.53914622165,1.7311226957311083
2021-01-13,1,0.5688277761744377,-7228328.106564015,0.026073,7106021.864321544,0.028643,200000,392001.9829822056,192001.98298220558,1.9600099149110277
2021-01-14,1,0.3379271083194117,-7228328.106564015,0.025743,7106021.864321544,0.029342,200000,394583.74399020016,194583.74399020016,1.972918719951001
2021-01-15,1,0.4590901625004721,-7228328.106564015,0.025306,7106021.864321544,0.02767,200000,379543.69605048606,179543.69605048606,1.8977184802524303
2021-01-16,1,0.7320250323172295,-7228328.106564015,0.026863,7106021.864321544,0.027542,200000,389888.63211377314,189888.63211377314,1.9494431605688658
2021-01-17,1,0.9265441818879036,-7228328.106564015,0.027152,7106021.864321544,0.026523,200000,384736.5826568265,184736.58265682647,1.9236829132841322
2021-01-18,2,1.354361965179448,0.0,0.030803,0.0,0.027466,200000,379413.03299342457,179413.03299342457,1.8970651649671229
2021-01-19,0,0.5265251340686208,0.0,0.029015,0.0,0.029265,200000,379413.03299342457,179413.03299342457,1.8970651649671229
2021-01-20,2,1.4858830368361977,0.0,0.034595,0.0,0.029638,200000,379413.03299342457,179413.03299342457,1.8970651649671229
2021-01-21,1,1.1824958611959673,-6795132.763690533,0.027918,7635601.38847705,0.024845,200000,379413.03299342457,179413.03299342457,1.8970651649671229
2021-01-22,2,1.557437855901411,0.0,0.031268,0.0,0.027276,200000,383614.58077640017,183614.58077640017,1.9180729038820008
2021-01-23,0,0.2350831598856923,0.0,0.030068,0.0,0.029377,200000,383614.58077640017,183614.58077640017,1.9180729038820008
2021-01-24,0,0.7218388947785407,0.0,0.030606,0.0,0.028501,200000,383614.58077640017,183614.58077640017,1.9180729038820008
2021-01-25,0,0.05221384129451345,0.0,0.029758,0.0,0.02909,200000,383614.58077640017,183614.58077640017,1.9180729038820008
2021-01-26,-2,-1.4487458517159222,0.0,0.029444,0.0,0.033123,200000,383614.58077640017,183614.58077640017,1.9180729038820008
2021-01-27,-1,-1.18758993575025,7276176.563415655,0.026361,-6559981.202783955,0.029239,200000,383614.58077640017,183614.58077640017,1.9180729038820008
2021-01-28,-1,-0.7622620675174586,7276176.563415655,0.027389,-6559981.202783955,0.029324,200000,391652.0886858281,191652.0886858281,1.9582604434291404
2021-01-29,-1,-0.5832998052762116,7276176.563415655,0.02783,-6559981.202783955,0.029445,200000,395654.6402758312,195654.64027583122,1.9782732013791562
2021-01-30,-1,-0.6581177795083263,7276176.563415655,0.026842,-6559981.202783955,0.028771,200000,384044.3505005002,184044.35050050018,1.920221752502501
2021-01-31,-1,-0.8381207225680506,7276176.563415655,0.025397,-6559981.202783955,0.027867,200000,367600.05235904787,167600.05235904787,1.8380002617952393
2021-02-01,0,0.10827963804859558,0.0,0.029382,0.0,0.029253,200000,361725.0911151604,161725.09111516038,1.808625455575802
2021-02-02,0,-0.803837652014915,0.0,0.028127,0.0,0.030505,200000,361725.0911151604,161725.09111516038,1.808625455575802
2021-02-03,-1,-1.1913890284051665,6198805.413770442,0.029177,-5505876.755991968,0.032849,200000,361725.0911151604,161725.09111516038,1.808625455575802
2021-02-04,-2,-1.5159374098518132,0.0,0.02771,0.0,0.032624,200000,369579.91638706345,169579.91638706345,1.8478995819353172
2021-02-05,0,-0.8451805658010583,0.0,0.032096,0.0,0.035359,200000,369579.91638706345,169579.91638706345,1.8478995819353172
2021-02-06,-1,-1.0634087010876911,6170772.663912768,0.029946,-5407958.97552039,0.03417,200000,369579.91638706345,169579.91638706345,1.8478995819353172
2021-02-07,-2,-1.4833433798121693,0.0,0.029139,0.0,0.03559,200000,382239.03167208005,182239.03167208005,1.9111951583604
2021-02-08,-2,-1.4818591519668074,0.0,0.031326,0.0,0.039173,200000,382239.03167208005,182239.03167208005,1.9111951583604
2021-02-09,0,-0.9963621195918368,0.0,0.035375,0.0,0.041884,200000,382239.03167208005,182239.03167208005,1.9111951583604
2021-02-10,0,-0.877785596367584,0.0,0.035689,0.0,0.042009,200000,382239.03167208005,182239.03167208005,1.9111951583604
2021-02-11,0,0.42651148986616033,0.0,0.042558,0.0,0.044899,200000,382239.03167208005,182239.03167208005,1.9111951583604
2021-02-12,2,2.5317410375015847,0.0,0.054359,0.0,0.047867,200000,382239.03167208005,182239.03167208005,1.9111951583604
2021-02-13,2,1.2236299619502997,0.0,0.054766,0.0,0.053836,200000,382239.03167208005,182239.03167208005,1.9111951583604
2021-02-14,0,-0.08698991505781663,0.0,0.052161,0.0,0.057474,200000,382239.03167208005,182239.03167208005,1.9111951583604
2021-02-15,0,-0.9496182265747061,0.0,0.051032,0.0,0.060898,200000,382239.03167208005,182239.03167208005,1.9111951583604
2021-02-16,0,-0.7430889873736044,0.0,0.049319,0.0,0.057983,200000,382239.03167208005,182239.03167208005,1.9111951583604
2021-02-17,0,-0.37372452616475066,0.0,0.051196,0.0,0.058393,200000,382239.03167208005,182239.03167208005,1.9111951583604
2021-02-18,0,-0.10989850776362926,0.0,0.054483,0.0,0.060869,200000,382239.03167208005,182239.03167208005,1.9111951583604
2021-02-19,-2,-2.6872007304683647,0.0,0.053602,0.0,0.086817,200000,382239.03167208005,182239.03167208005,1.9111951583604
2021-02-20,-2,-2.2811488962394915,0.0,0.053554,0.0,0.089168,200000,382239.03167208005,182239.03167208005,1.9111951583604
2021-02-21,-2,-1.900298991564483,0.0,0.054826,0.0,0.090146,200000,382239.03167208005,182239.03167208005,1.9111951583604
2021-02-22,-2,-2.012032508938616,0.0,0.050147,0.0,0.092491,200000,382239.03167208005,182239.03167208005,1.9111951583604
2021-02-23,-2,-1.9379904032866426,0.0,0.042224,0.0,0.084445,200000,382239.03167208005,182239.03167208005,1.9111951583604
2021-02-24,-2,-1.7273466346109017,0.0,0.042694,0.0,0.087108,200000,382239.03167208005,182239.03167208005,1.9111951583604
2021-02-25,-2,-1.473499291151286,0.0,0.039342,0.0,0.078599,200000,382239.03167208005,182239.03167208005,1.9111951583604
2021-02-26,-2,-1.4220395870867981,0.0,0.039453,0.0,0.082858,200000,382239.03167208005,182239.03167208005,1.9111951583604
2021-02-27,-2,-1.4625486156563563,0.0,0.040822,0.0,0.094728,200000,382239.03167208005,182239.03167208005,1.9111951583604
2021-02-28,-2,-1.3087618941129977,0.0,0.039735,0.0,0.092106,200000,382239.03167208005,182239.03167208005,1.9111951583604
2021-03-01,-2,-1.2790261753826548,0.0,0.045729,0.0,0.112899,200000,382239.03167208005,182239.03167208005,1.9111951583604
2021-03-02,-2,-1.3271308088162432,0.0,0.043803,0.0,0.122481,200000,382239.03167208005,182239.03167208005,1.9111951583604
2021-03-03,0,-0.9994521202388018,0.0,0.052864,0.0,0.128678,200000,382239.03167208005,182239.03167208005,1.9111951583604
2021-03-04,-2,-1.2005936758463827,0.0,0.050284,0.0,0.143324,200000,382239.03167208005,182239.03167208005,1.9111951583604
2021-03-05,-1,-1.0365252939511387,3674668.637493559,0.05201,-1365422.236292089,0.139971,200000,382239.03167208005,182239.03167208005,1.9111951583604
2021-03-06,-1,-0.9196430660585359,3674668.637493559,0.053272,-1365422.236292089,0.140474,200000,387563.27087745175,187563.27087745175,1.9378163543872589
2021-03-07,-1,-0.8063549922747347,3674668.637493559,0.05667,-1365422.236292089,0.146994,200000,408952.34788827936,208952.34788827936,2.044761739441397
2021-03-08,-1,-0.7678641034707829,3674668.637493559,0.065316,-1365422.236292089,0.171611,200000,474336.13211885106,274336.13211885106,2.3716806605942553
2021-03-09,-1,-0.9499653845412824,3674668.637493559,0.064429,-1365422.236292089,0.184748,200000,489014.25295556337,289014.25295556337,2.445071264777817
2021-03-10,-2,-2.0106442854550246,0.0,0.061343,0.0,0.253021,200000,502304.33309117326,302304.33309117326,2.5115216654558665
2021-03-11,-2,-2.2197881317027277,0.0,0.067237,0.0,0.361876,200000,502304.33309117326,302304.33309117326,2.5115216654558665
2021-03-12,-2,-2.092153024211735,0.0,0.065552,0.0,0.394429,200000,502304.33309117326,302304.33309117326,2.5115216654558665
2021-03-13,-2,-1.7775126602372293,0.0,0.067523,0.0,0.369683,200000,502304.33309117326,302304.33309117326,2.5115216654558665
2021-03-14,-2,-1.6437566065278428,0.0,0.066074,0.0,0.374202,200000,502304.33309117326,302304.33309117326,2.5115216654558665
2021-03-15,-1,-1.0652008626767384,3183130.3347940664,0.078901,-728410.1177383275,0.344795,200000,502304.33309117326,302304.33309117326,2.5115216654558665
2021-03-16,-1,-1.1200733037397759,3183130.3347940664,0.074411,-728410.1177383275,0.35307,200000,494039.6716122326,294039.6716122326,2.470198358061163
2021-03-17,-1,-0.938848644686481,3183130.3347940664,0.076673,-728410.1177383275,0.346803,200000,496674.9662216706,296674.9662216706,2.483374831108353
2021-03-18,-1,-0.8688483973052887,3183130.3347940664,0.077475,-728410.1177383275,0.352472,200000,503357.1937076341,303357.1937076341,2.5167859685381706
2021-03-19,-1,-0.6225502558686854,3183130.3347940664,0.080765,-728410.1177383275,0.341767,200000,506032.06219871773,306032.06219871773,2.5301603109935886
2021-03-20,0,-0.06349303772562591,0.0,0.089496,0.0,0.317905,200000,448992.11912804644,248992.11912804644,2.244960595640232
2021-03-21,0,0.009225368433914046,0.0,0.093802,0.0,0.332983,200000,448992.11912804644,248992.11912804644,2.244960595640232
2021-03-22,0,-0.45395879912312104,0.0,0.088369,0.0,0.371675,200000,448992.11912804644,248992.11912804644,2.244960595640232
2021-03-23,-1,-1.1375065912778353,2703859.656549877,0.083028,-470702.8158041994,0.476938,200000,448992.11912804644,248992.11912804644,2.244960595640232
2021-03-24,-1,-0.5387716579415676,2703859.656549877,0.0846,-470702.8158041994,0.392889,200000,413680.48554261564,213680.48554261564,2.068402427713078
2021-03-25,-1,-0.7472176993491604,2703859.656549877,0.080762,-470702.8158041994,0.417473,200000,414874.8302045077,214874.83020450769,2.074374151022538
2021-03-26,-1,-0.35275678613257033,2703859.656549877,0.090047,-470702.8158041994,0.416534,200000,439538.17717153317,239538.17717153317,2.197690885857666
2021-03-27,0,-0.14593571001636163,0.0,0.088445,0.0,0.396588,200000,396524.34011864837,196524.34011864837,1.9826217005932418
2021-03-28,0,0.08594290872209338,0.0,0.090733,0.0,0.399384,200000,396524.34011864837,196524.34011864837,1.9826217005932418
2021-03-29,0,0.20629920012842937,0.0,0.092003,0.0,0.41121,200000,396524.34011864837,196524.34011864837,1.9826217005932418
2021-03-30,0,0.043005116543486224,0.0,0.089331,0.0,0.411099,200000,396524.34011864837,196524.34011864837,1.9826217005932418
2021-03-31,0,-0.2139722687132114,0.0,0.087721,0.0,0.416252,200000,396524.34011864837,196524.34011864837,1.9826217005932418
2021-04-01,0,-0.2705113159359153,0.0,0.088056,0.0,0.415404,200000,396524.34011864837,196524.34011864837,1.9826217005932418
2021-04-02,0,-0.2685557728221308,0.0,0.094023,0.0,0.439453,200000,396524.34011864837,196524.34011864837,1.9826217005932418
2021-04-03,0,-0.0677231237809964,0.0,0.087307,0.0,0.393855,200000,396524.34011864837,196524.34011864837,1.9826217005932418
2021-04-04,0,0.08859213175468418,0.0,0.092423,0.0,0.410231,200000,396524.34011864837,196524.34011864837,1.9826217005932418
2021-04-05,2,1.7193724353761588,0.0,0.102343,0.0,0.376921,200000,396524.34011864837,196524.34011864837,1.9826217005932418
2021-04-06,2,2.6653369920508507,0.0,0.111808,0.0,0.347919,200000,396524.34011864837,196524.34011864837,1.9826217005932418
2021-04-07,2,1.6243902628278217,0.0,0.105908,0.0,0.359988,200000,396524.34011864837,196524.34011864837,1.9826217005932418
2021-04-08,2,1.6808630596128729,0.0,0.116636,0.0,0.382227,200000,396524.34011864837,196524.34011864837,1.9826217005932418
2021-04-09,2,2.1333198544897933,0.0,0.125996,0.0,0.375167,200000,396524.34011864837,196524.34011864837,1.9826217005932418
2021-04-10,2,2.6353448209117745,0.0,0.141922,0.0,0.361716,200000,396524.34011864837,196524.34011864837,1.9826217005932418
2021-04-11,2,2.165775738460167,0.0,0.139394,0.0,0.354218,200000,396524.34011864837,196524.34011864837,1.9826217005932418
2021-04-12,2,1.4744923572312987,0.0,0.128931,0.0,0.357912,200000,396524.34011864837,196524.34011864837,1.9826217005932418
2021-04-13,2,2.1510569286956573,0.0,0.153447,0.0,0.352329,200000,396524.34011864837,196524.34011864837,1.9826217005932418
2021-04-14,2,2.416269119821535,0.0,0.168004,0.0,0.334358,200000,396524.34011864837,196524.34011864837,1.9826217005932418
2021-04-15,2,1.8735678786372763,0.0,0.175601,0.0,0.363338,200000,396524.34011864837,196524.34011864837,1.9826217005932418
2021-04-16,2,2.453081177631759,0.0,0.234485,0.0,0.387414,200000,396524.34011864837,196524.34011864837,1.9826217005932418
2021-04-17,2,2.217010381888167,0.0,0.226425,0.0,0.355571,200000,396524.34011864837,196524.34011864837,1.9826217005932418
2021-04-18,2,2.5968078891640003,0.0,0.253321,0.0,0.318046,200000,396524.34011864837,196524.34011864837,1.9826217005932418
2021-04-19,2,2.0007960968930054,0.0,0.228215,0.0,0.300044,200000,396524.34011864837,196524.34011864837,1.9826217005932418
2021-04-20,2,1.9292448978587642,0.0,0.251237,0.0,0.31082,200000,396524.34011864837,196524.34011864837,1.9826217005932418
2021-04-21,2,1.5782222882832504,0.0,0.226271,0.0,0.290039,200000,396524.34011864837,196524.34011864837,1.9826217005932418
2021-04-22,2,1.3223319529574005,0.0,0.190174,0.0,0.250976,200000,396524.34011864837,196524.34011864837,1.9826217005932418
2021-04-23,2,1.2196700214052678,0.0,0.202086,0.0,0.265,200000,396524.34011864837,196524.34011864837,1.9826217005932418
2021-04-24,1,1.048036985458498,-1111179.3193741022,0.178425,831179.8888166493,0.238531,200000,396524.34011864837,196524.34011864837,1.9826217005932418
2021-04-25,1,0.399149141573952,-1111179.3193741022,0.1683,831179.8888166493,0.26626,200000,408321.43664698245,208321.43664698245,2.0416071832349125
2021-04-26,1,0.287103627664798,-1111179.3193741022,0.18849,831179.8888166493,0.3023,200000,460711.8702980976,260711.8702980976,2.303559351490488
2021-04-27,1,0.34364596326855923,-1111179.3193741022,0.2081,831179.8888166493,0.32129,200000,498286.20283965196,298286.20283965196,2.49143101419826
2021-04-28,0,0.1697741591455112,0.0,0.1984,0.0,0.31404,200000,355958.5847984897,155958.5847984897,1.7797929239924484
2021-04-29,0,-0.3229578779764854,0.0,0.19127,0.0,0.33615,200000,355958.5847984897,155958.5847984897,1.7797929239924484
2021-04-30,0,-0.4622861410220841,0.0,0.20098,0.0,0.35815,200000,355958.5847984897,155958.5847984897,1.7797929239924484
2021-05-01,0,-0.5048229871627381,0.0,0.20422,0.0,0.35872,200000,355958.5847984897,155958.5847984897,1.7797929239924484
2021-05-02,0,-0.3943846749500521,0.0,0.21488,0.0,0.35685,200000,355958.5847984897,155958.5847984897,1.7797929239924484
2021-05-03,0,-0.8506548265866237,0.0,0.21084,0.0,0.37214,200000,355958.5847984897,155958.5847984897,1.7797929239924484
2021-05-04,0,-0.8844724233096892,0.0,0.18753,0.0,0.32882,200000,355958.5847984897,155958.5847984897,1.7797929239924484
2021-05-05,-2,-1.2997297218764978,0.0,0.20705,0.0,0.38419,200000,355958.5847984897,155958.5847984897,1.7797929239924484
2021-05-06,0,-0.9845320174231168,0.0,0.21584,0.0,0.38257,200000,355958.5847984897,155958.5847984897,1.7797929239924484
2021-05-07,0,-0.8889341328703003,0.0,0.2306,0.0,0.40605,200000,355958.5847984897,155958.5847984897,1.7797929239924484
2021-05-08,0,-0.9309272615105978,0.0,0.2234,0.0,0.40215,200000,355958.5847984897,155958.5847984897,1.7797929239924484
2021-05-09,0,-0.3354580113795147,0.0,0.23386,0.0,0.3874,200000,355958.5847984897,155958.5847984897,1.7797929239924484
2021-05-10,0,-0.4837111294485714,0.0,0.20262,0.0,0.34681,200000,355958.5847984897,155958.5847984897,1.7797929239924484
2021-05-11,0,-0.42646555056656665,0.0,0.21269,0.0,0.36499,200000,355958.5847984897,155958.5847984897,1.7797929239924484
2021-05-12,0,-0.37855975779144585,0.0,0.1666,0.0,0.28697,200000,355958.5847984897,155958.5847984897,1.7797929239924484
2021-05-13,0,-0.9932413348185536,0.0,0.18222,0.0,0.33436,200000,355958.5847984897,155958.5847984897,1.7797929239924484
2021-05-14,-1,-1.0666682041914657,953086.068326255,0.18674,-523145.387846462,0.34021,200000,355958.5847984897,155958.5847984897,1.7797929239924484
2021-05-15,-1,-1.0125400888178404,953086.068326255,0.17254,-523145.387846462,0.31496,200000,329215.3415851337,129215.34158513369,1.6460767079256684
2021-05-16,-2,-1.9089365672544876,0.0,0.17646,0.0,0.344,200000,367739.0306008216,167739.0306008216,1.838695153004108
2021-05-17,-2,-2.6731327374434346,0.0,0.15775,0.0,0.33172,200000,367739.0306008216,167739.0306008216,1.838695153004108
2021-05-18,-2,-2.0279270423387277,0.0,0.16183,0.0,0.33024,200000,367739.0306008216,167739.0306008216,1.838695153004108
2021-05-19,-2,-2.450828345972201,0.0,0.10533,0.0,0.23274,200000,367739.0306008216,167739.0306008216,1.838695153004108
2021-05-20,-2,-1.9662677010785337,0.0,0.13077,0.0,0.28624,200000,367739.0306008216,167739.0306008216,1.838695153004108
2021-05-21,-2,-2.1842114885415844,0.0,0.10813,0.0,0.25489,200000,367739.0306008216,167739.0306008216,1.838695153004108
2021-05-22,-2,-2.584180761069995,0.0,0.09944,0.0,0.27369,200000,367739.0306008216,167739.0306008216,1.838695153004108
2021-05-23,-2,-2.3111234718680884,0.0,0.08638,0.0,0.25157,200000,367739.0306008216,167739.0306008216,1.838695153004108
2021-05-24,-2,-1.35462128419915,0.0,0.1124,0.0,0.27944,200000,367739.0306008216,167739.0306008216,1.838695153004108
2021-05-25,-2,-1.203753401398385,0.0,0.11267,0.0,0.27915,200000,367739.0306008216,167739.0306008216,1.838695153004108
2021-05-26,0,-0.7450947912627236,0.0,0.13306,0.0,0.30654,200000,367739.0306008216,167739.0306008216,1.838695153004108
2021-05-27,-1,-1.102208777583588,1485214.17851705,0.1238,-588043.7357695113,0.31268,200000,367739.0306008216,167739.0306008216,1.838695153004108
2021-05-28,-2,-1.2874202831158865,0.0,0.10815,0.0,0.29327,200000,379568.70358332724,179568.70358332724,1.8978435179166362
2021-05-29,-2,-1.424854675864992,0.0,0.09896,0.0,0.28627,200000,379568.70358332724,179568.70358332724,1.8978435179166362
2021-05-30,-2,-1.2211797951010186,0.0,0.10752,0.0,0.30461,200000,379568.70358332724,179568.70358332724,1.8978435179166362
2021-05-31,0,-0.9259507391040216,0.0,0.12588,0.0,0.34008,200000,379568.70358332724,179568.70358332724,1.8978435179166362
2021-06-01,-2,-1.3450256108731924,0.0,0.12068,0.0,0.36487,200000,379568.70358332724,179568.70358332724,1.8978435179166362
2021-06-02,-1,-1.0930540914758666,1509459.570441928,0.12573,-516588.68689548597,0.36738,200000,379568.70358332724,179568.70358332724,1.8978435179166362
2021-06-03,-1,-1.1756443655424034,1509459.570441928,0.14323,-516588.68689548597,0.43258,200000,439665.82845164667,239665.82845164667,2.1983291422582334
2021-06-04,-2,-1.5946994969103356,0.0,0.12902,0.0,0.43143,200000,407690.08699222916,207690.08699222916,2.038450434961146
2021-06-05,-2,-1.7348675773733124,0.0,0.12534,0.0,0.44424,200000,407690.08699222916,207690.08699222916,2.038450434961146
2021-06-06,-2,-1.6330379681755396,0.0,0.12766,0.0,0.4597,200000,407690.08699222916,207690.08699222916,2.038450434961146
2021-06-07,-2,-2.0532433491042483,0.0,0.11458,0.0,0.4784,200000,407690.08699222916,207690.08699222916,2.038450434961146
2021-06-08,-2,-2.322690342661547,0.0,0.11285,0.0,0.5775,200000,407690.08699222916,207690.08699222916,2.038450434961146
2021-06-09,-2,-1.8844901897255422,0.0,0.11996,0.0,0.57565,200000,407690.08699222916,207690.08699222916,2.038450434961146
2021-06-10,-2,-1.6373279935332143,0.0,0.11204,0.0,0.53091,200000,407690.08699222916,207690.08699222916,2.038450434961146
2021-06-11,-2,-1.3816278874830814,0.0,0.10482,0.0,0.48342,200000,407690.08699222916,207690.08699222916,2.038450434961146
2021-06-12,0,-0.8384976425782289,0.0,0.10624,0.0,0.42363,200000,407690.08699222916,207690.08699222916,2.038450434961146
2021-06-13,-2,-1.4153590950943948,0.0,0.11244,0.0,0.57385,200000,407690.08699222916,207690.08699222916,2.038450434961146
2021-06-14,-1,-1.1660959057573876,1798526.9410280094,0.11334,-370499.3611227296,0.55019,200000,407690.08699222916,207690.08699222916,2.038450434961146
2021-06-15,-1,-0.8657012594925416,1798526.9410280094,0.11135,-370499.3611227296,0.49849,200000,384956.20140953833,184956.20140953833,1.9247810070476916
2021-06-16,-1,-0.9331576693321216,1798526.9410280094,0.10752,-370499.3611227296,0.504,200000,380109.2947051873,180109.29470518732,1.9005464735259365
2021-06-17,-1,-1.1762262602557882,1798526.9410280094,0.10726,-370499.3611227296,0.56207,200000,401156.57560091687,201156.57560091687,2.0057828780045845
2021-06-18,-2,-1.3371424121230646,0.0,0.09957,0.0,0.5792,200000,443203.9894363553,243203.9894363553,2.2160199471817768
2021-06-19,-2,-1.3374402182267457,0.0,0.09639,0.0,0.5873,200000,443203.9894363553,243203.9894363553,2.2160199471817768
2021-06-20,-2,-1.2234243048487679,0.0,0.0984,0.0,0.58881,200000,443203.9894363553,243203.9894363553,2.2160199471817768
2021-06-21,-2,-1.2504233039457584,0.0,0.07332,0.0,0.45868,200000,443203.9894363553,243203.9894363553,2.2160199471817768
2021-06-22,-2,-1.2261734402266253,0.0,0.07176,0.0,0.45324,200000,443203.9894363553,243203.9894363553,2.2160199471817768
2021-06-23,-1,-1.1941558882610745,2910454.356687387,0.07614,-461680.44067205075,0.47999,200000,443203.9894363553,243203.9894363553,2.2160199471817768
2021-06-24,-1,-0.9691653233404343,2910454.356687387,0.08077,-461680.44067205075,0.48658,200000,459721.8672118467,259721.8672118467,2.2986093360592337
2021-06-25,-1,-0.8230585138658244,2910454.356687387,0.07209,-461680.44067205075,0.42552,200000,406268.91568836477,206268.91568836477,2.031344578441824
2021-06-26,-1,-0.6139086941042716,2910454.356687387,0.074,-461680.44067205075,0.42354,200000,410913.756237107,210913.75623710698,2.0545687811855347
2021-06-27,-1,-0.31654836628077043,2910454.356687387,0.07806,-461680.44067205075,0.43151,200000,426409.794037414,226409.79403741402,2.1320489701870704
2021-06-28,0,-0.1346344241423906,0.0,0.07942,0.0,0.429,200000,410116.61347655277,210116.61347655277,2.050583067382764
2021-06-29,0,0.8320302738329479,0.0,0.09008,0.0,0.42802,200000,410116.61347655277,210116.61347655277,2.050583067382764
2021-06-30,2,1.2154575863050634,0.0,0.09134,0.0,0.41198,200000,410116.61347655277,210116.61347655277,2.050583067382764
2021-07-01,2,1.236854995467099,0.0,0.08424,0.0,0.37767,200000,410116.61347655277,210116.61347655277,2.050583067382764
2021-07-02,2,1.8115631547803377,0.0,0.08655,0.0,0.36884,200000,410116.61347655277,210116.61347655277,2.050583067382764
2021-07-03,2,1.5171239086116055,0.0,0.08736,0.0,0.3772,200000,410116.61347655277,210116.61347655277,2.050583067382764
2021-07-04,2,1.4666367174552668,0.0,0.08778,0.0,0.37538,200000,410116.61347655277,210116.61347655277,2.050583067382764
2021-07-05,2,1.4841661483743618,0.0,0.08342,0.0,0.35303,200000,410116.61347655277,210116.61347655277,2.050583067382764
2021-07-06,2,1.455647235380192,0.0,0.08446,0.0,0.35359,200000,410116.61347655277,210116.61347655277,2.050583067382764
2021-07-07,2,1.24141584559394,0.0,0.0834,0.0,0.35301,200000,410116.61347655277,210116.61347655277,2.050583067382764
2021-07-08,0,0.05475363456066484,0.0,0.07607,0.0,0.38178,200000,410116.61347655277,210116.61347655277,2.050583067382764
2021-07-09,0,0.47891781750081913,0.0,0.07703,0.0,0.35844,200000,410116.61347655277,210116.61347655277,2.050583067382764
2021-07-10,0,0.6337340832195391,0.0,0.07597,0.0,0.34214,200000,410116.61347655277,210116.61347655277,2.050583067382764
2021-07-11,0,0.6206796128891271,0.0,0.07768,0.0,0.34683,200000,410116.61347655277,210116.61347655277,2.050583067382764
2021-07-12,0,0.6088454878046099,0.0,0.07495,0.0,0.33194,200000,410116.61347655277,210116.61347655277,2.050583067382764
2021-07-13,0,0.855342719750983,0.0,0.07294,0.0,0.31135,200000,410116.61347655277,210116.61347655277,2.050583067382764
2021-07-14,1,1.084930973872348,-2826051.636415055,0.07256,683004.0526871944,0.30023,200000,410116.61347655277,210116.61347655277,2.050583067382764
2021-07-15,1,0.8895834167498593,-2826051.636415055,0.06904,683004.0526871944,0.28951,200000,392847.10827156506,192847.10827156506,1.9642355413578252
2021-07-16,2,1.3202338991462206,0.0,0.06521,0.0,0.26293,200000,414821.18511413445,214821.18511413445,2.074105925570672
2021-07-17,0,0.7229371842946672,0.0,0.0655,0.0,0.27528,200000,414821.18511413445,214821.18511413445,2.074105925570672
2021-07-18,0,-0.0632115567050759,0.0,0.06755,0.0,0.29584,200000,414821.18511413445,214821.18511413445,2.074105925570672
2021-07-19,0,0.5897470723151701,0.0,0.0618,0.0,0.26095,200000,414821.18511413445,214821.18511413445,2.074105925570672
2021-07-20,2,1.6148032691983354,0.0,0.05773,0.0,0.23041,200000,414821.18511413445,214821.18511413445,2.074105925570672
2021-07-21,0,0.8998174355333136,0.0,0.06605,0.0,0.27142,200000,414821.18511413445,214821.18511413445,2.074105925570672
2021-07-22,0,0.6570457164959265,0.0,0.06777,0.0,0.2813,200000,414821.18511413445,214821.18511413445,2.074105925570672
2021-07-23,1,1.194467424847091,-2921687.4567835927,0.07099,726634.6432072142,0.28544,200000,414821.18511413445,214821.18511413445,2.074105925570672
2021-07-24,0,-0.6776846095316691,0.0,0.07219,0.0,0.32065,200000,392742.4042749488,192742.4042749488,1.963712021374744
2021-07-25,-2,-1.6968287528021502,0.0,0.07438,0.0,0.35555,200000,392742.4042749488,192742.4042749488,1.963712021374744
2021-07-26,0,0.06649638414826017,0.0,0.07754,0.0,0.33305,200000,392742.4042749488,192742.4042749488,1.963712021374744
2021-07-27,0,0.9746802191031138,0.0,0.08396,0.0,0.34149,200000,392742.4042749488,192742.4042749488,1.963712021374744
2021-07-28,2,1.3830921245461438,0.0,0.08283,0.0,0.32909,200000,392742.4042749488,192742.4042749488,1.963712021374744
2021-07-29,1,1.0017399939935105,-2375649.675023886,0.08266,589420.104866954,0.33316,200000,392742.4042749488,192742.4042749488,1.963712021374744
2021-07-30,2,1.6694476055131462,0.0,0.08596,0.0,0.33288,200000,400747.08583189035,200747.08583189035,2.003735429159452
2021-07-31,2,2.3192520361305458,0.0,0.08962,0.0,0.3292,200000,400747.08583189035,200747.08583189035,2.003735429159452
2021-08-01,2,2.1686009346482384,0.0,0.08574,0.0,0.31032,200000,400747.08583189035,200747.08583189035,2.003735429159452
2021-08-02,2,2.164569189239266,0.0,0.08606,0.0,0.30342,200000,400747.08583189035,200747.08583189035,2.003735429159452
2021-08-03,2,2.097138441624999,0.0,0.0854,0.0,0.29418,200000,400747.08583189035,200747.08583189035,2.003735429159452
2021-08-04,2,1.787233207037911,0.0,0.08841,0.0,0.30479,200000,400747.08583189035,200747.08583189035,2.003735429159452
2021-08-05,1,1.1505346775829641,-2206271.1177708125,0.09082,614699.3371044734,0.32597,200000,400747.08583189035,200747.08583189035,2.003735429159452
2021-08-06,2,2.001426781597841,0.0,0.09665,0.0,0.3149,200000,420414.3681102407,220414.36811024073,2.1020718405512033
2021-08-07,2,2.42586176287184,0.0,0.10371,0.0,0.31047,200000,420414.3681102407,220414.36811024073,2.1020718405512033
2021-08-08,2,2.4311758087423256,0.0,0.1013,0.0,0.28578,200000,420414.3681102407,220414.36811024073,2.1020718405512033
2021-08-09,2,1.8782216526073958,0.0,0.10574,0.0,0.30498,200000,420414.3681102407,220414.36811024073,2.1020718405512033
2021-08-10,2,1.6064425626575423,0.0,0.10633,0.0,0.3081,200000,420414.3681102407,220414.36811024073,2.1020718405512033
2021-08-11,1,1.0291835760984656,-1894441.0963871698,0.11096,616208.4368279552,0.34113,200000,420414.36811024067,220414.36811024067,2.1020718405512033
2021-08-12,1,0.84619392084941,-1894441.0963871698,0.10725,616208.4368279552,0.3339,200000,408930.80464437813,208930.80464437813,2.0446540232218906
2021-08-13,2,1.2365349551326998,0.0,0.12083,0.0,0.352,200000,432414.3160232622,232414.31602326222,2.162071580116311
2021-08-14,2,1.7899939704184473,0.0,0.13014,0.0,0.34815,200000,432414.3160232622,232414.31602326222,2.162071580116311
2021-08-15,2,2.1441030004319095,0.0,0.13937,0.0,0.34505,200000,432414.3160232622,232414.31602326222,2.162071580116311
2021-08-16,1,1.0663335556812166,-1680061.838617073,0.12869,604978.3368169207,0.35738,200000,432414.3160232622,232414.31602326222,2.162071580116311
2021-08-17,1,0.8831897677945952,-1680061.838617073,0.11816,604978.3368169207,0.332,200000,399368.914674211,199368.914674211,1.996844573371055
2021-08-18,1,1.1068585465138123,-1680061.838617073,0.11955,604978.3368169207,0.32373,200000,396701.0297844128,196701.02978441282,1.983505148922064
2021-08-19,2,1.534040219855346,0.0,0.13013,0.0,0.3314,200000,450550.9422613743,250550.94226137432,2.2527547113068715
2021-08-20,2,1.4063266625354807,0.0,0.13295,0.0,0.33806,200000,450550.9422613743,250550.94226137432,2.2527547113068715
2021-08-21,0,0.9844645104919802,0.0,0.12822,0.0,0.33738,200000,450550.9422613743,250550.94226137432,2.2527547113068715
2021-08-22,0,0.9012879143006508,0.0,0.12817,0.0,0.3372,200000,450550.9422613743,250550.94226137432,2.2527547113068715
2021-08-23,0,0.6930441874387768,0.0,0.13164,0.0,0.35075,200000,450550.9422613743,250550.94226137432,2.2527547113068715
2021-08-24,0,0.3394759528145571,0.0,0.12128,0.0,0.33145,200000,450550.9422613743,250550.94226137432,2.2527547113068715
2021-08-25,0,0.46599727456331,0.0,0.1275,0.0,0.34281,200000,450550.9422613743,250550.94226137432,2.2527547113068715
2021-08-26,0,0.07381596125674046,0.0,0.11591,0.0,0.318,200000,450550.9422613743,250550.94226137432,2.2527547113068715
2021-08-27,0,0.6722473632877111,0.0,0.12803,0.0,0.3372,200000,450550.9422613743,250550.94226137432,2.2527547113068715
2021-08-28,0,0.4017999464039266,0.0,0.12328,0.0,0.3289,200000,450550.9422613743,250550.94226137432,2.2527547113068715
2021-08-29,0,0.3657538574021234,0.0,0.12352,0.0,0.3291,200000,450550.9422613743,250550.94226137432,2.2527547113068715
2021-08-30,0,-0.37019515418411597,0.0,0.11709,0.0,0.3246,200000,450550.9422613743,250550.94226137432,2.2527547113068715
2021-08-31,0,0.052921122472863,0.0,0.12282,0.0,0.3305,200000,450550.9422613743,250550.94226137432,2.2527547113068715
2021-09-01,2,1.7894057119282825,0.0,0.13728,0.0,0.3418,200000,450550.9422613743,250550.94226137432,2.2527547113068715
2021-09-02,2,2.35006930122256,0.0,0.14307,0.0,0.3445,200000,450550.9422613743,250550.94226137432,2.2527547113068715
2021-09-03,0,0.5429176010091318,0.0,0.14294,0.0,0.3688,200000,450550.9422613743,250550.94226137432,2.2527547113068715
2021-09-04,0,0.5240244941764888,0.0,0.14477,0.0,0.3752,200000,450550.9422613743,250550.94226137432,2.2527547113068715
2021-09-05,0,0.9642032834538625,0.0,0.15391,0.0,0.3908,200000,450550.9422613743,250550.94226137432,2.2527547113068715
2021-09-06,-2,-2.3973140304937286,0.0,0.14998,0.0,0.4413,200000,450550.9422613743,250550.94226137432,2.2527547113068715
2021-09-07,0,-0.9935284665125328,0.0,0.12286,0.0,0.3393,200000,450550.9422613743,250550.94226137432,2.2527547113068715
2021-09-08,0,-0.8321840977790815,0.0,0.11837,0.0,0.3258,200000,450550.9422613743,250550.94226137432,2.2527547113068715
2021-09-09,0,-0.5212985212444728,0.0,0.12163,0.0,0.3311,200000,450550.9422613743,250550.94226137432,2.2527547113068715
2021-09-10,0,-0.57549288967536,0.0,0.11252,0.0,0.3077,200000,450550.9422613743,250550.94226137432,2.2527547113068715
2021-09-11,0,-0.15498110334739065,0.0,0.11549,0.0,0.3103,200000,450550.9422613743,250550.94226137432,2.2527547113068715
2021-09-12,0,0.022691797134950627,0.0,0.11984,0.0,0.3195,200000,450550.9422613743,250550.94226137432,2.2527547113068715
2021-09-13,0,0.16395909432335934,0.0,0.11245,0.0,0.2975,200000,450550.9422613743,250550.94226137432,2.2527547113068715
2021-09-14,0,-0.17439786166558016,0.0,0.11764,0.0,0.3158,200000,450550.9422613743,250550.94226137432,2.2527547113068715
2021-09-15,0,-0.1295747837728695,0.0,0.12206,0.0,0.3266,200000,450550.9422613743,250550.94226137432,2.2527547113068715
2021-09-16,0,-0.3739479509832985,0.0,0.11669,0.0,0.316,200000,450550.9422613743,250550.94226137432,2.2527547113068715
2021-09-17,0,-0.6679217964823617,0.0,0.11145,0.0,0.3063,200000,450550.9422613743,250550.94226137432,2.2527547113068715
2021-09-18,0,-0.5406547917988548,0.0,0.11297,0.0,0.3092,200000,450550.9422613743,250550.94226137432,2.2527547113068715
2021-09-19,0,-0.7171473479825865,0.0,0.10824,0.0,0.2985,200000,450550.9422613743,250550.94226137432,2.2527547113068715
2021-09-20,-2,-1.2576231755288656,0.0,0.09176,0.0,0.2608,200000,450550.9422613743,250550.94226137432,2.2527547113068715
2021-09-21,-2,-1.9797283482338799,0.0,0.0861,0.0,0.2572,200000,450550.9422613743,250550.94226137432,2.2527547113068715
2021-09-22,0,-0.8841101114245146,0.0,0.09956,0.0,0.2812,200000,450550.9422613743,250550.94226137432,2.2527547113068715
2021-09-23,0,-0.7568036885603106,0.0,0.10202,0.0,0.2876,200000,450550.9422613743,250550.94226137432,2.2527547113068715
2021-09-24,-2,-1.3233747175771142,0.0,0.09229,0.0,0.2675,200000,450550.9422613743,250550.94226137432,2.2527547113068715
2021-09-25,-2,-1.5980234093027925,0.0,0.08994,0.0,0.2643,200000,450550.9422613743,250550.94226137432,2.2527547113068715
2021-09-26,-2,-1.9123859354182828,0.0,0.09149,0.0,0.2729,200000,450550.9422613743,250550.94226137432,2.2527547113068715
2021-09-27,-2,-2.128197139871032,0.0,0.08634,0.0,0.2646,200000,450550.9422613743,250550.94226137432,2.2527547113068715
2021-09-28,-2,-1.9255637099874319,0.0,0.08173,0.0,0.2523,200000,450550.9422613743,250550.94226137432,2.2527547113068715
2021-09-29,-1,-1.1620037484620571,2660314.9637539815,0.08468,-890416.881939475,0.253,200000,450550.9422613743,250550.94226137432,2.2527547113068715
2021-09-30,0,0.6425682056430234,0.0,0.09598,0.0,0.2621,200000,428592.1767966036,228592.1767966036,2.142960883983018
2021-10-01,0,0.9164497703806087,0.0,0.10825,0.0,0.2919,200000,428592.1767966036,228592.1767966036,2.142960883983018
2021-10-02,0,0.8664275472752452,0.0,0.11131,0.0,0.3013,200000,428592.1767966036,228592.1767966036,2.142960883983018
2021-10-03,1,1.099884535216145,-1940736.17459067,0.11042,723484.4307842734,0.2962,200000,428592.1767966036,228592.1767966036,2.142960883983018
2021-10-04,1,0.9177079937072037,-1940736.17459067,0.10939,723484.4307842734,0.2961,200000,426520.87009369675,226520.87009369675,2.1326043504684837
2021-10-05,1,0.8113459384212847,-1940736.17459067,0.11342,723484.4307842734,0.309,200000,443674.98603441427,243674.98603441427,2.2183749301720717
2021-10-06,1,1.0849224773728086,-1940736.17459067,0.11231,723484.4307842734,0.3021,200000,436528.72630820714,236528.72630820714,2.182643631541036
2021-10-07,1,0.8010517391665718,-1940736.17459067,0.11169,723484.4307842734,0.304,200000,436700.090298451,236700.09029845102,2.183500451492255
2021-10-08,1,0.3905381728128893,-1940736.17459067,0.11152,723484.4307842734,0.3095,200000,440349.3295180842,240349.32951808418,2.201746647590421
2021-10-09,2,1.3603777763849139,0.0,0.11892,0.0,0.3146,200000,431776.3207541937,231776.3207541937,2.1588816037709684
2021-10-10,0,0.8204427471084436,0.0,0.11031,0.0,0.2982,200000,431776.3207541937,231776.3207541937,2.1588816037709684
2021-10-11,0,0.6198207593398233,0.0,0.10911,0.0,0.2967,200000,431776.3207541937,231776.3207541937,2.1588816037709684
2021-10-12,0,0.7533627906693875,0.0,0.10675,0.0,0.2877,200000,431776.3207541937,231776.3207541937,2.1588816037709684
2021-10-13,2,1.832973161611211,0.0,0.11553,0.0,0.2925,200000,431776.3207541937,231776.3207541937,2.1588816037709684
2021-10-14,2,2.11224478792116,0.0,0.11916,0.0,0.2915,200000,431776.3207541937,231776.3207541937,2.1588816037709684
2021-10-15,2,2.11789348928333,0.0,0.11987,0.0,0.2867,200000,431776.3207541937,231776.3207541937,2.1588816037709684
2021-10-16,2,1.9490523334310883,0.0,0.1199,0.0,0.2844,200000,431776.3207541937,231776.3207541937,2.1588816037709684
2021-10-17,2,2.10223604999975,0.0,0.12223,0.0,0.282,200000,431776.3207541937,231776.3207541937,2.1588816037709684
2021-10-18,2,1.5754332562019155,0.0,0.11844,0.0,0.2805,200000,431776.3207541937,231776.3207541937,2.1588816037709684
2021-10-19,1,1.079564967815419,-1859822.1948406,0.11608,765289.4731552529,0.2821,200000,431776.3207541937,231776.3207541937,2.1588816037709684
2021-10-20,2,1.24521272932382,0.0,0.12223,0.0,0.2918,200000,435790.9193628574,235790.9193628574,2.178954596814287
2021-10-21,2,2.23500190759576,0.0,0.12953,0.0,0.2839,200000,435790.9193628574,235790.9193628574,2.178954596814287
2021-10-22,2,1.2576133368368823,0.0,0.13015,0.0,0.3009,200000,435790.9193628574,235790.9193628574,2.178954596814287
2021-10-23,2,1.7248033502824822,0.0,0.13596,0.0,0.2994,200000,435790.9193628574,235790.9193628574,2.178954596814287
2021-10-24,2,1.433317338225467,0.0,0.13237,0.0,0.2938,200000,435790.9193628574,235790.9193628574,2.178954596814287
2021-10-25,2,1.5091350595823239,0.0,0.14248,0.0,0.3103,200000,435790.9193628574,235790.9193628574,2.178954596814287
2021-10-26,0,0.41482560928857587,0.0,0.14029,0.0,0.3304,200000,435790.9193628574,235790.9193628574,2.178954596814287
2021-10-27,0,-0.4778478376094328,0.0,0.12415,0.0,0.3122,200000,435790.9193628574,235790.9193628574,2.178954596814287
2021-10-28,0,-0.42852764300830526,0.0,0.13007,0.0,0.3233,200000,435790.9193628574,235790.9193628574,2.178954596814287
2021-10-29,-1,-1.0185295204814953,1585155.3883415444,0.13746,-612237.8749126965,0.3559,200000,435790.9193628574,235790.9193628574,2.178954596814287
2021-10-30,-2,-2.3913129327146776,0.0,0.13058,0.0,0.3869,200000,465676.1625569408,265676.1625569408,2.328380812784704
2021-10-31,-1,-1.1930439396013448,1749215.5456274538,0.13311,-659037.8751159649,0.3533,200000,465676.1625569408,265676.1625569408,2.328380812784704
2021-11-01,-1,-0.8037233108784072,1749215.5456274538,0.13658,-659037.8751159649,0.3495,200000,469241.5965748274,269241.5965748274,2.346207982874137
2021-11-02,-1,-0.847180943437215,1749215.5456274538,0.14015,-659037.8751159649,0.3603,200000,482603.90512396983,282603.90512396983,2.4130195256198492
2021-11-03,-2,-1.4225984283577555,0.0,0.13722,0.0,0.374,200000,472128.9706793125,272128.9706793125,2.3606448533965625
2021-11-04,0,0.08964185209030585,0.0,0.15264,0.0,0.3676,200000,472128.9706793125,272128.9706793125,2.3606448533965625
2021-11-05,0,0.2816868755251345,0.0,0.1581,0.0,0.3752,200000,472128.9706793125,272128.9706793125,2.3606448533965625
2021-11-06,0,0.3120394442735848,0.0,0.16057,0.0,0.3808,200000,472128.9706793125,272128.9706793125,2.3606448533965625
2021-11-07,0,-0.23471464680144294,0.0,0.15506,0.0,0.3844,200000,472128.9706793125,272128.9706793125,2.3606448533965625
2021-11-08,2,1.329110275154363,0.0,0.17603,0.0,0.3848,200000,472128.9706793125,272128.9706793125,2.3606448533965625
2021-11-09,1,1.1419149741132124,-1380897.8376113265,0.17095,627497.3028698997,0.3762,200000,472128.9706793125,272128.9706793125,2.3606448533965625
2021-11-10,2,1.4780067816757108,0.0,0.16257,0.0,0.3475,200000,478566.2193924957,278566.2193924957,2.392831096962478
2021-11-11,2,1.5419638679983632,0.0,0.16513,0.0,0.347,200000,478566.2193924957,278566.2193924957,2.392831096962478
2021-11-12,1,1.1047603193209166,-1508150.193471876,0.15866,693775.3253008056,0.3449,200000,478566.2193924957,278566.2193924957,2.392831096962478
2021-11-13,2,1.3442914405798214,0.0,0.16039,0.0,0.3399,200000,484644.19585370604,284644.19585370604,2.42322097926853
2021-11-14,2,1.567893084885622,0.0,0.16169,0.0,0.3336,200000,484644.19585370604,284644.19585370604,2.42322097926853
2021-11-15,2,1.4506383300920582,0.0,0.16292,0.0,0.3347,200000,484644.19585370604,284644.19585370604,2.42322097926853
2021-11-16,0,0.8308593726073912,0.0,0.14428,0.0,0.3114,200000,484644.19585370604,284644.19585370604,2.42322097926853
2021-11-17,0,0.04270071675272559,0.0,0.14514,0.0,0.3376,200000,484644.19585370604,284644.19585370604,2.42322097926853
2021-11-18,0,-0.2619397761993847,0.0,0.12889,0.0,0.308,200000,484644.19585370604,284644.19585370604,2.42322097926853
2021-11-19,0,-0.07920572371920852,0.0,0.13927,0.0,0.3228,200000,484644.19585370604,284644.19585370604,2.42322097926853
2021-11-20,0,-0.35069345105364297,0.0,0.13952,0.0,0.3285,200000,484644.19585370604,284644.19585370604,2.42322097926853
2021-11-21,-1,-1.0325921250448031,1828570.0115216798,0.13252,-736317.5263653996,0.3291,200000,484644.19585370604,284644.19585370604,2.42322097926853
2021-11-22,-1,-0.8425142729498662,1828570.0115216798,0.12656,-736317.5263653996,0.3077,200000,457988.72352081724,257988.72352081724,2.289943617604086
2021-11-23,-2,-1.2057985008584993,0.0,0.13097,0.0,0.3227,200000,482766.04720282607,282766.04720282607,2.4138302360141304
2021-11-24,-2,-1.7562884094355278,0.0,0.1221,0.0,0.3173,200000,482766.04720282607,282766.04720282607,2.4138302360141304
2021-11-25,-2,-1.7035925533619536,0.0,0.12782,0.0,0.3363,200000,482766.04720282607,282766.04720282607,2.4138302360141304
2021-11-26,-2,-1.7281780991517004,0.0,0.11336,0.0,0.305,200000,482766.04720282607,282766.04720282607,2.4138302360141304
2021-11-27,-2,-1.6511288786778693,0.0,0.11412,0.0,0.3093,200000,482766.04720282607,282766.04720282607,2.4138302360141304
2021-11-28,-1,-1.1533315237901909,2073915.4875969847,0.11639,-794807.453412621,0.3037,200000,482766.04720282607,282766.04720282607,2.4138302360141304
2021-11-29,-1,-0.6031961791448943,2073915.4875969847,0.1213,-794807.453412621,0.3014,200000,491120.91510407825,291120.91510407825,2.4556045755203915
2021-11-30,-1,-0.8279076395223807,2073915.4875969847,0.11917,-794807.453412621,0.3055,200000,489962.18567448837,289962.18567448837,2.449810928372442
2021-12-01,-1,-0.7839318373469869,2073915.4875969847,0.1182,-794807.453412621,0.3042,200000,486917.23796208296,286917.23796208296,2.434586189810415
2021-12-02,-1,-0.6588123591308709,2073915.4875969847,0.11582,-794807.453412621,0.2967,200000,476020.2632010075,276020.2632010075,2.3801013160050375
2021-12-03,-2,-1.6720335093554026,0.0,0.10858,0.0,0.3137,200000,506911.40169508476,306911.40169508476,2.534557008475424
2021-12-04,-1,-1.0978104705001646,2624851.9143283176,0.09656,-958969.7345726159,0.2643,200000,506911.40169508476,306911.40169508476,2.534557008475424
2021-12-05,-2,-1.6193165472652724,0.0,0.08979,0.0,0.2582,200000,518831.9337741945,318831.9337741945,2.5941596688709723
2021-12-06,-1,-1.05426325469039,2777770.2846889095,0.09339,-1009793.5651502423,0.2569,200000,518831.9337741945,318831.9337741945,2.5941596688709723
2021-12-07,-1,-0.9002242679248542,2777770.2846889095,0.09151,-1009793.5651502423,0.2505,200000,507147.04682201776,307147.04682201776,2.5357352341100885
2021-12-08,-1,-0.4142701196095277,2777770.2846889095,0.09448,-1009793.5651502423,0.2517,200000,516608.77684572415,316608.77684572415,2.583043884228621
2021-12-09,-1,-0.3727066652026935,2777770.2846889095,0.08553,-1009793.5651502423,0.2284,200000,468219.5427297577,268219.5427297577,2.3410977136487885
2021-12-10,-1,-1.1389064444483068,2777770.2846889095,0.08056,-1009793.5651502423,0.2253,200000,451283.66436288814,251283.66436288814,2.256418321814441
2021-12-11,-1,-0.30827262709095127,2777770.2846889095,0.08617,-1009793.5651502423,0.2318,200000,473430.6138334695,273430.6138334695,2.3671530691673475
2021-12-12,0,0.3904218025508324,0.0,0.08698,0.0,0.2277,200000,507151.46919666335,307151.46919666335,2.535757345983317
2021-12-13,0,0.9448149835398632,0.0,0.07717,0.0,0.1985,200000,507151.46919666335,307151.46919666335,2.535757345983317
2021-12-14,2,1.414859279885766,0.0,0.07969,0.0,0.2006,200000,507151.46919666335,307151.46919666335,2.535757345983317
2021-12-15,0,0.9314579613735171,0.0,0.08306,0.0,0.2126,200000,507151.46919666335,307151.46919666335,2.535757345983317
2021-12-16,2,1.718855784195121,0.0,0.08158,0.0,0.2003,200000,507151.46919666335,307151.46919666335,2.535757345983317
2021-12-17,2,1.8166228646338258,0.0,0.08008,0.0,0.1933,200000,507151.46919666335,307151.46919666335,2.535757345983317
2021-12-18,2,2.149151059177717,0.0,0.08413,0.0,0.196,200000,507151.46919666335,307151.46919666335,2.535757345983317
2021-12-19,1,1.1802885492190052,-3159428.5397250396,0.08026,1291776.5389624638,0.1963,200000,507151.46919666335,307151.46919666335,2.535757345983317
2021-12-20,2,1.682078038596474,0.0,0.0795,0.0,0.1871,200000,516634.64766492706,316634.64766492706,2.583173238324635
2021-12-21,2,1.272304906080295,0.0,0.08326,0.0,0.1992,200000,516634.64766492706,316634.64766492706,2.583173238324635
2021-12-22,2,1.329907277195334,0.0,0.08684,0.0,0.2054,200000,516634.64766492706,316634.64766492706,2.583173238324635
2021-12-23,1,1.0272202203160845,-2777904.331997672,0.09299,1158893.3325817117,0.2229,200000,516634.64766492706,316634.64766492706,2.583173238324635
2021-12-24,2,1.297223854403354,0.0,0.09185,0.0,0.2147,200000,522970.7620536197,322970.7620536197,2.614853810268099
2021-12-25,2,1.3943025019577402,0.0,0.09468,0.0,0.2186,200000,522970.7620536197,322970.7620536197,2.614853810268099
2021-12-26,0,0.4551871685776796,0.0,0.09447,0.0,0.2295,200000,522970.7620536197,322970.7620536197,2.614853810268099
2021-12-27,0,0.9760166237680374,0.0,0.09773,0.0,0.2294,200000,522970.7620536197,322970.7620536197,2.614853810268099
2021-12-28,0,0.9760766502983127,0.0,0.08762,0.0,0.2046,200000,522970.7620536197,322970.7620536197,2.614853810268099
2021-12-29,0,0.9864316297824307,0.0,0.08258,0.0,0.1918,200000,522970.7620536197,322970.7620536197,2.614853810268099
2021-12-30,0,0.8696744959394446,0.0,0.08461,0.0,0.1974,200000,522970.7620536197,322970.7620536197,2.614853810268099
2021-12-31,1,1.071772103034468,-3163002.0687892814,0.08267,1369033.408517329,0.191,200000,522970.7620536197,322970.7620536197,2.614853810268099
2022-01-01,2,1.31766097783538,0.0,0.08658,0.0,0.1979,200000,525891.7696238162,325891.76962381625,2.6294588481190813
2022-01-02,0,0.3938637765098816,0.0,0.08714,0.0,0.2048,200000,525891.7696238162,325891.76962381625,2.6294588481190813
2022-01-03,0,0.9523786005134603,0.0,0.08587,0.0,0.1982,200000,525891.7696238162,325891.76962381625,2.6294588481190813
2022-01-04,2,2.0385273962370927,0.0,0.0859,0.0,0.193,200000,525891.7696238162,325891.76962381625,2.6294588481190813
2022-01-05,2,3.006712284283658,0.0,0.08461,0.0,0.1817,200000,525891.7696238162,325891.76962381625,2.6294588481190813
2022-01-06,2,2.203248653599615,0.0,0.08257,0.0,0.1789,200000,525891.7696238162,325891.76962381625,2.6294588481190813
2022-01-07,2,2.2250622851389066,0.0,0.07861,0.0,0.1675,200000,525891.7696238162,325891.76962381625,2.6294588481190813
2022-01-08,2,1.66612513019424,0.0,0.07545,0.0,0.1628,200000,525891.7696238162,325891.76962381625,2.6294588481190813
2022-01-09,2,1.2240448955537733,0.0,0.07663,0.0,0.1672,200000,525891.7696238162,325891.76962381625,2.6294588481190813
2022-01-10,0,0.7573904853614907,0.0,0.07302,0.0,0.1617,200000,525891.7696238162,325891.76962381625,2.6294588481190813
2022-01-11,0,0.5438800615262017,0.0,0.07661,0.0,0.1706,200000,525891.7696238162,325891.76962381625,2.6294588481190813
2022-01-12,2,1.307882405183354,0.0,0.08238,0.0,0.1774,200000,525891.7696238162,325891.76962381625,2.6294588481190813
2022-01-13,0,0.9163964540813532,0.0,0.07777,0.0,0.1693,200000,525891.7696238162,325891.76962381625,2.6294588481190813
2022-01-14,0,0.4506305018891333,0.0,0.07898,0.0,0.1746,200000,525891.7696238162,325891.76962381625,2.6294588481190813
2022-01-15,0,0.07278126050766814,0.0,0.07851,0.0,0.1754,200000,525891.7696238162,325891.76962381625,2.6294588481190813
2022-01-16,0,-0.7888018000348227,0.0,0.07844,0.0,0.1801,200000,525891.7696238162,325891.76962381625,2.6294588481190813
2022-01-17,-2,-1.265288340995452,0.0,0.07519,0.0,0.1754,200000,525891.7696238162,325891.76962381625,2.6294588481190813
2022-01-18,-2,-2.6035668575760904,0.0,0.07414,0.0,0.1856,200000,525891.7696238162,325891.76962381625,2.6294588481190813
2022-01-19,-2,-3.2314459301977583,0.0,0.07073,0.0,0.1986,200000,525891.7696238162,325891.76962381625,2.6294588481190813
2022-01-20,-2,-2.1328733327865117,0.0,0.0676,0.0,0.1809,200000,525891.7696238162,325891.76962381625,2.6294588481190813
2022-01-21,-2,-1.870924546376219,0.0,0.05746,0.0,0.1545,200000,525891.7696238162,325891.76962381625,2.6294588481190813
2022-01-22,-2,-1.2502604518869127,0.0,0.05163,0.0,0.1326,200000,525891.7696238162,325891.76962381625,2.6294588481190813
2022-01-23,-2,-1.378775628932004,0.0,0.05314,0.0,0.1401,200000,525891.7696238162,325891.76962381625,2.6294588481190813
2022-01-24,0,-0.9439840003061275,0.0,0.05142,0.0,0.1311,200000,525891.7696238162,325891.76962381625,2.6294588481190813
2022-01-25,0,-0.24828247217284893,0.0,0.05363,0.0,0.1287,200000,525891.7696238162,325891.76962381625,2.6294588481190813
2022-01-26,-2,-2.2311156273506163,0.0,0.05337,0.0,0.165,200000,525891.7696238162,325891.76962381625,2.6294588481190813
2022-01-27,-2,-2.3396823427586813,0.0,0.05237,0.0,0.1776,200000,525891.7696238162,325891.76962381625,2.6294588481190813
2022-01-28,-2,-1.8596509908622398,0.0,0.05392,0.0,0.1776,200000,525891.7696238162,325891.76962381625,2.6294588481190813
2022-01-29,-2,-1.5157546617909448,0.0,0.05449,0.0,0.1749,200000,525891.7696238162,325891.76962381625,2.6294588481190813
2022-01-30,-2,-1.6246074351159736,0.0,0.05256,0.0,0.1793,200000,525891.7696238162,325891.76962381625,2.6294588481190813
2022-01-31,-2,-1.351844133409275,0.0,0.05385,0.0,0.1796,200000,525891.7696238162,325891.76962381625,2.6294588481190813
