date,statusList,zscore,VETUSDT_position,VETUSDT_price,ICXUSDT_position,ICXUSDT_price,init,total_asset,pnl,return
2020-01-01,0,,0.0,0.005358,0.0,0.1146,200000,200000.0,0.0,1.0
2020-01-02,0,,0.0,0.005094,0.0,0.1096,200000,200000.0,0.0,1.0
2020-01-03,0,,0.0,0.005327,0.0,0.1142,200000,200000.0,0.0,1.0
2020-01-04,0,,0.0,0.00562,0.0,0.1139,200000,200000.0,0.0,1.0
2020-01-05,0,,0.0,0.005465,0.0,0.1135,200000,200000.0,0.0,1.0
2020-01-06,0,,0.0,0.00573,0.0,0.1248,200000,200000.0,0.0,1.0
2020-01-07,0,,0.0,0.005578,0.0,0.1201,200000,200000.0,0.0,1.0
2020-01-08,0,,0.0,0.005492,0.0,0.1171,200000,200000.0,0.0,1.0
2020-01-09,0,,0.0,0.005319,0.0,0.1167,200000,200000.0,0.0,1.0
2020-01-10,0,,0.0,0.005454,0.0,0.1188,200000,200000.0,0.0,1.0
2020-01-11,0,,0.0,0.005526,0.0,0.1202,200000,200000.0,0.0,1.0
2020-01-12,0,,0.0,0.005523,0.0,0.1215,200000,200000.0,0.0,1.0
2020-01-13,0,,0.0,0.005407,0.0,0.1229,200000,200000.0,0.0,1.0
2020-01-14,0,,0.0,0.005994,0.0,0.1394,200000,200000.0,0.0,1.0
2020-01-15,0,,0.0,0.006003,0.0,0.143,200000,200000.0,0.0,1.0
2020-01-16,0,,0.0,0.005885,0.0,0.1455,200000,200000.0,0.0,1.0
2020-01-17,0,,0.0,0.006392,0.0,0.1527,200000,200000.0,0.0,1.0
2020-01-18,0,,0.0,0.006239,0.0,0.1532,200000,200000.0,0.0,1.0
2020-01-19,0,,0.0,0.005862,0.0,0.1462,200000,200000.0,0.0,1.0
2020-01-20,-2,-2.0134662249064386,0.0,0.005814,0.0,0.1511,200000,200000.0,0.0,1.0
2020-01-21,-2,-1.8560635163181853,0.0,0.005964,0.0,0.157,200000,200000.0,0.0,1.0
2020-01-22,-2,-1.7345986217978027,0.0,0.005863,0.0,0.1564,200000,200000.0,0.0,1.0
2020-01-23,-2,-1.5249370492876853,0.0,0.005607,0.0,0.1495,200000,200000.0,0.0,1.0
2020-01-24,-2,-1.511514900267746,0.0,0.00558,0.0,0.1507,200000,200000.0,0.0,1.0
2020-01-25,-2,-1.551741420122231,0.0,0.005623,0.0,0.155,200000,200000.0,0.0,1.0
2020-01-26,-2,-2.061349134732687,0.0,0.00573,0.0,0.1738,200000,200000.0,0.0,1.0
2020-01-27,-2,-1.9040379250576176,0.0,0.005748,0.0,0.1775,200000,200000.0,0.0,1.0
2020-01-28,-2,-1.9038214484922311,0.0,0.0058,0.0,0.186,200000,200000.0,0.0,1.0
2020-01-29,-2,-2.287983366044003,0.0,0.005733,0.0,0.2112,200000,200000.0,0.0,1.0
2020-01-30,-2,-2.371546668325237,0.0,0.005687,0.0,0.238,200000,200000.0,0.0,1.0
2020-01-31,-2,-2.2115773660920848,0.0,0.005766,0.0,0.2589,200000,200000.0,0.0,1.0
2020-02-01,-2,-1.9672692687393776,0.0,0.005997,0.0,0.2751,200000,200000.0,0.0,1.0
2020-02-02,-2,-1.9553049432304093,0.0,0.006229,0.0,0.3176,200000,200000.0,0.0,1.0
2020-02-03,-2,-1.9649368187094571,0.0,0.006304,0.0,0.3705,200000,200000.0,0.0,1.0
2020-02-04,-2,-2.08089442151759,0.0,0.006532,0.0,0.5091,200000,200000.0,0.0,1.0
2020-02-05,-2,-1.6308983680491005,0.0,0.006472,0.0,0.4369,200000,200000.0,0.0,1.0
2020-02-06,-2,-1.4557647972698537,0.0,0.0068,0.0,0.4574,200000,200000.0,0.0,1.0
2020-02-07,-1,-1.1622905438830222,14669209.329617133,0.006817,-242541.8384671356,0.4123,200000,200000.0,0.0,1.0
2020-02-08,-1,-1.0662593473926125,14669209.329617133,0.006669,-242541.8384671356,0.4056,200000,196203.92670148687,-3796.0732985131326,0.9810196335074344
2020-02-09,-1,-1.0530225899635368,14669209.329617133,0.006825,-242541.8384671356,0.438,200000,206350.67892324232,6350.678923242318,1.0317533946162116
2020-02-10,-1,-0.9203367956687947,14669209.329617133,0.00651,-242541.8384671356,0.4077,200000,194380.86027885872,-5619.139721141284,0.9719043013942936
2020-02-11,-1,-0.6177094975652984,14669209.329617133,0.007485,-242541.8384671356,0.4161,200000,210720.69081835938,10720.690818359377,1.053603454091797
2020-02-12,-1,-0.582313904192413,14669209.329617133,0.00747,-242541.8384671356,0.423,200000,212174.19136383833,12174.191363838327,1.0608709568191916
2020-02-13,0,-0.06281142888662718,0.0,0.008059,0.0,0.3843,200000,174989.67053553573,-25010.329464464274,0.8749483526776787
2020-02-14,0,-0.009465132031053232,0.0,0.008301,0.0,0.4036,200000,174989.67053553573,-25010.329464464274,0.8749483526776787
2020-02-15,0,0.14342224734946554,0.0,0.00747,0.0,0.3595,200000,174989.67053553573,-25010.329464464274,0.8749483526776787
2020-02-16,0,0.18461583500185155,0.0,0.007081,0.0,0.35,200000,174989.67053553573,-25010.329464464274,0.8749483526776787
2020-02-17,0,0.19775999237708772,0.0,0.006743,0.0,0.3455,200000,174989.67053553573,-25010.329464464274,0.8749483526776787
2020-02-18,0,0.019974245892268143,0.0,0.007058,0.0,0.3826,200000,174989.67053553573,-25010.329464464274,0.8749483526776787
2020-02-19,0,-0.09228681398254644,0.0,0.006484,0.0,0.3633,200000,174989.67053553573,-25010.329464464274,0.8749483526776787
2020-02-20,0,-0.474981535439306,0.0,0.00649,0.0,0.3896,200000,174989.67053553573,-25010.329464464274,0.8749483526776787
2020-02-21,0,-0.7901936658578413,0.0,0.006633,0.0,0.4222,200000,174989.67053553573,-25010.329464464274,0.8749483526776787
2020-02-22,0,-0.503201197852481,0.0,0.006593,0.0,0.4067,200000,174989.67053553573,-25010.329464464274,0.8749483526776787
2020-02-23,0,-0.04412667549706525,0.0,0.006955,0.0,0.4033,200000,174989.67053553573,-25010.329464464274,0.8749483526776787
2020-02-24,0,0.39192781794341475,0.0,0.006713,0.0,0.365,200000,174989.67053553573,-25010.329464464274,0.8749483526776787
2020-02-25,0,0.6333426233457043,0.0,0.006211,0.0,0.3266,200000,174989.67053553573,-25010.329464464274,0.8749483526776787
2020-02-26,0,0.19693964768887484,0.0,0.005554,0.0,0.3027,200000,174989.67053553573,-25010.329464464274,0.8749483526776787
2020-02-27,0,0.36213117281860535,0.0,0.005806,0.0,0.3099,200000,174989.67053553573,-25010.329464464274,0.8749483526776787
2020-02-28,0,0.33405040231881433,0.0,0.00575,0.0,0.306,200000,174989.67053553573,-25010.329464464274,0.8749483526776787
2020-02-29,0,0.4547567444506433,0.0,0.005615,0.0,0.2937,200000,174989.67053553573,-25010.329464464274,0.8749483526776787
2020-03-01,0,0.22153313824696563,0.0,0.005427,0.0,0.2875,200000,174989.67053553573,-25010.329464464274,0.8749483526776787
2020-03-02,0,-0.11711034795077933,0.0,0.005837,0.0,0.3171,200000,174989.67053553573,-25010.329464464274,0.8749483526776787
2020-03-03,-1,-1.0575450739264256,15155869.611600183,0.005773,-257413.460628914,0.3399,200000,174989.67053553573,-25010.329464464274,0.8749483526776787
2020-03-04,0,0.07999567296293518,0.0,0.006035,0.0,0.3257,200000,167363.5615563659,-32636.438443634106,0.8368178077818295
2020-03-05,-2,-1.9016090939999184,0.0,0.006129,0.0,0.3958,200000,167363.5615563659,-32636.438443634106,0.8368178077818295
2020-03-06,-2,-1.362853704056925,0.0,0.00614,0.0,0.3812,200000,167363.5615563659,-32636.438443634106,0.8368178077818295
2020-03-07,0,-0.9960513985990201,0.0,0.005788,0.0,0.351,200000,167363.5615563659,-32636.438443634106,0.8368178077818295
2020-03-08,-1,-1.130804766502122,17812213.87360216,0.004698,-288259.6650988045,0.2903,200000,167363.5615563659,-32636.438443634106,0.8368178077818295
2020-03-09,-2,-2.163933131072885,0.0,0.004674,0.0,0.3266,200000,178254.88053241896,-21745.11946758104,0.8912744026620948
2020-03-10,-2,-1.543873942096375,0.0,0.004691,0.0,0.3151,200000,178254.88053241896,-21745.11946758104,0.8912744026620948
2020-03-11,-2,-1.4507477588030178,0.0,0.004462,0.0,0.3014,200000,178254.88053241896,-21745.11946758104,0.8912744026620948
2020-03-12,-2,-1.8504566089386907,0.0,0.002283,0.0,0.1653,200000,178254.88053241896,-21745.11946758104,0.8912744026620948
2020-03-13,-2,-1.2130044537724114,0.0,0.002823,0.0,0.1911,200000,178254.88053241896,-21745.11946758104,0.8912744026620948
2020-03-14,-2,-1.4612746867521478,0.0,0.002545,0.0,0.1819,200000,178254.88053241896,-21745.11946758104,0.8912744026620948
2020-03-15,-2,-1.558956383440923,0.0,0.002524,0.0,0.1885,200000,178254.88053241896,-21745.11946758104,0.8912744026620948
2020-03-16,-2,-1.3802967459253397,0.0,0.00226,0.0,0.1682,200000,178254.88053241896,-21745.11946758104,0.8912744026620948
2020-03-17,-1,-1.140850397494437,36127863.91009707,0.002467,-494054.54693020775,0.1804,200000,178254.88053241896,-21745.11946758104,0.8912744026620948
2020-03-18,-1,-0.9100817885430854,36127863.91009707,0.002544,-494054.54693020775,0.1822,200000,181926.0242379708,-18073.975762029208,0.909630121189854
2020-03-19,-1,-0.8368518873918819,36127863.91009707,0.002907,-494054.54693020775,0.2085,200000,208034.0734216005,8034.073421600508,1.0401703671080025
2020-03-20,-1,-0.6969514240396667,36127863.91009707,0.002845,-494054.54693020775,0.2021,200000,202632.19675882114,2632.196758821141,1.0131609837941058
2020-03-21,-1,-0.4300158092174414,36127863.91009707,0.002897,-494054.54693020775,0.201,200000,203967.38568052297,3967.3856805229734,1.019836928402615
2020-03-22,-1,-0.49025021758782006,36127863.91009707,0.00261,-494054.54693020775,0.1837,200000,185051.54507643252,-14948.454923567479,0.9252577253821626
2020-03-23,-1,-0.30199804627413845,36127863.91009707,0.002859,-494054.54693020775,0.1991,200000,201655.82321277188,1655.8232127718802,1.0082791160638593
2020-03-24,0,0.11171315837489958,0.0,0.00306,0.0,0.2089,200000,170911.61182124232,-29088.388178757683,0.8545580591062116
2020-03-25,0,0.4044997634562216,0.0,0.003056,0.0,0.2055,200000,170911.61182124232,-29088.388178757683,0.8545580591062116
2020-03-26,0,0.34067435998557144,0.0,0.003079,0.0,0.2092,200000,170911.61182124232,-29088.388178757683,0.8545580591062116
2020-03-27,2,1.5100210716865048,0.0,0.002998,0.0,0.1945,200000,170911.61182124232,-29088.388178757683,0.8545580591062116
2020-03-28,2,1.9503437759295628,0.0,0.002969,0.0,0.1913,200000,170911.61182124232,-29088.388178757683,0.8545580591062116
2020-03-29,2,1.2889671061476047,0.0,0.002721,0.0,0.1789,200000,170911.61182124232,-29088.388178757683,0.8545580591062116
2020-03-30,0,-0.16669320995421782,0.0,0.002933,0.0,0.2055,200000,170911.61182124232,-29088.388178757683,0.8545580591062116
2020-03-31,0,0.501660699141198,0.0,0.003108,0.0,0.2118,200000,170911.61182124232,-29088.388178757683,0.8545580591062116
2020-04-01,-2,-2.098143320309773,0.0,0.003153,0.0,0.2447,200000,170911.61182124232,-29088.388178757683,0.8545580591062116
2020-04-02,-2,-1.7967390507969678,0.0,0.003228,0.0,0.2505,200000,170911.61182124232,-29088.388178757683,0.8545580591062116
2020-04-03,0,-0.9495690016294572,0.0,0.00326,0.0,0.2419,200000,170911.61182124232,-29088.388178757683,0.8545580591062116
2020-04-04,0,-0.8539897264341108,0.0,0.003245,0.0,0.2392,200000,170911.61182124232,-29088.388178757683,0.8545580591062116
2020-04-05,0,-0.3474724497488035,0.0,0.00323,0.0,0.231,200000,170911.61182124232,-29088.388178757683,0.8545580591062116
2020-04-06,0,0.25487981610353605,0.0,0.003643,0.0,0.2519,200000,170911.61182124232,-29088.388178757683,0.8545580591062116
2020-04-07,2,1.6158130037216578,0.0,0.003872,0.0,0.2479,200000,170911.61182124232,-29088.388178757683,0.8545580591062116
2020-04-08,2,1.5406728254730422,0.0,0.003979,0.0,0.253,200000,170911.61182124232,-29088.388178757683,0.8545580591062116
2020-04-09,0,0.8610717608080036,0.0,0.003866,0.0,0.2538,200000,170911.61182124232,-29088.388178757683,0.8545580591062116
2020-04-10,2,1.3453966804290935,0.0,0.003608,0.0,0.2288,200000,170911.61182124232,-29088.388178757683,0.8545580591062116
2020-04-11,2,1.4265152853801928,0.0,0.003679,0.0,0.2299,200000,170911.61182124232,-29088.388178757683,0.8545580591062116
2020-04-12,1,1.1402098555920228,-23215377.862162773,0.003681,367868.29922781384,0.2323,200000,170911.61182124232,-29088.388178757683,0.8545580591062116
2020-04-13,1,1.0366766351286048,-23215377.862162773,0.003609,367868.29922781384,0.2279,200000,167621.4840985642,-32378.515901435807,0.8381074204928209
2020-04-14,1,1.1757698427087429,-23215377.862162773,0.003667,367868.29922781384,0.228,200000,169004.76284449245,-30995.23715550755,0.8450238142224622
2020-04-15,2,1.4750635599950357,0.0,0.003658,0.0,0.2205,200000,174718.50406130077,-25281.495938699227,0.8735925203065038
2020-04-16,1,1.1125943810794954,-22821121.220128108,0.003828,371267.5394417781,0.2353,200000,174718.50406130077,-25281.495938699227,0.8735925203065038
2020-04-17,1,1.0754303434431196,-22821121.220128108,0.003783,371267.5394417781,0.2321,200000,172503.49748018134,-27496.502519818663,0.8625174874009067
2020-04-18,1,0.8045669827160995,-22821121.220128108,0.003968,371267.5394417781,0.2474,200000,182405.79825936424,-17594.201740635763,0.9120289912968211
2020-04-19,1,1.0140355329065558,-22821121.220128108,0.003904,371267.5394417781,0.2378,200000,177381.07812263496,-22618.921877365035,0.8869053906131749
2020-04-20,1,0.911548290472577,-22821121.220128108,0.003644,371267.5394417781,0.2222,200000,165655.8129901099,-34344.1870098901,0.8282790649505495
2020-04-21,1,0.8290008286562625,-22821121.220128108,0.003677,371267.5394417781,0.2245,200000,167262.82533109025,-32737.17466890975,0.8363141266554512
2020-04-22,1,0.8352899121175621,-22821121.220128108,0.003898,371267.5394417781,0.2372,200000,177021.39087164914,-22978.609128350858,0.8851069543582457
2020-04-23,0,0.1059785352419791,0.0,0.003952,0.0,0.2497,200000,172202.07052463503,-27797.929475364974,0.8610103526231752
2020-04-24,0,-0.6285835222354529,0.0,0.004085,0.0,0.265,200000,172202.07052463503,-27797.929475364974,0.8610103526231752
2020-04-25,0,-0.821594952005145,0.0,0.004216,0.0,0.2722,200000,172202.07052463503,-27797.929475364974,0.8610103526231752
2020-04-26,-2,-2.1517621798932303,0.0,0.00448,0.0,0.2989,200000,172202.07052463503,-27797.929475364974,0.8610103526231752
2020-04-27,-2,-1.895697283825234,0.0,0.004356,0.0,0.2907,200000,172202.07052463503,-27797.929475364974,0.8610103526231752
2020-04-28,-2,-1.494890313379294,0.0,0.004287,0.0,0.2839,200000,172202.07052463503,-27797.929475364974,0.8610103526231752
2020-04-29,0,0.07010968731228313,0.0,0.004766,0.0,0.299,200000,172202.07052463503,-27797.929475364974,0.8610103526231752
2020-04-30,0,-0.5517870473985094,0.0,0.004353,0.0,0.2786,200000,172202.07052463503,-27797.929475364974,0.8610103526231752
2020-05-01,0,-0.5233378905390664,0.0,0.004437,0.0,0.2841,200000,172202.07052463503,-27797.929475364974,0.8610103526231752
2020-05-02,0,-0.6470217938652499,0.0,0.004515,0.0,0.2906,200000,172202.07052463503,-27797.929475364974,0.8610103526231752
2020-05-03,0,-0.08097211406848731,0.0,0.004332,0.0,0.2738,200000,172202.07052463503,-27797.929475364974,0.8610103526231752
2020-05-04,0,0.5143148191475619,0.0,0.004444,0.0,0.2756,200000,172202.07052463503,-27797.929475364974,0.8610103526231752
2020-05-05,0,0.5722402692751931,0.0,0.004419,0.0,0.2742,200000,172202.07052463503,-27797.929475364974,0.8610103526231752
2020-05-06,0,0.882767143925525,0.0,0.00425,0.0,0.2613,200000,172202.07052463503,-27797.929475364974,0.8610103526231752
2020-05-07,0,0.5725370706485958,0.0,0.00451,0.0,0.2801,200000,172202.07052463503,-27797.929475364974,0.8610103526231752
2020-05-08,0,0.05706573427543758,0.0,0.004783,0.0,0.3018,200000,172202.07052463503,-27797.929475364974,0.8610103526231752
2020-05-09,0,-0.8122614738370987,0.0,0.004549,0.0,0.2954,200000,172202.07052463503,-27797.929475364974,0.8610103526231752
2020-05-10,0,0.19110729332895815,0.0,0.004165,0.0,0.2632,200000,172202.07052463503,-27797.929475364974,0.8610103526231752
2020-05-11,2,1.4238574048779387,0.0,0.004113,0.0,0.2515,200000,172202.07052463503,-27797.929475364974,0.8610103526231752
2020-05-12,0,0.8585184960563226,0.0,0.004243,0.0,0.264,200000,172202.07052463503,-27797.929475364974,0.8610103526231752
2020-05-13,2,1.573888979242335,0.0,0.004459,0.0,0.2712,200000,172202.07052463503,-27797.929475364974,0.8610103526231752
2020-05-14,2,1.907159305446488,0.0,0.004494,0.0,0.2685,200000,172202.07052463503,-27797.929475364974,0.8610103526231752
2020-05-15,0,0.8515248494539145,0.0,0.004377,0.0,0.269,200000,172202.07052463503,-27797.929475364974,0.8610103526231752
2020-05-16,0,0.8924900369785966,0.0,0.004449,0.0,0.2725,200000,172202.07052463503,-27797.929475364974,0.8610103526231752
2020-05-17,0,0.008332789825180115,0.0,0.004426,0.0,0.277,200000,172202.07052463503,-27797.929475364974,0.8610103526231752
2020-05-18,-1,-1.0127196239381684,19188998.27553321,0.004487,-300422.314243955,0.2866,200000,172202.07052463503,-27797.929475364974,0.8610103526231752
2020-05-19,-2,-1.7541460309990968,0.0,0.004534,0.0,0.2961,200000,174154.19959100254,-25845.800408997457,0.8707709979550127
2020-05-20,-2,-3.63823579101845,0.0,0.004525,0.0,0.341,200000,174154.19959100254,-25845.800408997457,0.8707709979550127
2020-05-21,-2,-2.3659703866051163,0.0,0.004237,0.0,0.3083,200000,174154.19959100254,-25845.800408997457,0.8707709979550127
2020-05-22,-2,-1.5692308794177077,0.0,0.00464,0.0,0.3254,200000,174154.19959100254,-25845.800408997457,0.8707709979550127
2020-05-23,-2,-1.2372267166408883,0.0,0.004609,0.0,0.3191,200000,174154.19959100254,-25845.800408997457,0.8707709979550127
2020-05-24,0,-0.8557338548395115,0.0,0.004467,0.0,0.3033,200000,174154.19959100254,-25845.800408997457,0.8707709979550127
2020-05-25,0,-0.262451195216909,0.0,0.005064,0.0,0.3318,200000,174154.19959100254,-25845.800408997457,0.8707709979550127
2020-05-26,-1,-1.1438177151419358,17876637.198830068,0.004871,-255507.9219351563,0.3408,200000,174154.19959100254,-25845.800408997457,0.8707709979550127
2020-05-27,-1,-0.8908523345880333,17876637.198830068,0.004896,-255507.9219351563,0.3388,200000,174090.09967710296,-25909.90032289704,0.8704504983855148
2020-05-28,0,0.2989163743663569,0.0,0.005508,0.0,0.3527,200000,165807.32596637614,-34192.67403362386,0.8290366298318808
2020-05-29,0,0.5420109903611132,0.0,0.005547,0.0,0.3492,200000,165807.32596637614,-34192.67403362386,0.8290366298318808
2020-05-30,2,1.8088665125868766,0.0,0.006227,0.0,0.3579,200000,165807.32596637614,-34192.67403362386,0.8290366298318808
2020-05-31,2,2.6073997034766005,0.0,0.006247,0.0,0.3272,200000,165807.32596637614,-34192.67403362386,0.8290366298318808
2020-06-01,2,2.3098083382428367,0.0,0.006655,0.0,0.3423,200000,165807.32596637614,-34192.67403362386,0.8290366298318808
2020-06-02,2,2.6650461875116997,0.0,0.00725,0.0,0.338,200000,165807.32596637614,-34192.67403362386,0.8290366298318808
2020-06-03,2,2.0385506683770385,0.0,0.007099,0.0,0.339,200000,165807.32596637614,-34192.67403362386,0.8290366298318808
2020-06-04,2,1.4981840213049666,0.0,0.006732,0.0,0.3347,200000,165807.32596637614,-34192.67403362386,0.8290366298318808
2020-06-05,2,1.2693736681678178,0.0,0.006693,0.0,0.3368,200000,165807.32596637614,-34192.67403362386,0.8290366298318808
2020-06-06,2,1.699718290164231,0.0,0.007301,0.0,0.3368,200000,165807.32596637614,-34192.67403362386,0.8290366298318808
2020-06-07,2,1.503336372939775,0.0,0.007246,0.0,0.334,200000,165807.32596637614,-34192.67403362386,0.8290366298318808
2020-06-08,2,1.737653187883777,0.0,0.007787,0.0,0.335,200000,165807.32596637614,-34192.67403362386,0.8290366298318808
2020-06-09,2,1.8547482656503183,0.0,0.008181,0.0,0.3333,200000,165807.32596637614,-34192.67403362386,0.8290366298318808
2020-06-10,2,1.7114914201431044,0.0,0.009008,0.0,0.3623,200000,165807.32596637614,-34192.67403362386,0.8290366298318808
2020-06-11,2,2.0173718728070162,0.0,0.008762,0.0,0.3213,200000,165807.32596637614,-34192.67403362386,0.8290366298318808
2020-06-12,2,2.142235723833001,0.0,0.00971,0.0,0.33,200000,165807.32596637614,-34192.67403362386,0.8290366298318808
2020-06-13,2,1.6680917933174706,0.0,0.009597,0.0,0.3387,200000,165807.32596637614,-34192.67403362386,0.8290366298318808
2020-06-14,2,1.2086990785680907,0.0,0.00864,0.0,0.3221,200000,165807.32596637614,-34192.67403362386,0.8290366298318808
2020-06-15,2,1.4529659295722843,0.0,0.00901,0.0,0.3151,200000,165807.32596637614,-34192.67403362386,0.8290366298318808
2020-06-16,2,1.3550840867771379,0.0,0.009061,0.0,0.316,200000,165807.32596637614,-34192.67403362386,0.8290366298318808
2020-06-17,1,1.0688790316557661,-9198231.774457792,0.009013,255875.50303453108,0.324,200000,165807.32596637617,-34192.67403362383,0.8290366298318809
2020-06-18,1,0.706585931219592,-9198231.774457792,0.00866,255875.50303453108,0.3255,200000,162944.16340454435,-37055.83659545565,0.8147208170227218
2020-06-19,1,0.5198320118089681,-9198231.774457792,0.008379,255875.50303453108,0.3201,200000,158977.73255953524,-41022.267440464755,0.7948886627976762
2020-06-20,1,0.3762443135999669,-9198231.774457792,0.00829,255875.50303453108,0.3197,200000,158056.73973039468,-41943.26026960532,0.7902836986519735
2020-06-21,1,0.6582222811280841,-9198231.774457792,0.008626,255875.50303453108,0.318,200000,160712.3572514538,-39287.642748546205,0.803561786257269
2020-06-22,1,0.9812451953284799,-9198231.774457792,0.009283,255875.50303453108,0.3262,200000,168853.7746521557,-31146.2253478443,0.8442688732607785
2020-06-23,1,0.6196397298566239,-9198231.774457792,0.008903,255875.50303453108,0.3229,200000,164514.0574178478,-35485.9425821522,0.822570287089239
2020-06-24,1,0.8138451624940426,-9198231.774457792,0.008996,255875.50303453108,0.3174,200000,163962.17770618247,-36037.82229381753,0.8198108885309123
2020-06-25,1,0.8699208700557256,-9198231.774457792,0.008882,255875.50303453108,0.3107,200000,161199.21341356292,-38800.78658643708,0.8059960670678146
2020-06-26,2,1.3609553096427711,0.0,0.008949,0.0,0.2998,200000,171410.8263062465,-28589.173693753488,0.8570541315312326
2020-06-27,2,1.6919715357653127,0.0,0.008608,0.0,0.2818,200000,171410.8263062465,-28589.173693753488,0.8570541315312326
2020-06-28,2,1.4708884700678273,0.0,0.00869,0.0,0.2876,200000,171410.8263062465,-28589.173693753488,0.8570541315312326
2020-06-29,0,0.8302290158604024,0.0,0.008691,0.0,0.297,200000,171410.8263062465,-28589.173693753488,0.8570541315312326
2020-06-30,2,1.5653954659560472,0.0,0.008837,0.0,0.2899,200000,171410.8263062465,-28589.173693753488,0.8570541315312326
2020-07-01,2,1.9716463084289029,0.0,0.009436,0.0,0.2989,200000,171410.8263062465,-28589.173693753488,0.8570541315312326
2020-07-02,0,0.9320574502927532,0.0,0.009556,0.0,0.3184,200000,171410.8263062465,-28589.173693753488,0.8570541315312326
2020-07-03,0,0.9370769371152999,0.0,0.010223,0.0,0.3391,200000,171410.8263062465,-28589.173693753488,0.8570541315312326
2020-07-04,2,3.3012880859469393,0.0,0.012525,0.0,0.3358,200000,171410.8263062465,-28589.173693753488,0.8570541315312326
2020-07-05,2,3.1482606751292104,0.0,0.014307,0.0,0.3461,200000,171410.8263062465,-28589.173693753488,0.8570541315312326
2020-07-06,2,2.3842334564410197,0.0,0.01442,0.0,0.3522,200000,171410.8263062465,-28589.173693753488,0.8570541315312326
2020-07-07,2,2.410644150654298,0.0,0.017325,0.0,0.3935,200000,171410.8263062465,-28589.173693753488,0.8570541315312326
2020-07-08,2,2.6748273368660898,0.0,0.019932,0.0,0.3962,200000,171410.8263062465,-28589.173693753488,0.8570541315312326
2020-07-09,2,1.8545265801952637,0.0,0.01825,0.0,0.3891,200000,171410.8263062465,-28589.173693753488,0.8570541315312326
2020-07-10,1,1.1371750102092042,-5006449.743158085,0.017119,213197.545157023,0.402,200000,171410.8263062465,-28589.173693753488,0.8570541315312326
2020-07-11,2,1.4158805860511086,0.0,0.018535,0.0,0.4039,200000,178094.88380676002,-21905.116193239985,0.8904744190338001
2020-07-12,2,1.2437559778007907,0.0,0.018155,0.0,0.3976,200000,178094.88380676002,-21905.116193239985,0.8904744190338001
2020-07-13,1,1.0034087887353182,-4823543.789793619,0.018461,215194.3980265346,0.4138,200000,178094.88380676002,-21905.116193239985,0.8904744190338001
2020-07-14,1,0.9639668024209768,-4823543.789793619,0.01845,215194.3980265346,0.4093,200000,177073.4500339529,-22926.54996604711,0.8853672501697645
2020-07-15,1,1.1477411188072433,-4823543.789793619,0.018996,215194.3980265346,0.401,200000,177920.99143955996,-22079.008560440037,0.8896049571977999
2020-07-16,1,0.9909818289647051,-4823543.789793619,0.018036,215194.3980265346,0.3841,200000,169653.60407470964,-30346.39592529036,0.8482680203735482
2020-07-17,1,0.8522636031511376,-4823543.789793619,0.018211,215194.3980265346,0.3909,200000,171961.04614450398,-28038.953855496016,0.8598052307225199
2020-07-18,1,0.8012752016236645,-4823543.789793619,0.018168,215194.3980265346,0.388,200000,171129.5700072659,-28870.429992734105,0.8556478500363295
2020-07-19,0,0.12425431960860935,0.0,0.018017,0.0,0.4223,200000,174124.07798086613,-25875.922019133868,0.8706203899043307
2020-07-20,0,-0.3643450165476741,0.0,0.016074,0.0,0.3998,200000,174124.07798086613,-25875.922019133868,0.8706203899043307
2020-07-21,0,-0.08438302520889063,0.0,0.0175,0.0,0.4123,200000,174124.07798086613,-25875.922019133868,0.8706203899043307
2020-07-22,0,-0.28004718609789964,0.0,0.017467,0.0,0.4131,200000,174124.07798086613,-25875.922019133868,0.8706203899043307
2020-07-23,0,-0.5098693591013277,0.0,0.017381,0.0,0.4083,200000,174124.07798086613,-25875.922019133868,0.8706203899043307
2020-07-24,0,-0.48306476117773756,0.0,0.016995,0.0,0.3938,200000,174124.07798086613,-25875.922019133868,0.8706203899043307
2020-07-25,0,0.4049374650073754,0.0,0.018218,0.0,0.399,200000,174124.07798086613,-25875.922019133868,0.8706203899043307
2020-07-26,0,0.2441847208296152,0.0,0.017554,0.0,0.3863,200000,174124.07798086613,-25875.922019133868,0.8706203899043307
2020-07-27,-1,-1.0042692077514637,5566270.634258236,0.015641,-235621.21512972412,0.3695,200000,174124.07798086613,-25875.922019133868,0.8706203899043307
2020-07-28,-1,-1.0574955634289491,5566270.634258236,0.01598,-235621.21512972412,0.3794,200000,178343.69375566393,-21656.30624433607,0.8917184687783196
2020-07-29,-2,-1.277819302711845,0.0,0.015583,0.0,0.3768,200000,176166.95654810008,-23833.043451899925,0.8808347827405004
2020-07-30,1,1.0634764238608423,5087119.738611033,0.017315,-237102.2295398386,0.3715,200000,176166.95654810008,-23833.043451899925,0.8808347827405004
2020-07-31,1,0.7905524699464967,5087119.738611033,0.017204,-237102.2295398386,0.3738,200000,176147.62138505589,-23852.378614944115,0.8807381069252794
2020-08-01,1,0.5163204310129946,5087119.738611033,0.017319,-237102.2295398386,0.3814,200000,178534.61709949892,-21465.382900501078,0.8926730854974946
2020-08-02,0,-0.4157573638635357,0.0,0.016207,0.0,0.3742,200000,169890.25185796147,-30109.74814203853,0.8494512592898074
2020-08-03,0,0.13569269954741275,0.0,0.0167,0.0,0.3754,200000,169890.25185796147,-30109.74814203853,0.8494512592898074
2020-08-04,2,1.3851382196280186,0.0,0.018734,0.0,0.3971,200000,169890.25185796147,-30109.74814203853,0.8494512592898074
2020-08-05,2,1.7486364780599295,0.0,0.018793,0.0,0.3899,200000,169890.25185796147,-30109.74814203853,0.8494512592898074
2020-08-06,2,2.328272149968834,0.0,0.019704,0.0,0.3898,200000,169890.25185796147,-30109.74814203853,0.8494512592898074
2020-08-07,2,1.7101293500329702,0.0,0.018671,0.0,0.3783,200000,169890.25185796147,-30109.74814203853,0.8494512592898074
2020-08-08,2,2.279104344113372,0.0,0.020815,0.0,0.3963,200000,169890.25185796147,-30109.74814203853,0.8494512592898074
2020-08-09,2,1.7456300272999545,0.0,0.021929,0.0,0.4258,200000,169890.25185796147,-30109.74814203853,0.8494512592898074
2020-08-10,0,0.3864857713404668,0.0,0.021422,0.0,0.4545,200000,169890.25185796147,-30109.74814203853,0.8494512592898074
2020-08-11,0,0.38564747494133284,0.0,0.019966,0.0,0.4217,200000,169890.25185796147,-30109.74814203853,0.8494512592898074
2020-08-12,0,-0.31356911747790134,0.0,0.020429,0.0,0.4512,200000,169890.25185796147,-30109.74814203853,0.8494512592898074
2020-08-13,-2,-1.7834774843316363,0.0,0.019598,0.0,0.4877,200000,169890.25185796147,-30109.74814203853,0.8494512592898074
2020-08-14,-2,-2.1746590269750565,0.0,0.020513,0.0,0.5501,200000,169890.25185796147,-30109.74814203853,0.8494512592898074
2020-08-15,-2,-1.663310050058181,0.0,0.019575,0.0,0.5104,200000,169890.25185796147,-30109.74814203853,0.8494512592898074
2020-08-16,-2,-1.7785617130613747,0.0,0.019842,0.0,0.5368,200000,169890.25185796147,-30109.74814203853,0.8494512592898074
2020-08-17,-1,-1.1527418584810762,4243013.283165871,0.02002,-167776.27084531056,0.5063,200000,169890.25185796147,-30109.74814203853,0.8494512592898074
2020-08-18,-2,-1.2916841787624513,0.0,0.019089,0.0,0.4951,200000,171961.40299112146,-28038.59700887854,0.8598070149556073
2020-08-19,-1,-1.0389590268210878,4814957.803413828,0.017857,-189093.2515846948,0.4547,200000,171961.40299112146,-28038.59700887854,0.8598070149556073
2020-08-20,-2,-1.5258370475733563,0.0,0.019392,0.0,0.5412,200000,180927.0090249573,-19072.99097504269,0.9046350451247865
2020-08-21,-2,-1.874693589155176,0.0,0.017962,0.0,0.5576,200000,180927.0090249573,-19072.99097504269,0.9046350451247865
2020-08-22,-2,-2.1141623064667088,0.0,0.018165,0.0,0.6455,200000,180927.0090249573,-19072.99097504269,0.9046350451247865
2020-08-23,-2,-1.6995925427231797,0.0,0.017889,0.0,0.6133,200000,180927.0090249573,-19072.99097504269,0.9046350451247865
2020-08-24,-2,-1.4407506645655332,0.0,0.01817,0.0,0.6116,200000,180927.0090249573,-19072.99097504269,0.9046350451247865
2020-08-25,-2,-1.3449094788066511,0.0,0.016883,0.0,0.5779,200000,180927.0090249573,-19072.99097504269,0.9046350451247865
2020-08-26,-2,-1.48613177661762,0.0,0.017113,0.0,0.6398,200000,180927.0090249573,-19072.99097504269,0.9046350451247865
2020-08-27,-2,-1.2735953992433813,0.0,0.015933,0.0,0.5815,200000,180927.0090249573,-19072.99097504269,0.9046350451247865
2020-08-28,-2,-1.2916185789276853,0.0,0.016317,0.0,0.6149,200000,180927.0090249573,-19072.99097504269,0.9046350451247865
2020-08-29,-2,-1.2358903535950907,0.0,0.016744,0.0,0.6333,200000,180927.0090249573,-19072.99097504269,0.9046350451247865
2020-08-30,0,-0.96056388055585,0.0,0.017113,0.0,0.6153,200000,180927.0090249573,-19072.99097504269,0.9046350451247865
2020-08-31,0,-0.6875225976169731,0.0,0.017372,0.0,0.5953,200000,180927.0090249573,-19072.99097504269,0.9046350451247865
2020-09-01,0,-0.6373512202474421,0.0,0.016989,0.0,0.5838,200000,180927.0090249573,-19072.99097504269,0.9046350451247865
2020-09-02,0,-0.5411290735907434,0.0,0.015995,0.0,0.5476,200000,180927.0090249573,-19072.99097504269,0.9046350451247865
2020-09-03,0,-0.6624539238751539,0.0,0.012343,0.0,0.437,200000,180927.0090249573,-19072.99097504269,0.9046350451247865
2020-09-04,0,-0.01815208974239617,0.0,0.014268,0.0,0.4613,200000,180927.0090249573,-19072.99097504269,0.9046350451247865
2020-09-05,0,-0.3767182673785209,0.0,0.012101,0.0,0.417,200000,180927.0090249573,-19072.99097504269,0.9046350451247865
2020-09-06,0,-0.5318238014715407,0.0,0.012354,0.0,0.4401,200000,180927.0090249573,-19072.99097504269,0.9046350451247865
2020-09-07,0,-0.29154533192259025,0.0,0.012201,0.0,0.4261,200000,180927.0090249573,-19072.99097504269,0.9046350451247865
2020-09-08,0,0.4437929931208943,0.0,0.012119,0.0,0.4036,200000,180927.0090249573,-19072.99097504269,0.9046350451247865
2020-09-09,2,1.3362643254866966,0.0,0.012841,0.0,0.4165,200000,180927.0090249573,-19072.99097504269,0.9046350451247865
2020-09-10,0,-0.10965509629065971,0.0,0.013005,0.0,0.4562,200000,180927.0090249573,-19072.99097504269,0.9046350451247865
2020-09-11,0,0.6392614329750412,0.0,0.013239,0.0,0.4483,200000,180927.0090249573,-19072.99097504269,0.9046350451247865
2020-09-12,-1,-1.0274430001203299,6741449.028428247,0.013419,-183868.91161072897,0.492,200000,180927.0090249573,-19072.99097504269,0.9046350451247865
2020-09-13,-2,-1.2898566499621424,0.0,0.01281,0.0,0.4792,200000,182679.02941465282,-17320.970585347182,0.9133951470732641
2020-09-14,-2,-2.113711933208732,0.0,0.012861,0.0,0.5144,200000,182679.02941465282,-17320.970585347182,0.9133951470732641
2020-09-15,-2,-2.041627135687943,0.0,0.012569,0.0,0.5096,200000,182679.02941465282,-17320.970585347182,0.9133951470732641
2020-09-16,-2,-1.5765119785369508,0.0,0.01246,0.0,0.4953,200000,182679.02941465282,-17320.970585347182,0.9133951470732641
2020-09-17,0,0.3087419184474696,0.0,0.013514,0.0,0.4707,200000,182679.02941465282,-17320.970585347182,0.9133951470732641
2020-09-18,1,1.1016565627019703,-6329834.6990524195,0.01443,192131.9198723736,0.4754,200000,182679.02941465282,-17320.970585347182,0.9133951470732641
2020-09-19,2,1.9876894411783268,0.0,0.015265,0.0,0.4672,200000,189539.92313131507,-10460.076868684933,0.9476996156565753
2020-09-20,2,1.3266085468479505,0.0,0.014476,0.0,0.4585,200000,189539.92313131507,-10460.076868684933,0.9476996156565753
2020-09-21,0,0.8387397483151342,0.0,0.012605,0.0,0.4115,200000,189539.92313131507,-10460.076868684933,0.9476996156565753
2020-09-22,0,0.30453813422993825,0.0,0.01234,0.0,0.4187,200000,189539.92313131507,-10460.076868684933,0.9476996156565753
2020-09-23,0,0.7672684480829323,0.0,0.011381,0.0,0.3715,200000,189539.92313131507,-10460.076868684933,0.9476996156565753
2020-09-24,0,0.6649530679638899,0.0,0.012385,0.0,0.4079,200000,189539.92313131507,-10460.076868684933,0.9476996156565753
2020-09-25,0,0.9877443437254515,0.0,0.012909,0.0,0.4131,200000,189539.92313131507,-10460.076868684933,0.9476996156565753
2020-09-26,0,0.4617474140527749,0.0,0.012851,0.0,0.4261,200000,189539.92313131507,-10460.076868684933,0.9476996156565753
2020-09-27,0,0.6325918724760307,0.0,0.012741,0.0,0.4155,200000,189539.92313131507,-10460.076868684933,0.9476996156565753
2020-09-28,1,1.0730641434307697,-7424203.8045951845,0.012765,236393.01961999884,0.4009,200000,189539.92313131507,-10460.076868684933,0.9476996156565753
2020-09-29,1,0.6756810817493316,-7424203.8045951845,0.013169,236393.01961999884,0.4261,200000,198496.40556279547,-1503.5944372045342,0.9924820278139773
2020-09-30,1,1.0868836062077865,-7424203.8045951845,0.013519,236393.01961999884,0.4206,200000,199794.71528649383,-205.28471350617474,0.9989735764324691
2020-10-01,0,-0.03910366869797309,0.0,0.012732,0.0,0.4333,200000,181635.79057007545,-18364.20942992455,0.9081789528503772
2020-10-02,0,0.17596379151753083,0.0,0.011859,0.0,0.3948,200000,181635.79057007545,-18364.20942992455,0.9081789528503772
2020-10-03,0,0.1498157237113198,0.0,0.011739,0.0,0.3896,200000,181635.79057007545,-18364.20942992455,0.9081789528503772
2020-10-04,0,-0.2223945283027375,0.0,0.011657,0.0,0.3942,200000,181635.79057007545,-18364.20942992455,0.9081789528503772
2020-10-05,0,-0.8266301871848198,0.0,0.011383,0.0,0.3936,200000,181635.79057007545,-18364.20942992455,0.9081789528503772
2020-10-06,-2,-1.877767422192754,0.0,0.010106,0.0,0.3583,200000,181635.79057007545,-18364.20942992455,0.9081789528503772
2020-10-07,0,0.012379889958262214,0.0,0.011227,0.0,0.3683,200000,181635.79057007545,-18364.20942992455,0.9081789528503772
2020-10-08,-1,-1.1890583203927447,8247175.380043383,0.011012,-239625.05352252699,0.379,200000,181635.79057007545,-18364.20942992455,0.9081789528503772
2020-10-09,-2,-1.364211731578829,0.0,0.011455,0.0,0.3982,200000,182583.09290434874,-17416.90709565126,0.9129154645217437
2020-10-10,-1,-1.0398884501066912,8008030.390541611,0.0114,-232234.91847411438,0.3931,200000,182583.09290434874,-17416.90709565126,0.9129154645217437
2020-10-11,-1,-1.0413813034180799,8008030.390541611,0.011436,-232234.91847411438,0.3959,200000,183521.63977013575,-16478.36022986425,0.9176081988506788
2020-10-12,-2,-1.7270210157774974,0.0,0.011377,0.0,0.4075,200000,186111.4604293584,-13888.539570641587,0.9305573021467921
2020-10-13,-2,-1.47029806065366,0.0,0.011482,0.0,0.4102,200000,186111.4604293584,-13888.539570641587,0.9305573021467921
2020-10-14,0,-0.9180373029215608,0.0,0.011139,0.0,0.3901,200000,186111.4604293584,-13888.539570641587,0.9305573021467921
2020-10-15,0,-0.6509613697911031,0.0,0.010963,0.0,0.3808,200000,186111.4604293584,-13888.539570641587,0.9305573021467921
2020-10-16,0,-0.5751325410147016,0.0,0.010591,0.0,0.3676,200000,186111.4604293584,-13888.539570641587,0.9305573021467921
2020-10-17,0,-0.5090554695415593,0.0,0.010988,0.0,0.3814,200000,186111.4604293584,-13888.539570641587,0.9305573021467921
2020-10-18,0,0.8286259219091338,0.0,0.011627,0.0,0.385,200000,186111.4604293584,-13888.539570641587,0.9305573021467921
2020-10-19,1,1.1533556047533302,-8165648.491986592,0.011396,248945.23866955377,0.3738,200000,186111.4604293584,-13888.539570641587,0.9305573021467921
2020-10-20,2,1.453768562556173,0.0,0.010781,0.0,0.3544,200000,185919.12423697603,-14080.87576302397,0.9295956211848801
2020-10-21,2,1.318573483868985,0.0,0.011339,0.0,0.3728,200000,185919.12423697603,-14080.87576302397,0.9295956211848801
2020-10-22,2,2.409958940524656,0.0,0.012155,0.0,0.3817,200000,185919.12423697603,-14080.87576302397,0.9295956211848801
2020-10-23,2,2.4842254881415675,0.0,0.012218,0.0,0.3749,200000,185919.12423697603,-14080.87576302397,0.9295956211848801
2020-10-24,2,2.222030498055522,0.0,0.012282,0.0,0.3732,200000,185919.12423697603,-14080.87576302397,0.9295956211848801
2020-10-25,2,1.2924761417572925,0.0,0.01179,0.0,0.3711,200000,185919.12423697603,-14080.87576302397,0.9295956211848801
2020-10-26,0,0.9987532138646013,0.0,0.011368,0.0,0.3611,200000,185919.12423697603,-14080.87576302397,0.9295956211848801
2020-10-27,1,1.1537312127372272,-8175862.983156377,0.01137,260390.93030388802,0.357,200000,185919.12423697603,-14080.87576302397,0.9295956211848801
2020-10-28,1,0.7302549771133822,-8175862.983156377,0.010638,260390.93030388802,0.3399,200000,175481.70762510906,-24518.292374890938,0.8774085381255453
2020-10-29,0,-0.024561315978945727,0.0,0.010186,0.0,0.3376,200000,181290.4865128143,-18709.5134871857,0.9064524325640715
2020-10-30,0,0.751534868682263,0.0,0.01008,0.0,0.32,200000,181290.4865128143,-18709.5134871857,0.9064524325640715
2020-10-31,0,0.4345479817597355,0.0,0.009895,0.0,0.3181,200000,181290.4865128143,-18709.5134871857,0.9064524325640715
2020-11-01,0,0.3576218092056699,0.0,0.010505,0.0,0.3377,200000,181290.4865128143,-18709.5134871857,0.9064524325640715
2020-11-02,0,0.46692454644783604,0.0,0.01005,0.0,0.3204,200000,181290.4865128143,-18709.5134871857,0.9064524325640715
2020-11-03,-2,-1.2483901657153949,0.0,0.00925,0.0,0.3157,200000,181290.4865128143,-18709.5134871857,0.9064524325640715
2020-11-04,0,-0.7024298505680837,0.0,0.009398,0.0,0.3124,200000,181290.4865128143,-18709.5134871857,0.9064524325640715
2020-11-05,0,-0.20690294106776208,0.0,0.009721,0.0,0.316,200000,181290.4865128143,-18709.5134871857,0.9064524325640715
2020-11-06,0,-0.02377531994760012,0.0,0.011196,0.0,0.3604,200000,181290.4865128143,-18709.5134871857,0.9064524325640715
2020-11-07,0,-0.22508233882759054,0.0,0.010383,0.0,0.3357,200000,181290.4865128143,-18709.5134871857,0.9064524325640715
2020-11-08,0,0.5693323570448341,0.0,0.011122,0.0,0.3512,200000,181290.4865128143,-18709.5134871857,0.9064524325640715
2020-11-09,0,0.9588926767943862,0.0,0.011035,0.0,0.3439,200000,181290.4865128143,-18709.5134871857,0.9064524325640715
2020-11-10,1,1.1641583620584848,-7825713.826850311,0.011583,253340.53453439672,0.3578,200000,181290.4865128143,-18709.5134871857,0.9064524325640715
2020-11-11,0,0.053817729140337035,0.0,0.01134,0.0,0.3613,200000,178502.14618201926,-21497.853817980736,0.8925107309100964
2020-11-12,-2,-2.1446230300794613,0.0,0.010644,0.0,0.365,200000,178502.14618201926,-21497.853817980736,0.8925107309100964
2020-11-13,0,0.5808060490366693,0.0,0.011814,0.0,0.3739,200000,178502.14618201926,-21497.853817980736,0.8925107309100964
2020-11-14,0,0.9533324077572145,0.0,0.011245,0.0,0.3522,200000,178502.14618201926,-21497.853817980736,0.8925107309100964
2020-11-15,2,1.3533054180775257,0.0,0.011039,0.0,0.341,200000,178502.14618201926,-21497.853817980736,0.8925107309100964
2020-11-16,1,1.0447868572322603,-7873242.156934512,0.011336,252907.54630492954,0.3529,200000,178502.14618201926,-21497.853817980736,0.8925107309100964
2020-11-17,2,2.4277750962534665,0.0,0.012346,0.0,0.3631,200000,183874.46378821283,-16125.53621178717,0.9193723189410642
2020-11-18,2,1.97738866794586,0.0,0.011777,0.0,0.3474,200000,183874.46378821283,-16125.53621178717,0.9193723189410642
2020-11-19,2,1.317357021965285,0.0,0.011504,0.0,0.3458,200000,183874.46378821283,-16125.53621178717,0.9193723189410642
2020-11-20,2,1.2174412931864587,0.0,0.012059,0.0,0.362,200000,183874.46378821283,-16125.53621178717,0.9193723189410642
2020-11-21,2,2.2902172422606872,0.0,0.014426,0.0,0.4062,200000,183874.46378821283,-16125.53621178717,0.9193723189410642
2020-11-22,2,2.0414392343524166,0.0,0.013905,0.0,0.3886,200000,183874.46378821283,-16125.53621178717,0.9193723189410642
2020-11-23,2,2.148886176180258,0.0,0.016023,0.0,0.4374,200000,183874.46378821283,-16125.53621178717,0.9193723189410642
2020-11-24,1,1.036720869447153,-5684260.658718091,0.016174,197205.55961841787,0.4662,200000,183874.46378821283,-16125.53621178717,0.9193723189410642
2020-11-25,1,1.1043126931371765,-5684260.658718091,0.016548,197205.55961841787,0.4722,200000,187183.6106322839,-12816.389367716096,0.9359180531614195
2020-11-26,2,1.520228743233637,0.0,0.014627,0.0,0.4039,200000,187366.81891340337,-12633.181086596625,0.9368340945670168
2020-11-27,2,1.4942385684481707,0.0,0.014487,0.0,0.3966,200000,187366.81891340337,-12633.181086596625,0.9368340945670168
2020-11-28,2,1.7618083186985052,0.0,0.01535,0.0,0.4078,200000,187366.81891340337,-12633.181086596625,0.9368340945670168
2020-11-29,2,1.3669870924521672,0.0,0.015151,0.0,0.4079,200000,187366.81891340337,-12633.181086596625,0.9368340945670168
2020-11-30,0,0.9223142373728909,0.0,0.015972,0.0,0.4394,200000,187366.81891340337,-12633.181086596625,0.9368340945670168
2020-12-01,0,0.38086142270400114,0.0,0.014737,0.0,0.4179,200000,187366.81891340337,-12633.181086596625,0.9368340945670168
2020-12-02,2,1.382935545011663,0.0,0.016405,0.0,0.4373,200000,187366.81891340337,-12633.181086596625,0.9368340945670168
2020-12-03,2,2.0976863701570068,0.0,0.017397,0.0,0.4402,200000,187366.81891340337,-12633.181086596625,0.9368340945670168
2020-12-04,2,1.7901772712516952,0.0,0.015698,0.0,0.3991,200000,187366.81891340337,-12633.181086596625,0.9368340945670168
2020-12-05,2,2.3021185490941876,0.0,0.017484,0.0,0.4227,200000,187366.81891340337,-12633.181086596625,0.9368340945670168
2020-12-06,2,2.0522075621227716,0.0,0.017144,0.0,0.4134,200000,187366.81891340337,-12633.181086596625,0.9368340945670168
2020-12-07,2,2.2021289839806237,0.0,0.018137,0.0,0.4219,200000,187366.81891340337,-12633.181086596625,0.9368340945670168
2020-12-08,2,1.671985192748362,0.0,0.016382,0.0,0.3884,200000,187366.81891340337,-12633.181086596625,0.9368340945670168
2020-12-09,2,1.7801697984314604,0.0,0.016758,0.0,0.3882,200000,187366.81891340337,-12633.181086596625,0.9368340945670168
2020-12-10,2,1.2815512712840418,0.0,0.015937,0.0,0.3791,200000,187366.81891340337,-12633.181086596625,0.9368340945670168
2020-12-11,2,1.513252738288825,0.0,0.015587,0.0,0.3601,200000,187366.81891340337,-12633.181086596625,0.9368340945670168
2020-12-12,2,1.2686752187956023,0.0,0.016497,0.0,0.3838,200000,187366.81891340337,-12633.181086596625,0.9368340945670168
2020-12-13,1,1.0191401626513998,-5688124.4357438795,0.01647,242013.45765099893,0.3871,200000,187366.81891340337,-12633.181086596625,0.9368340945670168
2020-12-14,1,0.2563456437879412,-5688124.4357438795,0.01637,242013.45765099893,0.4052,200000,191178.45005331206,-8821.549946687941,0.9558922502665603
2020-12-15,1,0.46871193899692704,-5688124.4357438795,0.016501,242013.45765099893,0.4001,200000,190689.3257203744,-9310.674279625586,0.9534466286018721
2020-12-16,0,0.17548921779427187,0.0,0.017274,0.0,0.4251,200000,182743.55956900353,-17256.440430996474,0.9137177978450176
2020-12-17,0,0.5571872603471877,0.0,0.017092,0.0,0.4087,200000,182743.55956900353,-17256.440430996474,0.9137177978450176
2020-12-18,0,-0.1625462847597442,0.0,0.017424,0.0,0.4336,200000,182743.55956900353,-17256.440430996474,0.9137177978450176
2020-12-19,0,-0.2975822233413841,0.0,0.017373,0.0,0.4338,200000,182743.55956900353,-17256.440430996474,0.9137177978450176
2020-12-20,-2,-1.26156962136532,0.0,0.016325,0.0,0.4277,200000,182743.55956900353,-17256.440430996474,0.9137177978450176
2020-12-21,-2,-1.2955128345640126,0.0,0.015523,0.0,0.4005,200000,182743.55956900353,-17256.440430996474,0.9137177978450176
2020-12-22,0,-0.7254906766416072,0.0,0.015854,0.0,0.3964,200000,182743.55956900353,-17256.440430996474,0.9137177978450176
2020-12-23,-2,-2.059636270296165,0.0,0.013236,0.0,0.3529,200000,182743.55956900353,-17256.440430996474,0.9137177978450176
2020-12-24,0,-0.9548080220550008,0.0,0.014893,0.0,0.3781,200000,182743.55956900353,-17256.440430996474,0.9137177978450176
2020-12-25,-2,-2.274548532431134,0.0,0.014598,0.0,0.4034,200000,182743.55956900353,-17256.440430996474,0.9137177978450176
2020-12-26,0,-0.5582186116389148,0.0,0.016471,0.0,0.4167,200000,182743.55956900353,-17256.440430996474,0.9137177978450176
2020-12-27,0,0.3325103037338952,0.0,0.016542,0.0,0.4014,200000,182743.55956900353,-17256.440430996474,0.9137177978450176
2020-12-28,2,1.9736118571825716,0.0,0.020212,0.0,0.4496,200000,182743.55956900353,-17256.440430996474,0.9137177978450176
2020-12-29,2,1.9048030686639807,0.0,0.021135,0.0,0.4673,200000,182743.55956900353,-17256.440430996474,0.9137177978450176
2020-12-30,0,0.8032910247885937,0.0,0.0202,0.0,0.4728,200000,182743.55956900353,-17256.440430996474,0.9137177978450176
2020-12-31,0,-0.21266312688591246,0.0,0.018754,0.0,0.4665,200000,182743.55956900353,-17256.440430996474,0.9137177978450176
2021-01-01,0,0.7611695578203469,0.0,0.019052,0.0,0.4497,200000,182743.55956900353,-17256.440430996474,0.9137177978450176
2021-01-02,2,2.073859286972054,0.0,0.019993,0.0,0.434,200000,182743.55956900353,-17256.440430996474,0.9137177978450176
2021-01-03,2,3.2155707604516928,0.0,0.026226,0.0,0.4864,200000,182743.55956900353,-17256.440430996474,0.9137177978450176
2021-01-04,2,1.2924398273679776,0.0,0.024598,0.0,0.523,200000,182743.55956900353,-17256.440430996474,0.9137177978450176
2021-01-05,2,1.934701034787108,0.0,0.027964,0.0,0.5472,200000,182743.55956900353,-17256.440430996474,0.9137177978450176
2021-01-06,2,1.374613679571828,0.0,0.030819,0.0,0.6253,200000,182743.55956900353,-17256.440430996474,0.9137177978450176
2021-01-07,2,1.3488961423821149,0.0,0.028673,0.0,0.574,200000,182743.55956900353,-17256.440430996474,0.9137177978450176
2021-01-08,0,0.023607039369872112,0.0,0.027299,0.0,0.628,200000,182743.55956900353,-17256.440430996474,0.9137177978450176
2021-01-09,0,-0.30666460334216944,0.0,0.028812,0.0,0.6849,200000,182743.55956900353,-17256.440430996474,0.9137177978450176
2021-01-10,0,-0.22556248825972713,0.0,0.02707,0.0,0.6342,200000,182743.55956900353,-17256.440430996474,0.9137177978450176
2021-01-11,0,-0.7605961720406142,0.0,0.024344,0.0,0.6058,200000,182743.55956900353,-17256.440430996474,0.9137177978450176
2021-01-12,0,-0.7784004382657708,0.0,0.02299,0.0,0.5695,200000,182743.55956900353,-17256.440430996474,0.9137177978450176
2021-01-13,0,-0.5466359447858887,0.0,0.026073,0.0,0.6271,200000,182743.55956900353,-17256.440430996474,0.9137177978450176
2021-01-14,0,-0.4035705088115547,0.0,0.025743,0.0,0.603,200000,182743.55956900353,-17256.440430996474,0.9137177978450176
2021-01-15,0,-0.7617355776806064,0.0,0.025306,0.0,0.6112,200000,182743.55956900353,-17256.440430996474,0.9137177978450176
2021-01-16,0,-0.9269547135186039,0.0,0.026863,0.0,0.66,200000,182743.55956900353,-17256.440430996474,0.9137177978450176
2021-01-17,0,-0.7925968370156518,0.0,0.027152,0.0,0.6625,200000,182743.55956900353,-17256.440430996474,0.9137177978450176
2021-01-18,0,-0.6552664244906536,0.0,0.030803,0.0,0.7455,200000,182743.55956900353,-17256.440430996474,0.9137177978450176
2021-01-19,0,-0.5438960890983046,0.0,0.029015,0.0,0.6956,200000,182743.55956900353,-17256.440430996474,0.9137177978450176
2021-01-20,0,-0.2682923123207585,0.0,0.034595,0.0,0.8043,200000,182743.55956900353,-17256.440430996474,0.9137177978450176
2021-01-21,0,-0.9716008113479561,0.0,0.027918,0.0,0.6985,200000,182743.55956900353,-17256.440430996474,0.9137177978450176
2021-01-22,0,0.0794162016840987,0.0,0.031268,0.0,0.7073,200000,182743.55956900353,-17256.440430996474,0.9137177978450176
2021-01-23,0,-0.5914054953157317,0.0,0.030068,0.0,0.7289,200000,182743.55956900353,-17256.440430996474,0.9137177978450176
2021-01-24,0,-0.7928732969761186,0.0,0.030606,0.0,0.7598,200000,182743.55956900353,-17256.440430996474,0.9137177978450176
2021-01-25,-2,-1.8111269485480368,0.0,0.029758,0.0,0.8088,200000,182743.55956900353,-17256.440430996474,0.9137177978450176
2021-01-26,-2,-2.6621669076578,0.0,0.029444,0.0,0.8941,200000,182743.55956900353,-17256.440430996474,0.9137177978450176
2021-01-27,-2,-2.489659120688686,0.0,0.026361,0.0,0.7986,200000,182743.55956900353,-17256.440430996474,0.9137177978450176
2021-01-28,-2,-1.9565237146517946,0.0,0.027389,0.0,0.8163,200000,182743.55956900353,-17256.440430996474,0.9137177978450176
2021-01-29,-2,-1.4319644717072098,0.0,0.02783,0.0,0.8025,200000,182743.55956900353,-17256.440430996474,0.9137177978450176
2021-01-30,-1,-1.1884648962799853,3404060.047109074,0.026842,-119362.22048922504,0.7655,200000,182743.55956900353,-17256.440430996474,0.9137177978450176
2021-01-31,-1,-1.033020575129383,3404060.047109074,0.025397,-119362.22048922504,0.7202,200000,172417.58421276903,-27582.415787230973,0.8620879210638451
2021-02-01,0,-0.1710191663271461,0.0,0.029382,0.0,0.7669,200000,174264.3541580314,-25735.645841968595,0.871321770790157
2021-02-02,0,-0.812867072048654,0.0,0.028127,0.0,0.7886,200000,174264.3541580314,-25735.645841968595,0.871321770790157
2021-02-03,0,-0.6038691720194161,0.0,0.029177,0.0,0.8069,200000,174264.3541580314,-25735.645841968595,0.871321770790157
2021-02-04,0,-0.47889445667014174,0.0,0.02771,0.0,0.7617,200000,174264.3541580314,-25735.645841968595,0.871321770790157
2021-02-05,0,0.17416394064042154,0.0,0.032096,0.0,0.8324,200000,174264.3541580314,-25735.645841968595,0.871321770790157
2021-02-06,0,-0.4324350722946228,0.0,0.029946,0.0,0.8262,200000,174264.3541580314,-25735.645841968595,0.871321770790157
2021-02-07,0,-0.6278797677457704,0.0,0.029139,0.0,0.8249,200000,174264.3541580314,-25735.645841968595,0.871321770790157
2021-02-08,0,-0.04256330523686502,0.0,0.031326,0.0,0.8455,200000,174264.3541580314,-25735.645841968595,0.871321770790157
2021-02-09,0,0.24408084738098262,0.0,0.035375,0.0,0.9404,200000,174264.3541580314,-25735.645841968595,0.871321770790157
2021-02-10,-2,-2.2296145144647523,0.0,0.035689,0.0,1.227,200000,174264.3541580314,-25735.645841968595,0.871321770790157
2021-02-11,-2,-1.3239687527665875,0.0,0.042558,0.0,1.3298,200000,174264.3541580314,-25735.645841968595,0.871321770790157
2021-02-12,0,0.9568106540941129,0.0,0.054359,0.0,1.4273,200000,174264.3541580314,-25735.645841968595,0.871321770790157
2021-02-13,0,-0.5844019175173697,0.0,0.054766,0.0,1.6156,200000,174264.3541580314,-25735.645841968595,0.871321770790157
2021-02-14,0,0.1600697359212212,0.0,0.052161,0.0,1.4652,200000,174264.3541580314,-25735.645841968595,0.871321770790157
2021-02-15,-2,-2.2876307508662213,0.0,0.051032,0.0,1.7707,200000,174264.3541580314,-25735.645841968595,0.871321770790157
2021-02-16,-2,-2.0406039255512995,0.0,0.049319,0.0,1.725,200000,174264.3541580314,-25735.645841968595,0.871321770790157
2021-02-17,-2,-2.321348660279106,0.0,0.051196,0.0,1.9668,200000,174264.3541580314,-25735.645841968595,0.871321770790157
2021-02-18,-2,-2.285355837088641,0.0,0.054483,0.0,2.2613,200000,174264.3541580314,-25735.645841968595,0.871321770790157
2021-02-19,-2,-2.011563858652524,0.0,0.053602,0.0,2.2766,200000,174264.3541580314,-25735.645841968595,0.871321770790157
2021-02-20,-2,-1.31506935236663,0.0,0.053554,0.0,2.0461,200000,174264.3541580314,-25735.645841968595,0.871321770790157
2021-02-21,-1,-1.068774541706499,1589249.208022028,0.054826,-42678.37827146146,2.0416,200000,174264.3541580314,-25735.645841968595,0.871321770790157
2021-02-22,-1,-0.8256967868766465,1589249.208022028,0.050147,-42678.37827146146,1.8129,200000,157067.71200301312,-42932.28799698688,0.7853385600150656
2021-02-23,-1,-0.5035485340676253,1589249.208022028,0.042224,-42678.37827146146,1.4568,200000,129278.32002538716,-70721.67997461284,0.6463916001269359
2021-02-24,-1,-1.0646529799453666,1589249.208022028,0.042694,-42678.37827146146,1.6695,200000,139102.95821149737,-60897.041788502625,0.6955147910574868
2021-02-25,-1,-0.9803758164989588,1589249.208022028,0.039342,-42678.37827146146,1.5406,200000,128274.55190701614,-71725.44809298386,0.6413727595350807
2021-02-26,-1,-0.6885054132140787,1589249.208022028,0.039453,-42678.37827146146,1.4844,200000,126052.43371025045,-73947.56628974955,0.6302621685512523
2021-02-27,-1,-0.5841523272109411,1589249.208022028,0.040822,-42678.37827146146,1.5276,200000,130071.82181735974,-69928.17818264026,0.6503591090867987
2021-02-28,0,-0.10615860773862454,0.0,0.039735,0.0,1.3919,200000,170519.57159332334,-29480.428406676656,0.8525978579666167
2021-03-01,0,-0.30018745820994613,0.0,0.045729,0.0,1.6715,200000,170519.57159332334,-29480.428406676656,0.8525978579666167
2021-03-02,0,-0.5227742574191134,0.0,0.043803,0.0,1.661,200000,170519.57159332334,-29480.428406676656,0.8525978579666167
2021-03-03,0,0.4084404747198518,0.0,0.052864,0.0,1.7768,200000,170519.57159332334,-29480.428406676656,0.8525978579666167
2021-03-04,0,-0.5856439289841839,0.0,0.050284,0.0,1.9399,200000,170519.57159332334,-29480.428406676656,0.8525978579666167
2021-03-05,0,0.2518974960604814,0.0,0.05201,0.0,1.8595,200000,170519.57159332334,-29480.428406676656,0.8525978579666167
2021-03-06,1,1.1626547067882906,-1600461.5144289997,0.053272,46324.2519949262,1.8405,200000,170519.57159332334,-29480.428406676656,0.8525978579666167
2021-03-07,1,1.1530954072201087,-1600461.5144289997,0.05667,46324.2519949262,1.958,200000,181401.03942875692,-18598.96057124308,0.9070051971437846
2021-03-08,2,3.0705217599466716,0.0,0.065316,0.0,1.889,200000,187548.8038513523,-12451.196148647694,0.9377440192567615
2021-03-09,2,1.8721780608439829,0.0,0.064429,0.0,1.9806,200000,187548.8038513523,-12451.196148647694,0.9377440192567615
2021-03-10,2,1.797151507380293,0.0,0.061343,0.0,1.8591,200000,187548.8038513523,-12451.196148647694,0.9377440192567615
2021-03-11,2,2.3229546633232894,0.0,0.067237,0.0,1.8846,200000,187548.8038513523,-12451.196148647694,0.9377440192567615
2021-03-12,2,2.1378214389365167,0.0,0.065552,0.0,1.7958,200000,187548.8038513523,-12451.196148647694,0.9377440192567615
2021-03-13,2,1.8784575478403496,0.0,0.067523,0.0,1.8371,200000,187548.8038513523,-12451.196148647694,0.9377440192567615
2021-03-14,2,1.8746922504792003,0.0,0.066074,0.0,1.7388,200000,187548.8038513523,-12451.196148647694,0.9377440192567615
2021-03-15,2,2.0686398469242437,0.0,0.078901,0.0,1.943,200000,187548.8038513523,-12451.196148647694,0.9377440192567615
2021-03-16,2,1.4908101266529112,0.0,0.074411,0.0,1.9204,200000,187548.8038513523,-12451.196148647694,0.9377440192567615
2021-03-17,2,1.6923211651091656,0.0,0.076673,0.0,1.8758,200000,187548.8038513523,-12451.196148647694,0.9377440192567615
2021-03-18,2,1.6004800315832224,0.0,0.077475,0.0,1.8669,200000,187548.8038513523,-12451.196148647694,0.9377440192567615
2021-03-19,2,1.3658933547025651,0.0,0.080765,0.0,1.9662,200000,187548.8038513523,-12451.196148647694,0.9377440192567615
2021-03-20,2,1.9943671939869745,0.0,0.089496,0.0,1.9247,200000,187548.8038513523,-12451.196148647694,0.9377440192567615
2021-03-21,2,1.9765500682363515,0.0,0.093802,0.0,1.937,200000,187548.8038513523,-12451.196148647694,0.9377440192567615
2021-03-22,2,1.7113890695203502,0.0,0.088369,0.0,1.8366,200000,187548.8038513523,-12451.196148647694,0.9377440192567615
2021-03-23,1,1.0317781158902035,-1129431.0585064816,0.083028,50047.71410880939,1.8737,200000,187548.8038513523,-12451.196148647694,0.9377440192567615
2021-03-24,1,0.9916633131337278,-1129431.0585064816,0.0846,50047.71410880939,1.8979,200000,190535.42415675765,-9464.575843242346,0.9526771207837883
2021-03-25,1,0.927769214272245,-1129431.0585064816,0.080762,50047.71410880939,1.8076,200000,181681.35917018433,-18318.640829815675,0.9084067958509217
2021-03-26,1,0.7572462792114514,-1129431.0585064816,0.090047,50047.71410880939,2.0416,200000,203879.29164987837,3879.2916498783743,1.019396458249392
2021-03-27,0,0.011535293341598956,0.0,0.088445,0.0,2.1777,200000,178452.42680620385,-21547.573193796154,0.8922621340310193
2021-03-28,0,-0.43209703926571297,0.0,0.090733,0.0,2.3399,200000,178452.42680620385,-21547.573193796154,0.8922621340310193
2021-03-29,-1,-1.17143624013228,969818.5211688958,0.092003,-34754.88388700266,2.5673,200000,178452.42680620385,-21547.573193796154,0.8922621340310193
2021-03-30,-2,-1.7206677649729312,0.0,0.089331,0.0,2.6613,200000,184310.74098014538,-15689.259019854624,0.9215537049007269
2021-03-31,-2,-2.3608056222854317,0.0,0.087721,0.0,3.0308,200000,184310.74098014538,-15689.259019854624,0.9215537049007269
2021-04-01,-2,-1.6994748927900094,0.0,0.088056,0.0,2.8069,200000,184310.74098014538,-15689.259019854624,0.9215537049007269
2021-04-02,-1,-1.1047008100160105,980136.4611858024,0.094023,-33585.54265464218,2.7439,200000,184310.74098014535,-15689.259019854653,0.9215537049007267
2021-04-03,-1,-0.8580662760418233,980136.4611858024,0.087307,-33585.54265464218,2.4666,200000,168414.87352868926,-31585.126471310738,0.8420743676434463
2021-04-04,-1,-0.7950664265285762,980136.4611858024,0.092423,-33585.54265464218,2.6105,200000,178262.2112521188,-21737.78874788119,0.891311056260594
2021-04-05,0,0.0992098305463083,0.0,0.102343,0.0,2.5272,200000,168878.01852981854,-31121.98147018146,0.8443900926490927
2021-04-06,0,0.8608832322190162,0.0,0.111808,0.0,2.4811,200000,168878.01852981854,-31121.98147018146,0.8443900926490927
2021-04-07,0,0.9253086364379866,0.0,0.105908,0.0,2.3141,200000,168878.01852981854,-31121.98147018146,0.8443900926490927
2021-04-08,1,1.050841519686483,-723953.2328347103,0.116636,34017.81051684363,2.4822,200000,168878.01852981854,-31121.98147018146,0.8443900926490927
2021-04-09,1,1.1773872546327464,-723953.2328347103,0.125996,34017.81051684363,2.6295,200000,180665.0442782825,-19334.955721717502,0.9033252213914125
2021-04-10,2,2.1455324459152116,0.0,0.141922,0.0,2.5537,200000,184751.62652332272,-15248.373476677283,0.9237581326166135
2021-04-11,2,1.762268748647023,0.0,0.139394,0.0,2.5783,200000,184751.62652332272,-15248.373476677283,0.9237581326166135
2021-04-12,0,0.9267403165631359,0.0,0.128931,0.0,2.6644,200000,184751.62652332272,-15248.373476677283,0.9237581326166135
2021-04-13,2,2.056967653149378,0.0,0.153447,0.0,2.5786,200000,184751.62652332272,-15248.373476677283,0.9237581326166135
2021-04-14,2,2.3387918762753834,0.0,0.168004,0.0,2.5159,200000,184751.62652332272,-15248.373476677283,0.9237581326166135
2021-04-15,2,2.0911731584721873,0.0,0.175601,0.0,2.5585,200000,184751.62652332272,-15248.373476677283,0.9237581326166135
2021-04-16,2,2.8187505964266277,0.0,0.234485,0.0,2.6004,200000,184751.62652332272,-15248.373476677283,0.9237581326166135
2021-04-17,2,2.0265954030071827,0.0,0.226425,0.0,2.6851,200000,184751.62652332272,-15248.373476677283,0.9237581326166135
2021-04-18,2,2.569469005787123,0.0,0.253321,0.0,2.354,200000,184751.62652332272,-15248.373476677283,0.9237581326166135
2021-04-19,2,2.1002689306879017,0.0,0.228215,0.0,2.1366,200000,184751.62652332272,-15248.373476677283,0.9237581326166135
2021-04-20,2,2.016432831432457,0.0,0.251237,0.0,2.2134,200000,184751.62652332272,-15248.373476677283,0.9237581326166135
2021-04-21,2,1.5259516216121418,0.0,0.226271,0.0,2.14,200000,184751.62652332272,-15248.373476677283,0.9237581326166135
2021-04-22,1,1.1585391153460003,-485743.6519275051,0.190174,48160.06113427942,1.9181,200000,184751.62652332272,-15248.373476677283,0.9237581326166135
2021-04-23,2,1.4066842294137294,0.0,0.202086,0.0,1.8336,200000,194607.33007092975,-5392.669929070253,0.9730366503546487
2021-04-24,2,1.200959690329643,0.0,0.178425,0.0,1.6537,200000,194607.33007092975,-5392.669929070253,0.9730366503546487
2021-04-25,0,0.7233843279119005,0.0,0.1683,0.0,1.7332,200000,194607.33007092975,-5392.669929070253,0.9730366503546487
2021-04-26,0,0.5739574113573978,0.0,0.18849,0.0,1.9813,200000,194607.33007092975,-5392.669929070253,0.9730366503546487
2021-04-27,0,0.2886719823753753,0.0,0.2081,0.0,2.3196,200000,194607.33007092975,-5392.669929070253,0.9730366503546487
2021-04-28,0,-0.07349642716715281,0.0,0.1984,0.0,2.3933,200000,194607.33007092975,-5392.669929070253,0.9730366503546487
2021-04-29,0,-0.2493436643468,0.0,0.19127,0.0,2.3613,200000,194607.33007092975,-5392.669929070253,0.9730366503546487
2021-04-30,0,-0.5061081251547561,0.0,0.20098,0.0,2.5999,200000,194607.33007092975,-5392.669929070253,0.9730366503546487
2021-05-01,0,-0.5509811931987127,0.0,0.20422,0.0,2.6035,200000,194607.33007092975,-5392.669929070253,0.9730366503546487
2021-05-02,0,-0.30060530051176176,0.0,0.21488,0.0,2.5085,200000,194607.33007092975,-5392.669929070253,0.9730366503546487
2021-05-03,0,-0.41740185635926685,0.0,0.21084,0.0,2.4556,200000,194607.33007092975,-5392.669929070253,0.9730366503546487
2021-05-04,0,-0.43944830913011323,0.0,0.18753,0.0,2.1529,200000,194607.33007092975,-5392.669929070253,0.9730366503546487
2021-05-05,0,-0.5880084311163712,0.0,0.20705,0.0,2.3844,200000,194607.33007092975,-5392.669929070253,0.9730366503546487
2021-05-06,0,-0.562410230344208,0.0,0.21584,0.0,2.483,200000,194607.33007092975,-5392.669929070253,0.9730366503546487
2021-05-07,0,-0.7803648365124352,0.0,0.2306,0.0,2.7322,200000,194607.33007092975,-5392.669929070253,0.9730366503546487
2021-05-08,0,-0.7670187664267397,0.0,0.2234,0.0,2.6727,200000,194607.33007092975,-5392.669929070253,0.9730366503546487
2021-05-09,0,-0.26279630754241085,0.0,0.23386,0.0,2.6422,200000,194607.33007092975,-5392.669929070253,0.9730366503546487
2021-05-10,0,-0.1927721541003075,0.0,0.20262,0.0,2.2957,200000,194607.33007092975,-5392.669929070253,0.9730366503546487
2021-05-11,0,-0.48692172702742953,0.0,0.21269,0.0,2.5093,200000,194607.33007092975,-5392.669929070253,0.9730366503546487
2021-05-12,0,-0.7612512318578074,0.0,0.1666,0.0,2.0412,200000,194607.33007092975,-5392.669929070253,0.9730366503546487
2021-05-13,0,-0.03181285704778102,0.0,0.18222,0.0,2.1,200000,194607.33007092975,-5392.669929070253,0.9730366503546487
2021-05-14,0,0.2891497040985719,0.0,0.18674,0.0,2.138,200000,194607.33007092975,-5392.669929070253,0.9730366503546487
2021-05-15,0,0.11066696216117937,0.0,0.17254,0.0,2.01,200000,194607.33007092975,-5392.669929070253,0.9730366503546487
2021-05-16,1,1.0455371651061254,-551420.5204321935,0.17646,48857.03205235232,1.9916,200000,194607.33007092975,-5392.669929070253,0.9730366503546487
2021-05-17,0,0.05233778976872146,0.0,0.15775,0.0,1.8558,200000,190925.03708635285,-9074.962913647149,0.9546251854317642
2021-05-18,0,-0.0779780332906689,0.0,0.16183,0.0,1.9111,200000,190925.03708635285,-9074.962913647149,0.9546251854317642
2021-05-19,1,1.1927580457840383,-906318.4139673068,0.10533,80743.05890482655,1.1823,200000,190925.03708635285,-9074.962913647149,0.9546251854317642
2021-05-20,2,2.544176968448605,0.0,0.13077,0.0,1.3884,200000,197340.63309739635,-2659.3669026036514,0.9867031654869818
2021-05-21,0,-0.5641027701539633,0.0,0.10813,0.0,1.2715,200000,197340.63309739635,-2659.3669026036514,0.9867031654869818
2021-05-22,0,0.2883675249722832,0.0,0.09944,0.0,1.1386,200000,197340.63309739635,-2659.3669026036514,0.9867031654869818
2021-05-23,0,0.693733178741393,0.0,0.08638,0.0,0.9756,200000,197340.63309739635,-2659.3669026036514,0.9867031654869818
2021-05-24,2,2.5371051923301935,0.0,0.1124,0.0,1.1779,200000,197340.63309739635,-2659.3669026036514,0.9867031654869818
2021-05-25,2,2.6464661419177187,0.0,0.11267,0.0,1.1406,200000,197340.63309739635,-2659.3669026036514,0.9867031654869818
2021-05-26,2,2.2392981770685605,0.0,0.13306,0.0,1.3394,200000,197340.63309739635,-2659.3669026036514,0.9867031654869818
2021-05-27,2,2.049666209494516,0.0,0.1238,0.0,1.2327,200000,197340.63309739635,-2659.3669026036514,0.9867031654869818
2021-05-28,2,1.747810356352646,0.0,0.10815,0.0,1.079,200000,197340.63309739635,-2659.3669026036514,0.9867031654869818
2021-05-29,1,1.171862608958,-997072.7217936355,0.09896,97288.81537043795,1.0142,200000,197340.63309739635,-2659.3669026036514,0.9867031654869818
2021-05-30,2,1.6006153728692851,0.0,0.10752,0.0,1.0584,200000,201575.40995657654,1575.4099565765355,1.0078770497828826
2021-05-31,2,2.403274589605272,0.0,0.12588,0.0,1.1341,200000,201575.40995657654,1575.4099565765355,1.0078770497828826
2021-06-01,2,1.4772797858624827,0.0,0.12068,0.0,1.1483,200000,201575.40995657654,1575.4099565765355,1.0078770497828826
2021-06-02,1,1.1557674633165542,-801620.1779868628,0.12573,83034.85333521855,1.2138,200000,201575.40995657654,1575.4099565765355,1.0078770497828826
2021-06-03,2,2.0524339550130457,0.0,0.14323,0.0,1.2575,200000,211975.13998059757,11975.139980597567,1.059875699902988
2021-06-04,2,1.658394426355557,0.0,0.12902,0.0,1.1474,200000,211975.13998059757,11975.139980597567,1.059875699902988
2021-06-05,2,1.5394554992055105,0.0,0.12534,0.0,1.1067,200000,211975.13998059757,11975.139980597567,1.059875699902988
2021-06-06,1,1.1614400891039685,-830233.1974800156,0.12766,91899.39303763009,1.1533,200000,211975.13998059757,11975.139980597567,1.059875699902988
2021-06-07,1,1.0146719615087223,-830233.1974800156,0.11458,91899.39303763009,1.0402,200000,190721.86840500298,-9278.131594997016,0.9536093420250149
2021-06-08,1,1.1323705431410003,-830233.1974800156,0.11285,91899.39303763009,1.0052,200000,186069.08621704555,-13930.913782954449,0.9303454310852277
2021-06-09,2,1.2650846248253629,0.0,0.11996,0.0,1.0451,200000,215525.85868667302,15525.858686673018,1.077629293433365
2021-06-10,1,1.0869117374578876,-961825.5028859024,0.11204,109415.09731275917,0.9849,200000,215525.85868667302,15525.858686673018,1.077629293433365
2021-06-11,2,1.2612324925261238,0.0,0.10482,0.0,0.905,200000,217323.74483112624,17323.74483112624,1.086618724155631
2021-06-12,2,1.532089444883722,0.0,0.10624,0.0,0.8972,200000,217323.74483112624,17323.74483112624,1.086618724155631
2021-06-13,2,1.454192219120922,0.0,0.11244,0.0,0.9465,200000,217323.74483112624,17323.74483112624,1.086618724155631
2021-06-14,0,0.8041347548397965,0.0,0.11334,0.0,0.9871,200000,217323.74483112624,17323.74483112624,1.086618724155631
2021-06-15,-2,-1.3395043880169828,0.0,0.11135,0.0,1.1075,200000,217323.74483112624,17323.74483112624,1.086618724155631
2021-06-16,0,-0.5119654782058772,0.0,0.10752,0.0,1.0095,200000,217323.74483112624,17323.74483112624,1.086618724155631
2021-06-17,-2,-1.5299911369738577,0.0,0.10726,0.0,1.0726,200000,217323.74483112624,17323.74483112624,1.086618724155631
2021-06-18,-2,-1.4882057557312278,0.0,0.09957,0.0,0.9871,200000,217323.74483112624,17323.74483112624,1.086618724155631
2021-06-19,-2,-1.4480379416784521,0.0,0.09639,0.0,0.9541,200000,217323.74483112624,17323.74483112624,1.086618724155631
2021-06-20,-1,-1.109025235461735,1104287.3212963731,0.0984,-113118.75121336989,0.9606,200000,217323.74483112624,17323.74483112624,1.086618724155631
2021-06-21,-2,-1.574921548168189,0.0,0.07332,0.0,0.7441,200000,220529.0612115447,20529.0612115447,1.1026453060577235
2021-06-22,-1,-1.1440090470010318,1536573.7263903616,0.07176,-155455.42169148786,0.7093,200000,220529.0612115447,20529.0612115447,1.1026453060577235
2021-06-23,-2,-1.538196260750807,0.0,0.07614,0.0,0.7848,200000,225535.75262766227,25535.752627662267,1.1276787631383114
2021-06-24,-1,-1.0987038741970507,1396160.409976862,0.08077,-138705.87492476156,0.813,200000,225535.75262766227,25535.752627662267,1.1276787631383114
2021-06-25,-1,-0.9670174859851752,1396160.409976862,0.07209,-138705.87492476156,0.724,200000,201072.25740075935,1072.2574007593503,1.0053612870037967
2021-06-26,-1,-0.5913153894937602,1396160.409976862,0.074,-138705.87492476156,0.7259,200000,204002.4649461722,4002.4649461722,1.020012324730861
2021-06-27,0,-0.06782828976520244,0.0,0.07806,0.0,0.7388,200000,219027.37141928228,19027.37141928228,1.0951368570964113
2021-06-28,0,-0.23056319539908052,0.0,0.07942,0.0,0.7632,200000,219027.37141928228,19027.37141928228,1.0951368570964113
2021-06-29,0,0.640229180423234,0.0,0.09008,0.0,0.8184,200000,219027.37141928228,19027.37141928228,1.0951368570964113
2021-06-30,0,0.5657529013783922,0.0,0.09134,0.0,0.8365,200000,219027.37141928228,19027.37141928228,1.0951368570964113
2021-07-01,0,0.0001761908042143021,0.0,0.08424,0.0,0.8043,200000,219027.37141928228,19027.37141928228,1.0951368570964113
2021-07-02,0,0.32188304746339336,0.0,0.08655,0.0,0.8172,200000,219027.37141928228,19027.37141928228,1.0951368570964113
2021-07-03,0,0.322958729632743,0.0,0.08736,0.0,0.8333,200000,219027.37141928228,19027.37141928228,1.0951368570964113
2021-07-04,0,0.10142862180203746,0.0,0.08778,0.0,0.8507,200000,219027.37141928228,19027.37141928228,1.0951368570964113
2021-07-05,-2,-2.3162656101345767,0.0,0.08342,0.0,0.8979,200000,219027.37141928228,19027.37141928228,1.0951368570964113
2021-07-06,-2,-1.8395240508684527,0.0,0.08446,0.0,0.9021,200000,219027.37141928228,19027.37141928228,1.0951368570964113
2021-07-07,-2,-2.210373136604287,0.0,0.0834,0.0,0.9283,200000,219027.37141928228,19027.37141928228,1.0951368570964113
2021-07-08,-2,-3.2852413562570457,0.0,0.07607,0.0,1.0412,200000,219027.37141928228,19027.37141928228,1.0951368570964113
2021-07-09,-2,-2.127614461435334,0.0,0.07703,0.0,0.9786,200000,219027.37141928228,19027.37141928228,1.0951368570964113
2021-07-10,-2,-1.5016891440302662,0.0,0.07597,0.0,0.9184,200000,219027.37141928228,19027.37141928228,1.0951368570964113
2021-07-11,-2,-1.4383470723490024,0.0,0.07768,0.0,0.9519,200000,219027.37141928228,19027.37141928228,1.0951368570964113
2021-07-12,-2,-1.2326719952461207,0.0,0.07495,0.0,0.9104,200000,219027.37141928228,19027.37141928228,1.0951368570964113
2021-07-13,0,-0.9292201075107921,0.0,0.07294,0.0,0.8598,200000,219027.37141928228,19027.37141928228,1.0951368570964113
2021-07-14,0,-0.6745066979277855,0.0,0.07256,0.0,0.8336,200000,219027.37141928228,19027.37141928228,1.0951368570964113
2021-07-15,0,-0.5595745101601921,0.0,0.06904,0.0,0.7868,200000,219027.37141928228,19027.37141928228,1.0951368570964113
2021-07-16,0,-0.44184977220211924,0.0,0.06521,0.0,0.7371,200000,219027.37141928228,19027.37141928228,1.0951368570964113
2021-07-17,0,-0.8406180769400126,0.0,0.0655,0.0,0.7903,200000,219027.37141928228,19027.37141928228,1.0951368570964113
2021-07-18,0,-0.31579761621611296,0.0,0.06755,0.0,0.7666,200000,219027.37141928228,19027.37141928228,1.0951368570964113
2021-07-19,0,-0.5309648279607261,0.0,0.0618,0.0,0.7277,200000,219027.37141928228,19027.37141928228,1.0951368570964113
2021-07-20,0,-0.46668956571790715,0.0,0.05773,0.0,0.6807,200000,219027.37141928228,19027.37141928228,1.0951368570964113
2021-07-21,0,0.033004527637833354,0.0,0.06605,0.0,0.7456,200000,219027.37141928228,19027.37141928228,1.0951368570964113
2021-07-22,0,0.06966628180319204,0.0,0.06777,0.0,0.7708,200000,219027.37141928228,19027.37141928228,1.0951368570964113
2021-07-23,0,0.37767958361578313,0.0,0.07099,0.0,0.7982,200000,219027.37141928228,19027.37141928228,1.0951368570964113
2021-07-24,0,0.7194230721138978,0.0,0.07219,0.0,0.8075,200000,219027.37141928228,19027.37141928228,1.0951368570964113
2021-07-25,0,0.9193102694546801,0.0,0.07438,0.0,0.8259,200000,219027.37141928228,19027.37141928228,1.0951368570964113
2021-07-26,2,1.475196603856091,0.0,0.07754,0.0,0.8388,200000,219027.37141928228,19027.37141928228,1.0951368570964113
2021-07-27,2,2.0914119782116467,0.0,0.08396,0.0,0.8677,200000,219027.37141928228,19027.37141928228,1.0951368570964113
2021-07-28,2,1.8128824743716754,0.0,0.08283,0.0,0.8683,200000,219027.37141928228,19027.37141928228,1.0951368570964113
2021-07-29,0,0.5411377973174551,0.0,0.08266,0.0,0.9188,200000,219027.37141928228,19027.37141928228,1.0951368570964113
2021-07-30,0,-0.26048665526509235,0.0,0.08596,0.0,0.9888,200000,219027.37141928228,19027.37141928228,1.0951368570964113
2021-07-31,0,0.2901648607265558,0.0,0.08962,0.0,1.0024,200000,219027.37141928228,19027.37141928228,1.0951368570964113
2021-08-01,0,-0.6249456715275853,0.0,0.08574,0.0,0.992,200000,219027.37141928228,19027.37141928228,1.0951368570964113
2021-08-02,-2,-1.2957472339479146,0.0,0.08606,0.0,1.0239,200000,219027.37141928228,19027.37141928228,1.0951368570964113
2021-08-03,-1,-1.1260153399621782,1282361.6593634794,0.0854,-108204.41232056233,1.0121,200000,219027.37141928228,19027.37141928228,1.0951368570964113
2021-08-04,-1,-1.0683663155371301,1282361.6593634794,0.08841,-108204.41232056233,1.0489,200000,226869.20238736304,26869.20238736304,1.1343460119368152
2021-08-05,-1,-0.7180052756638831,1282361.6593634794,0.09082,-108204.41232056233,1.0637,200000,231561.11928877336,31561.119288773363,1.157805596443867
2021-08-06,-1,-0.26160413334347726,1282361.6593634794,0.09665,-108204.41232056233,1.1064,200000,243657.61616895045,43657.61616895045,1.2182880808447523
2021-08-07,0,1.0068861965135871,0.0,0.10371,0.0,1.1257,200000,207839.35067595285,7839.350675952854,1.0391967533797644
2021-08-08,2,1.789054018879119,0.0,0.1013,0.0,1.0553,200000,207839.35067595285,7839.350675952854,1.0391967533797644
2021-08-09,2,1.3524192250272482,0.0,0.10574,0.0,1.1142,200000,207839.35067595285,7839.350675952854,1.0391967533797644
2021-08-10,1,1.1586789021303,-977331.6593433315,0.10633,92463.45345491274,1.1239,200000,207839.35067595285,7839.350675952854,1.0391967533797644
2021-08-11,1,0.9466911987376723,-977331.6593433315,0.11096,92463.45345491274,1.1789,200000,217449.8861987327,17449.88619873271,1.0872494309936636
2021-08-12,1,1.1102927062374768,-977331.6593433315,0.10725,92463.45345491274,1.1256,200000,208895.68367342209,8895.683673422085,1.0444784183671105
2021-08-13,2,1.6081634221132761,0.0,0.12083,0.0,1.2274,200000,212440.69230384764,12440.692303847638,1.0622034615192382
2021-08-14,2,2.261524265646203,0.0,0.13014,0.0,1.25,200000,212440.69230384764,12440.692303847638,1.0622034615192382
2021-08-15,2,2.5940874935735643,0.0,0.13937,0.0,1.26,200000,212440.69230384764,12440.692303847638,1.0622034615192382
2021-08-16,1,1.1471254856865536,-825397.0483481531,0.12869,83329.68239736708,1.2747,200000,212440.69230384764,12440.692303847638,1.0622034615192382
2021-08-17,1,1.014878215660338,-825397.0483481531,0.11816,83329.68239736708,1.1763,200000,195549.62063684067,-4450.379363159329,0.9777481031842034
2021-08-18,1,1.122124079436863,-825397.0483481531,0.11955,83329.68239736708,1.1708,200000,196238.60928085912,-3761.39071914088,0.9811930464042956
2021-08-19,1,1.029608824260022,-825397.0483481531,0.13013,83329.68239736708,1.2728,200000,213470.937656914,13470.937656914,1.06735468828457
2021-08-20,0,-0.2526240306054144,0.0,0.13295,0.0,1.4356,200000,202549.13783207443,2549.137832074426,1.012745689160372
2021-08-21,0,-0.494820041026899,0.0,0.12822,0.0,1.4074,200000,202549.13783207443,2549.137832074426,1.012745689160372
2021-08-22,-1,-1.172849403660254,790158.1408756902,0.12817,-68276.52458439776,1.4833,200000,202549.13783207443,2549.137832074426,1.012745689160372
2021-08-23,-2,-1.5086042357557068,0.0,0.13164,0.0,1.5689,200000,205651.7595876602,5651.759587660199,1.0282587979383009
2021-08-24,-2,-1.441147098861055,0.0,0.12128,0.0,1.4367,200000,205651.7595876602,5651.759587660199,1.0282587979383009
2021-08-25,-2,-1.311251863774843,0.0,0.1275,0.0,1.4938,200000,205651.7595876602,5651.759587660199,1.0282587979383009
2021-08-26,0,-0.9618846068283465,0.0,0.11591,0.0,1.318,200000,205651.7595876602,5651.759587660199,1.0282587979383009
2021-08-27,0,-0.4448016149049262,0.0,0.12803,0.0,1.397,200000,205651.7595876602,5651.759587660199,1.0282587979383009
2021-08-28,0,-0.8761911682859265,0.0,0.12328,0.0,1.401,200000,205651.7595876602,5651.759587660199,1.0282587979383009
2021-08-29,0,-0.6518913434137259,0.0,0.12352,0.0,1.383,200000,205651.7595876602,5651.759587660199,1.0282587979383009
2021-08-30,0,-0.6930479255265718,0.0,0.11709,0.0,1.321,200000,205651.7595876602,5651.759587660199,1.0282587979383009
2021-08-31,0,-0.16502769596734312,0.0,0.12282,0.0,1.327,200000,205651.7595876602,5651.759587660199,1.0282587979383009
2021-09-01,0,0.34357415315953993,0.0,0.13728,0.0,1.423,200000,205651.7595876602,5651.759587660199,1.0282587979383009
2021-09-02,0,0.6558389651682658,0.0,0.14307,0.0,1.447,200000,205651.7595876602,5651.759587660199,1.0282587979383009
2021-09-03,0,-0.029867624546847413,0.0,0.14294,0.0,1.535,200000,205651.7595876602,5651.759587660199,1.0282587979383009
2021-09-04,0,-0.7841549788350329,0.0,0.14477,0.0,1.656,200000,205651.7595876602,5651.759587660199,1.0282587979383009
2021-09-05,0,-0.9318007026299499,0.0,0.15391,0.0,1.79,200000,205651.7595876602,5651.759587660199,1.0282587979383009
2021-09-06,0,-0.8311838447759622,0.0,0.14998,0.0,1.742,200000,205651.7595876602,5651.759587660199,1.0282587979383009
2021-09-07,0,-0.2361995812079123,0.0,0.12286,0.0,1.382,200000,205651.7595876602,5651.759587660199,1.0282587979383009
2021-09-08,-1,-1.1834905024157942,868681.9278012173,0.11837,-73237.80612096161,1.404,200000,205651.7595876602,5651.759587660199,1.0282587979383009
2021-09-09,-2,-2.380588025460783,0.0,0.12163,0.0,1.583,200000,215929.42379868036,15929.423798680364,1.0796471189934018
2021-09-10,-2,-3.235241844231117,0.0,0.11252,0.0,1.786,200000,215929.42379868036,15929.423798680364,1.0796471189934018
2021-09-11,-2,-2.2632075717171065,0.0,0.11549,0.0,1.746,200000,215929.42379868036,15929.423798680364,1.0796471189934018
2021-09-12,-2,-1.7201072291516273,0.0,0.11984,0.0,1.743,200000,215929.42379868036,15929.423798680364,1.0796471189934018
2021-09-13,-2,-2.267790758314637,0.0,0.11245,0.0,1.93,200000,215929.42379868036,15929.423798680364,1.0796471189934018
2021-09-14,-2,-2.0081111038214923,0.0,0.11764,0.0,2.074,200000,215929.42379868036,15929.423798680364,1.0796471189934018
2021-09-15,-2,-1.7522139972493551,0.0,0.12206,0.0,2.166,200000,215929.42379868036,15929.423798680364,1.0796471189934018
2021-09-16,-2,-1.5058128419864476,0.0,0.11669,0.0,2.048,200000,215929.42379868036,15929.423798680364,1.0796471189934018
2021-09-17,-2,-1.2064402038468391,0.0,0.11145,0.0,1.877,200000,215929.42379868036,15929.423798680364,1.0796471189934018
2021-09-18,-1,-1.1333861878895732,955693.6522912293,0.11297,-55998.294553599684,1.928,200000,215929.42379868036,15929.423798680364,1.0796471189934018
2021-09-19,-1,-0.9282385781117731,955693.6522912293,0.10824,-55998.294553599684,1.796,200000,204017.2179422677,4017.2179422677145,1.0200860897113386
2021-09-20,-1,-1.1313593157151198,955693.6522912293,0.09176,-55998.294553599684,1.661,200000,180707.61678777228,-19292.383212227724,0.9035380839388614
2021-09-21,-1,-0.833180548534949,955693.6522912293,0.0861,-55998.294553599684,1.469,200000,164546.71816151278,-35453.28183848722,0.8227335908075639
2021-09-22,-1,-0.6569177457350492,955693.6522912293,0.09956,-55998.294553599684,1.654,200000,187770.03921376867,-12229.960786231328,0.9388501960688433
2021-09-23,-1,-0.6133030628692759,955693.6522912293,0.10202,-55998.294553599684,1.706,200000,193032.95691519228,-6967.043084807723,0.9651647845759614
2021-09-24,-1,-0.6853901631281387,955693.6522912293,0.09229,-55998.294553599684,1.592,200000,177350.25209928828,-22649.74790071172,0.8867512604964414
2021-09-25,-1,-0.5972061236660412,955693.6522912293,0.08994,-55998.294553599684,1.547,200000,172584.44876149186,-27415.55123850814,0.8629222438074593
2021-09-26,-1,-0.7550340456938923,955693.6522912293,0.09149,-55998.294553599684,1.64,200000,179273.61531602807,-20726.384683971934,0.8963680765801403
2021-09-27,-1,-0.536949421277995,955693.6522912293,0.08634,-55998.294553599684,1.503,200000,166680.02665288505,-33319.97334711495,0.8334001332644252
2021-09-28,-1,-0.38809934822393316,955693.6522912293,0.08173,-55998.294553599684,1.406,200000,156842.44434412333,-43157.55565587667,0.7842122217206167
2021-09-29,0,-0.021630087371981153,0.0,0.08468,0.0,1.431,200000,215134.8448288602,15134.844828860194,1.075674224144301
2021-09-30,1,1.053522570294684,-1120727.4683728912,0.09598,70305.50484603274,1.53,200000,215134.8448288602,15134.844828860194,1.075674224144301
2021-10-01,0,-0.7196124581372431,0.0,0.10825,0.0,1.911,200000,202099.7735194571,2099.773519457114,1.0104988675972855
2021-10-02,0,-0.584793798924969,0.0,0.11131,0.0,1.948,200000,202099.7735194571,2099.773519457114,1.0104988675972855
2021-10-03,-2,-2.8330454357566555,0.0,0.11042,0.0,2.162,200000,202099.7735194571,2099.773519457114,1.0104988675972855
2021-10-04,-2,-2.453858740371059,0.0,0.10939,0.0,2.171,200000,202099.7735194571,2099.773519457114,1.0104988675972855
2021-10-05,-2,-2.2662826275965746,0.0,0.11342,0.0,2.295,200000,202099.7735194571,2099.773519457114,1.0104988675972855
2021-10-06,-2,-1.6461379661325146,0.0,0.11231,0.0,2.213,200000,202099.7735194571,2099.773519457114,1.0104988675972855
2021-10-07,-1,-1.1382043045342092,904735.3098731181,0.11169,-47197.51833709881,2.141,200000,202099.7735194571,2099.773519457114,1.0104988675972855
2021-10-08,-1,-0.9983640469000242,904735.3098731181,0.11152,-47197.51833709881,2.132,200000,201521.1908517448,1521.1908517447882,1.007605954258724
2021-10-09,-1,-0.2467219369785874,904735.3098731181,0.11892,-47197.51833709881,2.163,200000,209679.3552132559,9679.355213255913,1.0483967760662796
2021-10-10,-1,-0.8231170156443307,904735.3098731181,0.11031,-47197.51833709881,2.096,200000,198727.35046666279,-1272.649533337215,0.9936367523333139
2021-10-11,-1,-1.1877877283768674,904735.3098731181,0.10911,-47197.51833709881,2.151,200000,200237.53160335543,237.53160335542634,1.0011876580167771
2021-10-12,-1,-0.6801853623913875,904735.3098731181,0.10675,-47197.51833709881,2.037,200000,192721.83918162563,-7278.1608183743665,0.9636091959081282
2021-10-13,-1,-0.20311420836316532,904735.3098731181,0.11553,-47197.51833709881,2.141,200000,205573.95710936986,5573.957109369861,1.0278697855468493
2021-10-14,0,0.6579260131190956,0.0,0.11916,0.0,2.09,200000,192934.32731951287,-7065.672680487129,0.9646716365975644
2021-10-15,2,1.3470200626419635,0.0,0.11987,0.0,2.008,200000,192934.32731951287,-7065.672680487129,0.9646716365975644
2021-10-16,2,1.2840409908748445,0.0,0.1199,0.0,2.002,200000,192934.32731951287,-7065.672680487129,0.9646716365975644
2021-10-17,2,1.8056282015817648,0.0,0.12223,0.0,1.946,200000,192934.32731951287,-7065.672680487129,0.9646716365975644
2021-10-18,0,0.9239639044646605,0.0,0.11844,0.0,2.001,200000,192934.32731951287,-7065.672680487129,0.9646716365975644
2021-10-19,0,0.1488425592320117,0.0,0.11608,0.0,2.084,200000,192934.32731951287,-7065.672680487129,0.9646716365975644
2021-10-20,0,0.8016346894849905,0.0,0.12223,0.0,2.111,200000,192934.32731951287,-7065.672680487129,0.9646716365975644
2021-10-21,2,1.9685230924575858,0.0,0.12953,0.0,2.036,200000,192934.32731951287,-7065.672680487129,0.9646716365975644
2021-10-22,2,1.5055206747495522,0.0,0.13015,0.0,2.089,200000,192934.32731951287,-7065.672680487129,0.9646716365975644
2021-10-23,2,1.9130206162262577,0.0,0.13596,0.0,2.07,200000,192934.32731951287,-7065.672680487129,0.9646716365975644
2021-10-24,2,1.5859009577660832,0.0,0.13237,0.0,2.034,200000,192934.32731951287,-7065.672680487129,0.9646716365975644
2021-10-25,2,1.8051352717935445,0.0,0.14248,0.0,2.112,200000,192934.32731951287,-7065.672680487129,0.9646716365975644
2021-10-26,2,1.7706914479465592,0.0,0.14029,0.0,2.045,200000,192934.32731951287,-7065.672680487129,0.9646716365975644
2021-10-27,2,1.5841612168256574,0.0,0.12415,0.0,1.807,200000,192934.32731951287,-7065.672680487129,0.9646716365975644
2021-10-28,1,1.0396162021616162,-741655.7519778308,0.13007,49067.73329590866,1.966,200000,192934.32731951287,-7065.672680487129,0.9646716365975644
2021-10-29,1,0.8937976590976876,-741655.7519778308,0.13746,49067.73329590866,2.087,200000,204352.359055434,4352.359055434004,1.02176179527717
2021-10-30,0,0.029075298598196703,0.0,0.13058,0.0,2.128,200000,185363.59895908437,-14636.401040915633,0.9268179947954218
2021-10-31,0,-0.928602751433089,0.0,0.13311,0.0,2.336,200000,185363.59895908437,-14636.401040915633,0.9268179947954218
2021-11-01,0,-0.7727393584033546,0.0,0.13658,0.0,2.34,200000,185363.59895908437,-14636.401040915633,0.9268179947954218
2021-11-02,-1,-1.0128288870058482,661304.3130898479,0.14015,-38203.54471539249,2.426,200000,185363.59895908437,-14636.401040915633,0.9268179947954218
2021-11-03,-1,-0.3725462727869346,661304.3130898479,0.13722,-38203.54471539249,2.261,200000,177122.39244369135,-22877.60755630865,0.8856119622184567
2021-11-04,0,1.8289803003573581,0.0,0.15264,0.0,2.155,200000,166750.74747072082,-33249.25252927918,0.8337537373536041
2021-11-05,2,2.2941137396632603,0.0,0.1581,0.0,2.096,200000,166750.74747072082,-33249.25252927918,0.8337537373536041
2021-11-06,2,2.23487971524204,0.0,0.16057,0.0,2.061,200000,166750.74747072082,-33249.25252927918,0.8337537373536041
2021-11-07,2,1.682964816684911,0.0,0.15506,0.0,2.038,200000,166750.74747072082,-33249.25252927918,0.8337537373536041
2021-11-08,2,2.187416882258132,0.0,0.17603,0.0,2.145,200000,166750.74747072082,-33249.25252927918,0.8337537373536041
2021-11-09,2,1.5566053902577883,0.0,0.17095,0.0,2.165,200000,166750.74747072082,-33249.25252927918,0.8337537373536041
2021-11-10,2,1.5178656072982721,0.0,0.16257,0.0,2.027,200000,166750.74747072082,-33249.25252927918,0.8337537373536041
2021-11-11,2,1.3402007776706768,0.0,0.16513,0.0,2.062,200000,166750.74747072082,-33249.25252927918,0.8337537373536041
2021-11-12,0,0.30769815918702176,0.0,0.15866,0.0,2.203,200000,166750.74747072082,-33249.25252927918,0.8337537373536041
2021-11-13,0,-0.03230216136236871,0.0,0.16039,0.0,2.308,200000,166750.74747072082,-33249.25252927918,0.8337537373536041
2021-11-14,0,-0.32595054630776416,0.0,0.16169,0.0,2.409,200000,166750.74747072082,-33249.25252927918,0.8337537373536041
2021-11-15,0,-0.4918116785139419,0.0,0.16292,0.0,2.483,200000,166750.74747072082,-33249.25252927918,0.8337537373536041
2021-11-16,0,-0.8518683366581633,0.0,0.14428,0.0,2.318,200000,166750.74747072082,-33249.25252927918,0.8337537373536041
2021-11-17,0,-0.6719755738918449,0.0,0.14514,0.0,2.284,200000,166750.74747072082,-33249.25252927918,0.8337537373536041
2021-11-18,0,-0.8099587663040442,0.0,0.12889,0.0,2.075,200000,166750.74747072082,-33249.25252927918,0.8337537373536041
2021-11-19,0,-0.6614339239656015,0.0,0.13927,0.0,2.192,200000,166750.74747072082,-33249.25252927918,0.8337537373536041
2021-11-20,0,-0.7039703654052183,0.0,0.13952,0.0,2.187,200000,166750.74747072082,-33249.25252927918,0.8337537373536041
2021-11-21,-2,-1.9699993978618475,0.0,0.13252,0.0,2.53,200000,166750.74747072082,-33249.25252927918,0.8337537373536041
2021-11-22,-2,-1.297667302864334,0.0,0.12656,0.0,2.177,200000,166750.74747072082,-33249.25252927918,0.8337537373536041
2021-11-23,0,-0.8118072463926203,0.0,0.13097,0.0,2.099,200000,166750.74747072082,-33249.25252927918,0.8337537373536041
2021-11-24,0,-0.7782745298700191,0.0,0.1221,0.0,1.965,200000,166750.74747072082,-33249.25252927918,0.8337537373536041
2021-11-25,0,-0.5039527272323794,0.0,0.12782,0.0,1.999,200000,166750.74747072082,-33249.25252927918,0.8337537373536041
2021-11-26,0,-0.17565767095321536,0.0,0.11336,0.0,1.713,200000,166750.74747072082,-33249.25252927918,0.8337537373536041
2021-11-27,0,-0.16199000164698538,0.0,0.11412,0.0,1.734,200000,166750.74747072082,-33249.25252927918,0.8337537373536041
2021-11-28,0,0.007623090478821738,0.0,0.11639,0.0,1.754,200000,166750.74747072082,-33249.25252927918,0.8337537373536041
2021-11-29,0,0.3834824537297194,0.0,0.1213,0.0,1.778,200000,166750.74747072082,-33249.25252927918,0.8337537373536041
2021-11-30,0,0.5430341459213788,0.0,0.11917,0.0,1.749,200000,166750.74747072082,-33249.25252927918,0.8337537373536041
2021-12-01,0,0.59721886590155,0.0,0.1182,0.0,1.763,200000,166750.74747072082,-33249.25252927918,0.8337537373536041
2021-12-02,0,0.962874031659279,0.0,0.11582,0.0,1.7,200000,166750.74747072082,-33249.25252927918,0.8337537373536041
2021-12-03,1,1.0379477641808776,-767870.4525268043,0.10858,52437.34197192478,1.59,200000,166750.74747072082,-33249.25252927918,0.8337537373536041
2021-12-04,2,1.8204784643520981,0.0,0.09656,0.0,1.337,200000,170787.59215024562,-29212.40784975438,0.8539379607512281
2021-12-05,2,1.780374060896944,0.0,0.08979,0.0,1.227,200000,170787.59215024562,-29212.40784975438,0.8539379607512281
2021-12-06,2,1.7498502763821302,0.0,0.09339,0.0,1.256,200000,170787.59215024562,-29212.40784975438,0.8539379607512281
2021-12-07,0,0.979019635605428,0.0,0.09151,0.0,1.29,200000,170787.59215024562,-29212.40784975438,0.8539379607512281
2021-12-08,0,0.7655388821731431,0.0,0.09448,0.0,1.345,200000,170787.59215024562,-29212.40784975438,0.8539379607512281
2021-12-09,0,0.9488126641992048,0.0,0.08553,0.0,1.193,200000,170787.59215024562,-29212.40784975438,0.8539379607512281
2021-12-10,0,0.6753729702855463,0.0,0.08056,0.0,1.141,200000,170787.59215024562,-29212.40784975438,0.8539379607512281
2021-12-11,0,0.9490189132750225,0.0,0.08617,0.0,1.198,200000,170787.59215024562,-29212.40784975438,0.8539379607512281
2021-12-12,0,0.44854946434890497,0.0,0.08698,0.0,1.24,200000,170787.59215024562,-29212.40784975438,0.8539379607512281
2021-12-13,0,0.46843015593303633,0.0,0.07717,0.0,1.095,200000,170787.59215024562,-29212.40784975438,0.8539379607512281
2021-12-14,0,-0.08713566008561102,0.0,0.07969,0.0,1.153,200000,170787.59215024562,-29212.40784975438,0.8539379607512281
2021-12-15,0,0.2768611333257648,0.0,0.08306,0.0,1.181,200000,170787.59215024562,-29212.40784975438,0.8539379607512281
2021-12-16,0,-0.803037995292561,0.0,0.08158,0.0,1.201,200000,170787.59215024562,-29212.40784975438,0.8539379607512281
2021-12-17,-2,-1.4980222287980605,0.0,0.08008,0.0,1.205,200000,170787.59215024562,-29212.40784975438,0.8539379607512281
2021-12-18,0,-0.5616927273756642,0.0,0.08413,0.0,1.224,200000,170787.59215024562,-29212.40784975438,0.8539379607512281
2021-12-19,-2,-1.4292129083172775,0.0,0.08026,0.0,1.203,200000,170787.59215024562,-29212.40784975438,0.8539379607512281
2021-12-20,-2,-2.0045236455153708,0.0,0.0795,0.0,1.227,200000,170787.59215024562,-29212.40784975438,0.8539379607512281
2021-12-21,-2,-1.7816571816271056,0.0,0.08326,0.0,1.282,200000,170787.59215024562,-29212.40784975438,0.8539379607512281
2021-12-22,-2,-2.9655706982544485,0.0,0.08684,0.0,1.486,200000,170787.59215024562,-29212.40784975438,0.8539379607512281
2021-12-23,-2,-1.8002092754398538,0.0,0.09299,0.0,1.509,200000,170787.59215024562,-29212.40784975438,0.8539379607512281
2021-12-24,-2,-1.4854024578365865,0.0,0.09185,0.0,1.479,200000,170787.59215024562,-29212.40784975438,0.8539379607512281
2021-12-25,-2,-1.4937864242605896,0.0,0.09468,0.0,1.544,200000,170787.59215024562,-29212.40784975438,0.8539379607512281
2021-12-26,-2,-1.3870409674131856,0.0,0.09447,0.0,1.543,200000,170787.59215024562,-29212.40784975438,0.8539379607512281
2021-12-27,0,-0.9100688418863704,0.0,0.09773,0.0,1.556,200000,170787.59215024562,-29212.40784975438,0.8539379607512281
2021-12-28,-2,-2.935170942702653,0.0,0.08762,0.0,1.786,200000,170787.59215024562,-29212.40784975438,0.8539379607512281
2021-12-29,-2,-1.2914454027771038,0.0,0.08258,0.0,1.437,200000,170787.59215024562,-29212.40784975438,0.8539379607512281
2021-12-30,0,0.38966249300194605,0.0,0.08461,0.0,1.267,200000,170787.59215024562,-29212.40784975438,0.8539379607512281
2021-12-31,0,0.5998102984744201,0.0,0.08267,0.0,1.223,200000,170787.59215024562,-29212.40784975438,0.8539379607512281
2022-01-01,0,0.9010365261621308,0.0,0.08658,0.0,1.253,200000,170787.59215024562,-29212.40784975438,0.8539379607512281
2022-01-02,0,0.9284347047271253,0.0,0.08714,0.0,1.261,200000,170787.59215024562,-29212.40784975438,0.8539379607512281
2022-01-03,1,1.1282598950342004,-994454.362118584,0.08587,69880.35685361932,1.222,200000,170787.59215024562,-29212.40784975438,0.8539379607512281
2022-01-04,2,1.2877849386189815,0.0,0.0859,0.0,1.206,200000,171935.5114907671,-28064.488509232906,0.8596775574538355
2022-01-05,2,2.0416683611166615,0.0,0.08461,0.0,1.098,200000,171935.5114907671,-28064.488509232906,0.8596775574538355
2022-01-06,2,1.3701315595154637,0.0,0.08257,0.0,1.118,200000,171935.5114907671,-28064.488509232906,0.8596775574538355
2022-01-07,2,1.4191841045794882,0.0,0.07861,0.0,1.049,200000,171935.5114907671,-28064.488509232906,0.8596775574538355
2022-01-08,2,1.4853001675011908,0.0,0.07545,0.0,0.986,200000,171935.5114907671,-28064.488509232906,0.8596775574538355
2022-01-09,2,1.2132877779888067,0.0,0.07663,0.0,1.015,200000,171935.5114907671,-28064.488509232906,0.8596775574538355
2022-01-10,2,1.2599934710992868,0.0,0.07302,0.0,0.95,200000,171935.5114907671,-28064.488509232906,0.8596775574538355
2022-01-11,2,1.295793562388765,0.0,0.07661,0.0,0.979,200000,171935.5114907671,-28064.488509232906,0.8596775574538355
2022-01-12,2,1.2625886866076315,0.0,0.08238,0.0,1.041,200000,171935.5114907671,-28064.488509232906,0.8596775574538355
2022-01-13,0,0.9879086200900578,0.0,0.07777,0.0,1.0,200000,171935.5114907671,-28064.488509232906,0.8596775574538355
2022-01-14,0,0.7005292000841117,0.0,0.07898,0.0,1.038,200000,171935.5114907671,-28064.488509232906,0.8596775574538355
2022-01-15,0,0.43840201742942536,0.0,0.07851,0.0,1.053,200000,171935.5114907671,-28064.488509232906,0.8596775574538355
2022-01-16,0,0.2842774198662209,0.0,0.07844,0.0,1.062,200000,171935.5114907671,-28064.488509232906,0.8596775574538355
2022-01-17,0,0.5627276774606316,0.0,0.07519,0.0,0.989,200000,171935.5114907671,-28064.488509232906,0.8596775574538355
2022-01-18,0,0.8178920840999302,0.0,0.07414,0.0,0.961,200000,171935.5114907671,-28064.488509232906,0.8596775574538355
2022-01-19,0,0.6564140488593306,0.0,0.07073,0.0,0.921,200000,171935.5114907671,-28064.488509232906,0.8596775574538355
2022-01-20,0,0.5691652143354303,0.0,0.0676,0.0,0.881,200000,171935.5114907671,-28064.488509232906,0.8596775574538355
2022-01-21,0,0.30873950961730223,0.0,0.05746,0.0,0.754,200000,171935.5114907671,-28064.488509232906,0.8596775574538355
2022-01-22,0,-0.058507364901570894,0.0,0.05163,0.0,0.683,200000,171935.5114907671,-28064.488509232906,0.8596775574538355
2022-01-23,0,-0.2834896409248332,0.0,0.05314,0.0,0.704,200000,171935.5114907671,-28064.488509232906,0.8596775574538355
2022-01-24,0,0.7549388647457721,0.0,0.05142,0.0,0.665,200000,171935.5114907671,-28064.488509232906,0.8596775574538355
2022-01-25,2,1.5520802337314648,0.0,0.05363,0.0,0.682,200000,171935.5114907671,-28064.488509232906,0.8596775574538355
2022-01-26,0,0.8272931100442605,0.0,0.05337,0.0,0.687,200000,171935.5114907671,-28064.488509232906,0.8596775574538355
2022-01-27,0,-0.5336130378991555,0.0,0.05237,0.0,0.69,200000,171935.5114907671,-28064.488509232906,0.8596775574538355
2022-01-28,0,-0.24565246902962978,0.0,0.05392,0.0,0.707,200000,171935.5114907671,-28064.488509232906,0.8596775574538355
2022-01-29,-2,-2.056173150404586,0.0,0.05449,0.0,0.742,200000,171935.5114907671,-28064.488509232906,0.8596775574538355
2022-01-30,-2,-2.339168732739882,0.0,0.05256,0.0,0.729,200000,171935.5114907671,-28064.488509232906,0.8596775574538355
2022-01-31,-2,-2.1997738160617497,0.0,0.05385,0.0,0.753,200000,171935.5114907671,-28064.488509232906,0.8596775574538355
