date,statusList,zscore,VETUSDT_position,VETUSDT_price,TRXUSDT_position,TRXUSDT_price,init,total_asset,pnl,return
2020-01-01,0,,0.0,0.005358,0.0,0.01322,200000,200000.0,0.0,1.0
2020-01-02,0,,0.0,0.005094,0.0,0.01284,200000,200000.0,0.0,1.0
2020-01-03,0,,0.0,0.005327,0.0,0.01344,200000,200000.0,0.0,1.0
2020-01-04,0,,0.0,0.00562,0.0,0.01344,200000,200000.0,0.0,1.0
2020-01-05,0,,0.0,0.005465,0.0,0.01353,200000,200000.0,0.0,1.0
2020-01-06,0,,0.0,0.00573,0.0,0.01472,200000,200000.0,0.0,1.0
2020-01-07,0,,0.0,0.005578,0.0,0.01434,200000,200000.0,0.0,1.0
2020-01-08,0,,0.0,0.005492,0.0,0.01402,200000,200000.0,0.0,1.0
2020-01-09,0,,0.0,0.005319,0.0,0.01398,200000,200000.0,0.0,1.0
2020-01-10,0,,0.0,0.005454,0.0,0.01469,200000,200000.0,0.0,1.0
2020-01-11,0,,0.0,0.005526,0.0,0.0146,200000,200000.0,0.0,1.0
2020-01-12,0,,0.0,0.005523,0.0,0.01503,200000,200000.0,0.0,1.0
2020-01-13,0,,0.0,0.005407,0.0,0.01464,200000,200000.0,0.0,1.0
2020-01-14,0,,0.0,0.005994,0.0,0.01677,200000,200000.0,0.0,1.0
2020-01-15,0,,0.0,0.006003,0.0,0.01729,200000,200000.0,0.0,1.0
2020-01-16,0,,0.0,0.005885,0.0,0.01734,200000,200000.0,0.0,1.0
2020-01-17,0,,0.0,0.006392,0.0,0.01758,200000,200000.0,0.0,1.0
2020-01-18,0,,0.0,0.006239,0.0,0.01766,200000,200000.0,0.0,1.0
2020-01-19,0,,0.0,0.005862,0.0,0.01665,200000,200000.0,0.0,1.0
2020-01-20,-1,-1.165582501791251,17199862.401100792,0.005814,-6020469.596628537,0.01661,200000,200000.0,0.0,1.0
2020-01-21,-2,-1.2866557237137917,0.0,0.005964,0.0,0.01732,200000,201694.55405344116,1694.5540534411557,1.0084727702672058
2020-01-22,-2,-1.4636572249236064,0.0,0.005863,0.0,0.01743,200000,201694.55405344116,1694.5540534411557,1.0084727702672058
2020-01-23,-1,-1.009291582901667,17985959.87635466,0.005607,-6194550.185916497,0.01628,200000,201694.55405344116,1694.5540534411557,1.0084727702672058
2020-01-24,-1,-1.146226666870069,17985959.87635466,0.00558,-6194550.185916497,0.01639,200000,201890.33365723037,1890.333657230367,1.0094516682861518
2020-01-25,-1,-0.6756284972048011,17985959.87635466,0.005623,-6194550.185916497,0.01613,200000,201053.14688357536,1053.1468835753622,1.0052657344178768
2020-01-26,-1,-1.0501466201879293,17985959.87635466,0.00573,-6194550.185916497,0.01684,200000,207375.775222346,7375.775222346012,1.03687887611173
2020-01-27,-2,-1.2339035521115453,0.0,0.005748,0.0,0.01713,200000,204423.90136890416,4423.90136890416,1.0221195068445208
2020-01-28,-2,-2.381040701495,0.0,0.0058,0.0,0.0186,200000,204423.90136890416,4423.90136890416,1.0221195068445208
2020-01-29,-2,-2.259306706583085,0.0,0.005733,0.0,0.01866,200000,204423.90136890416,4423.90136890416,1.0221195068445208
2020-01-30,-2,-2.47727042851806,0.0,0.005687,0.0,0.0195,200000,204423.90136890416,4423.90136890416,1.0221195068445208
2020-01-31,-2,-1.5161896813784657,0.0,0.005766,0.0,0.01867,200000,204423.90136890416,4423.90136890416,1.0221195068445208
2020-02-01,-1,-1.1323755708766863,17043847.037594143,0.005997,-5359829.611140644,0.01907,200000,204423.90136890416,4423.90136890416,1.0221195068445208
2020-02-02,-1,-0.4839033724951543,17043847.037594143,0.006229,-5359829.611140644,0.01909,200000,208485.2704738488,8485.270473848796,1.042426352369244
2020-02-03,-1,-0.3139164089824921,17043847.037594143,0.006304,-5359829.611140644,0.0192,200000,210353.14025889384,10353.140258893836,1.0517657012944692
2020-02-04,0,0.29747610599129276,0.0,0.006532,0.0,0.01925,200000,196270.2125337966,-3729.7874662033864,0.9813510626689831
2020-02-05,-1,-1.0828167006913099,15163026.308235213,0.006472,-4727124.579330361,0.02076,200000,196270.2125337966,-3729.7874662033864,0.9813510626689831
2020-02-06,-2,-1.5700966103190797,0.0,0.0068,0.0,0.02271,200000,200514.6328343897,514.6328343896894,1.0025731641719484
2020-02-07,0,-0.9535858118510786,0.0,0.006817,0.0,0.02204,200000,200514.6328343897,514.6328343896894,1.0025731641719484
2020-02-08,-1,-1.027519903590422,15033335.79505096,0.006669,-4601070.051270989,0.02179,200000,200514.6328343897,514.6328343896894,1.0025731641719484
2020-02-09,-1,-0.762863808171368,15033335.79505096,0.006825,-4601070.051270989,0.02206,200000,204102.12213226082,4102.122132260818,1.020510610661304
2020-02-10,-2,-1.4822004130351587,0.0,0.00651,0.0,0.02216,200000,204607.32914477302,4607.329144773015,1.023036645723865
2020-02-11,0,0.548785932157903,0.0,0.007485,0.0,0.02272,200000,204607.32914477302,4607.329144773015,1.023036645723865
2020-02-12,0,-0.36383560295954365,0.0,0.00747,0.0,0.02393,200000,204607.32914477302,4607.329144773015,1.023036645723865
2020-02-13,1,1.159974515599252,-12694337.333712187,0.008059,4278697.807293455,0.02391,200000,204607.32914477302,4607.329144773015,1.023036645723865
2020-02-14,0,-0.12101355125308584,0.0,0.008301,0.0,0.02639,200000,197068.18821744362,-2931.8117825563822,0.985340941087218
2020-02-15,0,0.06378829537329941,0.0,0.00747,0.0,0.02364,200000,197068.18821744362,-2931.8117825563822,0.985340941087218
2020-02-16,0,0.33350198325800573,0.0,0.007081,0.0,0.02223,200000,197068.18821744362,-2931.8117825563822,0.985340941087218
2020-02-17,0,-0.3664512084306207,0.0,0.006743,0.0,0.02179,200000,197068.18821744362,-2931.8117825563822,0.985340941087218
2020-02-18,0,-0.18590788599771185,0.0,0.007058,0.0,0.02262,200000,197068.18821744362,-2931.8117825563822,0.985340941087218
2020-02-19,0,0.4420574934906889,0.0,0.006484,0.0,0.0202,200000,197068.18821744362,-2931.8117825563822,0.985340941087218
2020-02-20,0,0.9316587678286478,0.0,0.00649,0.0,0.0198,200000,197068.18821744362,-2931.8117825563822,0.985340941087218
2020-02-21,0,0.9514671760636654,0.0,0.006633,0.0,0.02016,200000,197068.18821744362,-2931.8117825563822,0.985340941087218
2020-02-22,0,0.9534618381061356,0.0,0.006593,0.0,0.02002,200000,197068.18821744362,-2931.8117825563822,0.985340941087218
2020-02-23,0,0.7015250293336103,0.0,0.006955,0.0,0.02133,200000,197068.18821744362,-2931.8117825563822,0.985340941087218
2020-02-24,2,1.6879949947927193,0.0,0.006713,0.0,0.01988,200000,197068.18821744362,-2931.8117825563822,0.985340941087218
2020-02-25,0,0.8356116141998218,0.0,0.006211,0.0,0.01891,200000,197068.18821744362,-2931.8117825563822,0.985340941087218
2020-02-26,2,1.5779016400953005,0.0,0.005554,0.0,0.01636,200000,197068.18821744362,-2931.8117825563822,0.985340941087218
2020-02-27,2,1.526314176686454,0.0,0.005806,0.0,0.01701,200000,197068.18821744362,-2931.8117825563822,0.985340941087218
2020-02-28,1,1.024038393176719,-17136364.192821186,0.00575,5762227.725656246,0.0171,200000,197068.18821744365,-2931.811782556353,0.9853409410872183
2020-02-29,2,1.2442395383908411,0.0,0.005615,0.0,0.01648,200000,198327.36024131963,-1672.639758680365,0.9916368012065981
2020-03-01,0,0.3378258735622234,0.0,0.005427,0.0,0.01643,200000,198327.36024131963,-1672.639758680365,0.9916368012065981
2020-03-02,0,0.472259920954548,0.0,0.005837,0.0,0.01759,200000,198327.36024131963,-1672.639758680365,0.9916368012065981
2020-03-03,0,0.7044954345942579,0.0,0.005773,0.0,0.01723,200000,198327.36024131963,-1672.639758680365,0.9916368012065981
2020-03-04,1,1.1877240300163638,-16431430.011708336,0.006035,5589835.407027047,0.01774,200000,198327.36024131963,-1672.639758680365,0.9916368012065981
2020-03-05,2,1.2943959274819632,0.0,0.006129,0.0,0.01789,200000,199033.43935136613,-966.5606486338656,0.9951671967568306
2020-03-06,0,0.45868710695011883,0.0,0.00614,0.0,0.01833,200000,199033.43935136613,-966.5606486338656,0.9951671967568306
2020-03-07,0,0.9605984941622033,0.0,0.005788,0.0,0.01699,200000,199033.43935136613,-966.5606486338656,0.9951671967568306
2020-03-08,-2,-1.415505065444599,0.0,0.004698,0.0,0.01465,200000,199033.43935136613,-966.5606486338656,0.9951671967568306
2020-03-09,-2,-2.5663639877218656,0.0,0.004674,0.0,0.01504,200000,199033.43935136613,-966.5606486338656,0.9951671967568306
2020-03-10,-2,-2.220332876323549,0.0,0.004691,0.0,0.01508,200000,199033.43935136613,-966.5606486338656,0.9951671967568306
2020-03-11,-2,-2.61261973741297,0.0,0.004462,0.0,0.01489,200000,199033.43935136613,-966.5606486338656,0.9951671967568306
2020-03-12,-2,-3.1735547911945634,0.0,0.002283,0.0,0.00841,200000,199033.43935136613,-966.5606486338656,0.9951671967568306
2020-03-13,-2,-2.369772824827572,0.0,0.002823,0.0,0.01029,200000,199033.43935136613,-966.5606486338656,0.9951671967568306
2020-03-14,-2,-2.349540977530281,0.0,0.002545,0.0,0.00973,200000,199033.43935136613,-966.5606486338656,0.9951671967568306
2020-03-15,-2,-2.344771161553627,0.0,0.002524,0.0,0.01026,200000,199033.43935136613,-966.5606486338656,0.9951671967568306
2020-03-16,-2,-2.1922503921915317,0.0,0.00226,0.0,0.00961,200000,199033.43935136613,-966.5606486338656,0.9951671967568306
2020-03-17,-2,-1.6380897750032621,0.0,0.002467,0.0,0.01002,200000,199033.43935136613,-966.5606486338656,0.9951671967568306
2020-03-18,-2,-1.3941089189430604,0.0,0.002544,0.0,0.01022,200000,199033.43935136613,-966.5606486338656,0.9951671967568306
2020-03-19,-2,-1.2278837935412428,0.0,0.002907,0.0,0.01163,200000,199033.43935136613,-966.5606486338656,0.9951671967568306
2020-03-20,-1,-1.0543682444015303,34979514.82449317,0.002845,-8830232.446821922,0.01127,200000,199033.43935136613,-966.5606486338656,0.9951671967568306
2020-03-21,-1,-0.8269295556537374,34979514.82449317,0.002897,-8830232.446821922,0.01123,200000,200499.16482436692,499.16482436691877,1.0024958241218347
2020-03-22,-1,-0.8525106218494156,34979514.82449317,0.00261,-8830232.446821922,0.0103,200000,182247.92789419298,-17752.07210580702,0.9112396394709649
2020-03-23,-1,-0.8160236730057414,34979514.82449317,0.002859,-8830232.446821922,0.01137,200000,200406.17580359124,406.1758035912353,1.0020308790179562
2020-03-24,-1,-0.3620497241450303,34979514.82449317,0.00306,-8830232.446821922,0.01151,200000,208673.29082586942,8673.290825869422,1.043366454129347
2020-03-25,-1,-0.20827414523374846,34979514.82449317,0.003056,-8830232.446821922,0.01139,200000,207473.74487295284,7473.7448729528405,1.0373687243647642
2020-03-26,-1,-0.4685151191495126,34979514.82449317,0.003079,-8830232.446821922,0.01196,200000,213311.50620860467,13311.506208604667,1.0665575310430233
2020-03-27,0,-0.0027378892758588556,0.0,0.002998,0.0,0.01121,200000,193151.75963640935,-6848.240363590652,0.9657587981820468
2020-03-28,0,-0.1840574172981878,0.0,0.002969,0.0,0.01139,200000,193151.75963640935,-6848.240363590652,0.9657587981820468
2020-03-29,0,-0.36282393514557376,0.0,0.002721,0.0,0.01066,200000,193151.75963640935,-6848.240363590652,0.9657587981820468
2020-03-30,0,-0.20828642173960593,0.0,0.002933,0.0,0.01145,200000,193151.75963640935,-6848.240363590652,0.9657587981820468
2020-03-31,1,1.1226271530548244,-31073320.40482776,0.003108,8347094.193448978,0.01157,200000,193151.75963640935,-6848.240363590652,0.9657587981820468
2020-04-01,2,1.4758129587181001,0.0,0.003153,0.0,0.01158,200000,194466.58811269212,-5533.411887307884,0.9723329405634605
2020-04-02,2,1.3063360014218053,0.0,0.003228,0.0,0.01196,200000,194466.58811269212,-5533.411887307884,0.9723329405634605
2020-04-03,2,1.4803149627770493,0.0,0.00326,0.0,0.01194,200000,194466.58811269212,-5533.411887307884,0.9723329405634605
2020-04-04,1,1.1681838344813325,-29964035.148334686,0.003245,8123082.210221058,0.01197,200000,194466.58811269212,-5533.411887307884,0.9723329405634605
2020-04-05,0,-0.37103861287242784,0.0,0.00323,0.0,0.01257,200000,189143.27825933445,-10856.721740665555,0.9457163912966722
2020-04-06,0,0.47736985349073,0.0,0.003643,0.0,0.01375,200000,189143.27825933445,-10856.721740665555,0.9457163912966722
2020-04-07,2,2.7958912039231762,0.0,0.003872,0.0,0.0133,200000,189143.27825933445,-10856.721740665555,0.9457163912966722
2020-04-08,2,2.173970216737578,0.0,0.003979,0.0,0.01376,200000,189143.27825933445,-10856.721740665555,0.9457163912966722
2020-04-09,2,1.7577009213679171,0.0,0.003866,0.0,0.01345,200000,189143.27825933445,-10856.721740665555,0.9457163912966722
2020-04-10,2,1.6548672328260416,0.0,0.003608,0.0,0.01248,200000,189143.27825933445,-10856.721740665555,0.9457163912966722
2020-04-11,2,1.8035584585378384,0.0,0.003679,0.0,0.0125,200000,189143.27825933445,-10856.721740665555,0.9457163912966722
2020-04-12,2,1.3913086009005429,0.0,0.003681,0.0,0.01266,200000,189143.27825933445,-10856.721740665555,0.9457163912966722
2020-04-13,1,1.0101712203355262,-26204388.786275208,0.003609,7523598.976107178,0.01257,200000,189143.27825933445,-10856.721740665555,0.9457163912966722
2020-04-14,2,1.390941628299804,0.0,0.003667,0.0,0.01245,200000,191565.9646860713,-8434.035313928704,0.9578298234303565
2020-04-15,2,1.582755037813948,0.0,0.003658,0.0,0.01219,200000,191565.9646860713,-8434.035313928704,0.9578298234303565
2020-04-16,1,1.0542358412708868,-25021677.72806574,0.003828,7356603.866592599,0.01302,200000,191565.9646860713,-8434.035313928704,0.9578298234303565
2020-04-17,1,0.9236410175618697,-25021677.72806574,0.003783,7356603.866592599,0.01289,200000,189483.63068565133,-10516.369314348674,0.9474181534282566
2020-04-18,1,1.034352841765909,-25021677.72806574,0.003968,7356603.866592599,0.01339,200000,197790.94299863977,-2209.0570013602264,0.9889547149931989
2020-04-19,2,1.3902386884991478,0.0,0.003904,0.0,0.0129,200000,194350.40465739538,-5649.595342604618,0.971752023286977
2020-04-20,0,0.6467963040170345,0.0,0.003644,0.0,0.0124,200000,194350.40465739538,-5649.595342604618,0.971752023286977
2020-04-21,0,0.613788845965087,0.0,0.003677,0.0,0.01249,200000,194350.40465739538,-5649.595342604618,0.971752023286977
2020-04-22,0,0.989112063240586,0.0,0.003898,0.0,0.01298,200000,194350.40465739538,-5649.595342604618,0.971752023286977
2020-04-23,0,0.10892511888503077,0.0,0.003952,0.0,0.01361,200000,194350.40465739538,-5649.595342604618,0.971752023286977
2020-04-24,0,0.29727449329763794,0.0,0.004085,0.0,0.01392,200000,194350.40465739538,-5649.595342604618,0.971752023286977
2020-04-25,2,1.2047279296602136,0.0,0.004216,0.0,0.01396,200000,194350.40465739538,-5649.595342604618,0.971752023286977
2020-04-26,2,2.9995411435962773,0.0,0.00448,0.0,0.01426,200000,194350.40465739538,-5649.595342604618,0.971752023286977
2020-04-27,0,0.7175287939494226,0.0,0.004356,0.0,0.01452,200000,194350.40465739538,-5649.595342604618,0.971752023286977
2020-04-28,-2,-2.0180448955382038,0.0,0.004287,0.0,0.01528,200000,194350.40465739538,-5649.595342604618,0.971752023286977
2020-04-29,0,-0.25688051665483885,0.0,0.004766,0.0,0.01624,200000,194350.40465739538,-5649.595342604618,0.971752023286977
2020-04-30,-2,-1.2117996457488627,0.0,0.004353,0.0,0.01519,200000,194350.40465739538,-5649.595342604618,0.971752023286977
2020-05-01,-2,-1.7760328487778,0.0,0.004437,0.0,0.01581,200000,194350.40465739538,-5649.595342604618,0.971752023286977
2020-05-02,-2,-2.005794119843475,0.0,0.004515,0.0,0.01635,200000,194350.40465739538,-5649.595342604618,0.971752023286977
2020-05-03,-2,-2.1869014048367834,0.0,0.004332,0.0,0.01599,200000,194350.40465739538,-5649.595342604618,0.971752023286977
2020-05-04,-2,-1.6551443264613872,0.0,0.004444,0.0,0.01623,200000,194350.40465739538,-5649.595342604618,0.971752023286977
2020-05-05,-1,-1.150865602024568,21990315.077777255,0.004419,-6111647.945201112,0.0159,200000,194350.40465739538,-5649.595342604618,0.971752023286977
2020-05-06,-2,-1.3809460151978976,0.0,0.00425,0.0,0.01554,200000,195866.57464526733,-4133.425354732666,0.9793328732263367
2020-05-07,0,-0.6550243492151633,0.0,0.00451,0.0,0.01603,200000,195866.57464526733,-4133.425354732666,0.9793328732263367
2020-05-08,0,0.4211769051104653,0.0,0.004783,0.0,0.01627,200000,195866.57464526733,-4133.425354732666,0.9793328732263367
2020-05-09,0,-0.46253257450784124,0.0,0.004549,0.0,0.01609,200000,195866.57464526733,-4133.425354732666,0.9793328732263367
2020-05-10,0,0.36502418070178305,0.0,0.004165,0.0,0.01426,200000,195866.57464526733,-4133.425354732666,0.9793328732263367
2020-05-11,0,0.5531928411760935,0.0,0.004113,0.0,0.01398,200000,195866.57464526733,-4133.425354732666,0.9793328732263367
2020-05-12,0,0.3748673271673005,0.0,0.004243,0.0,0.01455,200000,195866.57464526733,-4133.425354732666,0.9793328732263367
2020-05-13,0,0.8239797747420265,0.0,0.004459,0.0,0.01501,200000,195866.57464526733,-4133.425354732666,0.9793328732263367
2020-05-14,0,0.5728759270239699,0.0,0.004494,0.0,0.01527,200000,195866.57464526733,-4133.425354732666,0.9793328732263367
2020-05-15,0,0.6157699760127322,0.0,0.004377,0.0,0.01488,200000,195866.57464526733,-4133.425354732666,0.9793328732263367
2020-05-16,1,1.1488006843571492,-22012426.910009816,0.004449,6541969.761030973,0.01497,200000,195866.57464526733,-4133.425354732666,0.9793328732263367
2020-05-17,1,0.9782646079782977,-22012426.910009816,0.004426,6541969.761030973,0.015,200000,195556.54791916802,-4443.452080831979,0.9777827395958401
2020-05-18,1,0.5637608755277558,-22012426.910009816,0.004487,6541969.761030973,0.01537,200000,199319.8347722601,-680.1652277398971,0.9965991738613005
2020-05-19,1,0.5778847600374496,-22012426.910009816,0.004534,6541969.761030973,0.01553,200000,201401.13399879553,1401.133998795529,1.0070056699939776
2020-05-20,2,1.4926325626790153,0.0,0.004525,0.0,0.015,200000,197343.2599975972,-2656.740002402803,0.9867162999879859
2020-05-21,1,1.0140587190991233,-23288088.269718807,0.004237,6943816.326446066,0.01421,200000,197343.2599975972,-2656.740002402803,0.9867162999879859
2020-05-22,2,2.1273027094130663,0.0,0.00464,0.0,0.01484,200000,202353.75528463282,2353.755284632818,1.011768776423164
2020-05-23,2,1.56352541446174,0.0,0.004609,0.0,0.01496,200000,202353.75528463282,2353.755284632818,1.011768776423164
2020-05-24,2,1.9444041037169175,0.0,0.004467,0.0,0.01421,200000,202353.75528463282,2353.755284632818,1.011768776423164
2020-05-25,2,3.189733635293814,0.0,0.005064,0.0,0.01472,200000,202353.75528463282,2353.755284632818,1.011768776423164
2020-05-26,2,2.152029016175026,0.0,0.004871,0.0,0.01458,200000,202353.75528463282,2353.755284632818,1.011768776423164
2020-05-27,2,1.814223467734259,0.0,0.004896,0.0,0.0147,200000,202353.75528463282,2353.755284632818,1.011768776423164
2020-05-28,2,2.6992105728684024,0.0,0.005508,0.0,0.01514,200000,202353.75528463282,2353.755284632818,1.011768776423164
2020-05-29,2,2.3838561269687046,0.0,0.005547,0.0,0.015,200000,202353.75528463282,2353.755284632818,1.011768776423164
2020-05-30,2,2.2598983955382668,0.0,0.006227,0.0,0.01638,200000,202353.75528463282,2353.755284632818,1.011768776423164
2020-05-31,2,2.2410706975482113,0.0,0.006247,0.0,0.01582,200000,202353.75528463282,2353.755284632818,1.011768776423164
2020-06-01,2,1.797672838219128,0.0,0.006655,0.0,0.01707,200000,202353.75528463282,2353.755284632818,1.011768776423164
2020-06-02,2,2.5174455504322335,0.0,0.00725,0.0,0.01637,200000,202353.75528463282,2353.755284632818,1.011768776423164
2020-06-03,2,1.725234933477013,0.0,0.007099,0.0,0.01691,200000,202353.75528463282,2353.755284632818,1.011768776423164
2020-06-04,1,1.1561896663258067,-15029245.044907369,0.006732,5997443.8436464975,0.01687,200000,202353.75528463282,2353.755284632818,1.011768776423164
2020-06-05,1,1.010813582771324,-15029245.044907369,0.006693,5997443.8436464975,0.01685,200000,201647.6658510085,1647.6658510084962,1.0082383292550425
2020-06-06,2,1.4853028402705843,0.0,0.007301,0.0,0.01704,200000,209885.83026176522,9885.830261765223,1.049429151308826
2020-06-07,0,0.7816973204291411,0.0,0.007246,0.0,0.0182,200000,209885.83026176522,9885.830261765223,1.049429151308826
2020-06-08,2,1.3979082833546064,0.0,0.007787,0.0,0.01794,200000,209885.83026176522,9885.830261765223,1.049429151308826
2020-06-09,2,1.8282061153944655,0.0,0.008181,0.0,0.01754,200000,209885.83026176522,9885.830261765223,1.049429151308826
2020-06-10,2,2.2981260451183263,0.0,0.009008,0.0,0.0176,200000,209885.83026176522,9885.830261765223,1.049429151308826
2020-06-11,2,2.488758018307934,0.0,0.008762,0.0,0.01573,200000,209885.83026176522,9885.830261765223,1.049429151308826
2020-06-12,2,2.435452715958326,0.0,0.00971,0.0,0.01644,200000,209885.83026176522,9885.830261765223,1.049429151308826
2020-06-13,2,1.9255892388585323,0.0,0.009597,0.0,0.01668,200000,209885.83026176522,9885.830261765223,1.049429151308826
2020-06-14,2,1.2587214158153186,0.0,0.00864,0.0,0.01616,200000,209885.83026176522,9885.830261765223,1.049429151308826
2020-06-15,2,1.4343230785350867,0.0,0.00901,0.0,0.01606,200000,209885.83026176522,9885.830261765223,1.049429151308826
2020-06-16,2,1.3136396023071577,0.0,0.009061,0.0,0.01613,200000,209885.83026176522,9885.830261765223,1.049429151308826
2020-06-17,1,1.124718501552818,-11643505.50658855,0.009013,6473961.4516275525,0.01621,200000,209885.83026176522,9885.830261765223,1.049429151308826
2020-06-18,1,0.8388171999080677,-11643505.50658855,0.00866,6473961.4516275525,0.01602,200000,204545.62014213024,4545.620142130239,1.0227281007106512
2020-06-19,1,0.6012997781116445,-11643505.50658855,0.008379,6473961.4516275525,0.01586,200000,200237.96126251842,237.9612625184236,1.0011898063125921
2020-06-20,1,0.40558314620847374,-11643505.50658855,0.00829,6473961.4516275525,0.01597,200000,199913.8250321111,-86.1749678888882,0.9995691251605555
2020-06-21,1,0.6993354693113165,-11643505.50658855,0.008626,6473961.4516275525,0.01582,200000,202854.9486645807,2854.9486645807046,1.0142747433229036
2020-06-22,1,0.9227623951245234,-11643505.50658855,0.009283,6473961.4516275525,0.01638,200000,214130.1501953208,14130.150195320806,1.0706507509766041
2020-06-23,1,0.4484985155101509,-11643505.50658855,0.008903,6473961.4516275525,0.0165,200000,210482.4934770125,10482.493477012496,1.0524124673850626
2020-06-24,1,0.7631829280188465,-11643505.50658855,0.008996,6473961.4516275525,0.01593,200000,207875.1814616975,7875.1814616975025,1.0393759073084876
2020-06-25,1,0.5938862812696953,-11643505.50658855,0.008882,6473961.4516275525,0.0159,200000,206353.6029903976,6353.602990397601,1.031768014951988
2020-06-26,1,0.6350066892475603,-11643505.50658855,0.008949,6473961.4516275525,0.01585,200000,206810.01978675765,6810.01978675765,1.0340500989337882
2020-06-27,1,0.42892071647574453,-11643505.50658855,0.008608,6473961.4516275525,0.01544,200000,200185.26021384366,185.26021384366322,1.0009263010692184
2020-06-28,0,0.13076522651642927,0.0,0.00869,0.0,0.01577,200000,208973.52102185323,8973.52102185323,1.0448676051092662
2020-06-29,0,-0.743625509008065,0.0,0.008691,0.0,0.01619,200000,208973.52102185323,8973.52102185323,1.0448676051092662
2020-06-30,0,-0.7231495372018993,0.0,0.008837,0.0,0.01636,200000,208973.52102185323,8973.52102185323,1.0448676051092662
2020-07-01,0,0.4135452801664246,0.0,0.009436,0.0,0.01686,200000,208973.52102185323,8973.52102185323,1.0448676051092662
2020-07-02,2,1.5640901607738795,0.0,0.009556,0.0,0.01658,200000,208973.52102185323,8973.52102185323,1.0448676051092662
2020-07-03,2,2.980961951932005,0.0,0.010223,0.0,0.01662,200000,208973.52102185323,8973.52102185323,1.0448676051092662
2020-07-04,2,3.841855178831812,0.0,0.012525,0.0,0.01682,200000,208973.52102185323,8973.52102185323,1.0448676051092662
2020-07-05,2,3.412932692174806,0.0,0.014307,0.0,0.01688,200000,208973.52102185323,8973.52102185323,1.0448676051092662
2020-07-06,2,2.256966678073684,0.0,0.01442,0.0,0.01802,200000,208973.52102185323,8973.52102185323,1.0448676051092662
2020-07-07,2,3.008203341954357,0.0,0.017325,0.0,0.0172,200000,208973.52102185323,8973.52102185323,1.0448676051092662
2020-07-08,2,2.758547522149647,0.0,0.019932,0.0,0.01791,200000,208973.52102185323,8973.52102185323,1.0448676051092662
2020-07-09,2,1.7266090431523324,0.0,0.01825,0.0,0.01856,200000,208973.52102185323,8973.52102185323,1.0448676051092662
2020-07-10,2,1.3529974928386614,0.0,0.017119,0.0,0.01812,200000,208973.52102185323,8973.52102185323,1.0448676051092662
2020-07-11,2,1.4902997278277423,0.0,0.018535,0.0,0.01837,200000,208973.52102185323,8973.52102185323,1.0448676051092662
2020-07-12,2,1.286934687593923,0.0,0.018155,0.0,0.01818,200000,208973.52102185323,8973.52102185323,1.0448676051092662
2020-07-13,2,1.3733779004228457,0.0,0.018461,0.0,0.01756,200000,208973.52102185323,8973.52102185323,1.0448676051092662
2020-07-14,2,1.209548950412504,0.0,0.01845,0.0,0.01765,200000,208973.52102185323,8973.52102185323,1.0448676051092662
2020-07-15,2,1.235183445181241,0.0,0.018996,0.0,0.01757,200000,208973.52102185323,8973.52102185323,1.0448676051092662
2020-07-16,0,0.9960333621713662,0.0,0.018036,0.0,0.01716,200000,208973.52102185323,8973.52102185323,1.0448676051092662
2020-07-17,0,0.9432448776642898,0.0,0.018211,0.0,0.01717,200000,208973.52102185323,8973.52102185323,1.0448676051092662
2020-07-18,0,0.7795651386377082,0.0,0.018168,0.0,0.01742,200000,208973.52102185323,8973.52102185323,1.0448676051092662
2020-07-19,0,0.6320427551560733,0.0,0.018017,0.0,0.01753,200000,208973.52102185323,8973.52102185323,1.0448676051092662
2020-07-20,0,0.06826403813876968,0.0,0.016074,0.0,0.01716,200000,208973.52102185323,8973.52102185323,1.0448676051092662
2020-07-21,0,0.30716763723151186,0.0,0.0175,0.0,0.01762,200000,208973.52102185323,8973.52102185323,1.0448676051092662
2020-07-22,0,0.058419464008826485,0.0,0.017467,0.0,0.01794,200000,208973.52102185323,8973.52102185323,1.0448676051092662
2020-07-23,0,-0.15195196472344252,0.0,0.017381,0.0,0.01792,200000,208973.52102185323,8973.52102185323,1.0448676051092662
2020-07-24,0,-0.6241962928335882,0.0,0.016995,0.0,0.01794,200000,208973.52102185323,8973.52102185323,1.0448676051092662
2020-07-25,0,-0.4438606896816652,0.0,0.018218,0.0,0.01877,200000,208973.52102185323,8973.52102185323,1.0448676051092662
2020-07-26,-2,-1.2023570861019979,0.0,0.017554,0.0,0.01852,200000,208973.52102185323,8973.52102185323,1.0448676051092662
2020-07-27,-2,-2.5981458897114353,0.0,0.015641,0.0,0.01872,200000,208973.52102185323,8973.52102185323,1.0448676051092662
2020-07-28,-2,-2.2317786183988897,0.0,0.01598,0.0,0.01912,200000,208973.52102185323,8973.52102185323,1.0448676051092662
2020-07-29,-2,-2.1121169272949447,0.0,0.015583,0.0,0.01915,200000,208973.52102185323,8973.52102185323,1.0448676051092662
2020-07-30,0,-0.909162676707184,0.0,0.017315,0.0,0.01917,200000,208973.52102185323,8973.52102185323,1.0448676051092662
2020-07-31,-1,-1.1539234316227025,6073399.239184295,0.017204,-5309286.611327572,0.01968,200000,208973.52102185323,8973.52102185323,1.0448676051092662
2020-08-01,-2,-1.3353253194856503,0.0,0.017319,0.0,0.02046,200000,212416.32366618252,12416.323666182521,1.0620816183309125
2020-08-02,-1,-1.1694425464200193,6553227.730800967,0.016207,-5569384.469485645,0.01907,200000,212416.32366618252,12416.323666182521,1.0620816183309125
2020-08-03,-1,-1.1557725606502511,6553227.730800967,0.0167,-5569384.469485645,0.01987,200000,220102.5725130559,20102.5725130559,1.1005128625652796
2020-08-04,0,-0.16577874939281942,0.0,0.018734,0.0,0.02039,200000,203207.90469016953,3207.9046901695256,1.0160395234508477
2020-08-05,0,-0.005210489398904592,0.0,0.018793,0.0,0.02031,200000,203207.90469016953,3207.9046901695256,1.0160395234508477
2020-08-06,0,0.774304666892199,0.0,0.019704,0.0,0.02022,200000,203207.90469016953,3207.9046901695256,1.0160395234508477
2020-08-07,0,0.36746593625108126,0.0,0.018671,0.0,0.01988,200000,203207.90469016953,3207.9046901695256,1.0160395234508477
2020-08-08,2,1.6503803902045593,0.0,0.020815,0.0,0.02046,200000,203207.90469016953,3207.9046901695256,1.0160395234508477
2020-08-09,2,2.1162276014266985,0.0,0.021929,0.0,0.02045,200000,203207.90469016953,3207.9046901695256,1.0160395234508477
2020-08-10,1,1.0622875708219839,-4742972.287605488,0.021422,4734573.734626504,0.02146,200000,203207.90469016953,3207.9046901695256,1.0160395234508477
2020-08-11,1,0.9676687482527809,-4742972.287605488,0.019966,4734573.734626504,0.0201,200000,189863.11676032387,-10136.883239676128,0.9493155838016194
2020-08-12,1,1.1633541393657316,-4742972.287605488,0.020429,4734573.734626504,0.02019,200000,192485.22456560162,-7514.775434398383,0.9624261228280081
2020-08-13,0,-0.6235975379170112,0.0,0.019598,0.0,0.02238,200000,190200.91540172073,-9799.084598279267,0.9510045770086036
2020-08-14,-1,-1.1132018871568785,4636106.746982907,0.020513,-3848662.7964735073,0.02471,200000,190200.91540172073,-9799.084598279267,0.9510045770086036
2020-08-15,-2,-1.6034732840980315,0.0,0.019575,0.0,0.02526,200000,196666.34806845116,-3333.6519315488404,0.9833317403422558
2020-08-16,-2,-2.1257199191364022,0.0,0.019842,0.0,0.02824,200000,196666.34806845116,-3333.6519315488404,0.9833317403422558
2020-08-17,-2,-2.1736846204547993,0.0,0.02002,0.0,0.03036,200000,196666.34806845116,-3333.6519315488404,0.9833317403422558
2020-08-18,-2,-1.8764597389110718,0.0,0.019089,0.0,0.02875,200000,196666.34806845116,-3333.6519315488404,0.9833317403422558
2020-08-19,-2,-1.5712939728695166,0.0,0.017857,0.0,0.02648,200000,196666.34806845116,-3333.6519315488404,0.9833317403422558
2020-08-20,-2,-1.200662427271125,0.0,0.019392,0.0,0.02746,200000,196666.34806845116,-3333.6519315488404,0.9833317403422558
2020-08-21,0,-0.8784067353314616,0.0,0.017962,0.0,0.02425,200000,196666.34806845116,-3333.6519315488404,0.9833317403422558
2020-08-22,0,-0.9385472964683453,0.0,0.018165,0.0,0.02512,200000,196666.34806845116,-3333.6519315488404,0.9833317403422558
2020-08-23,0,-0.8016493430608599,0.0,0.017889,0.0,0.02435,200000,196666.34806845116,-3333.6519315488404,0.9833317403422558
2020-08-24,0,-0.8002904894914424,0.0,0.01817,0.0,0.0251,200000,196666.34806845116,-3333.6519315488404,0.9833317403422558
2020-08-25,0,-0.6580179607272937,0.0,0.016883,0.0,0.02299,200000,196666.34806845116,-3333.6519315488404,0.9833317403422558
2020-08-26,0,-0.6657622375591074,0.0,0.017113,0.0,0.02369,200000,196666.34806845116,-3333.6519315488404,0.9833317403422558
2020-08-27,0,-0.8080230649098877,0.0,0.015933,0.0,0.02307,200000,196666.34806845116,-3333.6519315488404,0.9833317403422558
2020-08-28,0,-0.7898008509489295,0.0,0.016317,0.0,0.02392,200000,196666.34806845116,-3333.6519315488404,0.9833317403422558
2020-08-29,0,-0.816167603431227,0.0,0.016744,0.0,0.02491,200000,196666.34806845116,-3333.6519315488404,0.9833317403422558
2020-08-30,-1,-1.0829419469970742,5746109.626262233,0.017113,-3647372.9241181593,0.02696,200000,196666.34806845116,-3333.6519315488404,0.9833317403422558
2020-08-31,-2,-1.4354951833444478,0.0,0.017372,0.0,0.02917,200000,203238.79983755038,3238.799837550381,1.016193999187752
2020-09-01,-2,-2.627337114786706,0.0,0.016989,0.0,0.03466,200000,203238.79983755038,3238.799837550381,1.016193999187752
2020-09-02,-2,-2.5234115873067298,0.0,0.015995,0.0,0.03449,200000,203238.79983755038,3238.799837550381,1.016193999187752
2020-09-03,-2,-3.057084604916213,0.0,0.012343,0.0,0.03996,200000,203238.79983755038,3238.799837550381,1.016193999187752
2020-09-04,-2,-1.9112722446787511,0.0,0.014268,0.0,0.03552,200000,203238.79983755038,3238.799837550381,1.016193999187752
2020-09-05,-2,-1.6398526808684921,0.0,0.012101,0.0,0.02988,200000,203238.79983755038,3238.799837550381,1.016193999187752
2020-09-06,-2,-1.5235792553977845,0.0,0.012354,0.0,0.03142,200000,203238.79983755038,3238.799837550381,1.016193999187752
2020-09-07,-2,-1.4588512118568522,0.0,0.012201,0.0,0.03249,200000,203238.79983755038,3238.799837550381,1.016193999187752
2020-09-08,-2,-1.4717450230508744,0.0,0.012119,0.0,0.03518,200000,203238.79983755038,3238.799837550381,1.016193999187752
2020-09-09,-1,-1.1350281100571173,7913667.153553087,0.012841,-2991445.3906027433,0.03397,200000,203238.79983755038,3238.799837550381,1.016193999187752
2020-09-10,-1,-0.9369870539054647,7913667.153553087,0.013005,-2991445.3906027433,0.03299,200000,201605.02476794238,1605.0247679423774,1.008025123839712
2020-09-11,-1,-0.8416712966678734,7913667.153553087,0.013239,-2991445.3906027433,0.0335,200000,204982.46003108122,4982.460031081224,1.0249123001554061
2020-09-12,-1,-0.6681639707776057,7913667.153553087,0.013419,-2991445.3906027433,0.03272,200000,204073.59271405064,4073.592714050639,1.0203679635702532
2020-09-13,-1,-0.5413723752539316,7913667.153553087,0.01281,-2991445.3906027433,0.03065,200000,193061.87745898913,-6938.122541010875,0.9653093872949456
2020-09-14,-1,-0.4284552210552653,7913667.153553087,0.012861,-2991445.3906027433,0.03039,200000,192687.6986822636,-7312.30131773639,0.963438493411318
2020-09-15,0,-0.13000476800771657,0.0,0.012569,0.0,0.02788,200000,187173.4148745461,-12826.585125453887,0.9358670743727305
2020-09-16,0,0.15552422459096674,0.0,0.01246,0.0,0.02639,200000,187173.4148745461,-12826.585125453887,0.9358670743727305
2020-09-17,0,0.3746744599557435,0.0,0.013514,0.0,0.02813,200000,187173.4148745461,-12826.585125453887,0.9358670743727305
2020-09-18,0,0.7699034197066618,0.0,0.01443,0.0,0.02905,200000,187173.4148745461,-12826.585125453887,0.9358670743727305
2020-09-19,2,1.7344665191341424,0.0,0.015265,0.0,0.02768,200000,187173.4148745461,-12826.585125453887,0.9358670743727305
2020-09-20,2,1.7306890162982675,0.0,0.014476,0.0,0.02694,200000,187173.4148745461,-12826.585125453887,0.9358670743727305
2020-09-21,2,1.2006238312234732,0.0,0.012605,0.0,0.0249,200000,187173.4148745461,-12826.585125453887,0.9358670743727305
2020-09-22,0,0.9623105522878977,0.0,0.01234,0.0,0.02499,200000,187173.4148745461,-12826.585125453887,0.9358670743727305
2020-09-23,0,0.3212561882805322,0.0,0.011381,0.0,0.02486,200000,187173.4148745461,-12826.585125453887,0.9358670743727305
2020-09-24,0,0.5056150349397993,0.0,0.012385,0.0,0.02625,200000,187173.4148745461,-12826.585125453887,0.9358670743727305
2020-09-25,0,0.5133300429555574,0.0,0.012909,0.0,0.02714,200000,187173.4148745461,-12826.585125453887,0.9358670743727305
2020-09-26,0,0.4020625816541899,0.0,0.012851,0.0,0.02718,200000,187173.4148745461,-12826.585125453887,0.9358670743727305
2020-09-27,0,0.4431065145499784,0.0,0.012741,0.0,0.02659,200000,187173.4148745461,-12826.585125453887,0.9358670743727305
2020-09-28,0,0.5048590325030574,0.0,0.012765,0.0,0.02625,200000,187173.4148745461,-12826.585125453887,0.9358670743727305
2020-09-29,0,0.7407211674879813,0.0,0.013169,0.0,0.0263,200000,187173.4148745461,-12826.585125453887,0.9358670743727305
2020-09-30,1,1.008200128499654,-6922605.772414606,0.013519,3570648.8911588346,0.02621,200000,187173.4148745461,-12826.585125453887,0.9358670743727305
2020-10-01,1,0.3755672561272078,-6922605.772414606,0.012732,3570648.8911588346,0.02581,200000,180297.0645751923,-19702.935424807714,0.9014853228759614
2020-10-02,0,-0.7362686817328844,0.0,0.011859,0.0,0.0259,200000,176788.7904485971,-23211.20955140289,0.8839439522429855
2020-10-03,-2,-1.6166749796368332,0.0,0.011739,0.0,0.02719,200000,176788.7904485971,-23211.20955140289,0.8839439522429855
2020-10-04,-2,-1.4247288175953328,0.0,0.011657,0.0,0.02644,200000,176788.7904485971,-23211.20955140289,0.8839439522429855
2020-10-05,-2,-1.6506866969146559,0.0,0.011383,0.0,0.02643,200000,176788.7904485971,-23211.20955140289,0.8839439522429855
2020-10-06,-2,-2.2537315948369043,0.0,0.010106,0.0,0.02556,200000,176788.7904485971,-23211.20955140289,0.8839439522429855
2020-10-07,0,-0.9651412367257668,0.0,0.011227,0.0,0.02551,200000,176788.7904485971,-23211.20955140289,0.8839439522429855
2020-10-08,-1,-1.153590626011025,8027097.27790579,0.011012,-3436796.0818156516,0.02572,200000,176788.7904485971,-23211.20955140289,0.8839439522429855
2020-10-09,-1,-0.8910255812245855,8027097.27790579,0.011455,-3436796.0818156516,0.02627,200000,182235.032387708,-17764.967612292006,0.91117516193854
2020-10-10,-1,-0.966318384715586,8027097.27790579,0.0114,-3436796.0818156516,0.02644,200000,182377.79737133184,-17622.202628668165,0.9118889868566592
2020-10-11,-1,-0.8952467733544869,8027097.27790579,0.011436,-3436796.0818156516,0.02656,200000,183079.18840315432,-16920.811596845684,0.9153959420157716
2020-10-12,-1,-1.1179564228483247,8027097.27790579,0.011377,-3436796.0818156516,0.02709,200000,184427.09158712017,-15572.908412879828,0.9221354579356009
2020-10-13,-1,-0.7855767815719743,8027097.27790579,0.011482,-3436796.0818156516,0.0268,200000,184273.26593757374,-15726.734062426258,0.9213663296878687
2020-10-14,-1,-1.0581120275410607,8027097.27790579,0.011139,-3436796.0818156516,0.02676,200000,181382.49972797942,-18617.50027202058,0.9069124986398971
2020-10-15,-1,-1.0362270177024098,8027097.27790579,0.010963,-3436796.0818156516,0.02652,200000,179144.89954743226,-20855.10045256774,0.8957244977371612
2020-10-16,-1,-0.9817181653993976,8027097.27790579,0.010591,-3436796.0818156516,0.02572,200000,173409.38249459877,-26590.617505401227,0.8670469124729938
2020-10-17,-1,-0.4597938824568829,8027097.27790579,0.010988,-3436796.0818156516,0.02574,200000,176664.87603556368,-23335.123964436323,0.8833243801778183
2020-10-18,0,0.27229375668744177,0.0,0.011627,0.0,0.02594,200000,172608.22076068452,-27391.77923931548,0.8630411038034226
2020-10-19,0,0.12258406623534795,0.0,0.011396,0.0,0.02589,200000,172608.22076068452,-27391.77923931548,0.8630411038034226
2020-10-20,0,-0.7893391101539796,0.0,0.010781,0.0,0.02592,200000,172608.22076068452,-27391.77923931548,0.8630411038034226
2020-10-21,0,-0.23325868281412482,0.0,0.011339,0.0,0.02667,200000,172608.22076068452,-27391.77923931548,0.8630411038034226
2020-10-22,2,1.5820266872321593,0.0,0.012155,0.0,0.02708,200000,172608.22076068452,-27391.77923931548,0.8630411038034226
2020-10-23,2,1.928572421802615,0.0,0.012218,0.0,0.02669,200000,172608.22076068452,-27391.77923931548,0.8630411038034226
2020-10-24,2,1.5375167489027814,0.0,0.012282,0.0,0.02706,200000,172608.22076068452,-27391.77923931548,0.8630411038034226
2020-10-25,0,0.4205852280011395,0.0,0.01179,0.0,0.02699,200000,172608.22076068452,-27391.77923931548,0.8630411038034226
2020-10-26,0,-0.5035358430236363,0.0,0.011368,0.0,0.02675,200000,172608.22076068452,-27391.77923931548,0.8630411038034226
2020-10-27,0,-0.7286483925978411,0.0,0.01137,0.0,0.02701,200000,172608.22076068452,-27391.77923931548,0.8630411038034226
2020-10-28,-2,-2.142818838450474,0.0,0.010638,0.0,0.02688,200000,172608.22076068452,-27391.77923931548,0.8630411038034226
2020-10-29,-2,-2.318374935672215,0.0,0.010186,0.0,0.02655,200000,172608.22076068452,-27391.77923931548,0.8630411038034226
2020-10-30,-2,-1.5576378604303338,0.0,0.01008,0.0,0.0256,200000,172608.22076068452,-27391.77923931548,0.8630411038034226
2020-10-31,-2,-1.7575649125985278,0.0,0.009895,0.0,0.02576,200000,172608.22076068452,-27391.77923931548,0.8630411038034226
2020-11-01,0,-0.6201430341932977,0.0,0.010505,0.0,0.02574,200000,172608.22076068452,-27391.77923931548,0.8630411038034226
2020-11-02,0,-0.44619008887970685,0.0,0.01005,0.0,0.02445,200000,172608.22076068452,-27391.77923931548,0.8630411038034226
2020-11-03,-2,-1.6784708771326733,0.0,0.00925,0.0,0.02442,200000,172608.22076068452,-27391.77923931548,0.8630411038034226
2020-11-04,-1,-1.1806871509026626,9183242.219657615,0.009398,-3566285.552906705,0.0242,200000,172608.22076068452,-27391.77923931548,0.8630411038034226
2020-11-05,-1,-1.0420631176819584,9183242.219657615,0.009721,-3566285.552906705,0.02493,200000,178177.79645125585,-21822.203548744146,0.8908889822562793
2020-11-06,0,0.438976290724145,0.0,0.011196,0.0,0.02616,200000,163086.67093343724,-36913.32906656276,0.8154333546671862
2020-11-07,0,0.10066691665825356,0.0,0.010383,0.0,0.02486,200000,163086.67093343724,-36913.32906656276,0.8154333546671862
2020-11-08,0,0.9639545236806263,0.0,0.011122,0.0,0.02535,200000,163086.67093343724,-36913.32906656276,0.8154333546671862
2020-11-09,1,1.1240660227316668,-7389518.392996703,0.011035,3289364.0769148297,0.02479,200000,163086.67093343724,-36913.32906656276,0.8154333546671862
2020-11-10,2,1.7260391704436413,0.0,0.011583,0.0,0.02483,200000,167004.55244972286,-32995.44755027714,0.8350227622486143
2020-11-11,2,1.2507096784049647,0.0,0.01134,0.0,0.02498,200000,167004.55244972286,-32995.44755027714,0.8350227622486143
2020-11-12,0,0.37919702728855154,0.0,0.010644,0.0,0.0249,200000,167004.55244972286,-32995.44755027714,0.8350227622486143
2020-11-13,2,1.7140321684289268,0.0,0.011814,0.0,0.0254,200000,167004.55244972286,-32995.44755027714,0.8350227622486143
2020-11-14,1,1.0354379448436501,-7425724.875487899,0.011245,3322812.4243876417,0.02513,200000,167004.55244972286,-32995.44755027714,0.8350227622486143
2020-11-15,1,0.5945476795859391,-7425724.875487899,0.011039,3322812.4243876417,0.02533,200000,166139.41561024988,-33860.58438975012,0.8306970780512494
2020-11-16,1,0.8506909841471055,-7425724.875487899,0.011336,3322812.4243876417,0.02549,200000,168876.50588617183,-31123.494113828172,0.8443825294308591
2020-11-17,2,1.4138143658628008,0.0,0.012346,0.0,0.02649,200000,170661.25064046786,-29338.749359532143,0.8533062532023393
2020-11-18,0,0.4631146508324585,0.0,0.011777,0.0,0.02678,200000,170661.25064046786,-29338.749359532143,0.8533062532023393
2020-11-19,0,0.5966930021269519,0.0,0.011504,0.0,0.02581,200000,170661.25064046786,-29338.749359532143,0.8533062532023393
2020-11-20,0,0.9778233666837723,0.0,0.012059,0.0,0.02629,200000,170661.25064046786,-29338.749359532143,0.8533062532023393
2020-11-21,2,1.3220984255568287,0.0,0.014426,0.0,0.03057,200000,170661.25064046786,-29338.749359532143,0.8533062532023393
2020-11-22,2,1.5470313893349426,0.0,0.013905,0.0,0.02875,200000,170661.25064046786,-29338.749359532143,0.8533062532023393
2020-11-23,2,2.087479042262826,0.0,0.016023,0.0,0.03174,200000,170661.25064046786,-29338.749359532143,0.8533062532023393
2020-11-24,0,0.3863211311661881,0.0,0.016174,0.0,0.03523,200000,170661.25064046786,-29338.749359532143,0.8533062532023393
2020-11-25,2,1.9790852440887896,0.0,0.016548,0.0,0.03304,200000,170661.25064046786,-29338.749359532143,0.8533062532023393
2020-11-26,2,1.6087818504088005,0.0,0.014627,0.0,0.02942,200000,170661.25064046786,-29338.749359532143,0.8533062532023393
2020-11-27,2,1.3284576183659298,0.0,0.014487,0.0,0.02938,200000,170661.25064046786,-29338.749359532143,0.8533062532023393
2020-11-28,2,1.5769068832094137,0.0,0.01535,0.0,0.03047,200000,170661.25064046786,-29338.749359532143,0.8533062532023393
2020-11-29,1,1.0308484034949295,-5632012.759569265,0.015151,2777689.626309698,0.03072,200000,170661.25064046786,-29338.749359532143,0.8533062532023393
2020-11-30,1,0.9651031886599418,-5632012.759569265,0.015972,2777689.626309698,0.03236,200000,179840.54410322214,-20159.455896777858,0.8992027205161107
2020-12-01,1,0.6498527959370873,-5632012.759569265,0.014737,2777689.626309698,0.03024,200000,166996.30633737752,-33003.69366262248,0.8349815316868876
2020-12-02,2,1.9415856183911127,0.0,0.016405,0.0,0.03118,200000,176446.05741286522,-23553.942587134778,0.8822302870643262
2020-12-03,2,2.275242086764312,0.0,0.017397,0.0,0.03166,200000,176446.05741286522,-23553.942587134778,0.8822302870643262
2020-12-04,2,1.5273847028282803,0.0,0.015698,0.0,0.02947,200000,176446.05741286522,-23553.942587134778,0.8822302870643262
2020-12-05,2,2.3055073303018285,0.0,0.017484,0.0,0.03056,200000,176446.05741286522,-23553.942587134778,0.8822302870643262
2020-12-06,2,1.60822561443957,0.0,0.017144,0.0,0.03091,200000,176446.05741286522,-23553.942587134778,0.8822302870643262
2020-12-07,2,2.2808722135964166,0.0,0.018137,0.0,0.03029,200000,176446.05741286522,-23553.942587134778,0.8822302870643262
2020-12-08,2,1.7772064083413956,0.0,0.016382,0.0,0.0279,200000,176446.05741286522,-23553.942587134778,0.8822302870643262
2020-12-09,2,1.5367542531736766,0.0,0.016758,0.0,0.0287,200000,176446.05741286522,-23553.942587134778,0.8822302870643262
2020-12-10,1,1.0425506950465167,-5535736.255658695,0.015937,3138492.661203579,0.02811,200000,176446.05741286522,-23553.942587134778,0.8822302870643262
2020-12-11,1,0.8166954478638767,-5535736.255658695,0.015587,3138492.661203579,0.02778,200000,173472.8471451875,-26527.152854812506,0.8673642357259375
2020-12-12,1,1.1061263763391562,-5535736.255658695,0.016497,3138492.661203579,0.02855,200000,180927.00648696366,-19072.993513036345,0.9046350324348182
2020-12-13,1,0.6949462491538898,-5535736.255658695,0.01647,3138492.661203579,0.02921,200000,182848.94676445524,-17151.053235544765,0.9142447338222762
2020-12-14,1,0.5912919475265505,-5535736.255658695,0.01637,3138492.661203579,0.0291,200000,181950.13894615698,-18049.861053843022,0.9097506947307848
2020-12-15,1,0.5964128693489734,-5535736.255658695,0.016501,3138492.661203579,0.02918,200000,182926.39980854455,-17073.60019145545,0.9146319990427227
2020-12-16,0,0.08841541990533157,0.0,0.017274,0.0,0.03145,200000,173364.77129826095,-26635.228701739048,0.8668238564913048
2020-12-17,0,0.21490272067245378,0.0,0.017092,0.0,0.03072,200000,173364.77129826095,-26635.228701739048,0.8668238564913048
2020-12-18,0,0.2661225529186107,0.0,0.017424,0.0,0.03109,200000,173364.77129826095,-26635.228701739048,0.8668238564913048
2020-12-19,0,0.029586729880077958,0.0,0.017373,0.0,0.03124,200000,173364.77129826095,-26635.228701739048,0.8668238564913048
2020-12-20,-2,-1.3469852113293352,0.0,0.016325,0.0,0.03122,200000,173364.77129826095,-26635.228701739048,0.8668238564913048
2020-12-21,-2,-1.4034902975150103,0.0,0.015523,0.0,0.02926,200000,173364.77129826095,-26635.228701739048,0.8668238564913048
2020-12-22,0,-0.5592583482501338,0.0,0.015854,0.0,0.02885,200000,173364.77129826095,-26635.228701739048,0.8668238564913048
2020-12-23,-2,-1.3022038960074889,0.0,0.013236,0.0,0.0248,200000,173364.77129826095,-26635.228701739048,0.8668238564913048
2020-12-24,-1,-1.1240613440057474,5820344.164985595,0.014893,-3130458.131062856,0.02769,200000,173364.77129826095,-26635.228701739048,0.8668238564913048
2020-12-25,-2,-2.0629320805129585,0.0,0.014598,0.0,0.02854,200000,177742.66223833515,-22257.33776166485,0.8887133111916757
2020-12-26,2,1.4653369879858493,0.0,0.016471,0.0,0.0278,200000,177742.66223833515,-22257.33776166485,0.8887133111916757
2020-12-27,0,0.71907290695856,0.0,0.016542,0.0,0.02889,200000,177742.66223833515,-22257.33776166485,0.8887133111916757
2020-12-28,2,3.45931760122065,0.0,0.020212,0.0,0.02959,200000,177742.66223833515,-22257.33776166485,0.8887133111916757
2020-12-29,2,3.377856740188942,0.0,0.021135,0.0,0.02767,200000,177742.66223833515,-22257.33776166485,0.8887133111916757
2020-12-30,2,2.433229929636046,0.0,0.0202,0.0,0.02695,200000,177742.66223833515,-22257.33776166485,0.8887133111916757
2020-12-31,2,1.5246537261704542,0.0,0.018754,0.0,0.02677,200000,177742.66223833515,-22257.33776166485,0.8887133111916757
2021-01-01,2,1.4626258235627632,0.0,0.019052,0.0,0.02685,200000,177742.66223833515,-22257.33776166485,0.8887133111916757
2021-01-02,2,1.5615885409928938,0.0,0.019993,0.0,0.02721,200000,177742.66223833515,-22257.33776166485,0.8887133111916757
2021-01-03,2,2.5602416148778295,0.0,0.026226,0.0,0.02949,200000,177742.66223833515,-22257.33776166485,0.8887133111916757
2021-01-04,2,1.4718738408539356,0.0,0.024598,0.0,0.03095,200000,177742.66223833515,-22257.33776166485,0.8887133111916757
2021-01-05,2,2.440267286444526,0.0,0.027964,0.0,0.02852,200000,177742.66223833515,-22257.33776166485,0.8887133111916757
2021-01-06,2,2.1792304349508833,0.0,0.030819,0.0,0.03046,200000,177742.66223833515,-22257.33776166485,0.8887133111916757
2021-01-07,2,1.4420639194034837,0.0,0.028673,0.0,0.03095,200000,177742.66223833515,-22257.33776166485,0.8887133111916757
2021-01-08,1,1.1412348150597489,-3255479.362583522,0.027299,2923399.0499726175,0.0304,200000,177742.66223833515,-22257.33776166485,0.8887133111916757
2021-01-09,1,0.7775868374848286,-3255479.362583522,0.028812,2923399.0499726175,0.03382,200000,192666.22726483038,-7333.772735169623,0.9633311363241519
2021-01-10,1,0.547598035656477,-3255479.362583522,0.02707,2923399.0499726175,0.03275,200000,183867.14523173918,-16132.854768260819,0.9193357261586959
2021-01-11,1,0.5616020202563274,-3255479.362583522,0.024344,2923399.0499726175,0.02897,200000,163942.26008044,-36057.73991956,0.8197113004022
2021-01-12,1,0.23624274928342545,-3255479.362583522,0.02299,2923399.0499726175,0.02865,200000,158598.85332751065,-41401.146672489354,0.7929942666375532
2021-01-13,1,0.47310293521600305,-3255479.362583522,0.026073,2923399.0499726175,0.03079,200000,174891.57016929708,-25108.429830702924,0.8744578508464854
2021-01-14,1,0.4537569146707414,-3255479.362583522,0.025743,2923399.0499726175,0.03014,200000,171917.0525971623,-28082.947402837686,0.8595852629858116
2021-01-15,1,0.3515021866895846,-3255479.362583522,0.025306,2923399.0499726175,0.02972,200000,169266.5805147248,-30733.419485275197,0.846332902573624
2021-01-16,1,0.695892305663893,-3255479.362583522,0.026863,2923399.0499726175,0.03008,200000,175387.78554025752,-24612.214459742478,0.8769389277012876
2021-01-17,1,0.6874489751287707,-3255479.362583522,0.027152,2923399.0499726175,0.0302,200000,176679.42696204083,-23320.57303795917,0.8833971348102041
2021-01-18,2,1.4003907333190257,0.0,0.030803,0.0,0.03164,200000,185524.84710286176,-14475.152897138236,0.9276242355143088
2021-01-19,0,0.9961057802205889,0.0,0.029015,0.0,0.03063,200000,185524.84710286176,-14475.152897138236,0.9276242355143088
2021-01-20,2,2.5911409544865465,0.0,0.034595,0.0,0.03046,200000,185524.84710286176,-14475.152897138236,0.9276242355143088
2021-01-21,2,1.2177498933050301,0.0,0.027918,0.0,0.02762,200000,185524.84710286176,-14475.152897138236,0.9276242355143088
2021-01-22,2,1.8993608449881572,0.0,0.031268,0.0,0.02857,200000,185524.84710286176,-14475.152897138236,0.9276242355143088
2021-01-23,1,1.0819102143793518,-3085087.919097741,0.030068,3171364.9077412267,0.02925,200000,185524.84710286176,-14475.152897138236,0.9276242355143088
2021-01-24,1,0.913492793238785,-3085087.919097741,0.030606,3171364.9077412267,0.02999,200000,189531.43443506485,-10468.565564935154,0.9476571721753242
2021-01-25,1,0.7687722768092341,-3085087.919097741,0.029758,3171364.9077412267,0.02949,200000,185329.59742579935,-14670.402574200649,0.9266479871289968
2021-01-26,1,0.66731002407338,-3085087.919097741,0.029444,3171364.9077412267,0.02949,200000,184360.87981920264,-15639.120180797356,0.9218043990960132
2021-01-27,0,-0.020916018207183543,0.0,0.026361,0.0,0.02823,200000,177323.21839266247,-22676.78160733753,0.8866160919633124
2021-01-28,0,-0.10996890015849395,0.0,0.027389,0.0,0.02955,200000,177323.21839266247,-22676.78160733753,0.8866160919633124
2021-01-29,-1,-1.0725789735236553,3185828.5733500263,0.02783,-2658519.016381746,0.03335,200000,177323.21839266247,-22676.78160733753,0.8866160919633124
2021-01-30,-1,-1.0805897472589703,3185828.5733500263,0.026842,-2658519.016381746,0.03216,200000,171011.98213269835,-28988.01786730165,0.8550599106634917
2021-01-31,-2,-1.34221278713346,0.0,0.025397,0.0,0.03154,200000,180262.41989197215,-19737.580108027847,0.9013120994598608
2021-02-01,0,-0.517834450666523,0.0,0.029382,0.0,0.03295,200000,180262.41989197215,-19737.580108027847,0.9013120994598608
2021-02-02,0,-0.993683692642142,0.0,0.028127,0.0,0.03317,200000,180262.41989197215,-19737.580108027847,0.9013120994598608
2021-02-03,-1,-1.0136525767250655,3089118.48188594,0.029177,-2610985.2243912537,0.03452,200000,180262.41989197215,-19737.580108027847,0.9013120994598608
2021-02-04,-1,-1.0840160134509442,3089118.48188594,0.02771,-2610985.2243912537,0.0331,200000,172023.08406040986,-27976.915939590137,0.8601154203020493
2021-02-05,-1,-0.5593707901400248,3089118.48188594,0.032096,-2610985.2243912537,0.03624,200000,193770.45132655016,-6229.548673449841,0.9688522566327508
2021-02-06,-1,-0.8606989535352747,3089118.48188594,0.029946,-2610985.2243912537,0.03507,200000,184073.9938779576,-15926.006122042396,0.920369969389788
2021-02-07,-1,-1.1911211949309048,3089118.48188594,0.029139,-2610985.2243912537,0.03597,200000,183930.9619650278,-16069.03803497221,0.9196548098251389
2021-02-08,-2,-1.3817024051261093,0.0,0.031326,0.0,0.04042,200000,189028.71709830765,-10971.28290169235,0.9451435854915382
2021-02-09,-2,-1.3832491069631876,0.0,0.035375,0.0,0.04608,200000,189028.71709830765,-10971.28290169235,0.9451435854915382
2021-02-10,-2,-1.2179683336372977,0.0,0.035689,0.0,0.04629,200000,189028.71709830765,-10971.28290169235,0.9451435854915382
2021-02-11,-2,-1.3836162993186567,0.0,0.042558,0.0,0.05681,200000,189028.71709830765,-10971.28290169235,0.9451435854915382
2021-02-12,2,1.3742851772034794,0.0,0.054359,0.0,0.05515,200000,189028.71709830765,-10971.28290169235,0.9451435854915382
2021-02-13,0,0.6390179177903204,0.0,0.054766,0.0,0.05995,200000,189028.71709830765,-10971.28290169235,0.9451435854915382
2021-02-14,1,1.1630193073778015,-1811973.6690085279,0.052161,1712526.8807601708,0.05519,200000,189028.71709830765,-10971.28290169235,0.9451435854915382
2021-02-15,2,1.9622521169433307,0.0,0.051032,0.0,0.05079,200000,194518.11710134178,-5481.882898658223,0.9725905855067088
2021-02-16,1,1.1662372047619622,-1972040.3607265127,0.049319,1869647.415430044,0.05202,200000,194518.11710134178,-5481.882898658223,0.9725905855067088
2021-02-17,2,1.4292864397664187,0.0,0.051196,0.0,0.05256,200000,197210.0272540932,-2789.9727459067944,0.986050136270466
2021-02-18,2,1.470246042783208,0.0,0.054483,0.0,0.05492,200000,197210.0272540932,-2789.9727459067944,0.986050136270466
2021-02-19,0,0.10270146863656014,0.0,0.053602,0.0,0.06073,200000,197210.0272540932,-2789.9727459067944,0.986050136270466
2021-02-20,0,0.5877308232186723,0.0,0.053554,0.0,0.05773,200000,197210.0272540932,-2789.9727459067944,0.986050136270466
2021-02-21,0,0.515872977697672,0.0,0.054826,0.0,0.05935,200000,197210.0272540932,-2789.9727459067944,0.986050136270466
2021-02-22,0,0.47537728451764427,0.0,0.050147,0.0,0.05425,200000,197210.0272540932,-2789.9727459067944,0.986050136270466
2021-02-23,0,0.585957602499604,0.0,0.042224,0.0,0.04501,200000,197210.0272540932,-2789.9727459067944,0.986050136270466
2021-02-24,0,-0.04514002944481497,0.0,0.042694,0.0,0.048,200000,197210.0272540932,-2789.9727459067944,0.986050136270466
2021-02-25,0,-0.2724441611330307,0.0,0.039342,0.0,0.0452,200000,197210.0272540932,-2789.9727459067944,0.986050136270466
2021-02-26,0,-0.2480149852132526,0.0,0.039453,0.0,0.04517,200000,197210.0272540932,-2789.9727459067944,0.986050136270466
2021-02-27,0,-0.24622042325480922,0.0,0.040822,0.0,0.04652,200000,197210.0272540932,-2789.9727459067944,0.986050136270466
2021-02-28,0,-0.4191848718639039,0.0,0.039735,0.0,0.04562,200000,197210.0272540932,-2789.9727459067944,0.986050136270466
2021-03-01,0,0.6780180082818882,0.0,0.045729,0.0,0.04784,200000,197210.0272540932,-2789.9727459067944,0.986050136270466
2021-03-02,0,0.2685857715468238,0.0,0.043803,0.0,0.04687,200000,197210.0272540932,-2789.9727459067944,0.986050136270466
2021-03-03,2,2.7141355548137613,0.0,0.052864,0.0,0.04883,200000,197210.0272540932,-2789.9727459067944,0.986050136270466
2021-03-04,0,0.7916193915015771,0.0,0.050284,0.0,0.05142,200000,197210.0272540932,-2789.9727459067944,0.986050136270466
2021-03-05,2,1.6345794065734411,0.0,0.05201,0.0,0.05019,200000,197210.0272540932,-2789.9727459067944,0.986050136270466
2021-03-06,2,1.7961784438849355,0.0,0.053272,0.0,0.05015,200000,197210.0272540932,-2789.9727459067944,0.986050136270466
2021-03-07,2,2.0203893137142312,0.0,0.05667,0.0,0.05173,200000,197210.0272540932,-2789.9727459067944,0.986050136270466
2021-03-08,2,2.800698239980924,0.0,0.065316,0.0,0.05307,200000,197210.0272540932,-2789.9727459067944,0.986050136270466
2021-03-09,2,2.1338135530709725,0.0,0.064429,0.0,0.0532,200000,197210.0272540932,-2789.9727459067944,0.986050136270466
2021-03-10,2,1.7170802730953383,0.0,0.061343,0.0,0.05142,200000,197210.0272540932,-2789.9727459067944,0.986050136270466
2021-03-11,2,2.177516034975427,0.0,0.067237,0.0,0.05151,200000,197210.0272540932,-2789.9727459067944,0.986050136270466
2021-03-12,2,1.8862765031113855,0.0,0.065552,0.0,0.04997,200000,197210.0272540932,-2789.9727459067944,0.986050136270466
2021-03-13,2,1.4585325828123756,0.0,0.067523,0.0,0.05291,200000,197210.0272540932,-2789.9727459067944,0.986050136270466
2021-03-14,2,1.3981234980288504,0.0,0.066074,0.0,0.05105,200000,197210.0272540932,-2789.9727459067944,0.986050136270466
2021-03-15,2,2.367717987607861,0.0,0.078901,0.0,0.05069,200000,197210.0272540932,-2789.9727459067944,0.986050136270466
2021-03-16,2,1.484766404891701,0.0,0.074411,0.0,0.05237,200000,197210.0272540932,-2789.9727459067944,0.986050136270466
2021-03-17,2,1.2425563785656948,0.0,0.076673,0.0,0.05483,200000,197210.0272540932,-2789.9727459067944,0.986050136270466
2021-03-18,2,1.373009968286376,0.0,0.077475,0.0,0.05329,200000,197210.0272540932,-2789.9727459067944,0.986050136270466
2021-03-19,0,0.9086074858479783,0.0,0.080765,0.0,0.05862,200000,197210.0272540932,-2789.9727459067944,0.986050136270466
2021-03-20,2,1.28075141146411,0.0,0.089496,0.0,0.0609,200000,197210.0272540932,-2789.9727459067944,0.986050136270466
2021-03-21,2,1.2239855088333336,0.0,0.093802,0.0,0.06337,200000,197210.0272540932,-2789.9727459067944,0.986050136270466
2021-03-22,1,1.1949551119505684,-1115832.629395451,0.088369,1663658.06693178,0.05927,200000,197210.0272540932,-2789.9727459067944,0.986050136270466
2021-03-23,1,0.6942448312871494,-1115832.629395451,0.083028,1663658.06693178,0.05852,200000,190002.62163029326,-9997.378369706741,0.9500131081514663
2021-03-24,2,1.2237764679447831,0.0,0.0846,0.0,0.05568,200000,198976.9865341868,-1023.0134658131865,0.994884932670934
2021-03-25,0,0.7788615083678033,0.0,0.080762,0.0,0.05528,200000,198976.9865341868,-1023.0134658131865,0.994884932670934
2021-03-26,0,0.20390241405740056,0.0,0.090047,0.0,0.06464,200000,198976.9865341868,-1023.0134658131865,0.994884932670934
2021-03-27,0,0.0757016476970843,0.0,0.088445,0.0,0.0636,200000,198976.9865341868,-1023.0134658131865,0.994884932670934
2021-03-28,0,0.3393659171970291,0.0,0.090733,0.0,0.06362,200000,198976.9865341868,-1023.0134658131865,0.994884932670934
2021-03-29,0,0.19991042669180573,0.0,0.092003,0.0,0.06475,200000,198976.9865341868,-1023.0134658131865,0.994884932670934
2021-03-30,0,-0.7486155992795701,0.0,0.089331,0.0,0.06598,200000,198976.9865341868,-1023.0134658131865,0.994884932670934
2021-03-31,-2,-3.5107884943094825,0.0,0.087721,0.0,0.09296,200000,198976.9865341868,-1023.0134658131865,0.994884932670934
2021-04-01,-2,-2.3092234455516056,0.0,0.088056,0.0,0.08543,200000,198976.9865341868,-1023.0134658131865,0.994884932670934
2021-04-02,-2,-2.04662649739418,0.0,0.094023,0.0,0.09232,200000,198976.9865341868,-1023.0134658131865,0.994884932670934
2021-04-03,-2,-2.3735377407739473,0.0,0.087307,0.0,0.10143,200000,198976.9865341868,-1023.0134658131865,0.994884932670934
2021-04-04,-2,-2.4113334767971577,0.0,0.092423,0.0,0.12761,200000,198976.9865341868,-1023.0134658131865,0.994884932670934
2021-04-05,-2,-1.9402191973425817,0.0,0.102343,0.0,0.13655,200000,198976.9865341868,-1023.0134658131865,0.994884932670934
2021-04-06,-2,-1.2324384107455024,0.0,0.111808,0.0,0.12401,200000,198976.9865341868,-1023.0134658131865,0.994884932670934
2021-04-07,0,-0.9294679882502141,0.0,0.105908,0.0,0.11045,200000,198976.9865341868,-1023.0134658131865,0.994884932670934
2021-04-08,0,-0.8912863815616227,0.0,0.116636,0.0,0.12349,200000,198976.9865341868,-1023.0134658131865,0.994884932670934
2021-04-09,0,-0.32786664395711296,0.0,0.125996,0.0,0.11584,200000,198976.9865341868,-1023.0134658131865,0.994884932670934
2021-04-10,0,-0.13856244032264464,0.0,0.141922,0.0,0.1263,200000,198976.9865341868,-1023.0134658131865,0.994884932670934
2021-04-11,0,-0.008454309014368614,0.0,0.139394,0.0,0.12214,200000,198976.9865341868,-1023.0134658131865,0.994884932670934
2021-04-12,0,-0.4832552409102706,0.0,0.128931,0.0,0.12874,200000,198976.9865341868,-1023.0134658131865,0.994884932670934
2021-04-13,0,-0.21326494880224295,0.0,0.153447,0.0,0.14622,200000,198976.9865341868,-1023.0134658131865,0.994884932670934
2021-04-14,0,0.5075149490442786,0.0,0.168004,0.0,0.1404,200000,198976.9865341868,-1023.0134658131865,0.994884932670934
2021-04-15,0,-0.0014780264772483575,0.0,0.175601,0.0,0.16421,200000,198976.9865341868,-1023.0134658131865,0.994884932670934
2021-04-16,2,1.814030858888737,0.0,0.234485,0.0,0.16091,200000,198976.9865341868,-1023.0134658131865,0.994884932670934
2021-04-17,2,1.78393527799776,0.0,0.226425,0.0,0.15535,200000,198976.9865341868,-1023.0134658131865,0.994884932670934
2021-04-18,2,2.6640486001745365,0.0,0.253321,0.0,0.14302,200000,198976.9865341868,-1023.0134658131865,0.994884932670934
2021-04-19,2,2.2203801021397633,0.0,0.228215,0.0,0.12993,200000,198976.9865341868,-1023.0134658131865,0.994884932670934
2021-04-20,2,2.1851723768488074,0.0,0.251237,0.0,0.13279,200000,198976.9865341868,-1023.0134658131865,0.994884932670934
2021-04-21,2,1.7553586801376826,0.0,0.226271,0.0,0.12273,200000,198976.9865341868,-1023.0134658131865,0.994884932670934
2021-04-22,2,1.2901561382751874,0.0,0.190174,0.0,0.11001,200000,198976.9865341868,-1023.0134658131865,0.994884932670934
2021-04-23,2,1.4336777115387134,0.0,0.202086,0.0,0.10915,200000,198976.9865341868,-1023.0134658131865,0.994884932670934
2021-04-24,1,1.0536367524849868,-557592.7883821964,0.178425,970714.1503277726,0.10249,200000,198976.9865341868,-1023.0134658131865,0.994884932670934
2021-04-25,1,0.7483442011359682,-557592.7883821964,0.1683,970714.1503277726,0.10176,200000,192622.7382220778,-7377.261777922191,0.963113691110389
2021-04-26,1,0.544295787882598,-557592.7883821964,0.18849,970714.1503277726,0.11732,200000,218984.84879861446,18984.84879861446,1.0949242439930722
2021-04-27,1,0.5995073497570592,-557592.7883821964,0.2081,970714.1503277726,0.12594,200000,238286.79935461475,38286.79935461475,1.1914339967730738
2021-04-28,1,0.42070696479169817,-557592.7883821964,0.1984,970714.1503277726,0.12266,200000,229694.20689423237,29694.206894232368,1.1484710344711617
2021-04-29,1,0.2266951059066815,-557592.7883821964,0.19127,970714.1503277726,0.12123,200000,224330.44907809858,24330.44907809858,1.121652245390493
2021-04-30,0,-0.032510954519242935,0.0,0.20098,0.0,0.13223,200000,182684.45304539934,-17315.546954600664,0.9134222652269967
2021-05-01,0,0.027269186473844853,0.0,0.20422,0.0,0.13112,200000,182684.45304539934,-17315.546954600664,0.9134222652269967
2021-05-02,0,0.41476855492774894,0.0,0.21488,0.0,0.12759,200000,182684.45304539934,-17315.546954600664,0.9134222652269967
2021-05-03,0,-0.04673929545935198,0.0,0.21084,0.0,0.13159,200000,182684.45304539934,-17315.546954600664,0.9134222652269967
2021-05-04,0,-0.31492287074464687,0.0,0.18753,0.0,0.11917,200000,182684.45304539934,-17315.546954600664,0.9134222652269967
2021-05-05,-2,-1.7302020376568783,0.0,0.20705,0.0,0.14654,200000,182684.45304539934,-17315.546954600664,0.9134222652269967
2021-05-06,-2,-1.6374196613336232,0.0,0.21584,0.0,0.15216,200000,182684.45304539934,-17315.546954600664,0.9134222652269967
2021-05-07,0,-0.668883192362956,0.0,0.2306,0.0,0.14763,200000,182684.45304539934,-17315.546954600664,0.9134222652269967
2021-05-08,0,-0.5973026593437604,0.0,0.2234,0.0,0.14301,200000,182684.45304539934,-17315.546954600664,0.9134222652269967
2021-05-09,0,0.009841040511092698,0.0,0.23386,0.0,0.14295,200000,182684.45304539934,-17315.546954600664,0.9134222652269967
2021-05-10,0,-0.23152878162631688,0.0,0.20262,0.0,0.12716,200000,182684.45304539934,-17315.546954600664,0.9134222652269967
2021-05-11,0,-0.7158650131087656,0.0,0.21269,0.0,0.13893,200000,182684.45304539934,-17315.546954600664,0.9134222652269967
2021-05-12,-2,-1.7618628372296343,0.0,0.1666,0.0,0.11918,200000,182684.45304539934,-17315.546954600664,0.9134222652269967
2021-05-13,0,-0.7963256798346009,0.0,0.18222,0.0,0.12159,200000,182684.45304539934,-17315.546954600664,0.9134222652269967
2021-05-14,0,-0.7458980154273949,0.0,0.18674,0.0,0.12473,200000,182684.45304539934,-17315.546954600664,0.9134222652269967
2021-05-15,-2,-1.401009302812566,0.0,0.17254,0.0,0.12059,200000,182684.45304539934,-17315.546954600664,0.9134222652269967
2021-05-16,0,-0.7854782439037296,0.0,0.17646,0.0,0.11964,200000,182684.45304539934,-17315.546954600664,0.9134222652269967
2021-05-17,-2,-1.5290674740489687,0.0,0.15775,0.0,0.11279,200000,182684.45304539934,-17315.546954600664,0.9134222652269967
2021-05-18,-2,-1.4350941812996434,0.0,0.16183,0.0,0.11627,200000,182684.45304539934,-17315.546954600664,0.9134222652269967
2021-05-19,-2,-1.7819832390766004,0.0,0.10533,0.0,0.07881,200000,182684.45304539934,-17315.546954600664,0.9134222652269967
2021-05-20,0,-0.38712737864558117,0.0,0.13077,0.0,0.08928,200000,182684.45304539934,-17315.546954600664,0.9134222652269967
2021-05-21,-1,-1.0841578980433115,844744.5345667221,0.10813,-1172557.4649897262,0.0779,200000,182684.45304539934,-17315.546954600664,0.9134222652269967
2021-05-22,-2,-1.6657284931312282,0.0,0.09944,0.0,0.07534,200000,187023.53594041045,-12976.464059589547,0.9351176797020523
2021-05-23,0,-0.9830241822406456,0.0,0.08638,0.0,0.06285,200000,187023.53594041045,-12976.464059589547,0.9351176797020523
2021-05-24,0,0.034802494702988414,0.0,0.1124,0.0,0.07696,200000,187023.53594041045,-12976.464059589547,0.9351176797020523
2021-05-25,0,0.008368625449882507,0.0,0.11267,0.0,0.07714,200000,187023.53594041045,-12976.464059589547,0.9351176797020523
2021-05-26,2,1.4526731130360042,0.0,0.13306,0.0,0.08312,200000,187023.53594041045,-12976.464059589547,0.9351176797020523
2021-05-27,0,0.9796877419710992,0.0,0.1238,0.0,0.07949,200000,187023.53594041045,-12976.464059589547,0.9351176797020523
2021-05-28,0,0.4028964537036285,0.0,0.10815,0.0,0.07204,200000,187023.53594041045,-12976.464059589547,0.9351176797020523
2021-05-29,0,-0.21441561776691517,0.0,0.09896,0.0,0.06877,200000,187023.53594041045,-12976.464059589547,0.9351176797020523
2021-05-30,0,0.5973692713540809,0.0,0.10752,0.0,0.07196,200000,187023.53594041045,-12976.464059589547,0.9351176797020523
2021-05-31,2,2.227857363608094,0.0,0.12588,0.0,0.07679,200000,187023.53594041045,-12976.464059589547,0.9351176797020523
2021-06-01,2,1.3921737216705283,0.0,0.12068,0.0,0.07614,200000,187023.53594041045,-12976.464059589547,0.9351176797020523
2021-06-02,2,1.5284424025102292,0.0,0.12573,0.0,0.07804,200000,187023.53594041045,-12976.464059589547,0.9351176797020523
2021-06-03,2,2.355426594813807,0.0,0.14323,0.0,0.08223,200000,187023.53594041045,-12976.464059589547,0.9351176797020523
2021-06-04,2,1.5168400499585861,0.0,0.12902,0.0,0.07714,200000,187023.53594041045,-12976.464059589547,0.9351176797020523
2021-06-05,2,1.268060384997706,0.0,0.12534,0.0,0.07552,200000,187023.53594041045,-12976.464059589547,0.9351176797020523
2021-06-06,1,1.0609405569553216,-732506.4074119163,0.12766,1207382.4140762456,0.07745,200000,187023.53594041045,-12976.464059589547,0.9351176797020523
2021-06-07,1,0.5818810896054283,-732506.4074119163,0.11458,1207382.4140762456,0.0717,200000,170499.9032505242,-29500.096749475808,0.852499516252621
2021-06-08,0,0.17376789256718067,0.0,0.11285,0.0,0.07242,200000,182248.2495894435,-17751.750410556502,0.9112412479472175
2021-06-09,0,0.4188013976727532,0.0,0.11996,0.0,0.07536,200000,182248.2495894435,-17751.750410556502,0.9112412479472175
2021-06-10,0,-0.08545463475641484,0.0,0.11204,0.0,0.07257,200000,182248.2495894435,-17751.750410556502,0.9112412479472175
2021-06-11,0,-0.5263479853335157,0.0,0.10482,0.0,0.06919,200000,182248.2495894435,-17751.750410556502,0.9112412479472175
2021-06-12,0,-0.13356993307057619,0.0,0.10624,0.0,0.06804,200000,182248.2495894435,-17751.750410556502,0.9112412479472175
2021-06-13,0,-0.07558318840513746,0.0,0.11244,0.0,0.07153,200000,182248.2495894435,-17751.750410556502,0.9112412479472175
2021-06-14,0,-0.1398671682629451,0.0,0.11334,0.0,0.07203,200000,182248.2495894435,-17751.750410556502,0.9112412479472175
2021-06-15,0,-0.41182020238434264,0.0,0.11135,0.0,0.07174,200000,182248.2495894435,-17751.750410556502,0.9112412479472175
2021-06-16,0,-0.3090267310625356,0.0,0.10752,0.0,0.06895,200000,182248.2495894435,-17751.750410556502,0.9112412479472175
2021-06-17,-2,-1.7317543886658773,0.0,0.10726,0.0,0.0739,200000,182248.2495894435,-17751.750410556502,0.9112412479472175
2021-06-18,-2,-1.990803049759322,0.0,0.09957,0.0,0.06962,200000,182248.2495894435,-17751.750410556502,0.9112412479472175
2021-06-19,-2,-1.9975254267745184,0.0,0.09639,0.0,0.06827,200000,182248.2495894435,-17751.750410556502,0.9112412479472175
2021-06-20,-2,-1.321398570675124,0.0,0.0984,0.0,0.06768,200000,182248.2495894435,-17751.750410556502,0.9112412479472175
2021-06-21,-2,-1.9509027957226919,0.0,0.07332,0.0,0.05351,200000,182248.2495894435,-17751.750410556502,0.9112412479472175
2021-06-22,-2,-1.3930312063450345,0.0,0.07176,0.0,0.05103,200000,182248.2495894435,-17751.750410556502,0.9112412479472175
2021-06-23,-2,-2.0916699915056354,0.0,0.07614,0.0,0.05797,200000,182248.2495894435,-17751.750410556502,0.9112412479472175
2021-06-24,-2,-2.438739917785522,0.0,0.08077,0.0,0.06611,200000,182248.2495894435,-17751.750410556502,0.9112412479472175
2021-06-25,-2,-2.33777230943067,0.0,0.07209,0.0,0.06139,200000,182248.2495894435,-17751.750410556502,0.9112412479472175
2021-06-26,-2,-1.9744501023438432,0.0,0.074,0.0,0.06274,200000,182248.2495894435,-17751.750410556502,0.9112412479472175
2021-06-27,-2,-1.5799419685005895,0.0,0.07806,0.0,0.06479,200000,182248.2495894435,-17751.750410556502,0.9112412479472175
2021-06-28,-2,-1.3421918745640633,0.0,0.07942,0.0,0.06532,200000,182248.2495894435,-17751.750410556502,0.9112412479472175
2021-06-29,0,-0.5275249145778024,0.0,0.09008,0.0,0.06793,200000,182248.2495894435,-17751.750410556502,0.9112412479472175
2021-06-30,0,-0.3836125079596225,0.0,0.09134,0.0,0.06828,200000,182248.2495894435,-17751.750410556502,0.9112412479472175
2021-07-01,0,-0.5709874048235533,0.0,0.08424,0.0,0.06471,200000,182248.2495894435,-17751.750410556502,0.9112412479472175
2021-07-02,0,-0.5097909615975879,0.0,0.08655,0.0,0.06657,200000,182248.2495894435,-17751.750410556502,0.9112412479472175
2021-07-03,0,-0.38128816906724916,0.0,0.08736,0.0,0.06683,200000,182248.2495894435,-17751.750410556502,0.9112412479472175
2021-07-04,0,-0.33424432868665827,0.0,0.08778,0.0,0.06736,200000,182248.2495894435,-17751.750410556502,0.9112412479472175
2021-07-05,0,-0.3363610652375109,0.0,0.08342,0.0,0.06448,200000,182248.2495894435,-17751.750410556502,0.9112412479472175
2021-07-06,0,-0.1685979759940905,0.0,0.08446,0.0,0.06494,200000,182248.2495894435,-17751.750410556502,0.9112412479472175
2021-07-07,0,-0.1366382059283839,0.0,0.0834,0.0,0.06433,200000,182248.2495894435,-17751.750410556502,0.9112412479472175
2021-07-08,0,-0.687822723147551,0.0,0.07607,0.0,0.06106,200000,182248.2495894435,-17751.750410556502,0.9112412479472175
2021-07-09,0,-0.7042166525073851,0.0,0.07703,0.0,0.06219,200000,182248.2495894435,-17751.750410556502,0.9112412479472175
2021-07-10,0,-0.6754676614997577,0.0,0.07597,0.0,0.06142,200000,182248.2495894435,-17751.750410556502,0.9112412479472175
2021-07-11,0,-0.2898686266762727,0.0,0.07768,0.0,0.06184,200000,182248.2495894435,-17751.750410556502,0.9112412479472175
2021-07-12,0,-0.34129718054862146,0.0,0.07495,0.0,0.06004,200000,182248.2495894435,-17751.750410556502,0.9112412479472175
2021-07-13,0,-0.6669902286991125,0.0,0.07294,0.0,0.05937,200000,182248.2495894435,-17751.750410556502,0.9112412479472175
2021-07-14,0,-0.9977241227096993,0.0,0.07256,0.0,0.05989,200000,182248.2495894435,-17751.750410556502,0.9112412479472175
2021-07-15,-2,-1.4313598292644072,0.0,0.06904,0.0,0.05784,200000,182248.2495894435,-17751.750410556502,0.9112412479472175
2021-07-16,-2,-1.846636389425422,0.0,0.06521,0.0,0.05562,200000,182248.2495894435,-17751.750410556502,0.9112412479472175
2021-07-17,-2,-1.7573640986907935,0.0,0.0655,0.0,0.05597,200000,182248.2495894435,-17751.750410556502,0.9112412479472175
2021-07-18,0,-0.9972935527084626,0.0,0.06755,0.0,0.05592,200000,182248.2495894435,-17751.750410556502,0.9112412479472175
2021-07-19,-2,-1.7654666470160922,0.0,0.0618,0.0,0.05345,200000,182248.2495894435,-17751.750410556502,0.9112412479472175
2021-07-20,-2,-1.7791146221261935,0.0,0.05773,0.0,0.05045,200000,182248.2495894435,-17751.750410556502,0.9112412479472175
2021-07-21,0,-0.21074660567831974,0.0,0.06605,0.0,0.05388,200000,182248.2495894435,-17751.750410556502,0.9112412479472175
2021-07-22,0,-0.13600374581223923,0.0,0.06777,0.0,0.05526,200000,182248.2495894435,-17751.750410556502,0.9112412479472175
2021-07-23,0,0.7622577783152403,0.0,0.07099,0.0,0.056,200000,182248.2495894435,-17751.750410556502,0.9112412479472175
2021-07-24,0,0.6932137429141643,0.0,0.07219,0.0,0.05727,200000,182248.2495894435,-17751.750410556502,0.9112412479472175
2021-07-25,2,1.2485786030070725,0.0,0.07438,0.0,0.05791,200000,182248.2495894435,-17751.750410556502,0.9112412479472175
2021-07-26,2,2.0592950343269365,0.0,0.07754,0.0,0.05842,200000,182248.2495894435,-17751.750410556502,0.9112412479472175
2021-07-27,2,2.741494927257565,0.0,0.08396,0.0,0.06019,200000,182248.2495894435,-17751.750410556502,0.9112412479472175
2021-07-28,2,1.8984665649766783,0.0,0.08283,0.0,0.0607,200000,182248.2495894435,-17751.750410556502,0.9112412479472175
2021-07-29,2,1.3228625227069482,0.0,0.08266,0.0,0.06185,200000,182248.2495894435,-17751.750410556502,0.9112412479472175
2021-07-30,2,1.467628719456603,0.0,0.08596,0.0,0.06325,200000,182248.2495894435,-17751.750410556502,0.9112412479472175
2021-07-31,2,1.7687161579556272,0.0,0.08962,0.0,0.06396,200000,182248.2495894435,-17751.750410556502,0.9112412479472175
2021-08-01,1,1.10779194455011,-1062795.9504866078,0.08574,1441837.4176380022,0.0632,200000,182248.2495894435,-17751.750410556502,0.9112412479472175
2021-08-02,1,0.7370658721441189,-1062795.9504866078,0.08606,1441837.4176380022,0.06463,200000,184650.17180082155,-15349.828199178446,0.9232508590041077
2021-08-03,1,0.6902102034937543,-1062795.9504866078,0.0854,1441837.4176380022,0.06403,200000,183083.6240229176,-16916.37597708241,0.9154181201145879
2021-08-04,1,0.3729622922947179,-1062795.9504866078,0.08841,1441837.4176380022,0.06737,200000,191098.37680879323,-8901.623191206774,0.9554918840439661
2021-08-05,0,0.09237940984656019,0.0,0.09082,0.0,0.07013,200000,177655.31971368415,-22344.680286315852,0.8882765985684208
2021-08-06,0,0.6327457457782868,0.0,0.09665,0.0,0.07196,200000,177655.31971368415,-22344.680286315852,0.8882765985684208
2021-08-07,1,1.001626279532324,-856500.4325218598,0.10371,1180120.3647780267,0.07527,200000,177655.31971368415,-22344.680286315852,0.8882765985684208
2021-08-08,2,1.3515323219647095,0.0,0.1013,0.0,0.07192,200000,179544.55689331287,-20455.443106687133,0.8977227844665643
2021-08-09,2,1.6821389890628198,0.0,0.10574,0.0,0.07395,200000,179544.55689331287,-20455.443106687133,0.8977227844665643
2021-08-10,2,1.474094583142627,0.0,0.10633,0.0,0.07464,200000,179544.55689331287,-20455.443106687133,0.8977227844665643
2021-08-11,0,-0.3383288803204274,0.0,0.11096,0.0,0.08341,200000,179544.55689331287,-20455.443106687133,0.8977227844665643
2021-08-12,-2,-1.4934294145400482,0.0,0.10725,0.0,0.08415,200000,179544.55689331287,-20455.443106687133,0.8977227844665643
2021-08-13,0,-0.04259550444709406,0.0,0.12083,0.0,0.08951,200000,179544.55689331287,-20455.443106687133,0.8977227844665643
2021-08-14,1,1.0981192744875086,-689813.1123917046,0.13014,969044.4564621808,0.09264,200000,179544.55689331287,-20455.443106687133,0.8977227844665643
2021-08-15,2,2.532014471918877,0.0,0.13937,0.0,0.09295,200000,185611.12813918502,-14388.87186081498,0.928055640695925
2021-08-16,2,1.3052755478919642,0.0,0.12869,0.0,0.08936,200000,185611.12813918502,-14388.87186081498,0.928055640695925
2021-08-17,0,0.34177194426635293,0.0,0.11816,0.0,0.08509,200000,185611.12813918502,-14388.87186081498,0.928055640695925
2021-08-18,0,0.7259831487881189,0.0,0.11955,0.0,0.08456,200000,185611.12813918502,-14388.87186081498,0.928055640695925
2021-08-19,2,1.5994651613468007,0.0,0.13013,0.0,0.08825,200000,185611.12813918502,-14388.87186081498,0.928055640695925
2021-08-20,2,1.3567649766028993,0.0,0.13295,0.0,0.09059,200000,185611.12813918502,-14388.87186081498,0.928055640695925
2021-08-21,1,1.0788403040813717,-723799.4390078967,0.12822,1054728.5381247017,0.08799,200000,185611.12813918502,-14388.87186081498,0.928055640695925
2021-08-22,1,0.9771487981432323,-723799.4390078967,0.12817,1054728.5381247017,0.08795,200000,185532.74902570964,-14467.250974290364,0.9276637451285482
2021-08-23,1,0.9884832869915208,-723799.4390078967,0.13164,1054728.5381247017,0.08987,200000,190069.4118722665,-9930.5881277335,0.9503470593613325
2021-08-24,1,0.44197544816390716,-723799.4390078967,0.12128,1054728.5381247017,0.08457,200000,176980.78843208373,-23019.211567916267,0.8849039421604187
2021-08-25,1,0.723125629995145,-723799.4390078967,0.1275,1054728.5381247017,0.08758,200000,184657.55384246822,-15342.446157531784,0.9232877692123411
2021-08-26,0,-0.39540201262408337,0.0,0.11591,0.0,0.08303,200000,181932.6105940963,-18067.389405903697,0.9096630529704816
2021-08-27,0,0.54059036431509,0.0,0.12803,0.0,0.08828,200000,181932.6105940963,-18067.389405903697,0.9096630529704816
2021-08-28,0,-0.4464358798831305,0.0,0.12328,0.0,0.08829,200000,181932.6105940963,-18067.389405903697,0.9096630529704816
2021-08-29,0,-0.4160319641026939,0.0,0.12352,0.0,0.08847,200000,181932.6105940963,-18067.389405903697,0.9096630529704816
2021-08-30,-1,-1.0101055614979966,776892.1794948173,0.11709,-1055783.4876630472,0.08616,200000,181932.6105940963,-18067.389405903697,0.9096630529704816
2021-08-31,-1,-0.6490082487283197,776892.1794948173,0.12282,-1055783.4876630472,0.08875,200000,189118.6820156489,-10881.317984351102,0.9455934100782445
2021-09-01,0,0.44808473155849293,0.0,0.13728,0.0,0.095,200000,175580.2835210373,-24419.716478962713,0.8779014176051865
2021-09-02,0,0.17287581580806763,0.0,0.14307,0.0,0.09953,200000,175580.2835210373,-24419.716478962713,0.8779014176051865
2021-09-03,0,-0.6679186602199854,0.0,0.14294,0.0,0.10161,200000,175580.2835210373,-24419.716478962713,0.8779014176051865
2021-09-04,0,-0.021754819374631,0.0,0.14477,0.0,0.10146,200000,175580.2835210373,-24419.716478962713,0.8779014176051865
2021-09-05,1,1.0194620634730516,-570399.2057729755,0.15391,834586.3842619892,0.10519,200000,175580.2835210373,-24419.716478962713,0.8779014176051865
2021-09-06,1,0.4056745431720116,-570399.2057729755,0.14998,834586.3842619892,0.10381,200000,172186.88543206797,-27813.114567932033,0.8609344271603399
2021-09-07,0,0.1861242522419283,0.0,0.12286,0.0,0.08539,200000,174394.1985901738,-25605.801409826207,0.871970992950869
2021-09-08,-2,-3.166057689444708,0.0,0.11837,0.0,0.09272,200000,174394.1985901738,-25605.801409826207,0.871970992950869
2021-09-09,-2,-2.0823676689903374,0.0,0.12163,0.0,0.09303,200000,174394.1985901738,-25605.801409826207,0.871970992950869
2021-09-10,-2,-2.577087913009064,0.0,0.11252,0.0,0.09075,200000,174394.1985901738,-25605.801409826207,0.871970992950869
2021-09-11,-2,-2.4115705660879923,0.0,0.11549,0.0,0.09555,200000,174394.1985901738,-25605.801409826207,0.871970992950869
2021-09-12,-2,-2.963910276603682,0.0,0.11984,0.0,0.11241,200000,174394.1985901738,-25605.801409826207,0.871970992950869
2021-09-13,-2,-2.2983489540122948,0.0,0.11245,0.0,0.10462,200000,174394.1985901738,-25605.801409826207,0.871970992950869
2021-09-14,-2,-2.3505191534958634,0.0,0.11764,0.0,0.11822,200000,174394.1985901738,-25605.801409826207,0.871970992950869
2021-09-15,-2,-1.892808464055251,0.0,0.12206,0.0,0.12069,200000,174394.1985901738,-25605.801409826207,0.871970992950869
2021-09-16,-2,-1.6751210886257009,0.0,0.11669,0.0,0.11594,200000,174394.1985901738,-25605.801409826207,0.871970992950869
2021-09-17,-2,-1.234616074667227,0.0,0.11145,0.0,0.10545,200000,174394.1985901738,-25605.801409826207,0.871970992950869
2021-09-18,-1,-1.0620768575088946,771860.6647347694,0.11297,-823702.0526647166,0.10586,200000,174394.1985901738,-25605.801409826207,0.871970992950869
2021-09-19,-1,-1.0784126258024413,771860.6647347694,0.10824,-823702.0526647166,0.10369,200000,168955.86419169593,-31044.13580830407,0.8447793209584796
2021-09-20,-1,-1.1679627504617216,771860.6647347694,0.09176,-823702.0526647166,0.0914,200000,146112.3022096175,-53887.69779038249,0.7305615110480876
2021-09-21,-1,-1.1953387278209417,771860.6647347694,0.0861,-823702.0526647166,0.08826,200000,139157.14640185155,-60842.853598148446,0.6957857320092578
2021-09-22,-1,-0.9264928889988845,771860.6647347694,0.09956,-823702.0526647166,0.09876,200000,158195.26250216103,-41804.73749783897,0.7909763125108051
2021-09-23,-1,-0.7346909188895603,771860.6647347694,0.10202,-823702.0526647166,0.09923,200000,160481.179702161,-39518.820297839,0.802405898510805
2021-09-24,-1,-0.8121266299643283,771860.6647347694,0.09229,-823702.0526647166,0.09226,200000,147229.7721272186,-52770.2278727814,0.7361488606360931
2021-09-25,-1,-0.7904591724465319,771860.6647347694,0.08994,-823702.0526647166,0.09055,200000,144007.36905503526,-55992.63094496474,0.7200368452751763
2021-09-26,-1,-0.37869235833731857,771860.6647347694,0.09149,-823702.0526647166,0.08769,200000,142847.96521475306,-57152.03478524694,0.7142398260737652
2021-09-27,-1,-0.6548924589869798,771860.6647347694,0.08634,-823702.0526647166,0.08599,200000,137472.58930183898,-62527.410698161024,0.6873629465091948
2021-09-28,-1,-0.7912532363960639,771860.6647347694,0.08173,-823702.0526647166,0.08305,200000,131492.6276025774,-68507.37239742259,0.657463138012887
2021-09-29,-1,-0.7587924479583716,771860.6647347694,0.08468,-823702.0526647166,0.08581,200000,136043.0342288996,-63956.9657711004,0.680215171144498
2021-09-30,0,0.7916010581722083,0.0,0.09598,0.0,0.08943,200000,173974.68655873626,-26025.313441263745,0.8698734327936812
2021-10-01,2,2.715797682123932,0.0,0.10825,0.0,0.09481,200000,173974.68655873626,-26025.313441263745,0.8698734327936812
2021-10-02,2,2.8553063368448357,0.0,0.11131,0.0,0.09338,200000,173974.68655873626,-26025.313441263745,0.8698734327936812
2021-10-03,2,2.0119802697638103,0.0,0.11042,0.0,0.09494,200000,173974.68655873626,-26025.313441263745,0.8698734327936812
2021-10-04,2,1.8157439261652817,0.0,0.10939,0.0,0.09351,200000,173974.68655873626,-26025.313441263745,0.8698734327936812
2021-10-05,2,1.6931044156437243,0.0,0.11342,0.0,0.09618,200000,173974.68655873626,-26025.313441263745,0.8698734327936812
2021-10-06,2,1.4594185827205053,0.0,0.11231,0.0,0.09549,200000,173974.68655873626,-26025.313441263745,0.8698734327936812
2021-10-07,2,1.2467727910074162,0.0,0.11169,0.0,0.09547,200000,173974.68655873626,-26025.313441263745,0.8698734327936812
2021-10-08,0,0.8271655442905103,0.0,0.11152,0.0,0.09771,200000,173974.68655873626,-26025.313441263745,0.8698734327936812
2021-10-09,0,0.89648683543672,0.0,0.11892,0.0,0.10306,200000,173974.68655873626,-26025.313441263745,0.8698734327936812
2021-10-10,0,0.5610420293921791,0.0,0.11031,0.0,0.09747,200000,173974.68655873626,-26025.313441263745,0.8698734327936812
2021-10-11,0,0.3950879566554997,0.0,0.10911,0.0,0.09707,200000,173974.68655873626,-26025.313441263745,0.8698734327936812
2021-10-12,0,0.2543800864698367,0.0,0.10675,0.0,0.09549,200000,173974.68655873626,-26025.313441263745,0.8698734327936812
2021-10-13,0,0.9704004943037107,0.0,0.11553,0.0,0.09793,200000,173974.68655873626,-26025.313441263745,0.8698734327936812
2021-10-14,2,1.4157678979077026,0.0,0.11916,0.0,0.09729,200000,173974.68655873626,-26025.313441263745,0.8698734327936812
2021-10-15,1,1.1939655959508628,-725680.6813995839,0.11987,882135.1108342777,0.09861,200000,173974.68655873626,-26025.313441263745,0.8698734327936812
2021-10-16,1,1.0707594482619593,-725680.6813995839,0.1199,882135.1108342777,0.09871,200000,174084.6704902617,-25915.32950973831,0.8704233524513084
2021-10-17,2,1.305718812463292,0.0,0.12223,0.0,0.0987,200000,175607.9008068642,-24392.0991931358,0.878039504034321
2021-10-18,0,0.8208043039565126,0.0,0.11844,0.0,0.0981,200000,175607.9008068642,-24392.0991931358,0.878039504034321
2021-10-19,0,-0.34320540036767827,0.0,0.11608,0.0,0.10055,200000,175607.9008068642,-24392.0991931358,0.878039504034321
2021-10-20,0,0.2912620849991314,0.0,0.12223,0.0,0.10324,200000,175607.9008068642,-24392.0991931358,0.878039504034321
2021-10-21,2,2.7315117460597924,0.0,0.12953,0.0,0.09958,200000,175607.9008068642,-24392.0991931358,0.878039504034321
2021-10-22,2,2.265391725533626,0.0,0.13015,0.0,0.09982,200000,175607.9008068642,-24392.0991931358,0.878039504034321
2021-10-23,2,2.458199455534316,0.0,0.13596,0.0,0.10066,200000,175607.9008068642,-24392.0991931358,0.878039504034321
2021-10-24,2,1.87618658176569,0.0,0.13237,0.0,0.09913,200000,175607.9008068642,-24392.0991931358,0.878039504034321
2021-10-25,2,2.370824537235929,0.0,0.14248,0.0,0.10074,200000,175607.9008068642,-24392.0991931358,0.878039504034321
2021-10-26,2,1.7593924345836485,0.0,0.14029,0.0,0.10112,200000,175607.9008068642,-24392.0991931358,0.878039504034321
2021-10-27,2,1.3905321079201196,0.0,0.12415,0.0,0.09064,200000,175607.9008068642,-24392.0991931358,0.878039504034321
2021-10-28,2,1.2101967812714252,0.0,0.13007,0.0,0.09527,200000,175607.9008068642,-24392.0991931358,0.878039504034321
2021-10-29,2,1.2270801862031717,0.0,0.13746,0.0,0.0996,200000,175607.9008068642,-24392.0991931358,0.878039504034321
2021-10-30,0,0.251685360427507,0.0,0.13058,0.0,0.10111,200000,175607.9008068642,-24392.0991931358,0.878039504034321
2021-10-31,0,0.3875833591625468,0.0,0.13311,0.0,0.10152,200000,175607.9008068642,-24392.0991931358,0.878039504034321
2021-11-01,0,0.8679357329190623,0.0,0.13658,0.0,0.10048,200000,175607.9008068642,-24392.0991931358,0.878039504034321
2021-11-02,0,0.10935204012691363,0.0,0.14015,0.0,0.10748,200000,175607.9008068642,-24392.0991931358,0.878039504034321
2021-11-03,0,-0.04127645136279242,0.0,0.13722,0.0,0.10587,200000,175607.9008068642,-24392.0991931358,0.878039504034321
2021-11-04,2,2.0263497146498985,0.0,0.15264,0.0,0.10329,200000,175607.9008068642,-24392.0991931358,0.878039504034321
2021-11-05,2,2.189006846967469,0.0,0.1581,0.0,0.10346,200000,175607.9008068642,-24392.0991931358,0.878039504034321
2021-11-06,2,2.150582804445978,0.0,0.16057,0.0,0.10252,200000,175607.9008068642,-24392.0991931358,0.878039504034321
2021-11-07,2,1.2274287744335082,0.0,0.15506,0.0,0.1045,200000,175607.9008068642,-24392.0991931358,0.878039504034321
2021-11-08,2,2.11665363339374,0.0,0.17603,0.0,0.10993,200000,175607.9008068642,-24392.0991931358,0.878039504034321
2021-11-09,1,1.0254079349250824,-513623.5765044288,0.17095,767785.5054514874,0.11436,200000,175607.9008068642,-24392.0991931358,0.878039504034321
2021-11-10,2,1.2029335769624725,0.0,0.16257,0.0,0.10662,200000,177246.3950479516,-22753.604952048394,0.886231975239758
2021-11-11,1,1.0070914818978347,-536687.4433717423,0.16513,813579.3401631856,0.10893,200000,177246.3950479516,-22753.604952048394,0.886231975239758
2021-11-12,1,0.4737122453035674,-536687.4433717423,0.15866,813579.3401631856,0.10796,200000,172984.85532937816,-27015.14467062184,0.8649242766468908
2021-11-13,0,-0.03450268569621692,0.0,0.16039,0.0,0.11255,200000,171757.33935497882,-28242.660645021184,0.858786696774894
2021-11-14,0,-0.4711834108482585,0.0,0.16169,0.0,0.117,200000,171757.33935497882,-28242.660645021184,0.858786696774894
2021-11-15,-1,-1.0956175520494256,527121.7142001559,0.16292,-693688.7696081536,0.1238,200000,171757.33935497882,-28242.660645021184,0.858786696774894
2021-11-16,-1,-1.0122062348616043,527121.7142001559,0.14428,-693688.7696081536,0.10934,200000,151901.050993754,-48098.949006245995,0.75950525496877
2021-11-17,-1,-1.095918617855626,527121.7142001559,0.14514,-693688.7696081536,0.11119,200000,153637.6998917412,-46362.30010825879,0.768188499458706
2021-11-18,-2,-1.209510764768436,0.0,0.12889,0.0,0.10038,200000,173449.10030498717,-26550.899695012835,0.8672455015249358
2021-11-19,0,-0.7156017943409894,0.0,0.13927,0.0,0.10387,200000,173449.10030498717,-26550.899695012835,0.8672455015249358
2021-11-20,0,-0.8679691801605941,0.0,0.13952,0.0,0.10519,200000,173449.10030498717,-26550.899695012835,0.8672455015249358
2021-11-21,-2,-1.507481199615454,0.0,0.13252,0.0,0.10643,200000,173449.10030498717,-26550.899695012835,0.8672455015249358
2021-11-22,-2,-1.4479030321772541,0.0,0.12656,0.0,0.10182,200000,173449.10030498717,-26550.899695012835,0.8672455015249358
2021-11-23,-1,-1.1548258753966911,662171.1090516422,0.13097,-843377.9067635279,0.10283,200000,173449.10030498717,-26550.899695012835,0.8672455015249358
2021-11-24,-2,-1.2376365866548953,0.0,0.1221,0.0,0.09785,200000,175122.53606659287,-24877.463933407125,0.8756126803329644
2021-11-25,0,-0.9074432430443224,0.0,0.12782,0.0,0.10019,200000,175122.53606659287,-24877.463933407125,0.8756126803329644
2021-11-26,-2,-1.2061426066052798,0.0,0.11336,0.0,0.09229,200000,175122.53606659287,-24877.463933407125,0.8756126803329644
2021-11-27,-1,-1.1355501675065447,767273.6420723487,0.11412,-937988.945187964,0.09335,200000,175122.53606659287,-24877.463933407125,0.8756126803329644
2021-11-28,-1,-1.0893052864286483,767273.6420723487,0.11639,-937988.945187964,0.09518,200000,178580.76700379106,-21419.232996208942,0.8929038350189553
2021-11-29,-1,-0.6824455011314721,767273.6420723487,0.1213,-937988.945187964,0.09655,200000,183633.12544127382,-16366.87455872618,0.9181656272063691
2021-11-30,-1,-0.8592106412457845,767273.6420723487,0.11917,-937988.945187964,0.09652,200000,181970.6929153041,-18029.3070846959,0.9098534645765205
2021-12-01,-1,-1.0271059564296945,767273.6420723487,0.1182,-937988.945187964,0.09688,200000,181564.11350276158,-18435.886497238418,0.9078205675138079
2021-12-02,-2,-1.5000820481441604,0.0,0.11582,0.0,0.0975,200000,177710.82499759994,-22289.175002400065,0.8885541249879997
2021-12-03,-2,-1.9559998345344098,0.0,0.10858,0.0,0.09388,200000,177710.82499759994,-22289.175002400065,0.8885541249879997
2021-12-04,-2,-2.4203366167769347,0.0,0.09656,0.0,0.08696,200000,177710.82499759994,-22289.175002400065,0.8885541249879997
2021-12-05,-2,-2.503460332426544,0.0,0.08979,0.0,0.08432,200000,177710.82499759994,-22289.175002400065,0.8885541249879997
2021-12-06,-2,-2.0509886330586857,0.0,0.09339,0.0,0.08729,200000,177710.82499759994,-22289.175002400065,0.8885541249879997
2021-12-07,-2,-2.2420626569013438,0.0,0.09151,0.0,0.08999,200000,177710.82499759994,-22289.175002400065,0.8885541249879997
2021-12-08,-2,-1.856058412508279,0.0,0.09448,0.0,0.09237,200000,177710.82499759994,-22289.175002400065,0.8885541249879997
2021-12-09,-2,-2.1056140274977184,0.0,0.08553,0.0,0.08861,200000,177710.82499759994,-22289.175002400065,0.8885541249879997
2021-12-10,-2,-2.163571254048047,0.0,0.08056,0.0,0.08771,200000,177710.82499759994,-22289.175002400065,0.8885541249879997
2021-12-11,-2,-1.7021943589358355,0.0,0.08617,0.0,0.0916,200000,177710.82499759994,-22289.175002400065,0.8885541249879997
2021-12-12,-2,-1.4016967496261825,0.0,0.08698,0.0,0.09101,200000,177710.82499759994,-22289.175002400065,0.8885541249879997
2021-12-13,-2,-1.580206441042264,0.0,0.07717,0.0,0.08497,200000,177710.82499759994,-22289.175002400065,0.8885541249879997
2021-12-14,-2,-1.3653717355525508,0.0,0.07969,0.0,0.08707,200000,177710.82499759994,-22289.175002400065,0.8885541249879997
2021-12-15,-1,-1.0117852339925861,1069773.8080760892,0.08306,-1015026.416481608,0.08754,200000,177710.82499759994,-22289.175002400065,0.8885541249879997
2021-12-16,-1,-0.8647169551402349,1069773.8080760892,0.08158,-1015026.416481608,0.08533,200000,173884.35138122295,-26115.64861877705,0.8694217569061148
2021-12-17,-1,-0.3880353869055304,1069773.8080760892,0.08008,-1015026.416481608,0.07951,200000,166372.2369251859,-33627.76307481411,0.8318611846259294
2021-12-18,0,0.008976910584236532,0.0,0.08413,0.0,0.08042,200000,169339.17893760948,-30660.821062390518,0.8466958946880474
2021-12-19,0,-0.2193747271303247,0.0,0.08026,0.0,0.07944,200000,169339.17893760948,-30660.821062390518,0.8466958946880474
2021-12-20,0,0.025419540618606417,0.0,0.0795,0.0,0.07759,200000,169339.17893760948,-30660.821062390518,0.8466958946880474
2021-12-21,0,0.5336188924522188,0.0,0.08326,0.0,0.07884,200000,169339.17893760948,-30660.821062390518,0.8466958946880474
2021-12-22,2,1.2504097184976941,0.0,0.08684,0.0,0.07913,200000,169339.17893760948,-30660.821062390518,0.8466958946880474
2021-12-23,2,1.7313921858599148,0.0,0.09299,0.0,0.08274,200000,169339.17893760948,-30660.821062390518,0.8466958946880474
2021-12-24,2,1.8318257885544085,0.0,0.09185,0.0,0.08085,200000,169339.17893760948,-30660.821062390518,0.8466958946880474
2021-12-25,2,1.929547783773217,0.0,0.09468,0.0,0.08153,200000,169339.17893760948,-30660.821062390518,0.8466958946880474
2021-12-26,2,1.7135685483871366,0.0,0.09447,0.0,0.08149,200000,169339.17893760948,-30660.821062390518,0.8466958946880474
2021-12-27,2,1.9179245128755333,0.0,0.09773,0.0,0.08114,200000,169339.17893760948,-30660.821062390518,0.8466958946880474
2021-12-28,1,1.0765957494916558,-966327.20233742,0.08762,1097751.7109918934,0.07713,200000,169339.17893760948,-30660.821062390518,0.8466958946880474
2021-12-29,1,0.42652291503740564,-966327.20233742,0.08258,1097751.7109918934,0.0765,200000,163777.306259904,-36222.693740096,0.8188865312995199
2021-12-30,1,0.43763793020779956,-966327.20233742,0.08461,1097751.7109918934,0.07782,200000,167187.98273915827,-32812.017260841734,0.8359399136957913
2021-12-31,1,0.47029984515777895,-966327.20233742,0.08267,1097751.7109918934,0.07539,200000,162645.77130891336,-37354.22869108664,0.8132288565445668
2022-01-01,1,0.7724303981052544,-966327.20233742,0.08658,1097751.7109918934,0.0766,200000,167752.39024035286,-32247.609759647137,0.8387619512017643
2022-01-02,1,0.6111541668226793,-966327.20233742,0.08714,1097751.7109918934,0.07762,200000,169413.24021887354,-30586.759781126457,0.8470662010943677
2022-01-03,1,0.42994909583514496,-966327.20233742,0.08587,1097751.7109918934,0.07705,200000,167560.28619663964,-32439.713803360355,0.8378014309831983
2022-01-04,1,0.6086657276770594,-966327.20233742,0.0859,1097751.7109918934,0.07592,200000,166348.81657928892,-33651.18342071108,0.8317440828964446
2022-01-05,2,1.5047371806729295,0.0,0.08461,0.0,0.07112,200000,173028.0218416351,-26971.978158364887,0.8651401092081755
2022-01-06,0,0.9326868111083245,0.0,0.08257,0.0,0.07106,200000,173028.0218416351,-26971.978158364887,0.8651401092081755
2022-01-07,0,0.6746070473829172,0.0,0.07861,0.0,0.0682,200000,173028.0218416351,-26971.978158364887,0.8651401092081755
2022-01-08,0,0.6381294066192965,0.0,0.07545,0.0,0.06539,200000,173028.0218416351,-26971.978158364887,0.8651401092081755
2022-01-09,0,0.7120886752019141,0.0,0.07663,0.0,0.06611,200000,173028.0218416351,-26971.978158364887,0.8651401092081755
2022-01-10,0,0.4266062619585175,0.0,0.07302,0.0,0.06342,200000,173028.0218416351,-26971.978158364887,0.8651401092081755
2022-01-11,1,1.1787471117259163,-1129278.3046706377,0.07661,1332419.69691695,0.06493,200000,173028.0218416351,-26971.978158364887,0.8651401092081755
2022-01-12,2,1.810454872828951,0.0,0.08238,0.0,0.06806,200000,175373.48400823463,-24626.515991765365,0.8768674200411731
2022-01-13,0,0.7457778394531686,0.0,0.07777,0.0,0.0662,200000,175373.48400823463,-24626.515991765365,0.8768674200411731
2022-01-14,0,0.533031334596073,0.0,0.07898,0.0,0.06765,200000,175373.48400823463,-24626.515991765365,0.8768674200411731
2022-01-15,0,-0.002551887624074597,0.0,0.07851,0.0,0.06842,200000,175373.48400823463,-24626.515991765365,0.8768674200411731
2022-01-16,0,-0.617665769371676,0.0,0.07844,0.0,0.06988,200000,175373.48400823463,-24626.515991765365,0.8768674200411731
2022-01-17,-2,-2.0324626864928916,0.0,0.07519,0.0,0.07085,200000,175373.48400823463,-24626.515991765365,0.8768674200411731
2022-01-18,-2,-1.4853989188273462,0.0,0.07414,0.0,0.06846,200000,175373.48400823463,-24626.515991765365,0.8768674200411731
2022-01-19,-2,-2.5243615050146317,0.0,0.07073,0.0,0.06915,200000,175373.48400823463,-24626.515991765365,0.8768674200411731
2022-01-20,-2,-2.467774118036386,0.0,0.0676,0.0,0.06773,200000,175373.48400823463,-24626.515991765365,0.8768674200411731
2022-01-21,-2,-2.624782517003579,0.0,0.05746,0.0,0.06103,200000,175373.48400823463,-24626.515991765365,0.8768674200411731
2022-01-22,-2,-2.418616120463158,0.0,0.05163,0.0,0.0568,200000,175373.48400823463,-24626.515991765365,0.8768674200411731
2022-01-23,-2,-1.9022607400940565,0.0,0.05314,0.0,0.05752,200000,175373.48400823463,-24626.515991765365,0.8768674200411731
2022-01-24,-2,-1.5737971580623527,0.0,0.05142,0.0,0.05506,200000,175373.48400823463,-24626.515991765365,0.8768674200411731
2022-01-25,-1,-1.186056092779924,1635031.5495826462,0.05363,-1569197.2441681696,0.05588,200000,175373.48400823463,-24626.515991765365,0.8768674200411731
2022-01-26,-1,-1.1567942054396925,1635031.5495826462,0.05337,-1569197.2441681696,0.0562,200000,175450.51892347698,-24549.48107652302,0.8772525946173849
2022-01-27,-2,-1.232507458605763,0.0,0.05237,0.0,0.05649,200000,178390.83407965134,-21609.165920348663,0.8919541703982566
2022-01-28,-1,-1.0333218871238792,1654217.6750709508,0.05392,-1549338.4929620577,0.05757,200000,178390.83407965134,-21609.165920348663,0.8919541703982566
2022-01-29,-2,-1.2111613533738224,0.0,0.05449,0.0,0.06034,200000,181739.5976303658,-18260.40236963419,0.908697988151829
2022-01-30,-1,-1.148350275493236,1728877.4508215925,0.05256,-1549885.7038236894,0.05863,200000,181739.5976303658,-18260.40236963419,0.908697988151829
2022-01-31,-1,-0.9195767366165596,1728877.4508215925,0.05385,-1549885.7038236894,0.05906,200000,184636.30039456987,-15363.699605430127,0.9231815019728493
