date,statusList,zscore,WAVESUSDT_position,WAVESUSDT_price,HOTUSDT_position,HOTUSDT_price,init,total_asset,pnl,return
2020-01-01,0,,0.0,1.0446,0.0,0.0006275,200000,200000.0,0.0,1.0
2020-01-02,0,,0.0,0.9459,0.0,0.0006035,200000,200000.0,0.0,1.0
2020-01-03,0,,0.0,0.9526,0.0,0.0006794,200000,200000.0,0.0,1.0
2020-01-04,0,,0.0,0.9458,0.0,0.0006796,200000,200000.0,0.0,1.0
2020-01-05,0,,0.0,0.8872,0.0,0.0006708,200000,200000.0,0.0,1.0
2020-01-06,0,,0.0,0.8949,0.0,0.000703,200000,200000.0,0.0,1.0
2020-01-07,0,,0.0,0.8853,0.0,0.0006815,200000,200000.0,0.0,1.0
2020-01-08,0,,0.0,0.851,0.0,0.0006721,200000,200000.0,0.0,1.0
2020-01-09,0,,0.0,0.8231,0.0,0.000671,200000,200000.0,0.0,1.0
2020-01-10,0,,0.0,0.8244,0.0,0.0006865,200000,200000.0,0.0,1.0
2020-01-11,0,,0.0,0.8561,0.0,0.00067,200000,200000.0,0.0,1.0
2020-01-12,0,,0.0,0.8447,0.0,0.0006813,200000,200000.0,0.0,1.0
2020-01-13,0,,0.0,0.86,0.0,0.000674,200000,200000.0,0.0,1.0
2020-01-14,0,,0.0,0.8637,0.0,0.0007056,200000,200000.0,0.0,1.0
2020-01-15,0,,0.0,0.896,0.0,0.0007118,200000,200000.0,0.0,1.0
2020-01-16,0,,0.0,0.8809,0.0,0.0006959,200000,200000.0,0.0,1.0
2020-01-17,0,,0.0,0.9,0.0,0.0007304,200000,200000.0,0.0,1.0
2020-01-18,0,,0.0,0.8783,0.0,0.0007145,200000,200000.0,0.0,1.0
2020-01-19,0,,0.0,0.8889,0.0,0.0006752,200000,200000.0,0.0,1.0
2020-01-20,0,-0.2313012378400236,0.0,0.8673,0.0,0.0006756,200000,200000.0,0.0,1.0
2020-01-21,0,0.22051514371504216,0.0,0.8723,0.0,0.0006651,200000,200000.0,0.0,1.0
2020-01-22,0,0.827515196547527,0.0,0.8862,0.0,0.0006688,200000,200000.0,0.0,1.0
2020-01-23,2,1.9440856894513998,0.0,0.8726,0.0,0.0006333,200000,200000.0,0.0,1.0
2020-01-24,2,1.5194451093660695,0.0,0.8552,0.0,0.0006346,200000,200000.0,0.0,1.0
2020-01-25,2,1.8263104058581476,0.0,0.8512,0.0,0.000621,200000,200000.0,0.0,1.0
2020-01-26,2,1.6447045354617764,0.0,0.8718,0.0,0.0006347,200000,200000.0,0.0,1.0
2020-01-27,0,0.811010414362808,0.0,0.868,0.0,0.0006521,200000,200000.0,0.0,1.0
2020-01-28,2,1.3086085686478661,0.0,0.8856,0.0,0.000648,200000,200000.0,0.0,1.0
2020-01-29,0,0.62627345871333,0.0,0.8699,0.0,0.0006531,200000,200000.0,0.0,1.0
2020-01-30,1,1.0972274052122633,-114995.40018399263,0.8696,156739811.9122257,0.000638,200000,200000.0,0.0,1.0
2020-01-31,2,1.4895800712953835,0.0,0.8824,0.0,0.0006329,200000,202271.31416310742,2271.314163107425,1.0113565708155372
2020-02-01,2,1.6190023801187539,0.0,0.9111,0.0,0.0006448,200000,202271.31416310742,2271.314163107425,1.0113565708155372
2020-02-02,2,1.6369908206550154,0.0,0.9594,0.0,0.0006719,200000,202271.31416310742,2271.314163107425,1.0113565708155372
2020-02-03,2,2.1612526414504076,0.0,0.9809,0.0,0.0006619,200000,202271.31416310742,2271.314163107425,1.0113565708155372
2020-02-04,0,0.6444889420987359,0.0,0.9643,0.0,0.000695,200000,202271.31416310742,2271.314163107425,1.0113565708155372
2020-02-05,1,1.086321078429358,-102167.54932978454,0.9899,145330732.98110896,0.0006959,200000,202271.31416310742,2271.314163107425,1.0113565708155372
2020-02-06,1,0.6691652575157359,-102167.54932978454,1.0364,145330732.98110896,0.00074,200000,213431.19053140932,13431.190531409316,1.0671559526570467
2020-02-07,1,0.8028089758039509,-102167.54932978454,1.092,145330732.98110896,0.0007744,200000,224111.0834886955,24111.083488695498,1.1205554174434775
2020-02-08,0,-1.2898642866297048,0.0,1.058,0.0,0.000808,200000,192937.34910528344,-7062.650894716557,0.9646867455264172
2020-02-09,0,0.23709627693762536,0.0,1.11,0.0,0.0008003,200000,192937.34910528344,-7062.650894716557,0.9646867455264172
2020-02-10,2,4.003086978963808,0.0,1.4376,0.0,0.0007595,200000,192937.34910528344,-7062.650894716557,0.9646867455264172
2020-02-11,2,2.6198304884495776,0.0,1.4117,0.0,0.000771,200000,192937.34910528344,-7062.650894716557,0.9646867455264172
2020-02-12,2,1.4741692462156124,0.0,1.4324,0.0,0.0008498,200000,192937.34910528344,-7062.650894716557,0.9646867455264172
2020-02-13,0,0.9205201953497868,0.0,1.4038,0.0,0.0008714,200000,192937.34910528344,-7062.650894716557,0.9646867455264172
2020-02-14,2,1.5111036784640801,0.0,1.5529,0.0,0.0008915,200000,192937.34910528344,-7062.650894716557,0.9646867455264172
2020-02-15,2,1.2894493838751449,0.0,1.4686,0.0,0.000849,200000,192937.34910528344,-7062.650894716557,0.9646867455264172
2020-02-16,0,0.8791537326023036,0.0,1.3809,0.0,0.0008258,200000,192937.34910528344,-7062.650894716557,0.9646867455264172
2020-02-17,0,0.8868718949886958,0.0,1.3366,0.0,0.0007907,200000,192937.34910528344,-7062.650894716557,0.9646867455264172
2020-02-18,2,1.5466528319927564,0.0,1.4693,0.0,0.0007956,200000,192937.34910528344,-7062.650894716557,0.9646867455264172
2020-02-19,2,1.5377645783138916,0.0,1.3717,0.0,0.0007284,200000,192937.34910528344,-7062.650894716557,0.9646867455264172
2020-02-20,2,2.017648397713585,0.0,1.4854,0.0,0.0007235,200000,192937.34910528344,-7062.650894716557,0.9646867455264172
2020-02-21,2,1.4594953689911048,0.0,1.4459,0.0,0.0007332,200000,192937.34910528344,-7062.650894716557,0.9646867455264172
2020-02-22,2,1.2042870128884426,0.0,1.4198,0.0,0.0007301,200000,192937.34910528344,-7062.650894716557,0.9646867455264172
2020-02-23,1,1.0112938553076671,-66811.18813812711,1.4439,128607751.7032952,0.0007501,200000,192937.34910528344,-7062.650894716557,0.9646867455264172
2020-02-24,1,1.1079910471302858,-66811.18813812711,1.3735,128607751.7032952,0.0006961,200000,181289.02286838135,-18710.977131618652,0.9064451143419068
2020-02-25,1,1.1794591655283317,-66811.18813812711,1.3215,128607751.7032952,0.0006552,200000,172554.784040534,-27445.215959466004,0.86277392020267
2020-02-26,1,0.43140058706898976,-66811.18813812711,1.1562,128607751.7032952,0.0006203,200000,157022.48410685657,-42977.51589314343,0.7851124205342829
2020-02-27,1,0.4746638176168032,-66811.18813812711,1.2148,128607751.7032952,0.000643,200000,163857.0156954156,-36142.98430458439,0.8192850784770781
2020-02-28,0,-0.0201547533982526,0.0,1.1529,0.0,0.0006341,200000,188413.7925546707,-11586.207445329288,0.9420689627733536
2020-02-29,0,-0.12128307125636566,0.0,1.1317,0.0,0.0006189,200000,188413.7925546707,-11586.207445329288,0.9420689627733536
2020-03-01,0,-0.0841705096958655,0.0,1.1176,0.0,0.0006107,200000,188413.7925546707,-11586.207445329288,0.9420689627733536
2020-03-02,0,0.10055479892330012,0.0,1.1853,0.0,0.0006394,200000,188413.7925546707,-11586.207445329288,0.9420689627733536
2020-03-03,0,-0.04182583531225176,0.0,1.1639,0.0,0.000631,200000,188413.7925546707,-11586.207445329288,0.9420689627733536
2020-03-04,0,0.15070006909994246,0.0,1.1998,0.0,0.0006388,200000,188413.7925546707,-11586.207445329288,0.9420689627733536
2020-03-05,2,1.6551706289282517,0.0,1.3394,0.0,0.0006517,200000,188413.7925546707,-11586.207445329288,0.9420689627733536
2020-03-06,2,1.959867940790675,0.0,1.375,0.0,0.0006483,200000,188413.7925546707,-11586.207445329288,0.9420689627733536
2020-03-07,1,1.0934748488289088,-73267.14596153006,1.2858,148708597.12286562,0.0006335,200000,188413.7925546707,-11586.207445329288,0.9420689627733536
2020-03-08,1,1.008345258502529,-73267.14596153006,1.0936,148708597.12286562,0.0005399,200000,160412.7224101644,-39587.277589835605,0.802063612050822
2020-03-09,1,1.1525467457713001,-73267.14596153006,1.0925,148708597.12286562,0.0005328,200000,159276.2975100344,-40723.702489965595,0.796381487550172
2020-03-10,2,3.0395551054645327,0.0,1.2875,0.0,0.0005435,200000,201922.1204438632,1922.1204438632121,1.009610602219316
2020-03-11,2,3.010079286475167,0.0,1.337,0.0,0.0005245,200000,201922.1204438632,1922.1204438632121,1.009610602219316
2020-03-12,2,3.0035013034333495,0.0,0.795,0.0,0.0002819,200000,201922.1204438632,1922.1204438632121,1.009610602219316
2020-03-13,2,2.09840964197689,0.0,0.8707,0.0,0.0003223,200000,201922.1204438632,1922.1204438632121,1.009610602219316
2020-03-14,2,1.5777513264060574,0.0,0.805,0.0,0.0003081,200000,201922.1204438632,1922.1204438632121,1.009610602219316
2020-03-15,2,1.770782492615606,0.0,0.8629,0.0,0.0003117,200000,201922.1204438632,1922.1204438632121,1.009610602219316
2020-03-16,2,1.2413460624813217,0.0,0.7386,0.0,0.0002807,200000,201922.1204438632,1922.1204438632121,1.009610602219316
2020-03-17,2,1.7226766662519077,0.0,0.8612,0.0,0.0002965,200000,201922.1204438632,1922.1204438632121,1.009610602219316
2020-03-18,2,1.48825763995753,0.0,0.8667,0.0,0.0003,200000,201922.1204438632,1922.1204438632121,1.009610602219316
2020-03-19,2,1.318123502666116,0.0,0.9516,0.0,0.0003304,200000,201922.1204438632,1922.1204438632121,1.009610602219316
2020-03-20,2,1.278163598657301,0.0,0.9519,0.0,0.0003259,200000,201922.1204438632,1922.1204438632121,1.009610602219316
2020-03-21,1,1.095724418123628,-107933.56876409195,0.9354,311897004.0838171,0.0003237,200000,201922.1204438632,1922.1204438632121,1.009610602219316
2020-03-22,1,0.7358387868994674,-107933.56876409195,0.8452,311897004.0838171,0.0003046,200000,186229.27976334118,-13770.720236658817,0.9311463988167059
2020-03-23,1,0.7673088285142243,-107933.56876409195,0.9221,311897004.0838171,0.0003273,200000,201609.43319400254,1609.433194002544,1.0080471659700128
2020-03-24,1,0.6258923182685937,-107933.56876409195,0.9339,311897004.0838171,0.0003345,200000,205128.7077348223,5128.707734822296,1.0256435386741114
2020-03-25,1,0.6088197338997501,-107933.56876409195,0.8992,311897004.0838171,0.0003198,200000,196798.5269386762,-3201.473061323806,0.9839926346933809
2020-03-26,1,0.3159771402723379,-107933.56876409195,0.8917,311897004.0838171,0.0003251,200000,197642.07929458976,-2357.9207054102444,0.9882103964729487
2020-03-27,1,0.2882156424680118,-107933.56876409195,0.859,311897004.0838171,0.0003112,200000,189777.28323923887,-10222.716760761134,0.9488864161961943
2020-03-28,0,-0.7467608091154879,0.0,0.8144,0.0,0.0003188,200000,190390.4539434188,-9609.546056581195,0.951952269717094
2020-03-29,-2,-1.5684092215459977,0.0,0.771,0.0,0.0003091,200000,190390.4539434188,-9609.546056581195,0.951952269717094
2020-03-30,-2,-1.707600357514291,0.0,0.8262,0.0,0.0003298,200000,190390.4539434188,-9609.546056581195,0.951952269717094
2020-03-31,2,1.2493691319303828,0.0,0.99,0.0,0.0003378,200000,190390.4539434188,-9609.546056581195,0.951952269717094
2020-04-01,1,1.047165417579364,-98159.64835193793,0.9698,285785730.92677695,0.0003331,200000,190390.4539434188,-9609.546056581195,0.951952269717094
2020-04-02,1,0.9722916593454531,-98159.64835193793,0.9615,285785730.92677695,0.0003299,200000,188661.21452313202,-11338.785476867983,0.9433060726156601
2020-04-03,1,0.8049354623819502,-98159.64835193793,0.9629,285785730.92677695,0.0003317,200000,189313.05234649294,-10686.947653507057,0.9465652617324647
2020-04-04,1,0.6443140535483067,-98159.64835193793,0.9505,285785730.92677695,0.0003292,200000,187381.40837961197,-12618.591620388033,0.9369070418980598
2020-04-05,1,0.5732798684073442,-98159.64835193793,0.9486,285785730.92677695,0.0003285,200000,186994.85503609455,-13005.144963905448,0.9349742751804727
2020-04-06,0,-0.030647935043100406,0.0,0.9867,0.0,0.0003525,200000,186505.10882058708,-13494.891179412924,0.9325255441029354
2020-04-07,0,0.6610676783355757,0.0,0.9928,0.0,0.0003431,200000,186505.10882058708,-13494.891179412924,0.9325255441029354
2020-04-08,0,0.060280770604818956,0.0,1.0067,0.0,0.0003585,200000,186505.10882058708,-13494.891179412924,0.9325255441029354
2020-04-09,0,0.528167952672359,0.0,1.0458,0.0,0.0003647,200000,186505.10882058708,-13494.891179412924,0.9325255441029354
2020-04-10,0,0.9538355249088769,0.0,0.9998,0.0,0.0003415,200000,186505.10882058708,-13494.891179412924,0.9325255441029354
2020-04-11,0,0.870638293226458,0.0,0.9912,0.0,0.0003387,200000,186505.10882058708,-13494.891179412924,0.9325255441029354
2020-04-12,1,1.1443894527136802,-93580.08470676721,0.9965,278698608.5185103,0.0003346,200000,186505.10882058708,-13494.891179412924,0.9325255441029354
2020-04-13,1,0.9642246591063444,-93580.08470676721,0.9991,278698608.5185103,0.000337,200000,187417.29370126908,-12582.706298730918,0.9370864685063454
2020-04-14,1,0.7946111609326703,-93580.08470676721,0.9899,278698608.5185103,0.0003357,200000,186194.04873089277,-13805.95126910723,0.9309702436544638
2020-04-15,1,0.6337321362973228,-93580.08470676721,0.959,278698608.5185103,0.0003268,200000,180822.0064976389,-19177.99350236109,0.9041100324881945
2020-04-16,1,0.9149807016750806,-93580.08470676721,1.0056,278698608.5185103,0.0003363,200000,187830.47522590013,-12169.524774099875,0.9391523761295006
2020-04-17,1,0.612093540166532,-93580.08470676721,0.9975,278698608.5185103,0.0003376,200000,187434.78473084938,-12565.21526915062,0.9371739236542469
2020-04-18,2,1.216408843433141,0.0,1.0411,0.0,0.0003437,200000,188142.62326099043,-11857.376739009575,0.9407131163049521
2020-04-19,2,1.721772097270197,0.0,1.0138,0.0,0.0003348,200000,188142.62326099043,-11857.376739009575,0.9407131163049521
2020-04-20,2,2.4900680926989627,0.0,0.9731,0.0,0.000312,200000,188142.62326099043,-11857.376739009575,0.9407131163049521
2020-04-21,2,1.5397563963116063,0.0,0.9639,0.0,0.0003146,200000,188142.62326099043,-11857.376739009575,0.9407131163049521
2020-04-22,2,1.9458893450764319,0.0,0.998,0.0,0.0003193,200000,188142.62326099043,-11857.376739009575,0.9407131163049521
2020-04-23,2,1.454838111792975,0.0,1.0074,0.0,0.0003251,200000,188142.62326099043,-11857.376739009575,0.9407131163049521
2020-04-24,0,0.6770673160508124,0.0,1.0107,0.0,0.0003333,200000,188142.62326099043,-11857.376739009575,0.9407131163049521
2020-04-25,0,0.2498037222133259,0.0,1.0221,0.0,0.000341,200000,188142.62326099043,-11857.376739009575,0.9407131163049521
2020-04-26,0,0.7045938252943014,0.0,1.0522,0.0,0.0003455,200000,188142.62326099043,-11857.376739009575,0.9407131163049521
2020-04-27,0,0.7009941211435508,0.0,1.055,0.0,0.0003457,200000,188142.62326099043,-11857.376739009575,0.9407131163049521
2020-04-28,0,0.9471540823747272,0.0,1.0534,0.0,0.0003426,200000,188142.62326099043,-11857.376739009575,0.9407131163049521
2020-04-29,0,0.3638353432351862,0.0,1.099,0.0,0.0003616,200000,188142.62326099043,-11857.376739009575,0.9407131163049521
2020-04-30,0,-0.24035731121018594,0.0,1.0552,0.0,0.000351,200000,188142.62326099043,-11857.376739009575,0.9407131163049521
2020-05-01,0,-0.9794091820420823,0.0,1.0751,0.0,0.0003623,200000,188142.62326099043,-11857.376739009575,0.9407131163049521
2020-05-02,-2,-3.8902844816488087,0.0,1.0884,0.0,0.0004421,200000,188142.62326099043,-11857.376739009575,0.9407131163049521
2020-05-03,-2,-3.500501270994591,0.0,1.0624,0.0,0.0005045,200000,188142.62326099043,-11857.376739009575,0.9407131163049521
2020-05-04,-2,-3.0176840059251435,0.0,1.06,0.0,0.0005696,200000,188142.62326099043,-11857.376739009575,0.9407131163049521
2020-05-05,-2,-2.2873527051378204,0.0,1.0517,0.0,0.0005493,200000,188142.62326099043,-11857.376739009575,0.9407131163049521
2020-05-06,-2,-1.693565617114807,0.0,1.024,0.0,0.0004995,200000,188142.62326099043,-11857.376739009575,0.9407131163049521
2020-05-07,-2,-1.712558445126123,0.0,1.0444,0.0,0.0005433,200000,188142.62326099043,-11857.376739009575,0.9407131163049521
2020-05-08,-2,-1.3769167311529018,0.0,1.0551,0.0,0.0005271,200000,188142.62326099043,-11857.376739009575,0.9407131163049521
2020-05-09,-2,-1.2269443100281432,0.0,1.0406,0.0,0.0005186,200000,188142.62326099043,-11857.376739009575,0.9407131163049521
2020-05-10,-1,-1.0548597428728312,98483.36644733585,0.9552,-200664060.64525428,0.0004688,200000,188142.62326099043,-11857.376739009575,0.9407131163049521
2020-05-11,-1,-1.1829305314476593,98483.36644733585,0.931,-200664060.64525428,0.0004898,200000,189973.27106651524,-10026.72893348476,0.9498663553325762
2020-05-12,-1,-0.6301624882136497,98483.36644733585,1.0699,-200664060.64525428,0.0004961,200000,204916.79424811527,4916.794248115271,1.0245839712405764
2020-05-13,-1,-0.7823125234681381,98483.36644733585,1.06,-200664060.64525428,0.0005215,200000,209038.6760606761,9038.676060676109,1.0451933803033806
2020-05-14,-1,-0.7172633378465254,98483.36644733585,1.0461,-200664060.64525428,0.0005167,200000,206706.56977596093,6706.569775960932,1.0335328488798046
2020-05-15,-1,-0.7953508703302982,98483.36644733585,1.0298,-200664060.64525428,0.00053,200000,207770.12290945125,7770.122909451253,1.0388506145472562
2020-05-16,-1,-0.7401005254223001,98483.36644733585,1.0299,-200664060.64525428,0.0005333,200000,208442.1626462253,8442.162646225304,1.0422108132311265
2020-05-17,-1,-0.6305309296447043,98483.36644733585,1.0497,-200664060.64525428,0.000539,200000,211535.9184475605,11535.918447560514,1.0576795922378026
2020-05-18,-1,-0.47231204655846676,98483.36644733585,1.0638,-200664060.64525428,0.0005363,200000,212382.74095072574,12382.74095072574,1.0619137047536287
2020-05-19,-1,-0.416964946265795,98483.36644733585,1.0615,-200664060.64525428,0.0005372,200000,212336.82686247764,12336.82686247764,1.0616841343123882
2020-05-20,0,-0.14689067431458597,0.0,1.0542,0.0,0.0005203,200000,188726.96910593478,-11273.030894065218,0.9436348455296739
2020-05-21,0,-0.2587952634584202,0.0,1.0167,0.0,0.0005134,200000,188726.96910593478,-11273.030894065218,0.9436348455296739
2020-05-22,0,0.05231773511551449,0.0,1.0665,0.0,0.000535,200000,188726.96910593478,-11273.030894065218,0.9436348455296739
2020-05-23,0,0.6766228828821388,0.0,1.0699,0.0,0.0005269,200000,188726.96910593478,-11273.030894065218,0.9436348455296739
2020-05-24,-2,-1.3614089055637852,0.0,1.0117,0.0,0.0005315,200000,188726.96910593478,-11273.030894065218,0.9436348455296739
2020-05-25,-2,-1.77857085411848,0.0,1.0576,0.0,0.0005659,200000,188726.96910593478,-11273.030894065218,0.9436348455296739
2020-05-26,-2,-1.313414995235838,0.0,1.0645,0.0,0.0005634,200000,188726.96910593478,-11273.030894065218,0.9436348455296739
2020-05-27,-1,-1.019223386722015,88579.25894392884,1.0653,-168989048.2682081,0.0005584,200000,188726.96910593478,-11273.030894065218,0.9436348455296739
2020-05-28,-1,-0.8745239603863114,88579.25894392884,1.087,-168989048.2682081,0.0005685,200000,192355.92841252696,-7644.071587473038,0.9617796420626348
2020-05-29,-1,-0.4356547033463667,88579.25894392884,1.0859,-168989048.2682081,0.00056,200000,190822.08431740885,-9177.915682591149,0.9541104215870443
2020-05-30,-1,-0.7601004441418995,88579.25894392884,1.1137,-168989048.2682081,0.0005828,200000,197137.5380165652,-2862.4619834347977,0.985687690082826
2020-05-31,-2,-2.5242357801615682,0.0,1.0945,0.0,0.000627,200000,197733.1034559711,-2266.8965440288885,0.9886655172798555
2020-06-01,-2,-1.5085003008305211,0.0,1.1485,0.0,0.000628,200000,197733.1034559711,-2266.8965440288885,0.9886655172798555
2020-06-02,-2,-1.747363106971806,0.0,1.118,0.0,0.0006233,200000,197733.1034559711,-2266.8965440288885,0.9886655172798555
2020-06-03,-2,-2.287642745218026,0.0,1.1176,0.0,0.000652,200000,197733.1034559711,-2266.8965440288885,0.9886655172798555
2020-06-04,-2,-1.7370398081025136,0.0,1.1256,0.0,0.0006478,200000,197733.1034559711,-2266.8965440288885,0.9886655172798555
2020-06-05,-2,-1.2350599904830377,0.0,1.1305,0.0,0.000638,200000,197733.1034559711,-2266.8965440288885,0.9886655172798555
2020-06-06,0,-0.8482194397472229,0.0,1.1487,0.0,0.0006376,200000,197733.1034559711,-2266.8965440288885,0.9886655172798555
2020-06-07,0,-0.5676068499137047,0.0,1.1443,0.0,0.0006279,200000,197733.1034559711,-2266.8965440288885,0.9886655172798555
2020-06-08,0,-0.18972263529354244,0.0,1.1852,0.0,0.0006394,200000,197733.1034559711,-2266.8965440288885,0.9886655172798555
2020-06-09,0,-0.1849357343749246,0.0,1.1721,0.0,0.0006348,200000,197733.1034559711,-2266.8965440288885,0.9886655172798555
2020-06-10,1,1.0605947837854734,-79583.47559203538,1.2423,155352846.8384437,0.0006364,200000,197733.1034559711,-2266.8965440288885,0.9886655172798555
2020-06-11,2,1.2073287123818601,0.0,1.1335,0.0,0.0005783,200000,198100.42171287123,-1899.5782871287665,0.9905021085643562
2020-06-12,2,1.7724046218137732,0.0,1.2103,0.0,0.0006051,200000,198100.42171287123,-1899.5782871287665,0.9905021085643562
2020-06-13,2,2.0170237750641844,0.0,1.2489,0.0,0.00061,200000,198100.42171287123,-1899.5782871287665,0.9905021085643562
2020-06-14,1,1.170706372834187,-84312.40284000308,1.1748,167004233.44534752,0.0005931,200000,198100.42171287123,-1899.5782871287665,0.9905021085643562
2020-06-15,1,0.9718404284778539,-84312.40284000308,1.1659,167004233.44534752,0.0005923,200000,197216.43794083892,-2783.5620591610787,0.9860821897041946
2020-06-16,2,2.321597879106475,0.0,1.2563,0.0,0.0005834,200000,206591.8236087514,6591.823608751409,1.032959118043757
2020-06-17,2,2.039388933977672,0.0,1.2609,0.0,0.0005821,200000,206591.8236087514,6591.823608751409,1.032959118043757
2020-06-18,2,1.6520914968802858,0.0,1.2375,0.0,0.0005773,200000,206591.8236087514,6591.823608751409,1.032959118043757
2020-06-19,2,1.5049776218899675,0.0,1.2151,0.0,0.0005653,200000,206591.8236087514,6591.823608751409,1.032959118043757
2020-06-20,0,0.9919930938371521,0.0,1.2023,0.0,0.000576,200000,206591.8236087514,6591.823608751409,1.032959118043757
2020-06-21,0,0.9698438134907043,0.0,1.1997,0.0,0.0005715,200000,206591.8236087514,6591.823608751409,1.032959118043757
2020-06-22,0,0.7995419731708073,0.0,1.2258,0.0,0.0005875,200000,206591.8236087514,6591.823608751409,1.032959118043757
2020-06-23,1,1.0127801419507676,-83370.3888655171,1.239,177636993.6446702,0.0005815,200000,206591.8236087514,6591.823608751409,1.032959118043757
2020-06-24,1,0.7688721815109698,-83370.3888655171,1.1849,177636993.6446702,0.0005625,200000,198706.38269187819,-1293.6173081218149,0.993531913459391
2020-06-25,1,0.7453053971610414,-83370.3888655171,1.1848,177636993.6446702,0.0005608,200000,198396.06276379572,-1603.9372362042777,0.9919803138189787
2020-06-26,1,0.4692313486295268,-83370.3888655171,1.1542,177636993.6446702,0.0005526,200000,194388.3055166246,-5611.69448337541,0.9719415275831229
2020-06-27,1,0.43699476349564886,-83370.3888655171,1.1133,177636993.6446702,0.0005318,200000,187283.60714421578,-12716.392855784215,0.936418035721079
2020-06-28,1,0.6418433582106808,-83370.3888655171,1.1339,177636993.6446702,0.000535,200000,189569.4755345084,-10430.524465491588,0.947847377672542
2020-06-29,1,0.40275757033484944,-83370.3888655171,1.141,177636993.6446702,0.000542,200000,191404.86425096623,-8595.135749033769,0.9570243212548312
2020-06-30,1,0.587959657386338,-83370.3888655171,1.12,177636993.6446702,0.0005276,200000,187096.11337630718,-12903.886623692815,0.9354805668815359
2020-07-01,0,0.08161342366397584,0.0,1.1515,0.0,0.000549,200000,205070.11687647042,5070.11687647042,1.025350584382352
2020-07-02,0,-0.8302801373193155,0.0,1.1258,0.0,0.0005484,200000,205070.11687647042,5070.11687647042,1.025350584382352
2020-07-03,0,-0.7749405968274219,0.0,1.121,0.0,0.0005451,200000,205070.11687647042,5070.11687647042,1.025350584382352
2020-07-04,-1,-1.1452279101889438,90698.85753050438,1.1305,-185751917.46057105,0.000552,200000,205070.11687647042,5070.11687647042,1.025350584382352
2020-07-05,-2,-2.5018302515702087,0.0,1.116,0.0,0.000558,200000,207499.76181542617,7499.761815426173,1.0374988090771309
2020-07-06,-2,-1.2653777348446233,0.0,1.1597,0.0,0.0005672,200000,207499.76181542617,7499.761815426173,1.0374988090771309
2020-07-07,0,0.2315085247143821,0.0,1.1672,0.0,0.0005556,200000,207499.76181542617,7499.761815426173,1.0374988090771309
2020-07-08,-2,-3.1450424878023577,0.0,1.2117,0.0,0.0006315,200000,207499.76181542617,7499.761815426173,1.0374988090771309
2020-07-09,-2,-4.005569006769433,0.0,1.1704,0.0,0.0008031,200000,207499.76181542617,7499.761815426173,1.0374988090771309
2020-07-10,-2,-2.4450618066791905,0.0,1.1585,0.0,0.0007321,200000,207499.76181542617,7499.761815426173,1.0374988090771309
2020-07-11,-2,-1.676347802943933,0.0,1.2008,0.0,0.0007172,200000,207499.76181542617,7499.761815426173,1.0374988090771309
2020-07-12,-2,-1.2468768761839393,0.0,1.2111,0.0,0.0007,200000,207499.76181542617,7499.761815426173,1.0374988090771309
2020-07-13,-2,-1.3677943798204277,0.0,1.1835,0.0,0.000708,200000,207499.76181542617,7499.761815426173,1.0374988090771309
2020-07-14,0,-0.5298382856556195,0.0,1.3189,0.0,0.0007188,200000,207499.76181542617,7499.761815426173,1.0374988090771309
2020-07-15,0,-0.0011807877722233076,0.0,1.3215,0.0,0.0006824,200000,207499.76181542617,7499.761815426173,1.0374988090771309
2020-07-16,0,-0.43865288149715903,0.0,1.3487,0.0,0.000735,200000,207499.76181542617,7499.761815426173,1.0374988090771309
2020-07-17,0,0.5213873223494604,0.0,1.4601,0.0,0.0007209,200000,207499.76181542617,7499.761815426173,1.0374988090771309
2020-07-18,0,0.8855311331223029,0.0,1.4689,0.0,0.0007007,200000,207499.76181542617,7499.761815426173,1.0374988090771309
2020-07-19,0,0.4746417867538182,0.0,1.4572,0.0,0.0007258,200000,207499.76181542617,7499.761815426173,1.0374988090771309
2020-07-20,2,1.6403534514120695,0.0,1.5996,0.0,0.0007081,200000,207499.76181542617,7499.761815426173,1.0374988090771309
2020-07-21,2,1.2729326389490117,0.0,1.6581,0.0,0.0007553,200000,207499.76181542617,7499.761815426173,1.0374988090771309
2020-07-22,1,1.0714342057290616,-62069.925759924074,1.6715,134286669.56732213,0.0007726,200000,207499.76181542617,7499.761815426173,1.0374988090771309
2020-07-23,1,0.4408419506962129,-62069.925759924074,1.588,134286669.56732213,0.0007841,200000,203861.21971449672,3861.2197144967213,1.0193060985724836
2020-07-24,1,0.43604126408557436,-62069.925759924074,1.5617,134286669.56732213,0.0007721,200000,200617.34063220286,617.3406322028604,1.0030867031610142
2020-07-25,1,0.3281388045094651,-62069.925759924074,1.527,134286669.56732213,0.0007637,200000,197335.50618396795,-2664.4938160320453,0.9866775309198398
2020-07-26,1,0.49751129309802467,-62069.925759924074,1.525,134286669.56732213,0.0007493,200000,195277.63829067867,-4722.361709321325,0.9763881914533934
2020-07-27,1,0.5836856151224602,-62069.925759924074,1.4734,134286669.56732213,0.0007187,200000,187965.65803270653,-12034.341967293469,0.9398282901635326
2020-07-28,0,0.10447249682036935,0.0,1.4994,0.0,0.000769,200000,197300.95960258562,-2699.0403974143846,0.9865047980129281
2020-07-29,0,0.19853236303837643,0.0,1.5003,0.0,0.0007538,200000,197300.95960258562,-2699.0403974143846,0.9865047980129281
2020-07-30,0,0.21163603344216922,0.0,1.5293,0.0,0.0007611,200000,197300.95960258562,-2699.0403974143846,0.9865047980129281
2020-07-31,0,0.0429188662983653,0.0,1.5206,0.0,0.0007611,200000,197300.95960258562,-2699.0403974143846,0.9865047980129281
2020-08-01,0,-0.503735340523267,0.0,1.5707,0.0,0.000811,200000,197300.95960258562,-2699.0403974143846,0.9865047980129281
2020-08-02,0,0.675730915037979,0.0,1.599,0.0,0.0007635,200000,197300.95960258562,-2699.0403974143846,0.9865047980129281
2020-08-03,2,1.5667840572420197,0.0,1.6956,0.0,0.0007699,200000,197300.95960258562,-2699.0403974143846,0.9865047980129281
2020-08-04,0,0.6238970697559284,0.0,1.6458,0.0,0.0007788,200000,197300.95960258562,-2699.0403974143846,0.9865047980129281
2020-08-05,0,0.9449363611053893,0.0,1.6475,0.0,0.0007661,200000,197300.95960258562,-2699.0403974143846,0.9865047980129281
2020-08-06,1,1.1608146675681257,-57656.62174242712,1.711,125749496.24129102,0.0007845,200000,197300.95960258562,-2699.0403974143846,0.9865047980129281
2020-08-07,0,0.09539124618553611,0.0,1.786,0.0,0.0008578,200000,192407.76815878105,-7592.231841218949,0.9620388407939052
2020-08-08,0,0.6917243739004219,0.0,1.8258,0.0,0.0008517,200000,192407.76815878105,-7592.231841218949,0.9620388407939052
2020-08-09,2,2.5234522349712076,0.0,1.9479,0.0,0.0008322,200000,192407.76815878105,-7592.231841218949,0.9620388407939052
2020-08-10,2,1.928215648807131,0.0,1.9747,0.0,0.0008578,200000,192407.76815878105,-7592.231841218949,0.9620388407939052
2020-08-11,2,1.5383574616474813,0.0,1.8648,0.0,0.0008198,200000,192407.76815878105,-7592.231841218949,0.9620388407939052
2020-08-12,2,2.7164024206710486,0.0,2.1706,0.0,0.0008584,200000,192407.76815878105,-7592.231841218949,0.9620388407939052
2020-08-13,2,3.9844841922207888,0.0,3.3267,0.0,0.0008484,200000,192407.76815878105,-7592.231841218949,0.9620388407939052
2020-08-14,2,2.999648428844102,0.0,3.4914,0.0,0.000847,200000,192407.76815878105,-7592.231841218949,0.9620388407939052
2020-08-15,2,2.213059230376389,0.0,3.3895,0.0,0.000855,200000,192407.76815878105,-7592.231841218949,0.9620388407939052
2020-08-16,2,2.3112122361865137,0.0,4.0341,0.0,0.000907,200000,192407.76815878105,-7592.231841218949,0.9620388407939052
2020-08-17,2,2.3562343529804965,0.0,4.4095,0.0,0.0008824,200000,192407.76815878105,-7592.231841218949,0.9620388407939052
2020-08-18,2,1.95147718700594,0.0,4.1839,0.0,0.0008437,200000,192407.76815878105,-7592.231841218949,0.9620388407939052
2020-08-19,2,1.4647070440196241,0.0,3.8151,0.0,0.0008226,200000,192407.76815878105,-7592.231841218949,0.9620388407939052
2020-08-20,2,1.254533757733706,0.0,3.8557,0.0,0.000845,200000,192407.76815878105,-7592.231841218949,0.9620388407939052
2020-08-21,0,0.7952238997877938,0.0,3.2014,0.0,0.0007758,200000,192407.76815878105,-7592.231841218949,0.9620388407939052
2020-08-22,0,0.8142127328959358,0.0,3.3831,0.0,0.0007962,200000,192407.76815878105,-7592.231841218949,0.9620388407939052
2020-08-23,0,0.9487249732801482,0.0,3.499,0.0,0.0007745,200000,192407.76815878105,-7592.231841218949,0.9620388407939052
2020-08-24,0,0.9781843112450769,0.0,3.6478,0.0,0.0007816,200000,192407.76815878105,-7592.231841218949,0.9620388407939052
2020-08-25,0,0.6018639387785151,0.0,3.227,0.0,0.0007459,200000,192407.76815878105,-7592.231841218949,0.9620388407939052
2020-08-26,0,0.6169785244343287,0.0,3.2575,0.0,0.0007359,200000,192407.76815878105,-7592.231841218949,0.9620388407939052
2020-08-27,0,0.44740063027477606,0.0,3.0972,0.0,0.0007156,200000,192407.76815878105,-7592.231841218949,0.9620388407939052
2020-08-28,0,0.6625750569002619,0.0,3.3697,0.0,0.0007313,200000,192407.76815878105,-7592.231841218949,0.9620388407939052
2020-08-29,0,0.5177726040007742,0.0,3.37,0.0,0.0007416,200000,192407.76815878105,-7592.231841218949,0.9620388407939052
2020-08-30,0,0.4573491765985356,0.0,3.3786,0.0,0.000742,200000,192407.76815878105,-7592.231841218949,0.9620388407939052
2020-08-31,1,1.1089170391382686,-26757.491260886276,3.5954,132713317.80851224,0.0007249,200000,192407.76815878105,-7592.231841218949,0.9620388407939052
2020-09-01,1,1.1227744527331105,-26757.491260886276,3.5345,132713317.80851224,0.00073,200000,191455.07486181648,-8544.92513818352,0.9572753743090824
2020-09-02,1,0.4538481853937883,-26757.491260886276,3.2748,132713317.80851224,0.0007035,200000,180989.25145943873,-19010.748540561268,0.9049462572971937
2020-09-03,0,-1.4264951379851947,0.0,2.4758,0.0,0.0006018,200000,178787.09036532062,-21212.90963467938,0.8939354518266031
2020-09-04,0,-0.7915435502960895,0.0,2.6204,0.0,0.0006042,200000,178787.09036532062,-21212.90963467938,0.8939354518266031
2020-09-05,0,-0.7665882979097041,0.0,2.3133,0.0,0.0005336,200000,178787.09036532062,-21212.90963467938,0.8939354518266031
2020-09-06,0,0.2410998556258797,0.0,2.471,0.0,0.0005402,200000,178787.09036532062,-21212.90963467938,0.8939354518266031
2020-09-07,0,-0.5352917736357803,0.0,2.3998,0.0,0.0005492,200000,178787.09036532062,-21212.90963467938,0.8939354518266031
2020-09-08,0,-0.5431129854168462,0.0,2.32,0.0,0.0005328,200000,178787.09036532062,-21212.90963467938,0.8939354518266031
2020-09-09,0,-0.44616771253536325,0.0,2.3971,0.0,0.0005491,200000,178787.09036532062,-21212.90963467938,0.8939354518266031
2020-09-10,0,-0.38900000970140103,0.0,2.4337,0.0,0.0005535,200000,178787.09036532062,-21212.90963467938,0.8939354518266031
2020-09-11,-2,-1.5462063458542155,0.0,2.5,0.0,0.0006032,200000,178787.09036532062,-21212.90963467938,0.8939354518266031
2020-09-12,0,-0.11936335545632162,0.0,2.6119,0.0,0.000588,200000,178787.09036532062,-21212.90963467938,0.8939354518266031
2020-09-13,2,3.36671592392322,0.0,3.0776,0.0,0.0005446,200000,178787.09036532062,-21212.90963467938,0.8939354518266031
2020-09-14,2,1.7172642593599141,0.0,2.8853,0.0,0.0005563,200000,178787.09036532062,-21212.90963467938,0.8939354518266031
2020-09-15,0,-0.020941167959626,0.0,2.4875,0.0,0.0005457,200000,178787.09036532062,-21212.90963467938,0.8939354518266031
2020-09-16,0,0.137713950983087,0.0,2.5589,0.0,0.0005526,200000,178787.09036532062,-21212.90963467938,0.8939354518266031
2020-09-17,0,-0.02584968053068443,0.0,2.5523,0.0,0.0005585,200000,178787.09036532062,-21212.90963467938,0.8939354518266031
2020-09-18,0,-0.3392076406794497,0.0,2.4474,0.0,0.0005497,200000,178787.09036532062,-21212.90963467938,0.8939354518266031
2020-09-19,0,0.47430945542313196,0.0,2.5426,0.0,0.0005345,200000,178787.09036532062,-21212.90963467938,0.8939354518266031
2020-09-20,0,0.2049418893124804,0.0,2.4389,0.0,0.0005255,200000,178787.09036532062,-21212.90963467938,0.8939354518266031
2020-09-21,0,-0.29969887825084596,0.0,2.1531,0.0,0.0004844,200000,178787.09036532062,-21212.90963467938,0.8939354518266031
2020-09-22,0,0.011302701969154366,0.0,2.2183,0.0,0.0004878,200000,178787.09036532062,-21212.90963467938,0.8939354518266031
2020-09-23,0,0.613642076660119,0.0,2.1718,0.0,0.0004541,200000,178787.09036532062,-21212.90963467938,0.8939354518266031
2020-09-24,0,0.7367006586487874,0.0,2.3686,0.0,0.0004884,200000,178787.09036532062,-21212.90963467938,0.8939354518266031
2020-09-25,0,0.6989710177565905,0.0,2.3894,0.0,0.0004914,200000,178787.09036532062,-21212.90963467938,0.8939354518266031
2020-09-26,2,1.2869747825390112,0.0,2.5148,0.0,0.0004925,200000,178787.09036532062,-21212.90963467938,0.8939354518266031
2020-09-27,2,1.4950943332692437,0.0,2.4835,0.0,0.0004732,200000,178787.09036532062,-21212.90963467938,0.8939354518266031
2020-09-28,0,0.9679214861341215,0.0,2.4173,0.0,0.0004747,200000,178787.09036532062,-21212.90963467938,0.8939354518266031
2020-09-29,0,0.912818257325149,0.0,2.4515,0.0,0.00048,200000,178787.09036532062,-21212.90963467938,0.8939354518266031
2020-09-30,2,1.4220172949991001,0.0,2.5734,0.0,0.0004804,200000,178787.09036532062,-21212.90963467938,0.8939354518266031
2020-10-01,2,1.7768829241663202,0.0,2.624,0.0,0.000472,200000,178787.09036532062,-21212.90963467938,0.8939354518266031
2020-10-02,0,0.75275933381385,0.0,2.452,0.0,0.000471,200000,178787.09036532062,-21212.90963467938,0.8939354518266031
2020-10-03,0,0.969546635522405,0.0,2.42,0.0,0.0004625,200000,178787.09036532062,-21212.90963467938,0.8939354518266031
2020-10-04,0,0.5808708160355874,0.0,2.3699,0.0,0.000465,200000,178787.09036532062,-21212.90963467938,0.8939354518266031
2020-10-05,0,0.7656445238624412,0.0,2.3597,0.0,0.0004551,200000,178787.09036532062,-21212.90963467938,0.8939354518266031
2020-10-06,0,-0.018719821687497317,0.0,2.1724,0.0,0.0004392,200000,178787.09036532062,-21212.90963467938,0.8939354518266031
2020-10-07,0,0.4274370038292172,0.0,2.2845,0.0,0.0004471,200000,178787.09036532062,-21212.90963467938,0.8939354518266031
2020-10-08,0,-0.024284878952125086,0.0,2.3109,0.0,0.0004622,200000,178787.09036532062,-21212.90963467938,0.8939354518266031
2020-10-09,0,0.020689809996631482,0.0,2.3927,0.0,0.0004761,200000,178787.09036532062,-21212.90963467938,0.8939354518266031
2020-10-10,0,0.47028146862568926,0.0,2.4244,0.0,0.0004691,200000,178787.09036532062,-21212.90963467938,0.8939354518266031
2020-10-11,0,-0.6618024071773685,0.0,2.4477,0.0,0.000497,200000,178787.09036532062,-21212.90963467938,0.8939354518266031
2020-10-12,-2,-1.2126630680106403,0.0,2.4622,0.0,0.0005071,200000,178787.09036532062,-21212.90963467938,0.8939354518266031
2020-10-13,0,0.2874198242107852,0.0,2.5167,0.0,0.0004882,200000,178787.09036532062,-21212.90963467938,0.8939354518266031
2020-10-14,0,0.6696105515187059,0.0,2.5097,0.0,0.0004793,200000,178787.09036532062,-21212.90963467938,0.8939354518266031
2020-10-15,2,2.4090489379863316,0.0,2.697,0.0,0.00048,200000,178787.09036532062,-21212.90963467938,0.8939354518266031
2020-10-16,2,3.527024653756468,0.0,2.9557,0.0,0.00046,200000,178787.09036532062,-21212.90963467938,0.8939354518266031
2020-10-17,2,3.052038582161272,0.0,3.1854,0.0,0.0004688,200000,178787.09036532062,-21212.90963467938,0.8939354518266031
2020-10-18,2,1.8787418656723263,0.0,3.0567,0.0,0.0004786,200000,178787.09036532062,-21212.90963467938,0.8939354518266031
2020-10-19,2,1.3335265565600816,0.0,2.9373,0.0,0.0004754,200000,178787.09036532062,-21212.90963467938,0.8939354518266031
2020-10-20,0,0.7029170638517938,0.0,2.8678,0.0,0.0004901,200000,178787.09036532062,-21212.90963467938,0.8939354518266031
2020-10-21,0,0.9087257493203467,0.0,3.1111,0.0,0.0005182,200000,178787.09036532062,-21212.90963467938,0.8939354518266031
2020-10-22,2,1.2133613899668014,0.0,3.2438,0.0,0.000518,200000,178787.09036532062,-21212.90963467938,0.8939354518266031
2020-10-23,2,1.7547795466087084,0.0,3.3709,0.0,0.0004982,200000,178787.09036532062,-21212.90963467938,0.8939354518266031
2020-10-24,2,1.6261220064658497,0.0,3.4382,0.0,0.0005028,200000,178787.09036532062,-21212.90963467938,0.8939354518266031
2020-10-25,2,1.298457070036615,0.0,3.2784,0.0,0.0004882,200000,178787.09036532062,-21212.90963467938,0.8939354518266031
2020-10-26,0,0.9835259952960046,0.0,3.1694,0.0,0.0004832,200000,178787.09036532062,-21212.90963467938,0.8939354518266031
2020-10-27,0,0.7265119432004303,0.0,3.1569,0.0,0.0004909,200000,178787.09036532062,-21212.90963467938,0.8939354518266031
2020-10-28,0,0.846190398934032,0.0,3.0504,0.0,0.0004636,200000,178787.09036532062,-21212.90963467938,0.8939354518266031
2020-10-29,0,0.836415364209596,0.0,3.0232,0.0,0.0004558,200000,178787.09036532062,-21212.90963467938,0.8939354518266031
2020-10-30,2,1.45681465315097,0.0,3.2101,0.0,0.0004483,200000,178787.09036532062,-21212.90963467938,0.8939354518266031
2020-10-31,2,1.3898223508543797,0.0,3.2329,0.0,0.0004499,200000,178787.09036532062,-21212.90963467938,0.8939354518266031
2020-11-01,2,1.2766486275332605,0.0,3.2231,0.0,0.0004513,200000,178787.09036532062,-21212.90963467938,0.8939354518266031
2020-11-02,1,1.1315207460338208,-28702.374436558133,3.1145,203398282.55440342,0.0004395,200000,178787.09036532062,-21212.90963467938,0.8939354518266031
2020-11-03,2,1.252958079812207,0.0,3.1477,0.0,0.0004398,200000,179678.989711848,-20321.010288152,0.89839494855924
2020-11-04,2,1.426402530358666,0.0,3.1986,0.0,0.0004403,200000,179678.989711848,-20321.010288152,0.89839494855924
2020-11-05,2,2.2528258357453095,0.0,3.4277,0.0,0.0004374,200000,179678.989711848,-20321.010288152,0.89839494855924
2020-11-06,2,1.5582367709715546,0.0,3.5691,0.0,0.0004699,200000,179678.989711848,-20321.010288152,0.89839494855924
2020-11-07,2,1.2687899619846692,0.0,3.4434,0.0,0.0004578,200000,179678.989711848,-20321.010288152,0.89839494855924
2020-11-08,1,1.1105007204521347,-25532.738832468593,3.5186,191432974.33608353,0.0004693,200000,179678.989711848,-20321.010288152,0.89839494855924
2020-11-09,2,1.9804998276779102,0.0,3.7976,0.0,0.0004703,200000,186611.19087177067,-13388.809128229332,0.9330559543588534
2020-11-10,2,1.821709469422829,0.0,3.8268,0.0,0.0004733,200000,186611.19087177067,-13388.809128229332,0.9330559543588534
2020-11-11,2,1.21437896397879,0.0,3.7467,0.0,0.0004792,200000,186611.19087177067,-13388.809128229332,0.9330559543588534
2020-11-12,2,1.8359539519288761,0.0,3.891,0.0,0.0004691,200000,186611.19087177067,-13388.809128229332,0.9330559543588534
2020-11-13,2,1.9351834711468292,0.0,4.0975,0.0,0.0004794,200000,186611.19087177067,-13388.809128229332,0.9330559543588534
2020-11-14,2,2.0832061925725993,0.0,4.2902,0.0,0.0004826,200000,186611.19087177067,-13388.809128229332,0.9330559543588534
2020-11-15,2,2.024520004509486,0.0,4.3653,0.0,0.0004804,200000,186611.19087177067,-13388.809128229332,0.9330559543588534
2020-11-16,2,2.482197126119341,0.0,4.9029,0.0,0.0004973,200000,186611.19087177067,-13388.809128229332,0.9330559543588534
2020-11-17,2,2.0649555158810267,0.0,4.9243,0.0,0.0005021,200000,186611.19087177067,-13388.809128229332,0.9330559543588534
2020-11-18,2,2.3545898929256124,0.0,5.1728,0.0,0.0004903,200000,186611.19087177067,-13388.809128229332,0.9330559543588534
2020-11-19,2,2.6687611043082935,0.0,5.8456,0.0,0.0004952,200000,186611.19087177067,-13388.809128229332,0.9330559543588534
2020-11-20,2,2.8525122550958506,0.0,6.7653,0.0,0.0004999,200000,186611.19087177067,-13388.809128229332,0.9330559543588534
2020-11-21,2,1.399998111569356,0.0,6.2111,0.0,0.0005471,200000,186611.19087177067,-13388.809128229332,0.9330559543588534
2020-11-22,2,1.8595325993951337,0.0,7.0696,0.0,0.0005564,200000,186611.19087177067,-13388.809128229332,0.9330559543588534
2020-11-23,2,1.9691765006988464,0.0,7.9207,0.0,0.000583,200000,186611.19087177067,-13388.809128229332,0.9330559543588534
2020-11-24,0,0.8822356268026783,0.0,7.5488,0.0,0.0006555,200000,186611.19087177067,-13388.809128229332,0.9330559543588534
2020-11-25,0,0.3980539345422003,0.0,6.7033,0.0,0.0006298,200000,186611.19087177067,-13388.809128229332,0.9330559543588534
2020-11-26,0,0.4128369065695948,0.0,6.0606,0.0,0.0005607,200000,186611.19087177067,-13388.809128229332,0.9330559543588534
2020-11-27,0,0.6445219565103574,0.0,6.4518,0.0,0.0005652,200000,186611.19087177067,-13388.809128229332,0.9330559543588534
2020-11-28,0,0.5187848140946523,0.0,6.5973,0.0,0.0005829,200000,186611.19087177067,-13388.809128229332,0.9330559543588534
2020-11-29,0,0.9510972708963595,0.0,7.0331,0.0,0.0005733,200000,186611.19087177067,-13388.809128229332,0.9330559543588534
2020-11-30,0,0.24077105606929305,0.0,7.0841,0.0,0.0006355,200000,186611.19087177067,-13388.809128229332,0.9330559543588534
2020-12-01,0,0.4118670704652274,0.0,6.8201,0.0,0.00059,200000,186611.19087177067,-13388.809128229332,0.9330559543588534
2020-12-02,0,0.48856899234837325,0.0,7.0493,0.0,0.0005979,200000,186611.19087177067,-13388.809128229332,0.9330559543588534
2020-12-03,0,0.3847729673320774,0.0,7.3857,0.0,0.0006283,200000,186611.19087177067,-13388.809128229332,0.9330559543588534
2020-12-04,0,0.8528299698503663,0.0,7.227,0.0,0.0005814,200000,186611.19087177067,-13388.809128229332,0.9330559543588534
2020-12-05,2,1.7532437943125698,0.0,8.1289,0.0,0.0005969,200000,186611.19087177067,-13388.809128229332,0.9330559543588534
2020-12-06,2,1.9704580990083267,0.0,8.4331,0.0,0.0005953,200000,186611.19087177067,-13388.809128229332,0.9330559543588534
2020-12-07,2,2.308381280447161,0.0,8.9462,0.0,0.0005953,200000,186611.19087177067,-13388.809128229332,0.9330559543588534
2020-12-08,2,1.3367253670384671,0.0,7.7944,0.0,0.0005569,200000,186611.19087177067,-13388.809128229332,0.9330559543588534
2020-12-09,2,2.0222903409153106,0.0,8.5543,0.0,0.0005567,200000,186611.19087177067,-13388.809128229332,0.9330559543588534
2020-12-10,2,1.5736580309845785,0.0,8.116,0.0,0.0005434,200000,186611.19087177067,-13388.809128229332,0.9330559543588534
2020-12-11,2,1.5789824063356492,0.0,8.1207,0.0,0.0005316,200000,186611.19087177067,-13388.809128229332,0.9330559543588534
2020-12-12,2,1.6127438022638818,0.0,8.4688,0.0,0.0005399,200000,186611.19087177067,-13388.809128229332,0.9330559543588534
2020-12-13,2,1.5013368121326909,0.0,8.6419,0.0,0.000548,200000,186611.19087177067,-13388.809128229332,0.9330559543588534
2020-12-14,0,0.8659163033173644,0.0,8.6192,0.0,0.0005834,200000,186611.19087177067,-13388.809128229332,0.9330559543588534
2020-12-15,0,0.33579223748152603,0.0,8.1174,0.0,0.0005825,200000,186611.19087177067,-13388.809128229332,0.9330559543588534
2020-12-16,0,-0.01405374210361544,0.0,8.3437,0.0,0.0006198,200000,186611.19087177067,-13388.809128229332,0.9330559543588534
2020-12-17,0,-0.331451268793227,0.0,7.93,0.0,0.0006077,200000,186611.19087177067,-13388.809128229332,0.9330559543588534
2020-12-18,0,-0.5947913156602689,0.0,7.8286,0.0,0.0006137,200000,186611.19087177067,-13388.809128229332,0.9330559543588534
2020-12-19,0,-0.752282315619836,0.0,7.6656,0.0,0.000611,200000,186611.19087177067,-13388.809128229332,0.9330559543588534
2020-12-20,-1,-1.186952721442102,13005.895573784215,7.1741,-156474250.26980603,0.0005963,200000,186611.19087177067,-13388.809128229332,0.9330559543588534
2020-12-21,-2,-1.913531190077216,0.0,6.6577,0.0,0.0006134,200000,196003.14502568654,-3996.8549743134645,0.9800157251284327
2020-12-22,-2,-1.6218838931183133,0.0,7.0959,0.0,0.000635,200000,196003.14502568654,-3996.8549743134645,0.9800157251284327
2020-12-23,-2,-1.722538676722782,0.0,5.8732,0.0,0.000541,200000,196003.14502568654,-3996.8549743134645,0.9800157251284327
2020-12-24,-2,-1.294486159861941,0.0,6.4838,0.0,0.0005681,200000,196003.14502568654,-3996.8549743134645,0.9800157251284327
2020-12-25,-1,-1.0785949100572623,14710.091638324167,6.6622,-170734446.88648653,0.000574,200000,196003.14502568654,-3996.8549743134645,0.9800157251284327
2020-12-26,-2,-1.2546518646274083,0.0,6.3428,0.0,0.0005732,200000,200564.96073745808,564.960737458081,1.0028248036872904
2020-12-27,-1,-1.0898167851301652,15670.3618046299,6.3995,-174738596.21663886,0.0005739,200000,200564.96073745808,564.960737458081,1.0028248036872904
2020-12-28,-1,-0.777165210934273,15670.3618046299,6.6245,-174738596.21663886,0.0005725,200000,203846.15810879652,3846.158108796517,1.0192307905439826
2020-12-29,-1,-0.3207283716852947,15670.3618046299,7.0125,-174738596.21663886,0.0005719,200000,209821.41533126292,9821.41533126292,1.0491070766563146
2020-12-30,-1,-0.8126351822693092,15670.3618046299,6.6235,-174738596.21663886,0.0005874,200000,206434.0928306198,6434.092830619804,1.032170464153099
2020-12-31,-1,-1.1283723812199629,15670.3618046299,6.1939,-174738596.21663886,0.0005849,200000,199265.2589088092,-734.7410911908082,0.996326294544046
2021-01-01,-2,-1.5812220783152597,0.0,5.9795,0.0,0.0006155,200000,214415.63829801482,14415.63829801482,1.072078191490074
2021-01-02,-2,-2.839784208533975,0.0,5.5873,0.0,0.0008032,200000,214415.63829801482,14415.63829801482,1.072078191490074
2021-01-03,-2,-2.2298498366333073,0.0,5.5581,0.0,0.0007508,200000,214415.63829801482,14415.63829801482,1.072078191490074
2021-01-04,-2,-1.9595958841642551,0.0,5.3943,0.0,0.0007322,200000,214415.63829801482,14415.63829801482,1.072078191490074
2021-01-05,-2,-1.6555753920904182,0.0,5.5768,0.0,0.0007393,200000,214415.63829801482,14415.63829801482,1.072078191490074
2021-01-06,-2,-1.4425470247908718,0.0,5.84,0.0,0.000765,200000,214415.63829801482,14415.63829801482,1.072078191490074
2021-01-07,-2,-1.3928378548894336,0.0,5.9377,0.0,0.0007992,200000,214415.63829801482,14415.63829801482,1.072078191490074
2021-01-08,-2,-1.4959642429316005,0.0,5.6108,0.0,0.0008147,200000,214415.63829801482,14415.63829801482,1.072078191490074
2021-01-09,-2,-1.6467557029416466,0.0,6.1818,0.0,0.0010065,200000,214415.63829801482,14415.63829801482,1.072078191490074
2021-01-10,-2,-1.2328406166044428,0.0,6.5273,0.0,0.0009735,200000,214415.63829801482,14415.63829801482,1.072078191490074
2021-01-11,-2,-1.2629940292557842,0.0,5.6184,0.0,0.0008877,200000,214415.63829801482,14415.63829801482,1.072078191490074
2021-01-12,0,-0.7904603921310275,0.0,6.023,0.0,0.0008387,200000,214415.63829801482,14415.63829801482,1.072078191490074
2021-01-13,0,-0.39758799049559457,0.0,6.3812,0.0,0.0008084,200000,214415.63829801482,14415.63829801482,1.072078191490074
2021-01-14,0,-0.126052115530109,0.0,6.4439,0.0,0.0007747,200000,214415.63829801482,14415.63829801482,1.072078191490074
2021-01-15,0,0.18803091024281796,0.0,6.3539,0.0,0.0007204,200000,214415.63829801482,14415.63829801482,1.072078191490074
2021-01-16,0,0.49493783983835343,0.0,6.6316,0.0,0.0007155,200000,214415.63829801482,14415.63829801482,1.072078191490074
2021-01-17,2,1.2301859928642644,0.0,7.3768,0.0,0.0007062,200000,214415.63829801482,14415.63829801482,1.072078191490074
2021-01-18,2,1.59345456343188,0.0,7.8384,0.0,0.0007288,200000,214415.63829801482,14415.63829801482,1.072078191490074
2021-01-19,2,1.2749347288025028,0.0,7.0773,0.0,0.0007036,200000,214415.63829801482,14415.63829801482,1.072078191490074
2021-01-20,2,1.4556418201344254,0.0,7.2094,0.0,0.0007018,200000,214415.63829801482,14415.63829801482,1.072078191490074
2021-01-21,2,1.2074925131843053,0.0,5.9885,0.0,0.0006025,200000,214415.63829801482,14415.63829801482,1.072078191490074
2021-01-22,1,1.082108364818957,-16743.896287406667,6.4028,166213673.0992363,0.000645,200000,214415.63829801482,14415.63829801482,1.072078191490074
2021-01-23,1,0.7408123960989066,-16743.896287406667,6.5923,166213673.0992363,0.0006917,200000,225350.7851782127,25350.78517821271,1.1267539258910635
2021-01-24,1,1.0042146583191303,-16743.896287406667,6.9833,166213673.0992363,0.0006926,200000,232047.24093237804,32047.240932378045,1.1602362046618901
2021-01-25,1,0.9101286046045212,-16743.896287406667,6.6723,166213673.0992363,0.0006618,200000,221720.5080555381,21720.508055538114,1.1086025402776905
2021-01-26,1,0.8813616495050721,-16743.896287406667,6.8288,166213673.0992363,0.000671,200000,225870.09361703022,25870.093617030216,1.1293504680851512
2021-01-27,1,0.4780035692031058,-16743.896287406667,6.0371,166213673.0992363,0.0006255,200000,205051.2288002751,5051.228800275101,1.0252561440013754
2021-01-28,0,-0.42493245484348946,0.0,6.2836,0.0,0.0007498,200000,195000.57291975594,-4999.427080244059,0.9750028645987797
2021-01-29,0,-0.7804855148472678,0.0,6.5143,0.0,0.0008071,200000,195000.57291975594,-4999.427080244059,0.9750028645987797
2021-01-30,0,-0.4373379049490462,0.0,6.74,0.0,0.0007772,200000,195000.57291975594,-4999.427080244059,0.9750028645987797
2021-01-31,0,-0.6232968434542837,0.0,6.5438,0.0,0.0007528,200000,195000.57291975594,-4999.427080244059,0.9750028645987797
2021-02-01,0,-0.15016932655732002,0.0,7.0187,0.0,0.0007557,200000,195000.57291975594,-4999.427080244059,0.9750028645987797
2021-02-02,0,-0.882908752130588,0.0,6.9479,0.0,0.0007934,200000,195000.57291975594,-4999.427080244059,0.9750028645987797
2021-02-03,0,-0.590956274801906,0.0,7.2973,0.0,0.0008064,200000,195000.57291975594,-4999.427080244059,0.9750028645987797
2021-02-04,0,-0.32441972584334183,0.0,7.2465,0.0,0.000781,200000,195000.57291975594,-4999.427080244059,0.9750028645987797
2021-02-05,2,1.5073445856980179,0.0,8.8459,0.0,0.0008201,200000,195000.57291975594,-4999.427080244059,0.9750028645987797
2021-02-06,0,0.9637494571855316,0.0,8.1914,0.0,0.0007917,200000,195000.57291975594,-4999.427080244059,0.9750028645987797
2021-02-07,0,0.6817918673927861,0.0,8.0508,0.0,0.0008,200000,195000.57291975594,-4999.427080244059,0.9750028645987797
2021-02-08,-2,-2.2801748021829775,0.0,8.3875,0.0,0.001128,200000,195000.57291975594,-4999.427080244059,0.9750028645987797
2021-02-09,-2,-1.2762870460915174,0.0,9.7879,0.0,0.001196,200000,195000.57291975594,-4999.427080244059,0.9750028645987797
2021-02-10,0,-0.7311402051183956,0.0,9.6669,0.0,0.0011239,200000,195000.57291975594,-4999.427080244059,0.9750028645987797
2021-02-11,-1,-1.1681987254096606,9321.60756241902,10.4596,-75464618.00300153,0.001292,200000,195000.57291975594,-4999.427080244059,0.9750028645987797
2021-02-12,-2,-1.4041855923454027,0.0,10.8509,0.0,0.0014056,200000,199925.80848572234,-74.1915142776561,0.9996290424286117
2021-02-13,0,-0.9505768208606926,0.0,11.2315,0.0,0.0013934,200000,199925.80848572234,-74.1915142776561,0.9996290424286117
2021-02-14,0,0.31413790155200316,0.0,11.8003,0.0,0.0012804,200000,199925.80848572234,-74.1915142776561,0.9996290424286117
2021-02-15,0,-0.43143625904238314,0.0,10.9669,0.0,0.0012961,200000,199925.80848572234,-74.1915142776561,0.9996290424286117
2021-02-16,0,-0.2540089901060239,0.0,11.0666,0.0,0.0012916,200000,199925.80848572234,-74.1915142776561,0.9996290424286117
2021-02-17,-2,-1.4404449543786708,0.0,11.4913,0.0,0.0015463,200000,199925.80848572234,-74.1915142776561,0.9996290424286117
2021-02-18,0,-0.5546805808576595,0.0,12.3607,0.0,0.0014987,200000,199925.80848572234,-74.1915142776561,0.9996290424286117
2021-02-19,-2,-1.8553626790968505,0.0,12.5462,0.0,0.0018465,200000,199925.80848572234,-74.1915142776561,0.9996290424286117
2021-02-20,-2,-2.5033070868684737,0.0,12.2604,0.0,0.0022773,200000,199925.80848572234,-74.1915142776561,0.9996290424286117
2021-02-21,-2,-2.9170576554736978,0.0,12.3564,0.0,0.00378,200000,199925.80848572234,-74.1915142776561,0.9996290424286117
2021-02-22,-2,-2.3742914789350626,0.0,10.615,0.0,0.0034332,200000,199925.80848572234,-74.1915142776561,0.9996290424286117
2021-02-23,-2,-1.9819720934569423,0.0,9.3749,0.0,0.0030186,200000,199925.80848572234,-74.1915142776561,0.9996290424286117
2021-02-24,-2,-1.7042671644539393,0.0,9.8336,0.0,0.0031333,200000,199925.80848572234,-74.1915142776561,0.9996290424286117
2021-02-25,-2,-1.4993577029049503,0.0,9.6074,0.0,0.0029679,200000,199925.80848572234,-74.1915142776561,0.9996290424286117
2021-02-26,-2,-1.301481008262375,0.0,9.5612,0.0,0.0028118,200000,199925.80848572234,-74.1915142776561,0.9996290424286117
2021-02-27,-1,-1.1023558772073194,10417.685815524066,9.5955,-37833208.78164453,0.0026422,200000,199925.80848572234,-74.1915142776561,0.9996290424286117
2021-02-28,-1,-0.9862241540906839,10417.685815524066,8.9026,-37833208.78164453,0.0024256,200000,184512.72096204152,-15487.279037958477,0.9225636048102076
2021-03-01,-1,-0.9951897460570788,10417.685815524066,9.5234,-37833208.78164453,0.002807,200000,205409.6061456381,5409.606145638099,1.0270480307281904
2021-03-02,-1,-0.852830299120662,10417.685815524066,9.4175,-37833208.78164453,0.0026748,200000,199304.82301684067,-695.1769831593265,0.9965241150842034
2021-03-03,-1,-0.7165387880565665,10417.685815524066,9.8182,-37833208.78164453,0.0026857,200000,203891.5716988411,3891.571698841086,1.0194578584942053
2021-03-04,-1,-0.5871621521587921,10417.685815524066,9.4472,-37833208.78164453,0.0024918,200000,192690.7510785208,-7309.248921479186,0.963453755392604
2021-03-05,-1,-0.7288347888904919,10417.685815524066,9.9125,-37833208.78164453,0.0030274,200000,217801.56691193295,17801.566911932954,1.0890078345596648
2021-03-06,-1,-0.6270959426943953,10417.685815524066,9.9916,-37833208.78164453,0.0029855,200000,217040.39441199,17040.39441199001,1.08520197205995
2021-03-07,-1,-0.5584949186894156,10417.685815524066,10.1471,-37833208.78164453,0.0030384,200000,220661.721300853,20661.72130085301,1.103308606504265
2021-03-08,-1,-0.4833544318099099,10417.685815524066,10.0798,-37833208.78164453,0.0030073,200000,218783.9982523591,18783.998252359102,1.0939199912617954
2021-03-09,-1,-0.36162819461547724,10417.685815524066,10.7134,-37833208.78164453,0.0031371,200000,230295.3944849326,30295.394484932593,1.151476972424663
2021-03-10,-1,-0.39134381206651636,10417.685815524066,10.2479,-37833208.78164453,0.0030958,200000,223883.45021512423,23883.450215124234,1.119417251075621
2021-03-11,-1,-0.5592047976932006,10417.685815524066,10.0584,-37833208.78164453,0.0031403,200000,223592.8765438656,23592.876543865597,1.117964382719328
2021-03-12,-1,-0.21247899850715762,10417.685815524066,9.873,-37833208.78164453,0.0029625,200000,214934.693072291,14934.693072291004,1.074673465361455
2021-03-13,-2,-3.4331010104855006,0.0,10.153,0.0,0.004619,200000,268906.6357631226,68906.63576312258,1.344533178815613
2021-03-14,-2,-3.4423336727137626,0.0,9.7388,0.0,0.0072737,200000,268906.6357631226,68906.63576312258,1.344533178815613
2021-03-15,-2,-2.586850095760237,0.0,9.5842,0.0,0.00708,200000,268906.6357631226,68906.63576312258,1.344533178815613
2021-03-16,-2,-2.050864719553833,0.0,9.8411,0.0,0.0068416,200000,268906.6357631226,68906.63576312258,1.344533178815613
2021-03-17,-2,-1.7879593693448397,0.0,10.1243,0.0,0.0071676,200000,268906.6357631226,68906.63576312258,1.344533178815613
2021-03-18,-2,-1.5453167670980879,0.0,10.2454,0.0,0.0071323,200000,268906.6357631226,68906.63576312258,1.344533178815613
2021-03-19,-2,-1.535125509032897,0.0,10.2076,0.0,0.00815,200000,268906.6357631226,68906.63576312258,1.344533178815613
2021-03-20,-2,-1.314634831290589,0.0,10.1674,0.0,0.0077178,200000,268906.6357631226,68906.63576312258,1.344533178815613
2021-03-21,-2,-1.2455046093260207,0.0,9.95,0.0,0.0080067,200000,268906.6357631226,68906.63576312258,1.344533178815613
2021-03-22,-1,-1.0589317368060638,13740.196402963731,9.7854,-18120393.245493434,0.00742,200000,268906.6357631226,68906.63576312258,1.344533178815613
2021-03-23,-1,-0.8295580576518833,13740.196402963731,11.1934,-18120393.245493434,0.0076374,200000,292192.2057900658,92192.20579006581,1.460961028950329
2021-03-24,-1,-0.7181772917906174,13740.196402963731,10.836,-18120393.245493434,0.0072311,200000,279919.14382000256,79919.14382000256,1.3995957191000128
2021-03-25,-1,-0.7938718186445911,13740.196402963731,10.4376,-18120393.245493434,0.0077737,200000,284277.17494806653,84277.17494806653,1.4213858747403327
2021-03-26,-1,-0.8765147854637528,13740.196402963731,12.2797,-18120393.245493434,0.0104099,200000,357356.97141573584,157356.97141573584,1.786784857078679
2021-03-27,-1,-0.785400144755526,13740.196402963731,11.8802,-18120393.245493434,0.0099946,200000,344342.36363789835,144342.36363789835,1.7217118181894917
2021-03-28,-1,-0.7441528632611594,13740.196402963731,11.8043,-18120393.245493434,0.0101872,200000,346789.4704699955,146789.47046999552,1.7339473523499775
2021-03-29,-1,-0.9294542246124374,13740.196402963731,12.44,-18120393.245493434,0.0129999,200000,406491.3434049589,206491.3434049589,2.0324567170247945
2021-03-30,-2,-1.264796392675097,0.0,12.3159,0.0,0.0181274,200000,428159.3674022192,228159.3674022192,2.140796837011096
2021-03-31,-2,-1.226197999914008,0.0,11.964,0.0,0.0167518,200000,428159.3674022192,228159.3674022192,2.140796837011096
2021-04-01,-2,-1.708483183902043,0.0,11.8015,0.0,0.0173532,200000,428159.3674022192,228159.3674022192,2.140796837011096
2021-04-02,-2,-2.1448838847818723,0.0,13.0557,0.0,0.0242549,200000,428159.3674022192,228159.3674022192,2.140796837011096
2021-04-03,-2,-1.9125559048904535,0.0,11.5989,0.0,0.0230732,200000,428159.3674022192,228159.3674022192,2.140796837011096
2021-04-04,-2,-1.7856086478241313,0.0,12.1824,0.0,0.0272443,200000,428159.3674022192,228159.3674022192,2.140796837011096
2021-04-05,-2,-1.5725843753244115,0.0,12.7873,0.0,0.0285997,200000,428159.3674022192,228159.3674022192,2.140796837011096
2021-04-06,-1,-1.0806201679399206,15989.579548508042,13.3887,-9416263.121829664,0.0227351,200000,428159.3674022192,228159.3674022192,2.140796837011096
2021-04-07,-1,-0.9751126984862851,15989.579548508042,12.0935,-9416263.121829664,0.0204695,200000,386116.1782421743,186116.17824217433,1.9305808912108717
2021-04-08,-1,-0.8759763546647156,15989.579548508042,13.7169,-9416263.121829664,0.0231061,200000,436900.5810282384,236900.5810282384,2.184502905141192
2021-04-09,-1,-0.2622436572442359,15989.579548508042,16.7768,-9416263.121829664,0.0209399,200000,465429.5863142107,265429.5863142107,2.3271479315710537
2021-04-10,0,-0.06737182711574125,0.0,16.3286,0.0,0.0191341,200000,347243.6389858518,147243.63898585178,1.736218194929259
2021-04-11,0,-0.17772637884867118,0.0,15.608,0.0,0.0197457,200000,347243.6389858518,147243.63898585178,1.736218194929259
2021-04-12,0,-0.035535123788161406,0.0,15.1712,0.0,0.0187987,200000,347243.6389858518,147243.63898585178,1.736218194929259
2021-04-13,0,0.22444272902758622,0.0,15.8069,0.0,0.0187208,200000,347243.6389858518,147243.63898585178,1.736218194929259
2021-04-14,0,0.45465225301352635,0.0,15.2118,0.0,0.01757,200000,347243.6389858518,147243.63898585178,1.736218194929259
2021-04-15,0,0.5428814114271711,0.0,15.9422,0.0,0.0185614,200000,347243.6389858518,147243.63898585178,1.736218194929259
2021-04-16,0,0.7432120541622158,0.0,16.4725,0.0,0.0190209,200000,347243.6389858518,147243.63898585178,1.736218194929259
2021-04-17,0,0.727826257257801,0.0,15.5916,0.0,0.0188709,200000,347243.6389858518,147243.63898585178,1.736218194929259
2021-04-18,0,0.6286947973400682,0.0,13.5951,0.0,0.0170608,200000,347243.6389858518,147243.63898585178,1.736218194929259
2021-04-19,0,0.5020445435268628,0.0,12.3721,0.0,0.0157814,200000,347243.6389858518,147243.63898585178,1.736218194929259
2021-04-20,0,0.8307869314650603,0.0,13.524,0.0,0.0160758,200000,347243.6389858518,147243.63898585178,1.736218194929259
2021-04-21,2,1.4883847599192133,0.0,14.4456,0.0,0.0149,200000,347243.6389858518,147243.63898585178,1.736218194929259
2021-04-22,2,1.4868907544112455,0.0,12.6958,0.0,0.0127212,200000,347243.6389858518,147243.63898585178,1.736218194929259
2021-04-23,2,2.033501596532024,0.0,14.6013,0.0,0.0128001,200000,347243.6389858518,147243.63898585178,1.736218194929259
2021-04-24,2,1.607882281516266,0.0,13.1594,0.0,0.0120997,200000,347243.6389858518,147243.63898585178,1.736218194929259
2021-04-25,2,1.6164869093845184,0.0,12.936,0.0,0.011748,200000,347243.6389858518,147243.63898585178,1.736218194929259
2021-04-26,2,2.465044290717135,0.0,18.523,0.0,0.014055,200000,347243.6389858518,147243.63898585178,1.736218194929259
2021-04-27,2,1.865149393885749,0.0,20.639,0.0,0.016473,200000,347243.6389858518,147243.63898585178,1.736218194929259
2021-04-28,2,1.4519727258992614,0.0,18.999,0.0,0.015843,200000,347243.6389858518,147243.63898585178,1.736218194929259
2021-04-29,2,2.4770620073462855,0.0,23.015,0.0,0.015375,200000,347243.6389858518,147243.63898585178,1.736218194929259
2021-04-30,2,1.8952838694418157,0.0,23.261,0.0,0.016071,200000,347243.6389858518,147243.63898585178,1.736218194929259
2021-05-01,2,1.4559354966897469,0.0,22.495,0.0,0.016197,200000,347243.6389858518,147243.63898585178,1.736218194929259
2021-05-02,2,1.7856864154391305,0.0,23.805,0.0,0.015528,200000,347243.6389858518,147243.63898585178,1.736218194929259
2021-05-03,2,2.913394485160566,0.0,32.632,0.0,0.01529,200000,347243.6389858518,147243.63898585178,1.736218194929259
2021-05-04,2,2.9540627169130054,0.0,35.175,0.0,0.013525,200000,347243.6389858518,147243.63898585178,1.736218194929259
2021-05-05,2,2.1319131849344775,0.0,35.932,0.0,0.014775,200000,347243.6389858518,147243.63898585178,1.736218194929259
2021-05-06,2,1.6183795374307912,0.0,34.215,0.0,0.014982,200000,347243.6389858518,147243.63898585178,1.736218194929259
2021-05-07,2,1.2087645174922967,0.0,32.447,0.0,0.015233,200000,347243.6389858518,147243.63898585178,1.736218194929259
2021-05-08,1,1.19305499808947,-5360.1870733514215,32.391,11755031.786927955,0.01477,200000,347243.6389858518,147243.63898585178,1.736218194929259
2021-05-09,1,1.0842696731741968,-5360.1870733514215,31.619,11755031.786927955,0.01442,200000,338991.3134397997,138991.3134397997,1.6949565671989986
2021-05-10,2,1.3705642693381945,0.0,30.851,0.0,0.012672,200000,363651.0075818654,163651.00758186541,1.818255037909327
2021-05-11,2,1.4093602367552585,0.0,33.172,0.0,0.01303,200000,363651.0075818654,163651.00758186541,1.818255037909327
2021-05-12,2,1.908368773226703,0.0,31.664,0.0,0.010559,200000,363651.0075818654,163651.00758186541,1.818255037909327
2021-05-13,2,1.459540538549578,0.0,31.874,0.0,0.01125,200000,363651.0075818654,163651.00758186541,1.818255037909327
2021-05-14,2,1.3049160788403003,0.0,33.414,0.0,0.011847,200000,363651.0075818654,163651.00758186541,1.818255037909327
2021-05-15,2,1.2723230614305427,0.0,31.189,0.0,0.010849,200000,363651.0075818654,163651.00758186541,1.818255037909327
2021-05-16,0,0.7627949275659968,0.0,30.456,0.0,0.011639,200000,363651.0075818654,163651.00758186541,1.818255037909327
2021-05-17,0,0.4106114406969209,0.0,27.001,0.0,0.010999,200000,363651.0075818654,163651.00758186541,1.818255037909327
2021-05-18,0,0.42522276834640343,0.0,27.64,0.0,0.011034,200000,363651.0075818654,163651.00758186541,1.818255037909327
2021-05-19,0,0.3897093960833818,0.0,18.148,0.0,0.007187,200000,363651.0075818654,163651.00758186541,1.818255037909327
2021-05-20,1,1.0540270688840643,-7474.226324287117,24.327,21358569.692344967,0.008513,200000,363651.0075818654,163651.00758186541,1.818255037909327
2021-05-21,1,0.690023745892139,-7474.226324287117,20.726,21358569.692344967,0.007614,200000,317534.9644346894,117534.96443468938,1.587674822173447
2021-05-22,0,0.06189518104465803,0.0,17.991,0.0,0.007051,200000,347520.53848139057,147520.53848139057,1.737602692406953
2021-05-23,0,-0.4044192618470415,0.0,14.737,0.0,0.00601,200000,347520.53848139057,147520.53848139057,1.737602692406953
2021-05-24,-1,-1.0263839154849626,9951.335504306471,17.461,-22648627.377567165,0.007672,200000,347520.53848139057,147520.53848139057,1.737602692406953
2021-05-25,-2,-2.484812512672813,0.0,16.14,0.0,0.009328,200000,398172.3796198306,198172.37961983058,1.990861898099153
2021-05-26,-2,-2.3129895993123486,0.0,17.45,0.0,0.010742,200000,398172.3796198306,198172.37961983058,1.990861898099153
2021-05-27,-2,-1.8227636901486743,0.0,16.512,0.0,0.009547,200000,398172.3796198306,198172.37961983058,1.990861898099153
2021-05-28,-2,-1.7535925258623506,0.0,14.031,0.0,0.008392,200000,398172.3796198306,198172.37961983058,1.990861898099153
2021-05-29,-2,-1.7040153317912579,0.0,13.105,0.0,0.008174,200000,398172.3796198306,198172.37961983058,1.990861898099153
2021-05-30,-2,-1.6068894285204491,0.0,13.325,0.0,0.008629,200000,398172.3796198306,198172.37961983058,1.990861898099153
2021-05-31,-2,-1.4384572620592833,0.0,13.842,0.0,0.009011,200000,398172.3796198306,198172.37961983058,1.990861898099153
2021-06-01,-2,-1.2864543411906857,0.0,13.221,0.0,0.008551,200000,398172.3796198306,198172.37961983058,1.990861898099153
2021-06-02,0,-0.9275513072372595,0.0,14.747,0.0,0.008754,200000,398172.3796198306,198172.37961983058,1.990861898099153
2021-06-03,0,-0.8975265691866474,0.0,15.325,0.0,0.009274,200000,398172.3796198306,198172.37961983058,1.990861898099153
2021-06-04,0,-0.8751214887463986,0.0,13.875,0.0,0.008559,200000,398172.3796198306,198172.37961983058,1.990861898099153
2021-06-05,0,-0.6531149103580036,0.0,14.13,0.0,0.008355,200000,398172.3796198306,198172.37961983058,1.990861898099153
2021-06-06,0,-0.14671513054302415,0.0,16.297,0.0,0.008559,200000,398172.3796198306,198172.37961983058,1.990861898099153
2021-06-07,0,-0.25504825252148083,0.0,14.208,0.0,0.007787,200000,398172.3796198306,198172.37961983058,1.990861898099153
2021-06-08,0,-0.20615959314764,0.0,14.418,0.0,0.007943,200000,398172.3796198306,198172.37961983058,1.990861898099153
2021-06-09,0,-0.21031817867173552,0.0,14.592,0.0,0.008231,200000,398172.3796198306,198172.37961983058,1.990861898099153
2021-06-10,0,-0.03599031670811644,0.0,14.028,0.0,0.007834,200000,398172.3796198306,198172.37961983058,1.990861898099153
2021-06-11,0,0.45085021365442474,0.0,14.075,0.0,0.00752,200000,398172.3796198306,198172.37961983058,1.990861898099153
2021-06-12,2,1.3903179598084983,0.0,14.629,0.0,0.007354,200000,398172.3796198306,198172.37961983058,1.990861898099153
2021-06-13,0,0.9987138325887387,0.0,15.177,0.0,0.008202,200000,398172.3796198306,198172.37961983058,1.990861898099153
2021-06-14,1,1.195522094738263,-12708.169909990762,15.666,24018119.171180516,0.008289,200000,398172.3796198306,198172.37961983058,1.990861898099153
2021-06-15,2,2.032669778210901,0.0,16.579,0.0,0.008067,200000,415106.9612036542,215106.96120365418,2.075534806018271
2021-06-16,2,2.3060194136121672,0.0,16.936,0.0,0.007755,200000,415106.9612036542,215106.96120365418,2.075534806018271
2021-06-17,2,2.5953035276323417,0.0,18.35,0.0,0.007689,200000,415106.9612036542,215106.96120365418,2.075534806018271
2021-06-18,2,1.8266323061761662,0.0,16.448,0.0,0.007206,200000,415106.9612036542,215106.96120365418,2.075534806018271
2021-06-19,2,1.540966850273042,0.0,15.839,0.0,0.007011,200000,415106.9612036542,215106.96120365418,2.075534806018271
2021-06-20,2,1.868612114935188,0.0,17.904,0.0,0.007439,200000,415106.9612036542,215106.96120365418,2.075534806018271
2021-06-21,2,1.4635074262534842,0.0,13.972,0.0,0.005966,200000,415106.9612036542,215106.96120365418,2.075534806018271
2021-06-22,1,1.1830909789137383,-16546.036400018103,12.544,38097188.069351524,0.005448,200000,415106.9612036542,215106.96120365418,2.075534806018271
2021-06-23,1,0.7550946320697491,-16546.036400018103,13.109,38097188.069351524,0.005925,200000,442627.83047874505,242627.83047874505,2.213139152393725
2021-06-24,1,0.7139621970570795,-16546.036400018103,13.535,38097188.069351524,0.006093,200000,456076.76958080387,256076.76958080387,2.2803838479040195
2021-06-25,1,1.08428608509386,-16546.036400018103,12.973,38097188.069351524,0.005563,200000,426586.3874472374,226586.3874472374,2.132931937236187
2021-06-26,2,1.2570371581728461,0.0,13.579,0.0,0.005647,200000,424650.76845187193,224650.76845187193,2.1232538422593596
2021-06-27,0,0.9130846543338427,0.0,13.867,0.0,0.005911,200000,424650.76845187193,224650.76845187193,2.1232538422593596
2021-06-28,0,0.9573694061801314,0.0,14.142,0.0,0.005948,200000,424650.76845187193,224650.76845187193,2.1232538422593596
2021-06-29,2,1.2597634221272451,0.0,15.413,0.0,0.006248,200000,424650.76845187193,224650.76845187193,2.1232538422593596
2021-06-30,2,1.9628108381618075,0.0,16.329,0.0,0.006132,200000,424650.76845187193,224650.76845187193,2.1232538422593596
2021-07-01,2,1.875409915444241,0.0,15.821,0.0,0.005876,200000,424650.76845187193,224650.76845187193,2.1232538422593596
2021-07-02,2,1.8092398239777254,0.0,16.086,0.0,0.005883,200000,424650.76845187193,224650.76845187193,2.1232538422593596
2021-07-03,2,1.4590874217619276,0.0,16.188,0.0,0.006057,200000,424650.76845187193,224650.76845187193,2.1232538422593596
2021-07-04,2,1.685120006996568,0.0,16.891,0.0,0.006169,200000,424650.76845187193,224650.76845187193,2.1232538422593596
2021-07-05,2,1.299318522621912,0.0,15.974,0.0,0.005957,200000,424650.76845187193,224650.76845187193,2.1232538422593596
2021-07-06,1,1.1995664525066656,-13113.790638375393,16.191,35217346.86116039,0.006029,200000,424650.76845187193,224650.76845187193,2.1232538422593596
2021-07-07,2,1.4221328653173455,0.0,16.542,0.0,0.005991,200000,430591.96814666584,230591.96814666584,2.1529598407333292
2021-07-08,0,0.4408592151352327,0.0,14.806,0.0,0.00574,200000,430591.96814666584,230591.96814666584,2.1529598407333292
2021-07-09,0,0.39973369327352365,0.0,15.0,0.0,0.005803,200000,430591.96814666584,230591.96814666584,2.1529598407333292
2021-07-10,0,-0.11078601512802279,0.0,14.189,0.0,0.005689,200000,430591.96814666584,230591.96814666584,2.1529598407333292
2021-07-11,0,-0.20891133994182623,0.0,14.31,0.0,0.005761,200000,430591.96814666584,230591.96814666584,2.1529598407333292
2021-07-12,0,-0.2990734350525425,0.0,13.932,0.0,0.005621,200000,430591.96814666584,230591.96814666584,2.1529598407333292
2021-07-13,0,-0.4196438398302203,0.0,13.533,0.0,0.005462,200000,430591.96814666584,230591.96814666584,2.1529598407333292
2021-07-14,0,-0.5585859604070379,0.0,13.594,0.0,0.005484,200000,430591.96814666584,230591.96814666584,2.1529598407333292
2021-07-15,0,-0.5171213713774591,0.0,13.086,0.0,0.005239,200000,430591.96814666584,230591.96814666584,2.1529598407333292
2021-07-16,0,0.8105109040061778,0.0,13.447,0.0,0.005015,200000,430591.96814666584,230591.96814666584,2.1529598407333292
2021-07-17,0,-0.3612775533619602,0.0,13.168,0.0,0.005169,200000,430591.96814666584,230591.96814666584,2.1529598407333292
2021-07-18,0,-0.2343092039261595,0.0,13.166,0.0,0.005114,200000,430591.96814666584,230591.96814666584,2.1529598407333292
2021-07-19,0,0.6711154530920054,0.0,12.832,0.0,0.004795,200000,430591.96814666584,230591.96814666584,2.1529598407333292
2021-07-20,0,0.5549594440216422,0.0,11.871,0.0,0.004455,200000,430591.96814666584,230591.96814666584,2.1529598407333292
2021-07-21,0,0.5781354478021118,0.0,12.752,0.0,0.004785,200000,430591.96814666584,230591.96814666584,2.1529598407333292
2021-07-22,2,2.3520947053774615,0.0,14.104,0.0,0.004895,200000,430591.96814666584,230591.96814666584,2.1529598407333292
2021-07-23,2,1.3699918856301843,0.0,14.348,0.0,0.005155,200000,430591.96814666584,230591.96814666584,2.1529598407333292
2021-07-24,2,1.933289003046334,0.0,14.973,0.0,0.005202,200000,430591.96814666584,230591.96814666584,2.1529598407333292
2021-07-25,2,1.7493620934876792,0.0,15.406,0.0,0.005339,200000,430591.96814666584,230591.96814666584,2.1529598407333292
2021-07-26,0,-0.7417336420591641,0.0,14.97,0.0,0.005932,200000,430591.96814666584,230591.96814666584,2.1529598407333292
2021-07-27,-2,-1.4915779924669579,0.0,15.061,0.0,0.006306,200000,430591.96814666584,230591.96814666584,2.1529598407333292
2021-07-28,0,-0.6248856458025073,0.0,15.63,0.0,0.006218,200000,430591.96814666584,230591.96814666584,2.1529598407333292
2021-07-29,0,-0.5563606313376825,0.0,15.738,0.0,0.006245,200000,430591.96814666584,230591.96814666584,2.1529598407333292
2021-07-30,0,-0.3725404924976203,0.0,16.261,0.0,0.006373,200000,430591.96814666584,230591.96814666584,2.1529598407333292
2021-07-31,0,0.08051497668404252,0.0,16.587,0.0,0.006315,200000,430591.96814666584,230591.96814666584,2.1529598407333292
2021-08-01,0,-0.5732415858421483,0.0,15.775,0.0,0.006225,200000,430591.96814666584,230591.96814666584,2.1529598407333292
2021-08-02,0,-0.24728609131088652,0.0,16.115,0.0,0.006227,200000,430591.96814666584,230591.96814666584,2.1529598407333292
2021-08-03,0,-0.08716873793257404,0.0,16.069,0.0,0.006138,200000,430591.96814666584,230591.96814666584,2.1529598407333292
2021-08-04,0,-0.5891764298023396,0.0,16.277,0.0,0.006376,200000,430591.96814666584,230591.96814666584,2.1529598407333292
2021-08-05,0,-0.8596309321243771,0.0,16.365,0.0,0.006532,200000,430591.96814666584,230591.96814666584,2.1529598407333292
2021-08-06,-2,-2.710602851673451,0.0,16.654,0.0,0.007851,200000,430591.96814666584,230591.96814666584,2.1529598407333292
2021-08-07,-2,-1.8876411202942822,0.0,17.348,0.0,0.007848,200000,430591.96814666584,230591.96814666584,2.1529598407333292
2021-08-08,-2,-2.3583909821500466,0.0,16.248,0.0,0.008157,200000,430591.96814666584,230591.96814666584,2.1529598407333292
2021-08-09,-2,-1.8905521638094944,0.0,17.266,0.0,0.008541,200000,430591.96814666584,230591.96814666584,2.1529598407333292
2021-08-10,-2,-2.2137979090915203,0.0,17.585,0.0,0.009772,200000,430591.96814666584,230591.96814666584,2.1529598407333292
2021-08-11,-2,-2.308871439637731,0.0,18.579,0.0,0.011505,200000,430591.96814666584,230591.96814666584,2.1529598407333292
2021-08-12,-2,-1.553661617271191,0.0,19.844,0.0,0.010991,200000,430591.96814666584,230591.96814666584,2.1529598407333292
2021-08-13,-2,-1.6364991972707779,0.0,20.691,0.0,0.012131,200000,430591.96814666584,230591.96814666584,2.1529598407333292
2021-08-14,0,-0.09781507814645564,0.0,26.469,0.0,0.011825,200000,430591.96814666584,230591.96814666584,2.1529598407333292
2021-08-15,0,-0.41172859916556115,0.0,24.905,0.0,0.011787,200000,430591.96814666584,230591.96814666584,2.1529598407333292
2021-08-16,0,-0.478204457835166,0.0,23.452,0.0,0.011304,200000,430591.96814666584,230591.96814666584,2.1529598407333292
2021-08-17,0,-0.1538100596639067,0.0,22.204,0.0,0.010245,200000,430591.96814666584,230591.96814666584,2.1529598407333292
2021-08-18,0,0.21971591391574596,0.0,23.343,0.0,0.010253,200000,430591.96814666584,230591.96814666584,2.1529598407333292
2021-08-19,0,0.09204463966503126,0.0,23.869,0.0,0.010762,200000,430591.96814666584,230591.96814666584,2.1529598407333292
2021-08-20,0,-0.0027925249180108212,0.0,24.498,0.0,0.011314,200000,430591.96814666584,230591.96814666584,2.1529598407333292
2021-08-21,0,0.5505570802757636,0.0,24.909,0.0,0.010777,200000,430591.96814666584,230591.96814666584,2.1529598407333292
2021-08-22,0,0.7969629117630219,0.0,26.022,0.0,0.011033,200000,430591.96814666584,230591.96814666584,2.1529598407333292
2021-08-23,0,0.7922046636724067,0.0,26.007,0.0,0.011176,200000,430591.96814666584,230591.96814666584,2.1529598407333292
2021-08-24,0,0.5201304131471107,0.0,23.651,0.0,0.010591,200000,430591.96814666584,230591.96814666584,2.1529598407333292
2021-08-25,0,0.5806213565402737,0.0,24.268,0.0,0.010917,200000,430591.96814666584,230591.96814666584,2.1529598407333292
2021-08-26,0,0.9237873486750318,0.0,22.99,0.0,0.00995,200000,430591.96814666584,230591.96814666584,2.1529598407333292
2021-08-27,0,0.9772946809087183,0.0,24.65,0.0,0.010566,200000,430591.96814666584,230591.96814666584,2.1529598407333292
2021-08-28,0,0.4381226301516246,0.0,25.31,0.0,0.011382,200000,430591.96814666584,230591.96814666584,2.1529598407333292
2021-08-29,0,0.5046174579305038,0.0,24.8,0.0,0.011022,200000,430591.96814666584,230591.96814666584,2.1529598407333292
2021-08-30,2,1.6065290440414943,0.0,26.54,0.0,0.010465,200000,430591.96814666584,230591.96814666584,2.1529598407333292
2021-08-31,2,2.0941628929555103,0.0,28.13,0.0,0.010549,200000,430591.96814666584,230591.96814666584,2.1529598407333292
2021-09-01,2,1.8038975174595344,0.0,29.07,0.0,0.011023,200000,430591.96814666584,230591.96814666584,2.1529598407333292
2021-09-02,0,-0.05549536452904319,0.0,29.72,0.0,0.012984,200000,430591.96814666584,230591.96814666584,2.1529598407333292
2021-09-03,1,1.0878958386315416,-6999.219248157767,30.76,17389224.13967635,0.012381,200000,430591.96814666584,230591.96814666584,2.1529598407333292
2021-09-04,2,1.263521641918179,0.0,30.53,0.0,0.012047,200000,434790.1485822414,234790.14858224138,2.173950742911207
2021-09-05,0,-0.5642661239525737,0.0,29.49,0.0,0.013077,200000,434790.1485822414,234790.14858224138,2.173950742911207
2021-09-06,0,0.1727511296287612,0.0,29.23,0.0,0.012305,200000,434790.1485822414,234790.14858224138,2.173950742911207
2021-09-07,2,2.0746862762752687,0.0,27.27,0.0,0.010046,200000,434790.1485822414,234790.14858224138,2.173950742911207
2021-09-08,2,1.7758523238637698,0.0,27.5,0.0,0.010142,200000,434790.1485822414,234790.14858224138,2.173950742911207
2021-09-09,2,2.7913356887060194,0.0,31.26,0.0,0.010196,200000,434790.1485822414,234790.14858224138,2.173950742911207
2021-09-10,2,2.0418226852945986,0.0,29.14,0.0,0.009741,200000,434790.1485822414,234790.14858224138,2.173950742911207
2021-09-11,2,2.074993549609561,0.0,30.54,0.0,0.009819,200000,434790.1485822414,234790.14858224138,2.173950742911207
2021-09-12,2,2.002108288591785,0.0,32.06,0.0,0.010011,200000,434790.1485822414,234790.14858224138,2.173950742911207
2021-09-13,2,1.542611605275444,0.0,29.98,0.0,0.009609,200000,434790.1485822414,234790.14858224138,2.173950742911207
2021-09-14,1,1.139137691326816,-7285.357717530855,29.84,22037007.02393519,0.009865,200000,434790.1485822414,234790.14858224138,2.173950742911207
2021-09-15,1,1.0007052785435755,-7285.357717530855,30.46,22037007.02393519,0.010107,200000,444640.0260669028,244640.0260669028,2.223200130334514
2021-09-16,2,1.327546170331913,0.0,30.94,0.0,0.009743,200000,445492.5569284454,245492.5569284454,2.227462784642227
2021-09-17,0,0.8255651286036623,0.0,28.82,0.0,0.009506,200000,445492.5569284454,245492.5569284454,2.227462784642227
2021-09-18,0,0.5966298461751935,0.0,29.01,0.0,0.009731,200000,445492.5569284454,245492.5569284454,2.227462784642227
2021-09-19,0,0.2615211800333075,0.0,27.4,0.0,0.009469,200000,445492.5569284454,245492.5569284454,2.227462784642227
2021-09-20,0,0.043821715280046074,0.0,23.02,0.0,0.008118,200000,445492.5569284454,245492.5569284454,2.227462784642227
2021-09-21,0,0.3333581471841919,0.0,22.37,0.0,0.007615,200000,445492.5569284454,245492.5569284454,2.227462784642227
2021-09-22,0,-0.23008603434761135,0.0,24.7,0.0,0.00882,200000,445492.5569284454,245492.5569284454,2.227462784642227
2021-09-23,0,-0.10432853226352978,0.0,25.15,0.0,0.00881,200000,445492.5569284454,245492.5569284454,2.227462784642227
2021-09-24,0,0.8465668176714035,0.0,25.56,0.0,0.008189,200000,445492.5569284454,245492.5569284454,2.227462784642227
2021-09-25,0,0.4869430790428627,0.0,24.23,0.0,0.007955,200000,445492.5569284454,245492.5569284454,2.227462784642227
2021-09-26,0,0.07947005440214104,0.0,23.65,0.0,0.007903,200000,445492.5569284454,245492.5569284454,2.227462784642227
2021-09-27,0,-0.3639130385553247,0.0,22.74,0.0,0.007718,200000,445492.5569284454,245492.5569284454,2.227462784642227
2021-09-28,0,0.5153773681805177,0.0,22.95,0.0,0.007482,200000,445492.5569284454,245492.5569284454,2.227462784642227
2021-09-29,0,0.3808163054100142,0.0,23.19,0.0,0.007599,200000,445492.5569284454,245492.5569284454,2.227462784642227
2021-09-30,0,0.46144294346765474,0.0,24.24,0.0,0.00791,200000,445492.5569284454,245492.5569284454,2.227462784642227
2021-10-01,0,0.165909666368699,0.0,26.12,0.0,0.008628,200000,445492.5569284454,245492.5569284454,2.227462784642227
2021-10-02,0,0.5556146770397885,0.0,26.3,0.0,0.008603,200000,445492.5569284454,245492.5569284454,2.227462784642227
2021-10-03,-1,-1.148344041883071,8225.490342105713,27.08,-23663686.228006236,0.009413,200000,445492.55692844535,245492.55692844535,2.227462784642227
2021-10-04,-2,-1.2229602646278006,0.0,25.98,0.0,0.009096,200000,447039.20777048374,247039.20777048374,2.235196038852419
2021-10-05,-2,-1.5134422572117445,0.0,27.59,0.0,0.009834,200000,447039.20777048374,247039.20777048374,2.235196038852419
2021-10-06,-2,-1.3732628291231062,0.0,27.17,0.0,0.009668,200000,447039.20777048374,247039.20777048374,2.235196038852419
2021-10-07,0,-0.33992661666418716,0.0,27.49,0.0,0.00944,200000,447039.20777048374,247039.20777048374,2.235196038852419
2021-10-08,0,-0.4961000752338191,0.0,27.26,0.0,0.009428,200000,447039.20777048374,247039.20777048374,2.235196038852419
2021-10-09,0,0.38584604910346687,0.0,28.95,0.0,0.009693,200000,447039.20777048374,247039.20777048374,2.235196038852419
2021-10-10,0,-0.7840282289605289,0.0,26.34,0.0,0.009179,200000,447039.20777048374,247039.20777048374,2.235196038852419
2021-10-11,0,-0.24348184502247566,0.0,26.96,0.0,0.009222,200000,447039.20777048374,247039.20777048374,2.235196038852419
2021-10-12,2,2.394485799329555,0.0,29.6,0.0,0.00912,200000,447039.20777048374,247039.20777048374,2.235196038852419
2021-10-13,2,2.9669167613723912,0.0,31.95,0.0,0.009224,200000,447039.20777048374,247039.20777048374,2.235196038852419
2021-10-14,2,2.5497074158428745,0.0,32.3,0.0,0.009204,200000,447039.20777048374,247039.20777048374,2.235196038852419
2021-10-15,2,1.3060363164204039,0.0,30.2,0.0,0.009163,200000,447039.20777048374,247039.20777048374,2.235196038852419
2021-10-16,0,0.5195737350106402,0.0,29.23,0.0,0.009292,200000,447039.20777048374,247039.20777048374,2.235196038852419
2021-10-17,0,0.22687715419881835,0.0,28.85,0.0,0.009326,200000,447039.20777048374,247039.20777048374,2.235196038852419
2021-10-18,0,0.06384116591591527,0.0,28.2,0.0,0.009215,200000,447039.20777048374,247039.20777048374,2.235196038852419
2021-10-19,0,0.31754262207651585,0.0,28.55,0.0,0.009166,200000,447039.20777048374,247039.20777048374,2.235196038852419
2021-10-20,0,-0.19092255398321528,0.0,29.29,0.0,0.009734,200000,447039.20777048374,247039.20777048374,2.235196038852419
2021-10-21,0,-0.5935880440571583,0.0,27.91,0.0,0.009555,200000,447039.20777048374,247039.20777048374,2.235196038852419
2021-10-22,0,-0.6299303068136597,0.0,27.95,0.0,0.009623,200000,447039.20777048374,247039.20777048374,2.235196038852419
2021-10-23,0,-0.42197021038245175,0.0,28.33,0.0,0.009596,200000,447039.20777048374,247039.20777048374,2.235196038852419
2021-10-24,0,-0.1083434870833063,0.0,28.06,0.0,0.009275,200000,447039.20777048374,247039.20777048374,2.235196038852419
2021-10-25,0,-0.44788585707717093,0.0,28.56,0.0,0.00962,200000,447039.20777048374,247039.20777048374,2.235196038852419
2021-10-26,-2,-2.421346086450871,0.0,28.66,0.0,0.011476,200000,447039.20777048374,247039.20777048374,2.235196038852419
2021-10-27,-1,-1.17103422240297,7859.339095824257,28.44,-21705147.00769488,0.010298,200000,447039.20777048374,247039.20777048374,2.235196038852419
2021-10-28,-2,-1.3362578249403918,0.0,27.66,0.0,0.010241,200000,451932.29888578807,251932.29888578807,2.2596614944289404
2021-10-29,-2,-1.7384021296854504,0.0,27.51,0.0,0.010822,200000,451932.29888578807,251932.29888578807,2.2596614944289404
2021-10-30,-2,-1.6143059740154357,0.0,26.73,0.0,0.010581,200000,451932.29888578807,251932.29888578807,2.2596614944289404
2021-10-31,-2,-2.7859622065284544,0.0,26.44,0.0,0.014002,200000,451932.29888578807,251932.29888578807,2.2596614944289404
2021-11-01,-2,-2.030334627156254,0.0,26.45,0.0,0.013082,200000,451932.29888578807,251932.29888578807,2.2596614944289404
2021-11-02,-2,-1.9802742245474743,0.0,26.56,0.0,0.013897,200000,451932.29888578807,251932.29888578807,2.2596614944289404
2021-11-03,-2,-2.1567394755132923,0.0,26.25,0.0,0.015722,200000,451932.29888578807,251932.29888578807,2.2596614944289404
2021-11-04,-2,-1.7514900938557585,0.0,25.95,0.0,0.014876,200000,451932.29888578807,251932.29888578807,2.2596614944289404
2021-11-05,-2,-1.4706681098654362,0.0,25.37,0.0,0.014149,200000,451932.29888578807,251932.29888578807,2.2596614944289404
2021-11-06,-2,-1.4496183088131576,0.0,25.21,0.0,0.014733,200000,451932.29888578807,251932.29888578807,2.2596614944289404
2021-11-07,-2,-1.2954320906845265,0.0,25.4,0.0,0.014808,200000,451932.29888578807,251932.29888578807,2.2596614944289404
2021-11-08,-1,-1.1569944952800981,8857.94392171282,25.51,-15295887.730514726,0.014773,200000,451932.29888578807,251932.29888578807,2.2596614944289404
2021-11-09,-1,-1.0363003716308639,8857.94392171282,25.85,-15295887.730514726,0.014898,200000,456855.9857854848,256855.98578548478,2.2842799289274236
2021-11-10,-1,-0.9274271328066428,8857.94392171282,23.89,-15295887.730514726,0.013712,200000,421353.4928505372,221353.49285053718,2.1067674642526857
2021-11-11,-1,-0.8313020373405007,8857.94392171282,24.26,-15295887.730514726,0.013885,200000,427277.12067895,227277.12067894998,2.13638560339475
2021-11-12,-1,-0.7733684625331072,8857.94392171282,23.36,-15295887.730514726,0.013453,200000,412697.1476498261,212697.14764982607,2.0634857382491303
2021-11-13,-1,-0.6479695180567278,8857.94392171282,23.74,-15295887.730514726,0.013462,200000,416200.82932965155,216200.82932965155,2.081004146648258
2021-11-14,-1,-0.6206558119323246,8857.94392171282,23.37,-15295887.730514726,0.01337,200000,411516.1684074105,211516.1684074105,2.0575808420370523
2021-11-15,-1,-0.6592584891817193,8857.94392171282,23.2,-15295887.730514726,0.013618,200000,413803.698097887,213803.69809788698,2.0690184904894346
2021-11-16,-1,-0.5828453215102076,8857.94392171282,21.55,-15295887.730514726,0.012609,200000,383754.5399069715,183754.5399069715,1.9187726995348575
2021-11-17,-1,-0.4960861191903643,8857.94392171282,21.52,-15295887.730514726,0.012524,200000,382188.65113222634,182188.65113222634,1.9109432556611317
2021-11-18,0,0.27037071425462494,0.0,21.7,0.0,0.011668,200000,438187.33382426575,238187.33382426575,2.190936669121329
2021-11-19,0,-0.25624203024876185,0.0,22.17,0.0,0.012686,200000,438187.33382426575,238187.33382426575,2.190936669121329
2021-11-20,-2,-1.4719047667766303,0.0,22.1,0.0,0.013566,200000,438187.33382426575,238187.33382426575,2.190936669121329
2021-11-21,-2,-2.486331701758547,0.0,21.46,0.0,0.013858,200000,438187.33382426575,238187.33382426575,2.190936669121329
2021-11-22,-2,-1.6927853139453082,0.0,20.91,0.0,0.01303,200000,438187.33382426575,238187.33382426575,2.190936669121329
2021-11-23,-2,-2.5993892185579215,0.0,20.92,0.0,0.014014,200000,438187.33382426575,238187.33382426575,2.190936669121329
2021-11-24,-2,-1.9361848212103228,0.0,20.23,0.0,0.01333,200000,438187.33382426575,238187.33382426575,2.190936669121329
2021-11-25,-2,-2.002448535788449,0.0,20.5,0.0,0.013879,200000,438187.33382426575,238187.33382426575,2.190936669121329
2021-11-26,0,-0.26433748412256597,0.0,19.71,0.0,0.011933,200000,438187.33382426575,238187.33382426575,2.190936669121329
2021-11-27,0,-0.7900033084827807,0.0,19.32,0.0,0.012146,200000,438187.33382426575,238187.33382426575,2.190936669121329
2021-11-28,0,-0.14820283426167472,0.0,20.44,0.0,0.012361,200000,438187.33382426575,238187.33382426575,2.190936669121329
2021-11-29,0,0.6184219350739601,0.0,21.35,0.0,0.012325,200000,438187.33382426575,238187.33382426575,2.190936669121329
2021-11-30,1,1.0349066834580753,-10252.394333745104,21.37,18235011.811247014,0.012015,200000,438187.33382426575,238187.33382426575,2.190936669121329
2021-12-01,2,2.0717604719715643,0.0,22.67,0.0,0.011786,200000,455691.26416290994,255691.26416290994,2.2784563208145494
2021-12-02,2,1.3131239923040028,0.0,21.24,0.0,0.011503,200000,455691.26416290994,255691.26416290994,2.2784563208145494
2021-12-03,2,1.7772538353056575,0.0,21.27,0.0,0.011013,200000,455691.26416290994,255691.26416290994,2.2784563208145494
2021-12-04,0,0.8357952249322926,0.0,18.33,0.0,0.010127,200000,455691.26416290994,255691.26416290994,2.2784563208145494
2021-12-05,2,2.2255035482614254,0.0,19.22,0.0,0.009285,200000,455691.26416290994,255691.26416290994,2.2784563208145494
2021-12-06,2,1.6869125293664933,0.0,19.51,0.0,0.00964,200000,455691.26416290994,255691.26416290994,2.2784563208145494
2021-12-07,2,1.3489289344955802,0.0,19.19,0.0,0.009636,200000,455691.26416290994,255691.26416290994,2.2784563208145494
2021-12-08,1,1.0224703039210055,-11885.5311466591,19.17,23047302.456145555,0.009886,200000,455691.26416290994,255691.26416290994,2.2784563208145494
2021-12-09,1,0.8228372054808288,-11885.5311466591,17.07,23047302.456145555,0.008923,200000,408537.09648965765,208537.09648965765,2.042685482448288
2021-12-10,1,0.44718717909775135,-11885.5311466591,15.62,23047302.456145555,0.008434,200000,380032.94542594673,180032.94542594673,1.9001647271297335
2021-12-11,1,0.3144153477170027,-11885.5311466591,16.03,23047302.456145555,0.008715,200000,391382.30518625386,191382.30518625386,1.9569115259312693
2021-12-12,1,0.5469188404331558,-11885.5311466591,16.55,23047302.456145555,0.008736,200000,398046.77473409567,198046.77473409567,1.9902338736704783
2021-12-13,1,0.2525949854437778,-11885.5311466591,14.38,23047302.456145555,0.007747,200000,349461.3900167175,149461.3900167175,1.7473069500835874
2021-12-14,1,0.2900328751296632,-11885.5311466591,14.99,23047302.456145555,0.007991,200000,362335.105815479,162335.105815479,1.811675529077395
2021-12-15,2,1.6519897326288706,0.0,17.1,0.0,0.008202,200000,469899.87202547473,269899.87202547473,2.349499360127374
2021-12-16,2,2.874965282819533,0.0,18.65,0.0,0.007813,200000,469899.87202547473,269899.87202547473,2.349499360127374
2021-12-17,2,2.383775937962775,0.0,17.52,0.0,0.007361,200000,469899.87202547473,269899.87202547473,2.349499360127374
2021-12-18,2,1.8140127421783363,0.0,17.3,0.0,0.007463,200000,469899.87202547473,269899.87202547473,2.349499360127374
2021-12-19,0,0.9895652435179091,0.0,16.11,0.0,0.00739,200000,469899.87202547473,269899.87202547473,2.349499360127374
2021-12-20,0,0.07802468147493875,0.0,15.44,0.0,0.00764,200000,469899.87202547473,269899.87202547473,2.349499360127374
2021-12-21,0,-0.16359628414451852,0.0,15.98,0.0,0.008069,200000,469899.87202547473,269899.87202547473,2.349499360127374
2021-12-22,0,-0.28519012275339506,0.0,16.03,0.0,0.008155,200000,469899.87202547473,269899.87202547473,2.349499360127374
2021-12-23,0,-0.5967372577310089,0.0,16.51,0.0,0.008646,200000,469899.87202547473,269899.87202547473,2.349499360127374
2021-12-24,0,-0.9493778935058246,0.0,15.94,0.0,0.008608,200000,469899.87202547473,269899.87202547473,2.349499360127374
2021-12-25,0,-0.7616679736795372,0.0,16.15,0.0,0.008624,200000,469899.87202547473,269899.87202547473,2.349499360127374
2021-12-26,0,-0.7706870297539412,0.0,16.16,0.0,0.008685,200000,469899.87202547473,269899.87202547473,2.349499360127374
2021-12-27,0,-0.3876419264309889,0.0,16.48,0.0,0.008558,200000,469899.87202547473,269899.87202547473,2.349499360127374
2021-12-28,0,-0.3516328142973705,0.0,14.83,0.0,0.007677,200000,469899.87202547473,269899.87202547473,2.349499360127374
2021-12-29,0,-0.31941016435060887,0.0,14.37,0.0,0.007411,200000,469899.87202547473,269899.87202547473,2.349499360127374
2021-12-30,0,-0.050326889494170385,0.0,14.69,0.0,0.007365,200000,469899.87202547473,269899.87202547473,2.349499360127374
2021-12-31,0,-0.11816590919698303,0.0,14.53,0.0,0.007299,200000,469899.87202547473,269899.87202547473,2.349499360127374
2022-01-01,0,0.06806755036117469,0.0,15.1,0.0,0.007441,200000,469899.87202547473,269899.87202547473,2.349499360127374
2022-01-02,0,0.18576783638859637,0.0,15.38,0.0,0.007471,200000,469899.87202547473,269899.87202547473,2.349499360127374
2022-01-03,0,0.5878179429302497,0.0,15.58,0.0,0.007291,200000,469899.87202547473,269899.87202547473,2.349499360127374
2022-01-04,0,0.8719583089079245,0.0,15.8,0.0,0.00721,200000,469899.87202547473,269899.87202547473,2.349499360127374
2022-01-05,0,0.7076538903956366,0.0,14.39,0.0,0.006729,200000,469899.87202547473,269899.87202547473,2.349499360127374
2022-01-06,0,0.8634057533685189,0.0,14.17,0.0,0.006652,200000,469899.87202547473,269899.87202547473,2.349499360127374
2022-01-07,2,1.5731538483978178,0.0,13.76,0.0,0.006275,200000,469899.87202547473,269899.87202547473,2.349499360127374
2022-01-08,2,2.3239241230431267,0.0,13.76,0.0,0.00594,200000,469899.87202547473,269899.87202547473,2.349499360127374
2022-01-09,2,2.044752890870386,0.0,14.13,0.0,0.006056,200000,469899.87202547473,269899.87202547473,2.349499360127374
2022-01-10,2,1.647443004348035,0.0,13.36,0.0,0.00578,200000,469899.87202547473,269899.87202547473,2.349499360127374
2022-01-11,2,1.4806077820022159,0.0,14.11,0.0,0.006092,200000,469899.87202547473,269899.87202547473,2.349499360127374
2022-01-12,1,1.0109235389472029,-15918.017345036407,14.76,35914083.7683793,0.006542,200000,469899.8720254748,269899.8720254748,2.349499360127374
2022-01-13,1,1.1236790578344598,-15918.017345036407,14.0,35914083.7683793,0.006107,200000,442179.55240400205,242179.55240400205,2.2108977620200103
2022-01-14,1,0.7135517264641087,-15918.017345036407,14.17,35914083.7683793,0.006329,200000,452858.5419492385,252858.5419492385,2.2642927097461927
2022-01-15,1,1.1079187547694793,-15918.017345036407,14.53,35914083.7683793,0.006283,200000,456936.9803401062,256936.98034010618,2.2846849017005306
2022-01-16,1,0.5408513183056148,-15918.017345036407,14.29,35914083.7683793,0.006376,200000,456456.66596775665,256456.66596775665,2.2822833298387835
2022-01-17,1,0.8596891304878697,-15918.017345036407,13.73,35914083.7683793,0.005983,200000,433428.3413335632,233428.3413335632,2.167141706667816
2022-01-18,1,0.7628472247096936,-15918.017345036407,13.58,35914083.7683793,0.005928,200000,429065.36412454693,229065.36412454693,2.145326820622735
2022-01-19,1,0.8473440324838684,-15918.017345036407,13.18,35914083.7683793,0.005709,200000,414832.97284125723,214832.97284125723,2.074164864206286
2022-01-20,1,0.8429776909988043,-15918.017345036407,12.59,35914083.7683793,0.005442,200000,395852.2822415285,195852.2822415285,1.9792614112076425
2022-01-21,1,0.8310563754250215,-15918.017345036407,10.68,35914083.7683793,0.00461,200000,335568.3514172174,135568.3514172174,1.677841757086087
2022-01-22,0,-2.331425614748149,0.0,8.96,0.0,0.004344,200000,456514.5275471613,256514.52754716133,2.2825726377358064
2022-01-23,-2,-2.3135190646374357,0.0,9.22,0.0,0.004529,200000,456514.5275471613,256514.52754716133,2.2825726377358064
2022-01-24,-2,-2.8437037210797382,0.0,8.53,0.0,0.00452,200000,456514.5275471613,256514.52754716133,2.2825726377358064
2022-01-25,-2,-2.0804582714915587,0.0,8.39,0.0,0.004332,200000,456514.5275471613,256514.52754716133,2.2825726377358064
2022-01-26,0,0.4753642254327088,0.0,10.26,0.0,0.004477,200000,456514.5275471613,256514.52754716133,2.2825726377358064
2022-01-27,0,0.20019549992872915,0.0,9.88,0.0,0.004376,200000,456514.5275471613,256514.52754716133,2.2825726377358064
2022-01-28,0,0.2451583593768737,0.0,10.11,0.0,0.004472,200000,456514.5275471613,256514.52754716133,2.2825726377358064
2022-01-29,0,-0.4943941996011016,0.0,9.9,0.0,0.004597,200000,456514.5275471613,256514.52754716133,2.2825726377358064
2022-01-30,0,-0.9512922725305674,0.0,9.25,0.0,0.004447,200000,456514.5275471613,256514.52754716133,2.2825726377358064
2022-01-31,-2,-1.2640207488132538,0.0,9.14,0.0,0.004528,200000,456514.5275471613,256514.52754716133,2.2825726377358064
