date,statusList,zscore,XMRUSDT_position,XMRUSDT_price,TFUELUSDT_position,TFUELUSDT_price,init,total_asset,pnl,return
2020-01-01,0,,0.0,45.82,0.0,0.002383,200000,200000.0,0.0,1.0
2020-01-02,0,,0.0,45.5,0.0,0.002297,200000,200000.0,0.0,1.0
2020-01-03,0,,0.0,50.93,0.0,0.002403,200000,200000.0,0.0,1.0
2020-01-04,0,,0.0,50.37,0.0,0.002429,200000,200000.0,0.0,1.0
2020-01-05,0,,0.0,53.69,0.0,0.002412,200000,200000.0,0.0,1.0
2020-01-06,0,,0.0,58.91,0.0,0.002461,200000,200000.0,0.0,1.0
2020-01-07,0,,0.0,58.36,0.0,0.002382,200000,200000.0,0.0,1.0
2020-01-08,0,,0.0,59.44,0.0,0.002511,200000,200000.0,0.0,1.0
2020-01-09,0,,0.0,58.68,0.0,0.002395,200000,200000.0,0.0,1.0
2020-01-10,0,,0.0,58.42,0.0,0.002402,200000,200000.0,0.0,1.0
2020-01-11,0,,0.0,58.25,0.0,0.002403,200000,200000.0,0.0,1.0
2020-01-12,0,,0.0,59.19,0.0,0.002452,200000,200000.0,0.0,1.0
2020-01-13,0,,0.0,57.72,0.0,0.002456,200000,200000.0,0.0,1.0
2020-01-14,0,,0.0,62.55,0.0,0.002572,200000,200000.0,0.0,1.0
2020-01-15,0,,0.0,68.47,0.0,0.002567,200000,200000.0,0.0,1.0
2020-01-16,0,,0.0,65.63,0.0,0.002584,200000,200000.0,0.0,1.0
2020-01-17,0,,0.0,68.95,0.0,0.002598,200000,200000.0,0.0,1.0
2020-01-18,0,,0.0,67.0,0.0,0.002591,200000,200000.0,0.0,1.0
2020-01-19,0,,0.0,65.17,0.0,0.00246,200000,200000.0,0.0,1.0
2020-01-20,0,0.6293558560889018,0.0,64.96,0.0,0.002579,200000,200000.0,0.0,1.0
2020-01-21,1,1.0476733713725739,-1518.141794443601,65.87,39777247.41447891,0.002514,200000,200000.0,0.0,1.0
2020-01-22,1,0.8193296894166608,-1518.141794443601,65.0,39777247.41447891,0.002515,200000,198718.9938862485,-1281.0061137515004,0.9935949694312425
2020-01-23,1,0.28890259265796203,-1518.141794443601,62.55,39777247.41447891,0.002492,200000,194084.66979932867,-5915.330200671335,0.9704233489966433
2020-01-24,1,0.24781130168786264,-1518.141794443601,61.67,39777247.41447891,0.002449,200000,191038.28338139574,-8961.71661860426,0.9551914169069787
2020-01-25,0,-0.36919706889665266,0.0,61.35,0.0,0.002489,200000,194132.43027447688,-5867.569725523121,0.9706621513723844
2020-01-26,0,0.5122216277206928,0.0,63.97,0.0,0.0025,200000,194132.43027447688,-5867.569725523121,0.9706621513723844
2020-01-27,0,0.29552582098469893,0.0,65.44,0.0,0.002574,200000,194132.43027447688,-5867.569725523121,0.9706621513723844
2020-01-28,0,0.8619389381667293,0.0,67.71,0.0,0.0026,200000,194132.43027447688,-5867.569725523121,0.9706621513723844
2020-01-29,2,2.5151226717675943,0.0,70.02,0.0,0.002481,200000,194132.43027447688,-5867.569725523121,0.9706621513723844
2020-01-30,2,2.8911003834838898,0.0,74.83,0.0,0.002498,200000,194132.43027447688,-5867.569725523121,0.9706621513723844
2020-01-31,2,1.9437066635727713,0.0,72.16,0.0,0.002482,200000,194132.43027447688,-5867.569725523121,0.9706621513723844
2020-02-01,2,1.824107034365045,0.0,73.22,0.0,0.002496,200000,194132.43027447688,-5867.569725523121,0.9706621513723844
2020-02-02,2,1.778873422323913,0.0,74.89,0.0,0.002528,200000,194132.43027447688,-5867.569725523121,0.9706621513723844
2020-02-03,2,1.7753382023269946,0.0,76.74,0.0,0.002553,200000,194132.43027447688,-5867.569725523121,0.9706621513723844
2020-02-04,0,0.24171299248891673,0.0,75.17,0.0,0.002754,200000,194132.43027447688,-5867.569725523121,0.9706621513723844
2020-02-05,0,0.04177239875525136,0.0,77.84,0.0,0.002882,200000,194132.43027447688,-5867.569725523121,0.9706621513723844
2020-02-06,0,-0.5585085571958283,0.0,78.3,0.0,0.003024,200000,194132.43027447688,-5867.569725523121,0.9706621513723844
2020-02-07,-1,-1.0874229665333948,1221.2659176804032,79.48,-30333192.23038701,0.0032,200000,194132.43027447688,-5867.569725523121,0.9706621513723844
2020-02-08,0,-0.13580676126744023,0.0,80.64,0.0,0.003031,200000,187589.4523230322,-12410.547676967806,0.937947261615161
2020-02-09,0,-0.3479663275311424,0.0,87.59,0.0,0.003333,200000,187589.4523230322,-12410.547676967806,0.937947261615161
2020-02-10,-2,-1.2800548766100388,0.0,84.53,0.0,0.003465,200000,187589.4523230322,-12410.547676967806,0.937947261615161
2020-02-11,0,-0.885336956431583,0.0,89.36,0.0,0.003563,200000,187589.4523230322,-12410.547676967806,0.937947261615161
2020-02-12,0,-0.7571732983052475,0.0,94.29,0.0,0.00372,200000,187589.4523230322,-12410.547676967806,0.937947261615161
2020-02-13,-2,-1.5704249210709222,0.0,92.25,0.0,0.003918,200000,187589.4523230322,-12410.547676967806,0.937947261615161
2020-02-14,0,-0.9526508111134071,0.0,95.16,0.0,0.003836,200000,187589.4523230322,-12410.547676967806,0.937947261615161
2020-02-15,0,-0.48075608485748705,0.0,89.1,0.0,0.003458,200000,187589.4523230322,-12410.547676967806,0.937947261615161
2020-02-16,0,0.009038154348965734,0.0,87.8,0.0,0.003274,200000,187589.4523230322,-12410.547676967806,0.937947261615161
2020-02-17,-1,-1.0827743781430998,1135.6668623503583,82.59,-27840524.239096496,0.003369,200000,187589.4523230322,-12410.547676967806,0.937947261615161
2020-02-18,-1,-0.5648789077797168,1135.6668623503583,86.34,-27840524.239096496,0.003394,200000,192544.21616282343,-7455.783837176568,0.9627210808141171
2020-02-19,-1,-0.6286136463765791,1135.6668623503583,77.69,-27840524.239096496,0.003088,200000,174201.4973863293,-25798.502613670687,0.8710074869316465
2020-02-20,-1,-0.934060758144787,1135.6668623503583,76.39,-27840524.239096496,0.003129,200000,173866.59195907682,-26133.408040923183,0.869332959795384
2020-02-21,0,-0.18526921890973325,0.0,80.29,0.0,0.003134,200000,183658.96291025035,-16341.037089749647,0.9182948145512517
2020-02-22,0,-0.4801606669489598,0.0,78.9,0.0,0.003154,200000,183658.96291025035,-16341.037089749647,0.9182948145512517
2020-02-23,0,0.7096565883940795,0.0,85.05,0.0,0.003246,200000,183658.96291025035,-16341.037089749647,0.9182948145512517
2020-02-24,0,-0.2901695631492967,0.0,79.2,0.0,0.003151,200000,183658.96291025035,-16341.037089749647,0.9182948145512517
2020-02-25,0,0.5594667839361381,0.0,76.49,0.0,0.002966,200000,183658.96291025035,-16341.037089749647,0.9182948145512517
2020-02-26,2,2.2348533299555484,0.0,70.61,0.0,0.002565,200000,183658.96291025035,-16341.037089749647,0.9182948145512517
2020-02-27,0,0.6183357916078879,0.0,70.26,0.0,0.002696,200000,183658.96291025035,-16341.037089749647,0.9182948145512517
2020-02-28,0,-0.7415557347907216,0.0,68.41,0.0,0.00277,200000,183658.96291025035,-16341.037089749647,0.9182948145512517
2020-02-29,-1,-1.0266738800347404,1393.0443181906126,65.92,-33897925.97088415,0.002709,200000,183658.96291025035,-16341.037089749647,0.9182948145512517
2020-03-01,-2,-1.5207096754201836,0.0,64.53,0.0,0.002713,200000,185730.88621641885,-14269.113783581153,0.9286544310820942
2020-03-02,0,-0.08482230057264145,0.0,68.78,0.0,0.002732,200000,185730.88621641885,-14269.113783581153,0.9286544310820942
2020-03-03,-2,-1.7228121314926934,0.0,65.89,0.0,0.002823,200000,185730.88621641885,-14269.113783581153,0.9286544310820942
2020-03-04,-2,-2.1861017603947577,0.0,65.68,0.0,0.002906,200000,185730.88621641885,-14269.113783581153,0.9286544310820942
2020-03-05,-2,-1.7914604861954933,0.0,68.46,0.0,0.00301,200000,185730.88621641885,-14269.113783581153,0.9286544310820942
2020-03-06,-2,-1.3170752615141403,0.0,69.13,0.0,0.002987,200000,185730.88621641885,-14269.113783581153,0.9286544310820942
2020-03-07,-2,-1.5015925732406306,0.0,65.71,0.0,0.002896,200000,185730.88621641885,-14269.113783581153,0.9286544310820942
2020-03-08,-2,-1.4486949229804031,0.0,56.44,0.0,0.002504,200000,185730.88621641885,-14269.113783581153,0.9286544310820942
2020-03-09,-2,-1.6020266650502621,0.0,55.77,0.0,0.002535,200000,185730.88621641885,-14269.113783581153,0.9286544310820942
2020-03-10,-2,-1.3977127961323852,0.0,54.82,0.0,0.002487,200000,185730.88621641885,-14269.113783581153,0.9286544310820942
2020-03-11,0,-0.959584871266632,0.0,54.2,0.0,0.002398,200000,185730.88621641885,-14269.113783581153,0.9286544310820942
2020-03-12,2,2.258207113045004,0.0,31.81,0.0,0.001116,200000,185730.88621641885,-14269.113783581153,0.9286544310820942
2020-03-13,1,1.1972552629848865,-2515.31536046071,36.92,67147825.81938498,0.001383,200000,185730.88621641885,-14269.113783581153,0.9286544310820942
2020-03-14,0,0.09146285777392407,0.0,36.21,0.0,0.00148,200000,177431.67320601136,-22568.326793988643,0.8871583660300568
2020-03-15,0,-0.4398339468022215,0.0,38.01,0.0,0.001626,200000,177431.67320601136,-22568.326793988643,0.8871583660300568
2020-03-16,0,-0.7442343888816193,0.0,34.0,0.0,0.001501,200000,177431.67320601136,-22568.326793988643,0.8871583660300568
2020-03-17,0,-0.1885276121017481,0.0,36.26,0.0,0.001541,200000,177431.67320601136,-22568.326793988643,0.8871583660300568
2020-03-18,0,0.8205130390480401,0.0,37.12,0.0,0.001476,200000,177431.67320601136,-22568.326793988643,0.8871583660300568
2020-03-19,0,0.019203766747936606,0.0,40.87,0.0,0.001718,200000,177431.67320601136,-22568.326793988643,0.8871583660300568
2020-03-20,0,-0.7624005622580176,0.0,40.33,0.0,0.0018,200000,177431.67320601136,-22568.326793988643,0.8871583660300568
2020-03-21,0,-0.023734627026092685,0.0,41.23,0.0,0.001746,200000,177431.67320601136,-22568.326793988643,0.8871583660300568
2020-03-22,0,0.29702276629080215,0.0,38.21,0.0,0.001587,200000,177431.67320601136,-22568.326793988643,0.8871583660300568
2020-03-23,2,1.4863879963456759,0.0,44.45,0.0,0.00169,200000,177431.67320601136,-22568.326793988643,0.8871583660300568
2020-03-24,2,2.241011138121441,0.0,47.26,0.0,0.001657,200000,177431.67320601136,-22568.326793988643,0.8871583660300568
2020-03-25,2,1.9106835623419312,0.0,47.15,0.0,0.001651,200000,177431.67320601136,-22568.326793988643,0.8871583660300568
2020-03-26,2,1.8521341322234715,0.0,50.28,0.0,0.001725,200000,177431.67320601136,-22568.326793988643,0.8871583660300568
2020-03-27,2,1.2822148587935416,0.0,47.7,0.0,0.001696,200000,177431.67320601136,-22568.326793988643,0.8871583660300568
2020-03-28,1,1.0280974058778067,-1883.1635874125595,47.11,52278041.60459969,0.001697,200000,177431.67320601136,-22568.326793988643,0.8871583660300568
2020-03-29,1,0.9871457730020554,-1883.1635874125595,44.04,52278041.60459969,0.001578,200000,165429.27404170742,-34570.725958292576,0.8271463702085371
2020-03-30,1,0.6825314011642523,-1883.1635874125595,46.41,52278041.60459969,0.001697,200000,176113.45869482256,-23886.541305177438,0.8805672934741128
2020-03-31,1,0.6482569860203464,-1883.1635874125595,47.6,52278041.60459969,0.001734,200000,180288.7109032137,-19711.28909678629,0.9014435545160685
2020-04-01,1,0.8521933746043638,-1883.1635874125595,48.47,52278041.60459969,0.00174,200000,182240.73147389022,-17759.26852610978,0.9112036573694511
2020-04-02,2,1.3032359729169714,0.0,50.75,0.0,0.001742,200000,181933.87679198608,-18066.123208013916,0.9096693839599305
2020-04-03,2,1.6922742510106186,0.0,52.96,0.0,0.001727,200000,181933.87679198608,-18066.123208013916,0.9096693839599305
2020-04-04,2,1.6581922726573728,0.0,54.11,0.0,0.001737,200000,181933.87679198608,-18066.123208013916,0.9096693839599305
2020-04-05,2,1.453577466060463,0.0,53.15,0.0,0.001715,200000,181933.87679198608,-18066.123208013916,0.9096693839599305
2020-04-06,2,1.5926189064515928,0.0,58.93,0.0,0.00185,200000,181933.87679198608,-18066.123208013916,0.9096693839599305
2020-04-07,2,1.2119107846042183,0.0,55.94,0.0,0.001793,200000,181933.87679198608,-18066.123208013916,0.9096693839599305
2020-04-08,1,1.1792007771705584,-1571.647173393107,57.88,49358078.348341316,0.001843,200000,181933.87679198608,-18066.123208013916,0.9096693839599305
2020-04-09,2,1.3376580865349703,0.0,58.4,0.0,0.001828,200000,183491.50449737563,-16508.49550262437,0.9174575224868782
2020-04-10,2,1.3677204305319912,0.0,53.7,0.0,0.00167,200000,183491.50449737563,-16508.49550262437,0.9174575224868782
2020-04-11,2,1.4209708976491568,0.0,53.86,0.0,0.001666,200000,183491.50449737563,-16508.49550262437,0.9174575224868782
2020-04-12,0,0.8769272760299948,0.0,53.68,0.0,0.001708,200000,183491.50449737563,-16508.49550262437,0.9174575224868782
2020-04-13,0,0.9615364554179942,0.0,52.98,0.0,0.001668,200000,183491.50449737563,-16508.49550262437,0.9174575224868782
2020-04-14,0,0.6471874769988827,0.0,54.09,0.0,0.001727,200000,183491.50449737563,-16508.49550262437,0.9174575224868782
2020-04-15,2,1.4041036754897462,0.0,53.12,0.0,0.001609,200000,183491.50449737563,-16508.49550262437,0.9174575224868782
2020-04-16,2,1.7234462633350858,0.0,56.9,0.0,0.001669,200000,183491.50449737563,-16508.49550262437,0.9174575224868782
2020-04-17,2,1.61384525452184,0.0,56.21,0.0,0.001641,200000,183491.50449737563,-16508.49550262437,0.9174575224868782
2020-04-18,2,1.4332120647377524,0.0,58.04,0.0,0.001698,200000,183491.50449737563,-16508.49550262437,0.9174575224868782
2020-04-19,2,1.619091451331555,0.0,57.05,0.0,0.001639,200000,183491.50449737563,-16508.49550262437,0.9174575224868782
2020-04-20,0,0.7534497425315082,0.0,54.69,0.0,0.001646,200000,183491.50449737563,-16508.49550262437,0.9174575224868782
2020-04-21,1,1.0633433116397788,-1663.8692827110594,55.14,56216759.956303805,0.001632,200000,183491.50449737563,-16508.49550262437,0.9174575224868782
2020-04-22,1,0.7287703020489956,-1663.8692827110594,56.95,56216759.956303805,0.001706,200000,190663.14813584913,-9336.85186415087,0.9533157406792456
2020-04-23,2,1.4174480485733294,0.0,59.27,0.0,0.00172,200000,185416.20975881757,-14583.790241182433,0.9270810487940878
2020-04-24,2,1.5316859364513506,0.0,60.68,0.0,0.001741,200000,185416.20975881757,-14583.790241182433,0.9270810487940878
2020-04-25,0,0.2924399445969344,0.0,60.55,0.0,0.001818,200000,185416.20975881757,-14583.790241182433,0.9270810487940878
2020-04-26,0,-0.13960402588410137,0.0,61.33,0.0,0.001869,200000,185416.20975881757,-14583.790241182433,0.9270810487940878
2020-04-27,0,0.5115511839639939,0.0,62.36,0.0,0.00185,200000,185416.20975881757,-14583.790241182433,0.9270810487940878
2020-04-28,0,-0.266837879160869,0.0,62.07,0.0,0.001887,200000,185416.20975881757,-14583.790241182433,0.9270810487940878
2020-04-29,0,0.8683729261154879,0.0,66.32,0.0,0.001937,200000,185416.20975881757,-14583.790241182433,0.9270810487940878
2020-04-30,-1,-1.1033638987118621,1488.5694425081692,62.28,-47787682.927530296,0.00194,200000,185416.20975881757,-14583.790241182433,0.9270810487940878
2020-05-01,-2,-1.8904299164753062,0.0,63.45,0.0,0.002047,200000,188787.86558432874,-11212.134415671258,0.9439393279216437
2020-05-02,-2,-2.102891841600721,0.0,64.54,0.0,0.002115,200000,188787.86558432874,-11212.134415671258,0.9439393279216437
2020-05-03,-2,-2.0323366077452145,0.0,62.37,0.0,0.00206,200000,188787.86558432874,-11212.134415671258,0.9439393279216437
2020-05-04,-2,-1.9993415779487047,0.0,61.06,0.0,0.002033,200000,188787.86558432874,-11212.134415671258,0.9439393279216437
2020-05-05,-2,-2.2228000927198353,0.0,60.31,0.0,0.002086,200000,188787.86558432874,-11212.134415671258,0.9439393279216437
2020-05-06,-2,-2.0178988677395413,0.0,57.85,0.0,0.002025,200000,188787.86558432874,-11212.134415671258,0.9439393279216437
2020-05-07,0,-0.7895066461057865,0.0,64.6,0.0,0.002095,200000,188787.86558432874,-11212.134415671258,0.9439393279216437
2020-05-08,-2,-1.8508032403059718,0.0,63.39,0.0,0.002254,200000,188787.86558432874,-11212.134415671258,0.9439393279216437
2020-05-09,0,-0.9482305902380482,0.0,63.05,0.0,0.002112,200000,188787.86558432874,-11212.134415671258,0.9439393279216437
2020-05-10,0,-0.0759023043893018,0.0,58.85,0.0,0.001862,200000,188787.86558432874,-11212.134415671258,0.9439393279216437
2020-05-11,0,0.12094869848664658,0.0,59.36,0.0,0.00186,200000,188787.86558432874,-11212.134415671258,0.9439393279216437
2020-05-12,-1,-1.1552471567651577,1534.8606958075507,61.5,-44630701.083765656,0.002115,200000,188787.86558432874,-11212.134415671258,0.9439393279216437
2020-05-13,0,-0.03752356621447373,0.0,65.0,0.0,0.002082,200000,181943.04001323803,-18056.95998676197,0.9097152000661901
2020-05-14,0,-0.44121247925204643,0.0,65.28,0.0,0.002155,200000,181943.04001323803,-18056.95998676197,0.9097152000661901
2020-05-15,-2,-2.2041435951772343,0.0,62.77,0.0,0.002376,200000,181943.04001323803,-18056.95998676197,0.9097152000661901
2020-05-16,-2,-2.6674040098822287,0.0,65.42,0.0,0.002749,200000,181943.04001323803,-18056.95998676197,0.9097152000661901
2020-05-17,-2,-1.662814113354951,0.0,65.22,0.0,0.002534,200000,181943.04001323803,-18056.95998676197,0.9097152000661901
2020-05-18,-2,-1.331387477754886,0.0,66.96,0.0,0.002556,200000,181943.04001323803,-18056.95998676197,0.9097152000661901
2020-05-19,-2,-2.3510931407969906,0.0,66.7,0.0,0.002951,200000,181943.04001323803,-18056.95998676197,0.9097152000661901
2020-05-20,-2,-3.074131420482159,0.0,64.66,0.0,0.003893,200000,181943.04001323803,-18056.95998676197,0.9097152000661901
2020-05-21,-2,-3.267587846669129,0.0,61.65,0.0,0.007618,200000,181943.04001323803,-18056.95998676197,0.9097152000661901
2020-05-22,-2,-2.3794342629151597,0.0,62.89,0.0,0.006619,200000,181943.04001323803,-18056.95998676197,0.9097152000661901
2020-05-23,-2,-2.2145764477061842,0.0,63.46,0.0,0.009016,200000,181943.04001323803,-18056.95998676197,0.9097152000661901
2020-05-24,-2,-2.1754409561780648,0.0,60.64,0.0,0.017882,200000,181943.04001323803,-18056.95998676197,0.9097152000661901
2020-05-25,-2,-1.8183801572972973,0.0,61.54,0.0,0.016088,200000,181943.04001323803,-18056.95998676197,0.9097152000661901
2020-05-26,-2,-1.5405029099642218,0.0,61.91,0.0,0.013827,200000,181943.04001323803,-18056.95998676197,0.9097152000661901
2020-05-27,-2,-1.2484944779310545,0.0,64.47,0.0,0.010594,200000,181943.04001323803,-18056.95998676197,0.9097152000661901
2020-05-28,0,-0.9919649440801342,0.0,67.15,0.0,0.00866,200000,181943.04001323803,-18056.95998676197,0.9097152000661901
2020-05-29,-1,-1.005746018795142,1377.3129448390464,66.05,-8847648.318091715,0.010282,200000,181943.04001323803,-18056.95998676197,0.9097152000661901
2020-05-30,-1,-0.8750564411217384,1377.3129448390464,68.36,-8847648.318091715,0.009945,200000,182142.97543261934,-17857.024567380664,0.9107148771630966
2020-05-31,-1,-0.7256007832898173,1377.3129448390464,64.94,-8847648.318091715,0.008509,200000,164727.34217649006,-35272.657823509944,0.8236367108824503
2020-06-01,-1,-0.6550113211809012,1377.3129448390464,67.72,-8847648.318091715,0.00896,200000,172546.561554602,-27453.438445398002,0.86273280777301
2020-06-02,-1,-0.5520912054608054,1377.3129448390464,66.66,-8847648.318091715,0.0085,200000,167016.69160675042,-32983.30839324958,0.8350834580337521
2020-06-03,-1,-0.48902242891910447,1377.3129448390464,67.16,-8847648.318091715,0.00868,200000,169297.92477642646,-30702.07522357354,0.8464896238821322
2020-06-04,-1,-0.3910593341301363,1377.3129448390464,68.14,-8847648.318091715,0.008622,200000,170134.52785991938,-29865.472140080616,0.8506726392995969
2020-06-05,-1,-0.2841658782315469,1377.3129448390464,67.45,-8847648.318091715,0.008324,200000,166547.58272918913,-33452.41727081087,0.8327379136459456
2020-06-06,0,-0.17304945005909228,0.0,67.7,0.0,0.008279,200000,161948.63407311589,-38051.365926884115,0.8097431703655794
2020-06-07,0,-0.0038085118359166246,0.0,66.39,0.0,0.008019,200000,161948.63407311589,-38051.365926884115,0.8097431703655794
2020-06-08,0,0.45886529805127513,0.0,68.28,0.0,0.007737,200000,161948.63407311589,-38051.365926884115,0.8097431703655794
2020-06-09,2,1.2084279582966155,0.0,67.99,0.0,0.007345,200000,161948.63407311589,-38051.365926884115,0.8097431703655794
2020-06-10,2,1.464462899804742,0.0,69.67,0.0,0.007026,200000,161948.63407311589,-38051.365926884115,0.8097431703655794
2020-06-11,2,1.5498364231597612,0.0,63.71,0.0,0.00626,200000,161948.63407311589,-38051.365926884115,0.8097431703655794
2020-06-12,0,-0.5388651666495882,0.0,65.69,0.0,0.010355,200000,161948.63407311589,-38051.365926884115,0.8097431703655794
2020-06-13,-1,-1.0332761060649538,1216.1958101015011,66.58,-7016230.572442418,0.011541,200000,161948.63407311589,-38051.365926884115,0.8097431703655794
2020-06-14,-1,-0.7804847496436207,1216.1958101015011,65.39,-7016230.572442418,0.010087,200000,150299.76180676383,-49700.238193236175,0.7514988090338192
2020-06-15,-1,-1.086395574804834,1216.1958101015011,64.53,-7016230.572442418,0.010208,200000,150102.79730934207,-49897.20269065793,0.7505139865467103
2020-06-16,-1,-0.8507042831520655,1216.1958101015011,66.0,-7016230.572442418,0.009892,200000,149673.4762892995,-50326.52371070051,0.7483673814464975
2020-06-17,-1,-0.5634827157331269,1216.1958101015011,65.09,-7016230.572442418,0.009332,200000,144637.64898153936,-55362.35101846064,0.7231882449076967
2020-06-18,-1,-0.3208542620921477,1216.1958101015011,64.93,-7016230.572442418,0.008862,200000,141145.42928287518,-58854.57071712482,0.705727146414376
2020-06-19,-1,-0.9155183976157477,1216.1958101015011,64.09,-7016230.572442418,0.009719,200000,146136.7344029731,-53863.26559702691,0.7306836720148655
2020-06-20,-1,-0.6716555360083792,1216.1958101015011,64.06,-7016230.572442418,0.009369,200000,143644.5678283152,-56355.432171684806,0.7182228391415759
2020-06-21,-1,-0.53894353131065,1216.1958101015011,64.48,-7016230.572442418,0.009259,200000,143383.58470558916,-56616.415294410835,0.7169179235279458
2020-06-22,-1,-0.4544059856867504,1216.1958101015011,66.16,-7016230.572442418,0.009419,200000,146549.39055815045,-53450.60944184955,0.7327469527907522
2020-06-23,-1,-0.5978422419355258,1216.1958101015011,66.87,-7016230.572442418,0.009844,200000,150394.78757661057,-49605.21242338943,0.7519739378830529
2020-06-24,-1,-0.3643362549851449,1216.1958101015011,64.83,-7016230.572442418,0.009209,200000,143458.44171050255,-56541.55828949745,0.7172922085525127
2020-06-25,-1,-0.23283931608502761,1216.1958101015011,64.3,-7016230.572442418,0.008983,200000,141228.18982177676,-58771.81017822324,0.7061409491088838
2020-06-26,0,-0.09517586626790153,0.0,64.0,0.0,0.008785,200000,145749.68780552648,-54250.31219447352,0.7287484390276324
2020-06-27,0,0.1815015526844926,0.0,62.08,0.0,0.008182,200000,145749.68780552648,-54250.31219447352,0.7287484390276324
2020-06-28,0,0.17430926104534447,0.0,63.29,0.0,0.008434,200000,145749.68780552648,-54250.31219447352,0.7287484390276324
2020-06-29,0,0.4293299537689924,0.0,64.19,0.0,0.008354,200000,145749.68780552648,-54250.31219447352,0.7287484390276324
2020-06-30,0,0.7534572784986521,0.0,63.48,0.0,0.00816,200000,145749.68780552648,-54250.31219447352,0.7287484390276324
2020-07-01,2,1.5567988478993944,0.0,64.52,0.0,0.008223,200000,145749.68780552648,-54250.31219447352,0.7287484390276324
2020-07-02,1,1.0417664484882339,-1117.7123297969822,65.2,8521380.250556974,0.008552,200000,145749.68780552648,-54250.31219447352,0.7287484390276324
2020-07-03,1,1.0723706012087235,-1117.7123297969822,62.66,8521380.250556974,0.008192,200000,139843.00159764162,-60156.99840235838,0.699215007988208
2020-07-04,2,1.28878802728663,0.0,64.22,0.0,0.008228,200000,147415.2569235059,-52584.74307649411,0.7370762846175294
2020-07-05,2,1.3347410314395076,0.0,63.33,0.0,0.008057,200000,147415.2569235059,-52584.74307649411,0.7370762846175294
2020-07-06,0,0.4384614484050643,0.0,64.95,0.0,0.008642,200000,147415.2569235059,-52584.74307649411,0.7370762846175294
2020-07-07,0,-0.12646710221824617,0.0,64.59,0.0,0.008835,200000,147415.2569235059,-52584.74307649411,0.7370762846175294
2020-07-08,0,0.238144443880669,0.0,66.27,0.0,0.008886,200000,147415.2569235059,-52584.74307649411,0.7370762846175294
2020-07-09,2,1.2467075801750878,0.0,67.28,0.0,0.008545,200000,147415.2569235059,-52584.74307649411,0.7370762846175294
2020-07-10,2,1.5065687323251389,0.0,67.25,0.0,0.008389,200000,147415.2569235059,-52584.74307649411,0.7370762846175294
2020-07-11,2,1.523590097040101,0.0,68.74,0.0,0.008508,200000,147415.2569235059,-52584.74307649411,0.7370762846175294
2020-07-12,-1,-1.0693561797142477,-1064.8313848851915,69.22,7655549.279367777,0.009628,200000,147415.25692350592,-52584.74307649408,0.7370762846175296
2020-07-13,0,1.1741355759311012,0.0,69.26,0.0,0.008696,200000,140237.69173973973,-59762.308260260266,0.7011884586986987
2020-07-14,0,0.6738115434682719,0.0,67.81,0.0,0.008655,200000,140237.69173973973,-59762.308260260266,0.7011884586986987
2020-07-15,2,1.8302716288995096,0.0,70.63,0.0,0.00861,200000,140237.69173973973,-59762.308260260266,0.7011884586986987
2020-07-16,2,1.3115831162998448,0.0,67.7,0.0,0.008363,200000,140237.69173973973,-59762.308260260266,0.7011884586986987
2020-07-17,0,0.8846346537688234,0.0,67.64,0.0,0.00845,200000,140237.69173973973,-59762.308260260266,0.7011884586986987
2020-07-18,1,1.150215891711866,-1025.2792202057299,68.39,8315802.403921948,0.008432,200000,140237.69173973973,-59762.308260260266,0.7011884586986987
2020-07-19,2,1.3617286587335888,0.0,68.91,0.0,0.008389,200000,141128.41643761535,-58871.58356238465,0.7056420821880767
2020-07-20,2,1.5490659123544133,0.0,69.31,0.0,0.008322,200000,141128.41643761535,-58871.58356238465,0.7056420821880767
2020-07-21,2,1.3602122296566057,0.0,69.63,0.0,0.008372,200000,141128.41643761535,-58871.58356238465,0.7056420821880767
2020-07-22,0,0.951614428346021,0.0,71.48,0.0,0.0087,200000,141128.41643761535,-58871.58356238465,0.7056420821880767
2020-07-23,2,1.856076371801155,0.0,73.02,0.0,0.008471,200000,141128.41643761535,-58871.58356238465,0.7056420821880767
2020-07-24,2,1.8770378400438628,0.0,71.54,0.0,0.008177,200000,141128.41643761535,-58871.58356238465,0.7056420821880767
2020-07-25,2,1.7935399460003945,0.0,73.61,0.0,0.008331,200000,141128.41643761535,-58871.58356238465,0.7056420821880767
2020-07-26,2,2.612960117130013,0.0,78.16,0.0,0.008188,200000,141128.41643761535,-58871.58356238465,0.7056420821880767
2020-07-27,2,2.7051424065568335,0.0,78.43,0.0,0.007821,200000,141128.41643761535,-58871.58356238465,0.7056420821880767
2020-07-28,2,1.9247722100577374,0.0,81.2,0.0,0.00835,200000,141128.41643761535,-58871.58356238465,0.7056420821880767
2020-07-29,2,1.4675081485309047,0.0,79.11,0.0,0.008291,200000,141128.41643761535,-58871.58356238465,0.7056420821880767
2020-07-30,2,1.6879893673186854,0.0,80.92,0.0,0.008183,200000,141128.41643761535,-58871.58356238465,0.7056420821880767
2020-07-31,2,1.7641628044991788,0.0,84.55,0.0,0.008312,200000,141128.41643761535,-58871.58356238465,0.7056420821880767
2020-08-01,2,1.4816585422021165,0.0,89.64,0.0,0.008929,200000,141128.41643761535,-58871.58356238465,0.7056420821880767
2020-08-02,2,1.4004867184798364,0.0,85.0,0.0,0.008407,200000,141128.41643761535,-58871.58356238465,0.7056420821880767
2020-08-03,2,1.5174943952772246,0.0,89.06,0.0,0.008596,200000,141128.41643761535,-58871.58356238465,0.7056420821880767
2020-08-04,0,0.486454118646503,0.0,87.24,0.0,0.009153,200000,141128.41643761535,-58871.58356238465,0.7056420821880767
2020-08-05,1,1.1215619240181531,-780.6638811683557,90.39,7933911.425546174,0.008894,200000,141128.41643761535,-58871.58356238465,0.7056420821880767
2020-08-06,2,1.5535506351485073,0.0,95.49,0.0,0.00895,200000,144665.5031917434,-55334.496808256605,0.7233275159587169
2020-08-07,2,1.4984740623158608,0.0,94.01,0.0,0.008739,200000,144665.5031917434,-55334.496808256605,0.7233275159587169
2020-08-08,1,1.066956300096531,-762.4407251593939,94.87,7986391.917397779,0.009057,200000,144665.5031917434,-55334.496808256605,0.7233275159587169
2020-08-09,1,1.0835742812574654,-762.4407251593939,92.9,7986391.917397779,0.008792,200000,141047.10110506896,-58952.898894931044,0.7052355055253448
2020-08-10,1,0.3839318292445672,-762.4407251593939,93.76,7986391.917397779,0.009303,200000,145783.84639849633,-54216.15360150367,0.7289192319924817
2020-08-11,0,-0.29084316144689104,0.0,87.25,0.0,0.008995,200000,139350.86116490746,-60649.13883509254,0.6967543058245373
2020-08-12,0,-0.9319701321806801,0.0,89.54,0.0,0.00952,200000,139350.86116490746,-60649.13883509254,0.6967543058245373
2020-08-13,0,-0.4746979710546487,0.0,92.03,0.0,0.009449,200000,139350.86116490746,-60649.13883509254,0.6967543058245373
2020-08-14,0,-0.9668434611090185,0.0,91.42,0.0,0.009512,200000,139350.86116490746,-60649.13883509254,0.6967543058245373
2020-08-15,0,-0.9206539375202076,0.0,89.76,0.0,0.009312,200000,139350.86116490746,-60649.13883509254,0.6967543058245373
2020-08-16,0,-0.9738627766452508,0.0,91.2,0.0,0.009515,200000,139350.86116490746,-60649.13883509254,0.6967543058245373
2020-08-17,0,-0.5774256396033385,0.0,93.49,0.0,0.009588,200000,139350.86116490746,-60649.13883509254,0.6967543058245373
2020-08-18,-2,-1.6524253444873573,0.0,93.43,0.0,0.010091,200000,139350.86116490746,-60649.13883509254,0.6967543058245373
2020-08-19,-1,-1.0928385254967612,763.0646214265001,91.31,-7221748.609292467,0.009648,200000,139350.86116490746,-60649.13883509254,0.6967543058245373
2020-08-20,0,-0.19961943460556314,0.0,101.56,0.0,0.010312,200000,136324.68987185604,-63675.31012814396,0.6816234493592802
2020-08-21,-2,-2.417319522813086,0.0,92.21,0.0,0.010778,200000,136324.68987185604,-63675.31012814396,0.6816234493592802
2020-08-22,-2,-2.069935772815217,0.0,94.5,0.0,0.011107,200000,136324.68987185604,-63675.31012814396,0.6816234493592802
2020-08-23,-2,-2.5683272069995144,0.0,91.26,0.0,0.011831,200000,136324.68987185604,-63675.31012814396,0.6816234493592802
2020-08-24,-2,-2.7550831495569765,0.0,93.64,0.0,0.0138,200000,136324.68987185604,-63675.31012814396,0.6816234493592802
2020-08-25,-2,-1.9443391501003895,0.0,88.63,0.0,0.012263,200000,136324.68987185604,-63675.31012814396,0.6816234493592802
2020-08-26,-2,-1.4693771326572087,0.0,88.93,0.0,0.011769,200000,136324.68987185604,-63675.31012814396,0.6816234493592802
2020-08-27,0,-0.5668912497463701,0.0,89.66,0.0,0.010563,200000,136324.68987185604,-63675.31012814396,0.6816234493592802
2020-08-28,0,-0.49015621810582694,0.0,94.43,0.0,0.011119,200000,136324.68987185604,-63675.31012814396,0.6816234493592802
2020-08-29,0,-0.6637957319631098,0.0,92.65,0.0,0.011252,200000,136324.68987185604,-63675.31012814396,0.6816234493592802
2020-08-30,0,-0.14949793598054992,0.0,96.25,0.0,0.011099,200000,136324.68987185604,-63675.31012814396,0.6816234493592802
2020-08-31,0,-0.09802008644751324,0.0,93.1,0.0,0.010737,200000,136324.68987185604,-63675.31012814396,0.6816234493592802
2020-09-01,0,0.5535066516835856,0.0,96.99,0.0,0.01048,200000,136324.68987185604,-63675.31012814396,0.6816234493592802
2020-09-02,0,0.4933425088687339,0.0,91.07,0.0,0.009943,200000,136324.68987185604,-63675.31012814396,0.6816234493592802
2020-09-03,0,0.5061334864468707,0.0,77.1,0.0,0.008438,200000,136324.68987185604,-63675.31012814396,0.6816234493592802
2020-09-04,0,0.5897216740931324,0.0,82.08,0.0,0.008947,200000,136324.68987185604,-63675.31012814396,0.6816234493592802
2020-09-05,0,0.8799021938052891,0.0,77.71,0.0,0.008266,200000,136324.68987185604,-63675.31012814396,0.6816234493592802
2020-09-06,0,0.8935650552306598,0.0,80.15,0.0,0.00855,200000,136324.68987185604,-63675.31012814396,0.6816234493592802
2020-09-07,2,1.2388577474068503,0.0,82.56,0.0,0.008506,200000,136324.68987185604,-63675.31012814396,0.6816234493592802
2020-09-08,2,1.69585797185953,0.0,84.19,0.0,0.008242,200000,136324.68987185604,-63675.31012814396,0.6816234493592802
2020-09-09,0,0.9548908330871001,0.0,84.26,0.0,0.008849,200000,136324.68987185604,-63675.31012814396,0.6816234493592802
2020-09-10,0,0.6347408921043994,0.0,85.61,0.0,0.009219,200000,136324.68987185604,-63675.31012814396,0.6816234493592802
2020-09-11,0,0.25651488479008866,0.0,83.95,0.0,0.009351,200000,136324.68987185604,-63675.31012814396,0.6816234493592802
2020-09-12,0,0.20272231663723125,0.0,86.7,0.0,0.009647,200000,136324.68987185604,-63675.31012814396,0.6816234493592802
2020-09-13,0,0.646401668922704,0.0,86.18,0.0,0.009166,200000,136324.68987185604,-63675.31012814396,0.6816234493592802
2020-09-14,1,1.009393976459343,-743.4810747810648,91.68,7187846.138977963,0.009483,200000,136324.68987185604,-63675.31012814396,0.6816234493592802
2020-09-15,2,1.4450097714904446,0.0,91.16,0.0,0.009193,200000,138022.5550932735,-61977.44490672651,0.6901127754663674
2020-09-16,0,0.7790597123682333,0.0,88.27,0.0,0.009174,200000,138022.5550932735,-61977.44490672651,0.6901127754663674
2020-09-17,2,1.427445982512306,0.0,92.82,0.0,0.009278,200000,138022.5550932735,-61977.44490672651,0.6901127754663674
2020-09-18,0,-0.1257070996180764,0.0,92.47,0.0,0.009919,200000,138022.5550932735,-61977.44490672651,0.6901127754663674
2020-09-19,0,0.9218663633949578,0.0,94.61,0.0,0.009674,200000,138022.5550932735,-61977.44490672651,0.6901127754663674
2020-09-20,2,1.7512979673106006,0.0,92.63,0.0,0.009127,200000,138022.5550932735,-61977.44490672651,0.6901127754663674
2020-09-21,0,0.6271548101075249,0.0,89.13,0.0,0.009133,200000,138022.5550932735,-61977.44490672651,0.6901127754663674
2020-09-22,2,1.5763376164971201,0.0,92.56,0.0,0.009086,200000,138022.5550932735,-61977.44490672651,0.6901127754663674
2020-09-23,2,1.4817638295093114,0.0,87.17,0.0,0.008529,200000,138022.5550932735,-61977.44490672651,0.6901127754663674
2020-09-24,0,-0.2691192468786285,0.0,91.84,0.0,0.009617,200000,138022.5550932735,-61977.44490672651,0.6901127754663674
2020-09-25,0,-0.899403391657171,0.0,92.93,0.0,0.009992,200000,138022.5550932735,-61977.44490672651,0.6901127754663674
2020-09-26,-2,-2.2065881454987704,0.0,94.63,0.0,0.010968,200000,138022.5550932735,-61977.44490672651,0.6901127754663674
2020-09-27,0,-0.8459090470111315,0.0,97.09,0.0,0.010552,200000,138022.5550932735,-61977.44490672651,0.6901127754663674
2020-09-28,0,-0.5609026543676953,0.0,95.12,0.0,0.010232,200000,138022.5550932735,-61977.44490672651,0.6901127754663674
2020-09-29,-2,-1.472377465062786,0.0,100.51,0.0,0.011389,200000,138022.5550932735,-61977.44490672651,0.6901127754663674
2020-09-30,2,1.322176116340787,0.0,108.6,0.0,0.010661,200000,138022.5550932735,-61977.44490672651,0.6901127754663674
2020-10-01,2,1.682723479121511,0.0,103.74,0.0,0.009906,200000,138022.5550932735,-61977.44490672651,0.6901127754663674
2020-10-02,2,2.1129760597584615,0.0,101.61,0.0,0.009329,200000,138022.5550932735,-61977.44490672651,0.6901127754663674
2020-10-03,0,0.9766268891983779,0.0,103.58,0.0,0.01004,200000,138022.5550932735,-61977.44490672651,0.6901127754663674
2020-10-04,2,1.3221793261043917,0.0,105.46,0.0,0.009952,200000,138022.5550932735,-61977.44490672651,0.6901127754663674
2020-10-05,2,2.214490343835575,0.0,112.73,0.0,0.009865,200000,138022.5550932735,-61977.44490672651,0.6901127754663674
2020-10-06,2,1.8942302006990768,0.0,106.43,0.0,0.0093,200000,138022.5550932735,-61977.44490672651,0.6901127754663674
2020-10-07,2,1.7502150851988143,0.0,110.29,0.0,0.009556,200000,138022.5550932735,-61977.44490672651,0.6901127754663674
2020-10-08,2,1.5476339932875516,0.0,111.36,0.0,0.009643,200000,138022.5550932735,-61977.44490672651,0.6901127754663674
2020-10-09,2,1.519302807235409,0.0,115.92,0.0,0.009901,200000,138022.5550932735,-61977.44490672651,0.6901127754663674
2020-10-10,1,1.1559558655911548,-595.5408832122605,115.88,6831446.995311498,0.010102,200000,138022.5550932735,-61977.44490672651,0.6901127754663674
2020-10-11,2,2.004436527783045,0.0,125.81,0.0,0.009905,200000,145282.0711216476,-54717.928878352395,0.726410355608238
2020-10-12,2,1.9545262139422106,0.0,129.0,0.0,0.009878,200000,145282.0711216476,-54717.928878352395,0.726410355608238
2020-10-13,2,1.6082377719358811,0.0,127.97,0.0,0.009907,200000,145282.0711216476,-54717.928878352395,0.726410355608238
2020-10-14,2,1.4609670717469754,0.0,128.41,0.0,0.0099,200000,145282.0711216476,-54717.928878352395,0.726410355608238
2020-10-15,2,1.4725760064223508,0.0,130.22,0.0,0.009838,200000,145282.0711216476,-54717.928878352395,0.726410355608238
2020-10-16,0,0.8363602148977949,0.0,120.62,0.0,0.009704,200000,145282.0711216476,-54717.928878352395,0.726410355608238
2020-10-17,0,0.8424002663110827,0.0,120.1,0.0,0.009573,200000,145282.0711216476,-54717.928878352395,0.726410355608238
2020-10-18,0,0.8287640379056433,0.0,124.44,0.0,0.009858,200000,145282.0711216476,-54717.928878352395,0.726410355608238
2020-10-19,1,1.0263957350665875,-577.57045051144,125.77,7438918.1321888175,0.009765,200000,145282.0711216476,-54717.928878352395,0.726410355608238
2020-10-20,1,0.5237111771675422,-577.57045051144,118.25,7438918.1321888175,0.009498,200000,138952.55019250716,-61047.44980749284,0.6947627509625358
2020-10-21,0,0.08437574653043603,0.0,121.24,0.0,0.010006,200000,140872.89771097325,-59127.10228902675,0.7043644885548663
2020-10-22,0,0.5460164279726447,0.0,127.6,0.0,0.010143,200000,140872.89771097325,-59127.10228902675,0.7043644885548663
2020-10-23,0,0.5377052967472663,0.0,127.47,0.0,0.010094,200000,140872.89771097325,-59127.10228902675,0.7043644885548663
2020-10-24,0,0.37756152586780056,0.0,129.31,0.0,0.010287,200000,140872.89771097325,-59127.10228902675,0.7043644885548663
2020-10-25,1,1.161205701646269,-537.3546601730746,131.08,7042940.591489514,0.010001,200000,140872.89771097325,-59127.10228902675,0.7043644885548663
2020-10-26,2,1.6559703887748112,0.0,131.42,0.0,0.009737,200000,142914.93461158534,-57085.06538841466,0.7145746730579268
2020-10-27,2,1.5443017303937687,0.0,133.83,0.0,0.009901,200000,142914.93461158534,-57085.06538841466,0.7145746730579268
2020-10-28,0,0.9219970933623004,0.0,126.32,0.0,0.009571,200000,142914.93461158534,-57085.06538841466,0.7145746730579268
2020-10-29,1,1.0175846841493186,-574.5093045971432,124.38,7632713.875859075,0.009362,200000,142914.93461158534,-57085.06538841466,0.7145746730579268
2020-10-30,1,1.0003576300464918,-574.5093045971432,122.98,7632713.875859075,0.00927,200000,141408.41190857033,-58591.58809142967,0.7070420595428517
2020-10-31,2,1.6282041272624124,0.0,126.52,0.0,0.009301,200000,144609.98006985063,-55390.01993014937,0.7230499003492532
2020-11-01,2,1.9412589429487523,0.0,127.08,0.0,0.009161,200000,144609.98006985063,-55390.01993014937,0.7230499003492532
2020-11-02,0,0.583203764121773,0.0,118.82,0.0,0.008963,200000,144609.98006985063,-55390.01993014937,0.7230499003492532
2020-11-03,2,1.5933115001005822,0.0,121.13,0.0,0.008755,200000,144609.98006985063,-55390.01993014937,0.7230499003492532
2020-11-04,1,1.1465237421392813,-625.097173294072,115.67,8531562.246008886,0.008475,200000,144609.98006985063,-55390.01993014937,0.7230499003492532
2020-11-05,2,1.216725229289869,0.0,119.56,0.0,0.008693,200000,145181.72750433462,-54818.272495665384,0.725908637521673
2020-11-06,0,-0.20412170224077508,0.0,119.37,0.0,0.00916,200000,145181.72750433462,-54818.272495665384,0.725908637521673
2020-11-07,-1,-1.0180187907770588,654.2074959640169,110.96,-8252713.023211381,0.008796,200000,145181.72750433462,-54818.272495665384,0.725908637521673
2020-11-08,0,-0.044931579112445316,0.0,120.33,0.0,0.009168,200000,142121.8125117864,-57878.18748821359,0.7106090625589321
2020-11-09,0,-0.15948010533686394,0.0,115.89,0.0,0.008844,200000,142121.8125117864,-57878.18748821359,0.7106090625589321
2020-11-10,0,-0.7826942641870298,0.0,115.54,0.0,0.008962,200000,142121.8125117864,-57878.18748821359,0.7106090625589321
2020-11-11,-1,-1.146490809783197,628.134944363946,113.13,-8017703.515276228,0.008863,200000,142121.8125117864,-57878.18748821359,0.7106090625589321
2020-11-12,-1,-0.7885900847359231,628.134944363946,112.16,-8017703.515276228,0.008668,200000,139949.06943027454,-60050.93056972546,0.6997453471513727
2020-11-13,-2,-1.3139668894715295,0.0,114.09,0.0,0.008936,200000,142104.0953218122,-57895.9046781878,0.7105204766090609
2020-11-14,0,0.7032161429195457,0.0,116.89,0.0,0.008634,200000,142104.0953218122,-57895.9046781878,0.7105204766090609
2020-11-15,0,0.42488773830459764,0.0,114.6,0.0,0.008533,200000,142104.0953218122,-57895.9046781878,0.7105204766090609
2020-11-16,1,1.0674968509487504,-599.4941584619145,118.52,8204624.441213177,0.00866,200000,142104.0953218122,-57895.9046781878,0.7105204766090609
2020-11-17,2,2.314258353517936,0.0,125.55,0.0,0.008727,200000,145768.82941823817,-54231.170581761835,0.7288441470911908
2020-11-18,2,1.6583511375962712,0.0,123.51,0.0,0.008698,200000,145768.82941823817,-54231.170581761835,0.7288441470911908
2020-11-19,0,0.5998481535976168,0.0,118.49,0.0,0.008646,200000,145768.82941823817,-54231.170581761835,0.7288441470911908
2020-11-20,0,0.415059486116305,0.0,121.04,0.0,0.008891,200000,145768.82941823817,-54231.170581761835,0.7288441470911908
2020-11-21,0,0.9073509736300069,0.0,128.46,0.0,0.009271,200000,145768.82941823817,-54231.170581761835,0.7288441470911908
2020-11-22,0,0.6933637470205348,0.0,123.65,0.0,0.008973,200000,145768.82941823817,-54231.170581761835,0.7288441470911908
2020-11-23,2,1.2059936888379448,0.0,129.88,0.0,0.009236,200000,145768.82941823817,-54231.170581761835,0.7288441470911908
2020-11-24,-1,-1.0495376980545756,-539.2853474592607,135.15,6931470.728399342,0.010515,200000,145768.82941823817,-54231.170581761835,0.7288441470911908
2020-11-25,-2,-3.0704229254585296,0.0,128.8,0.0,0.011755,200000,157788.31507781966,-42211.68492218034,0.7889415753890983
2020-11-26,-1,-1.00466902980604,657.5609063086333,119.98,-8194241.5391472615,0.009628,200000,157788.31507781966,-42211.68492218034,0.7889415753890983
2020-11-27,-1,-0.8250603807537205,657.5609063086333,117.32,-8194241.5391472615,0.009312,200000,153449.82274066817,-46550.17725933183,0.7672491137033408
2020-11-28,-1,-0.49958800893079164,657.5609063086333,122.03,-8194241.5391472615,0.009509,200000,158161.20019259385,-41838.79980740615,0.7908060009629693
2020-11-29,0,-0.14909402880872333,0.0,123.94,0.0,0.009457,200000,153783.1585856433,-46216.84141435669,0.7689157929282165
2020-11-30,0,0.17251303816107183,0.0,130.65,0.0,0.009765,200000,153783.1585856433,-46216.84141435669,0.7689157929282165
2020-12-01,0,-0.7540577366431694,0.0,125.79,0.0,0.009941,200000,153783.1585856433,-46216.84141435669,0.7689157929282165
2020-12-02,-2,-1.6274014335461093,0.0,127.92,0.0,0.010823,200000,153783.1585856433,-46216.84141435669,0.7689157929282165
2020-12-03,-2,-1.2881869540513102,0.0,133.54,0.0,0.011109,200000,153783.1585856433,-46216.84141435669,0.7689157929282165
2020-12-04,-2,-2.276899203567756,0.0,126.57,0.0,0.011875,200000,153783.1585856433,-46216.84141435669,0.7689157929282165
2020-12-05,-2,-1.8670284315517691,0.0,133.49,0.0,0.012431,200000,153783.1585856433,-46216.84141435669,0.7689157929282165
2020-12-06,-2,-1.2808221355555176,0.0,134.33,0.0,0.011956,200000,153783.1585856433,-46216.84141435669,0.7689157929282165
2020-12-07,-2,-1.563628145345774,0.0,138.61,0.0,0.01297,200000,153783.1585856433,-46216.84141435669,0.7689157929282165
2020-12-08,-2,-2.0373786650699683,0.0,135.87,0.0,0.014005,200000,153783.1585856433,-46216.84141435669,0.7689157929282165
2020-12-09,-2,-2.628319855961855,0.0,132.46,0.0,0.016865,200000,153783.1585856433,-46216.84141435669,0.7689157929282165
2020-12-10,-2,-1.7595988831635452,0.0,133.6,0.0,0.015172,200000,153783.1585856433,-46216.84141435669,0.7689157929282165
2020-12-11,0,-0.8088541226111826,0.0,141.43,0.0,0.01376,200000,153783.1585856433,-46216.84141435669,0.7689157929282165
2020-12-12,0,-0.48769968905889305,0.0,146.82,0.0,0.013732,200000,153783.1585856433,-46216.84141435669,0.7689157929282165
2020-12-13,0,-0.2646928571244372,0.0,152.12,0.0,0.013928,200000,153783.1585856433,-46216.84141435669,0.7689157929282165
2020-12-14,-2,-1.5105620126973198,0.0,152.52,0.0,0.017339,200000,153783.1585856433,-46216.84141435669,0.7689157929282165
2020-12-15,-2,-1.2014284873560004,0.0,150.5,0.0,0.01654,200000,153783.1585856433,-46216.84141435669,0.7689157929282165
2020-12-16,-1,-1.1572194443196187,483.8078354799072,158.93,-4338029.861372166,0.017725,200000,153783.1585856433,-46216.84141435669,0.7689157929282165
2020-12-17,-1,-0.7112116342398123,483.8078354799072,160.42,-4338029.861372166,0.016781,200000,150408.93207137304,-49591.06792862696,0.7520446603568652
2020-12-18,-1,-1.0724264974946502,483.8078354799072,154.44,-4338029.861372166,0.017513,200000,150691.19907372765,-49308.80092627235,0.7534559953686383
2020-12-19,-1,-0.8355286171044695,483.8078354799072,154.6,-4338029.861372166,0.017049,200000,148755.76247172774,-51244.237528272264,0.7437788123586386
2020-12-20,-1,-0.6131365352687791,483.8078354799072,152.42,-4338029.861372166,0.01639,200000,144842.29971173726,-55157.70028826274,0.7242114985586863
2020-12-21,-1,-0.5952798724871824,483.8078354799072,145.66,-4338029.861372166,0.015772,200000,138890.8562895651,-61109.1437104349,0.6944542814478255
2020-12-22,-1,-0.6284522110340043,483.8078354799072,156.56,-4338029.861372166,0.01718,200000,150272.3077411081,-49727.69225889191,0.7513615387055405
2020-12-23,-2,-1.3455000619180122,0.0,150.92,0.0,0.018202,200000,159727.69959171192,-40272.30040828808,0.7986384979585596
2020-12-24,-2,-1.3840450480970239,0.0,156.86,0.0,0.019371,200000,159727.69959171192,-40272.30040828808,0.7986384979585596
2020-12-25,-2,-2.308345697255917,0.0,159.14,0.0,0.023837,200000,159727.69959171192,-40272.30040828808,0.7986384979585596
2020-12-26,-2,-2.936448768513722,0.0,168.21,0.0,0.035034,200000,159727.69959171192,-40272.30040828808,0.7986384979585596
2020-12-27,-2,-1.9117306388426822,0.0,156.99,0.0,0.02702,200000,159727.69959171192,-40272.30040828808,0.7986384979585596
2020-12-28,-2,-1.7660785785368194,0.0,166.64,0.0,0.029779,200000,159727.69959171192,-40272.30040828808,0.7986384979585596
2020-12-29,-2,-1.4970737732090316,0.0,161.54,0.0,0.02797,200000,159727.69959171192,-40272.30040828808,0.7986384979585596
2020-12-30,-2,-1.3853593478533859,0.0,159.55,0.0,0.028098,200000,159727.69959171192,-40272.30040828808,0.7986384979585596
2020-12-31,-2,-1.6854547771652453,0.0,156.22,0.0,0.03333,200000,159727.69959171192,-40272.30040828808,0.7986384979585596
2021-01-01,-2,-1.772038376778687,0.0,135.81,0.0,0.03345,200000,159727.69959171192,-40272.30040828808,0.7986384979585596
2021-01-02,-2,-1.7174098253320516,0.0,143.52,0.0,0.037912,200000,159727.69959171192,-40272.30040828808,0.7986384979585596
2021-01-03,-2,-1.304940457894261,0.0,138.26,0.0,0.032107,200000,159727.69959171192,-40272.30040828808,0.7986384979585596
2021-01-04,-1,-1.0705194445612272,596.9343732405708,133.79,-2720899.761374215,0.029352,200000,159727.69959171192,-40272.30040828808,0.7986384979585596
2021-01-05,-1,-0.9853772558080018,596.9343732405708,136.0,-2720899.761374215,0.03009,200000,163054.94858046775,-36945.05141953225,0.8152747429023388
2021-01-06,-1,-0.8335216647294309,596.9343732405708,142.31,-2720899.761374215,0.030533,200000,168026.96306990454,-31973.036930095463,0.8401348153495227
2021-01-07,-1,-0.572148172206499,596.9343732405708,142.9,-2720899.761374215,0.028364,200000,162477.52276769583,-37522.47723230417,0.8123876138384791
2021-01-08,-1,-0.355768275862778,596.9343732405708,142.11,-2720899.761374215,0.026742,200000,157592.64519988679,-42407.354800113215,0.7879632259994339
2021-01-09,-1,-0.2654340329701981,596.9343732405708,147.4,-2720899.761374215,0.027671,200000,163278.14391264605,-36721.85608735395,0.8163907195632303
2021-01-10,0,0.9360362563305958,0.0,184.89,0.0,0.026263,200000,120819.4937562338,-79180.5062437662,0.604097468781169
2021-01-11,0,0.6870024709627466,0.0,157.96,0.0,0.024763,200000,120819.4937562338,-79180.5062437662,0.604097468781169
2021-01-12,0,0.7918874643841544,0.0,159.09,0.0,0.025337,200000,120819.4937562338,-79180.5062437662,0.604097468781169
2021-01-13,0,0.7521274269930754,0.0,171.55,0.0,0.028643,200000,120819.4937562338,-79180.5062437662,0.604097468781169
2021-01-14,0,0.38410058744049075,0.0,163.81,0.0,0.029342,200000,120819.4937562338,-79180.5062437662,0.604097468781169
2021-01-15,0,0.44107387328821285,0.0,156.98,0.0,0.02767,200000,120819.4937562338,-79180.5062437662,0.604097468781169
2021-01-16,0,0.42292572439138343,0.0,155.56,0.0,0.027542,200000,120819.4937562338,-79180.5062437662,0.604097468781169
2021-01-17,0,0.8288481492420967,0.0,159.65,0.0,0.026523,200000,120819.4937562338,-79180.5062437662,0.604097468781169
2021-01-18,0,0.47514000402147194,0.0,156.98,0.0,0.027466,200000,120819.4937562338,-79180.5062437662,0.604097468781169
2021-01-19,0,0.09037826200918272,0.0,157.27,0.0,0.029265,200000,120819.4937562338,-79180.5062437662,0.604097468781169
2021-01-20,0,-0.20051701832560478,0.0,152.77,0.0,0.029638,200000,120819.4937562338,-79180.5062437662,0.604097468781169
2021-01-21,0,-0.16360174295199004,0.0,130.53,0.0,0.024845,200000,120819.4937562338,-79180.5062437662,0.604097468781169
2021-01-22,0,-0.6708653154613176,0.0,135.79,0.0,0.027276,200000,120819.4937562338,-79180.5062437662,0.604097468781169
2021-01-23,-1,-1.108511606356914,434.5087166663087,139.03,-2056362.0137562344,0.029377,200000,120819.4937562338,-79180.5062437662,0.604097468781169
2021-01-24,-1,-0.9890740639164478,434.5087166663087,138.03,-2056362.0137562344,0.028501,200000,118583.61191551703,-81416.38808448297,0.5929180595775851
2021-01-25,-2,-1.231202080582947,0.0,137.16,0.0,0.02909,200000,121041.84915845176,-78958.15084154824,0.6052092457922589
2021-01-26,-2,-1.9414455792214604,0.0,137.85,0.0,0.033123,200000,121041.84915845176,-78958.15084154824,0.6052092457922589
2021-01-27,-2,-1.5881139401697013,0.0,125.45,0.0,0.029239,200000,121041.84915845176,-78958.15084154824,0.6052092457922589
2021-01-28,-1,-1.0471257289879994,446.8797502711798,135.43,-2063870.023844833,0.029324,200000,121041.84915845176,-78958.15084154824,0.6052092457922589
2021-01-29,-1,-0.7953104936259549,446.8797502711798,140.31,-2063870.023844833,0.029445,200000,123472.35061266035,-76527.64938733965,0.6173617530633018
2021-01-30,-1,-0.6294682946220862,446.8797502711798,139.43,-2063870.023844833,0.028771,200000,121688.04803635029,-78311.95196364971,0.6084402401817515
2021-01-31,-1,-0.40240086467931596,446.8797502711798,137.73,-2063870.023844833,0.027867,200000,119062.61395933354,-80937.38604066646,0.5953130697966678
2021-02-01,-1,-0.39490687369305383,446.8797502711798,143.36,-2063870.023844833,0.029253,200000,124439.07080640925,-75560.92919359075,0.6221953540320462
2021-02-02,-1,-0.20920813047569933,446.8797502711798,151.19,-2063870.023844833,0.030505,200000,130522.10452088629,-69477.89547911371,0.6526105226044314
2021-02-03,-1,-0.6439215668973863,446.8797502711798,154.6,-2063870.023844833,0.032849,200000,136883.67580520333,-63116.324194796674,0.6844183790260167
2021-02-04,-1,-0.9060491269112564,446.8797502711798,148.04,-2063870.023844833,0.032624,200000,133487.77388805928,-66512.22611194072,0.6674388694402964
2021-02-05,-1,-1.1117586307710825,446.8797502711798,155.4,-2063870.023844833,0.035359,200000,142421.49336527078,-57578.506634729216,0.7121074668263538
2021-02-06,-1,-0.9800293698882812,446.8797502711798,152.06,-2063870.023844833,0.03417,200000,138474.97354101355,-61525.02645898645,0.6923748677050677
2021-02-07,-2,-1.5628241272181567,0.0,150.31,0.0,0.03559,200000,127324.48804382833,-72675.51195617167,0.6366224402191416
2021-02-08,-2,-1.6074067859868275,0.0,163.21,0.0,0.039173,200000,127324.48804382833,-72675.51195617167,0.6366224402191416
2021-02-09,-2,-1.7753533939499118,0.0,169.14,0.0,0.041884,200000,127324.48804382833,-72675.51195617167,0.6366224402191416
2021-02-10,-2,-1.2642004099613395,0.0,175.6,0.0,0.042009,200000,127324.48804382833,-72675.51195617167,0.6366224402191416
2021-02-11,0,-0.9662287066623099,0.0,190.49,0.0,0.044899,200000,127324.48804382833,-72675.51195617167,0.6366224402191416
2021-02-12,-1,-1.0263960089120987,317.295873314963,200.64,-1329981.9086617955,0.047867,200000,127324.48804382834,-72675.51195617166,0.6366224402191417
2021-02-13,0,-0.04635615659067937,0.0,240.99,0.0,0.053836,200000,122460.26156837185,-77539.73843162815,0.6123013078418592
2021-02-14,-2,-1.44179550019518,0.0,230.14,0.0,0.057474,200000,122460.26156837185,-77539.73843162815,0.6123013078418592
2021-02-15,-2,-1.9905335607460592,0.0,228.21,0.0,0.060898,200000,122460.26156837185,-77539.73843162815,0.6123013078418592
2021-02-16,-2,-1.5949824849813494,0.0,221.48,0.0,0.057983,200000,122460.26156837185,-77539.73843162815,0.6123013078418592
2021-02-17,0,0.6718114829226531,0.0,272.25,0.0,0.058393,200000,122460.26156837185,-77539.73843162815,0.6123013078418592
2021-02-18,0,-0.28029176229782027,0.0,260.94,0.0,0.060869,200000,122460.26156837185,-77539.73843162815,0.6123013078418592
2021-02-19,-2,-2.4732197891080925,0.0,282.51,0.0,0.086817,200000,122460.26156837185,-77539.73843162815,0.6123013078418592
2021-02-20,-2,-2.636744070692405,0.0,255.11,0.0,0.089168,200000,122460.26156837185,-77539.73843162815,0.6123013078418592
2021-02-21,-2,-2.340872757761669,0.0,247.28,0.0,0.090146,200000,122460.26156837185,-77539.73843162815,0.6123013078418592
2021-02-22,-2,-2.36867858572423,0.0,224.22,0.0,0.092491,200000,122460.26156837185,-77539.73843162815,0.6123013078418592
2021-02-23,-2,-1.7999041309329162,0.0,220.85,0.0,0.084445,200000,122460.26156837185,-77539.73843162815,0.6123013078418592
2021-02-24,-2,-1.8723471504155083,0.0,204.27,0.0,0.087108,200000,122460.26156837185,-77539.73843162815,0.6123013078418592
2021-02-25,-2,-1.4411722980893378,0.0,198.98,0.0,0.078599,200000,122460.26156837185,-77539.73843162815,0.6123013078418592
2021-02-26,-2,-1.36454152740093,0.0,204.2,0.0,0.082858,200000,122460.26156837185,-77539.73843162815,0.6123013078418592
2021-02-27,-2,-1.4860324031842476,0.0,209.26,0.0,0.094728,200000,122460.26156837185,-77539.73843162815,0.6123013078418592
2021-02-28,-1,-1.1560455502798879,279.36002730260935,219.18,-664778.9588537763,0.092106,200000,122460.26156837185,-77539.73843162815,0.6123013078418592
2021-03-01,-2,-1.3792879831531313,0.0,230.4,0.0,0.112899,200000,133148.59095348313,-66851.40904651687,0.6657429547674156
2021-03-02,-2,-1.467969435595062,0.0,220.04,0.0,0.122481,200000,133148.59095348313,-66851.40904651687,0.6657429547674156
2021-03-03,-2,-1.4090926326226645,0.0,218.7,0.0,0.128678,200000,133148.59095348313,-66851.40904651687,0.6657429547674156
2021-03-04,-2,-1.4362920175874974,0.0,217.52,0.0,0.143324,200000,133148.59095348313,-66851.40904651687,0.6657429547674156
2021-03-05,-2,-1.3654796144000017,0.0,205.84,0.0,0.139971,200000,133148.59095348313,-66851.40904651687,0.6657429547674156
2021-03-06,-2,-1.2554158090081473,0.0,204.35,0.0,0.140474,200000,133148.59095348313,-66851.40904651687,0.6657429547674156
2021-03-07,-1,-1.1698001946200118,318.55254068013573,208.99,-452904.8496995902,0.146994,200000,133148.59095348313,-66851.40904651687,0.6657429547674156
2021-03-08,-1,-1.1996042571059466,318.55254068013573,221.08,-452904.8496995902,0.171611,200000,148149.04985536076,-51850.95014463924,0.7407452492768039
2021-03-09,-2,-1.288474106795844,0.0,225.16,0.0,0.184748,200000,145096.56606624366,-54903.43393375634,0.7254828303312183
2021-03-10,-2,-1.801032520997828,0.0,220.19,0.0,0.253021,200000,145096.56606624366,-54903.43393375634,0.7254828303312183
2021-03-11,-2,-1.9774222019714636,0.0,221.11,0.0,0.361876,200000,145096.56606624366,-54903.43393375634,0.7254828303312183
2021-03-12,-2,-1.8070604352507942,0.0,222.85,0.0,0.394429,200000,145096.56606624366,-54903.43393375634,0.7254828303312183
2021-03-13,-2,-1.5159172967780086,0.0,239.46,0.0,0.369683,200000,145096.56606624366,-54903.43393375634,0.7254828303312183
2021-03-14,-2,-1.3917653814123534,0.0,232.25,0.0,0.374202,200000,145096.56606624366,-54903.43393375634,0.7254828303312183
2021-03-15,-2,-1.2414022882763125,0.0,221.88,0.0,0.344795,200000,145096.56606624366,-54903.43393375634,0.7254828303312183
2021-03-16,-1,-1.1167942888627993,315.5370695595069,229.92,-205478.46895267745,0.35307,200000,145096.56606624366,-54903.43393375634,0.7254828303312183
2021-03-17,-1,-0.9892593177725426,315.5370695595069,236.2,-205478.46895267745,0.346803,200000,145790.4052981509,-54209.5947018491,0.7289520264907545
2021-03-18,-1,-0.9682970908061665,315.5370695595069,228.04,-205478.46895267745,0.352472,200000,144380.48025103807,-55619.51974896193,0.7219024012551903
2021-03-19,-1,-0.8398927830135985,315.5370695595069,231.43,-205478.46895267745,0.341767,200000,143250.5039067064,-56749.496093293594,0.7162525195335321
2021-03-20,-1,-0.6911290271876825,315.5370695595069,231.95,-205478.46895267745,0.317905,200000,138511.45595672855,-61488.54404327145,0.6925572797836428
2021-03-21,-1,-0.6983399389584115,315.5370695595069,231.66,-205478.46895267745,0.332983,200000,141518.15456142474,-58481.845438575256,0.7075907728071238
2021-03-22,-1,-0.8896276449405998,315.5370695595069,217.08,-205478.46895267745,0.371675,200000,144867.99700796415,-55132.00299203585,0.7243399850398207
2021-03-23,-1,-1.1412349141057465,315.5370695595069,218.02,-205478.46895267745,0.476938,200000,166793.88193071575,-33206.118069284246,0.8339694096535788
2021-03-24,-1,-0.8507590009723248,315.5370695595069,210.67,-205478.46895267745,0.392889,200000,147204.4246324498,-52795.57536755019,0.736022123162249
2021-03-25,-1,-0.8523607001657605,315.5370695595069,214.33,-205478.46895267745,0.417473,200000,153410.7729877702,-46589.22701222979,0.767053864938851
2021-03-26,-1,-0.7389163786728253,315.5370695595069,221.7,-205478.46895267745,0.416534,200000,155543.33690807724,-44456.66309192276,0.7777166845403862
2021-03-27,-1,-0.6009580463756024,315.5370695595069,221.27,-205478.46895267745,0.396588,200000,151309.18242643654,-48690.81757356346,0.7565459121321827
2021-03-28,-1,-0.42614918269871843,315.5370695595069,232.66,-205478.46895267745,0.399384,200000,155477.667447911,-44522.33255208901,0.7773883372395549
2021-03-29,-1,-0.5534771117389754,315.5370695595069,233.8,-205478.46895267745,0.41121,200000,158267.3680810432,-41732.63191895679,0.7913368404052161
2021-03-30,0,-0.15119224081817825,0.0,244.39,0.0,0.411099,200000,152454.45474457252,-47545.54525542748,0.7622722737228627
2021-03-31,0,-0.19415819255381492,0.0,245.8,0.0,0.416252,200000,152454.45474457252,-47545.54525542748,0.7622722737228627
2021-04-01,0,-0.03418835456150228,0.0,250.65,0.0,0.415404,200000,152454.45474457252,-47545.54525542748,0.7622722737228627
2021-04-02,0,-0.24162897535935104,0.0,257.7,0.0,0.439453,200000,152454.45474457252,-47545.54525542748,0.7622722737228627
2021-04-03,0,0.7182589780508521,0.0,257.23,0.0,0.393855,200000,152454.45474457252,-47545.54525542748,0.7622722737228627
2021-04-04,0,0.5641552448341784,0.0,263.6,0.0,0.410231,200000,152454.45474457252,-47545.54525542748,0.7622722737228627
2021-04-05,2,1.3714527872197169,0.0,265.37,0.0,0.376921,200000,152454.45474457252,-47545.54525542748,0.7622722737228627
2021-04-06,2,2.103657725307311,0.0,270.68,0.0,0.347919,200000,152454.45474457252,-47545.54525542748,0.7622722737228627
2021-04-07,2,1.2188750835304538,0.0,257.44,0.0,0.359988,200000,152454.45474457252,-47545.54525542748,0.7622722737228627
2021-04-08,1,1.0673101777084724,-282.64758564383646,269.69,199429.2066554332,0.382227,200000,152454.45474457252,-47545.54525542748,0.7622722737228627
2021-04-09,2,1.3457081113684923,0.0,273.37,0.0,0.375167,200000,154902.56805872917,-45097.43194127083,0.7745128402936459
2021-04-10,2,2.0024264047311138,0.0,291.72,0.0,0.361716,200000,154902.56805872917,-45097.43194127083,0.7745128402936459
2021-04-11,2,2.5329884388480983,0.0,328.9,0.0,0.354218,200000,154902.56805872917,-45097.43194127083,0.7745128402936459
2021-04-12,2,1.8525359395840144,0.0,314.32,0.0,0.357912,200000,154902.56805872917,-45097.43194127083,0.7745128402936459
2021-04-13,2,1.9456348002593014,0.0,327.43,0.0,0.352329,200000,154902.56805872917,-45097.43194127083,0.7745128402936459
2021-04-14,2,1.8855653609352987,0.0,320.65,0.0,0.334358,200000,154902.56805872917,-45097.43194127083,0.7745128402936459
2021-04-15,2,1.6002821398308475,0.0,344.4,0.0,0.363338,200000,154902.56805872917,-45097.43194127083,0.7745128402936459
2021-04-16,1,1.0087913128628714,-227.356555008996,340.66,199918.65040851542,0.387414,200000,154902.56805872917,-45097.43194127083,0.7745128402936459
2021-04-17,2,1.7754562046223923,0.0,363.77,0.0,0.355571,200000,166522.7876299454,-33477.21237005459,0.8326139381497271
2021-04-18,2,1.7965358546663937,0.0,338.48,0.0,0.318046,200000,166522.7876299454,-33477.21237005459,0.8326139381497271
2021-04-19,2,2.1844092663822074,0.0,358.07,0.0,0.300044,200000,166522.7876299454,-33477.21237005459,0.8326139381497271
2021-04-20,2,2.2982951092272472,0.0,404.34,0.0,0.31082,200000,166522.7876299454,-33477.21237005459,0.8326139381497271
2021-04-21,2,1.9455095003374996,0.0,375.44,0.0,0.290039,200000,166522.7876299454,-33477.21237005459,0.8326139381497271
2021-04-22,2,2.0251224089950477,0.0,346.68,0.0,0.250976,200000,166522.7876299454,-33477.21237005459,0.8326139381497271
2021-04-23,2,1.617955025052781,0.0,354.37,0.0,0.265,200000,166522.7876299454,-33477.21237005459,0.8326139381497271
2021-04-24,2,2.2617874540696548,0.0,381.18,0.0,0.238531,200000,166522.7876299454,-33477.21237005459,0.8326139381497271
2021-04-25,1,1.1351942215017252,-234.24880096492433,355.44,312707.1051414884,0.26626,200000,166522.7876299454,-33477.21237005459,0.8326139381497271
2021-04-26,1,1.0484266807411502,-234.24880096492433,405.46,312707.1051414884,0.3023,200000,189509.87672351015,-10490.123276489845,0.9475493836175508
2021-04-27,1,0.6223680640274968,-234.24880096492433,401.6,312707.1051414884,0.32129,200000,194543.98427842243,-5456.015721577569,0.9727199213921122
2021-04-28,1,0.809184362909985,-234.24880096492433,413.54,312707.1051414884,0.31404,200000,195073.78844966783,-4926.211550332169,0.9753689422483391
2021-04-29,1,0.2873489128011709,-234.24880096492433,407.32,312707.1051414884,0.33615,200000,200530.7150023443,530.71500234431,1.0026535750117216
2021-04-30,0,0.050588310506551756,0.0,421.78,0.0,0.35815,200000,153328.1971945071,-46671.80280549289,0.7666409859725356
2021-05-01,0,0.033754596832546384,0.0,425.76,0.0,0.35872,200000,153328.1971945071,-46671.80280549289,0.7666409859725356
2021-05-02,0,-0.32605738806263335,0.0,404.46,0.0,0.35685,200000,153328.1971945071,-46671.80280549289,0.7666409859725356
2021-05-03,0,-0.5566581652074859,0.0,411.31,0.0,0.37214,200000,153328.1971945071,-46671.80280549289,0.7666409859725356
2021-05-04,0,-0.34891190283981394,0.0,379.54,0.0,0.32882,200000,153328.1971945071,-46671.80280549289,0.7666409859725356
2021-05-05,0,-0.8539491850653455,0.0,417.16,0.0,0.38419,200000,153328.1971945071,-46671.80280549289,0.7666409859725356
2021-05-06,0,-0.9192383543760196,0.0,422.45,0.0,0.38257,200000,153328.1971945071,-46671.80280549289,0.7666409859725356
2021-05-07,0,-0.87827249049411,0.0,454.81,0.0,0.40605,200000,153328.1971945071,-46671.80280549289,0.7666409859725356
2021-05-08,0,-0.46386311929506446,0.0,475.59,0.0,0.40215,200000,153328.1971945071,-46671.80280549289,0.7666409859725356
2021-05-09,0,0.04860944411153528,0.0,484.0,0.0,0.3874,200000,153328.1971945071,-46671.80280549289,0.7666409859725356
2021-05-10,0,0.24094660522322825,0.0,441.03,0.0,0.34681,200000,153328.1971945071,-46671.80280549289,0.7666409859725356
2021-05-11,0,0.024453653917135644,0.0,453.41,0.0,0.36499,200000,153328.1971945071,-46671.80280549289,0.7666409859725356
2021-05-12,1,1.1451690737775464,-193.56688026373163,396.06,267150.21987404104,0.28697,200000,153328.1971945071,-46671.80280549289,0.7666409859725356
2021-05-13,0,-0.24088256179481962,0.0,402.34,0.0,0.33436,200000,141883.54828273255,-58116.45171726745,0.7094177414136628
2021-05-14,0,0.0049617291116315545,0.0,412.91,0.0,0.34021,200000,141883.54828273255,-58116.45171726745,0.7094177414136628
2021-05-15,0,0.08512250147334634,0.0,382.38,0.0,0.31496,200000,141883.54828273255,-58116.45171726745,0.7094177414136628
2021-05-16,0,-0.8153071312292324,0.0,390.65,0.0,0.344,200000,141883.54828273255,-58116.45171726745,0.7094177414136628
2021-05-17,-2,-1.9337086306872713,0.0,339.87,0.0,0.33172,200000,141883.54828273255,-58116.45171726745,0.7094177414136628
2021-05-18,-2,-1.652664277395899,0.0,341.02,0.0,0.33024,200000,141883.54828273255,-58116.45171726745,0.7094177414136628
2021-05-19,-2,-2.772430143058835,0.0,197.34,0.0,0.23274,200000,141883.54828273255,-58116.45171726745,0.7094177414136628
2021-05-20,-2,-1.3951896618007698,0.0,280.79,0.0,0.28624,200000,141883.54828273255,-58116.45171726745,0.7094177414136628
2021-05-21,-1,-1.0774197603849265,276.8999771325772,256.2,-278323.0967922095,0.25489,200000,141883.54828273255,-58116.45171726745,0.7094177414136628
2021-05-22,-2,-2.0204386211373135,0.0,231.12,0.0,0.27369,200000,154060.6739289111,-45939.3260710889,0.7703033696445555
2021-05-23,-2,-1.4673303389077776,0.0,225.5,0.0,0.25157,200000,154060.6739289111,-45939.3260710889,0.7703033696445555
2021-05-24,-1,-1.1969681779062848,300.6413900728106,256.22,-275659.66563289275,0.27944,200000,154060.6739289111,-45939.3260710889,0.7703033696445555
2021-05-25,-2,-1.288063753373387,0.0,246.62,0.0,0.27915,200000,156866.88997057654,-43133.110029423464,0.7843344498528827
2021-05-26,-2,-1.211106448612821,0.0,268.53,0.0,0.30654,200000,156866.88997057654,-43133.110029423464,0.7843344498528827
2021-05-27,-2,-1.4376247201804688,0.0,252.84,0.0,0.31268,200000,156866.88997057654,-43133.110029423464,0.7843344498528827
2021-05-28,0,-0.8630370843914046,0.0,262.1,0.0,0.29327,200000,156866.88997057654,-43133.110029423464,0.7843344498528827
2021-05-29,-1,-1.0099149118113837,322.5589940174711,243.16,-273984.15826069185,0.28627,200000,156866.88997057654,-43133.110029423464,0.7843344498528827
2021-05-30,-1,-0.8639855318552353,322.5589940174711,261.9,-273984.15826069185,0.30461,200000,167936.514980965,-32063.485019034997,0.839682574904825
2021-05-31,-1,-1.109763843922501,322.5589940174711,272.21,-273984.15826069185,0.34008,200000,180980.31630279188,-19019.683697208122,0.9049015815139594
2021-06-01,-2,-1.5183342881562834,0.0,266.37,0.0,0.36487,200000,170915.4505587214,-29084.549441278592,0.8545772527936071
2021-06-02,0,-0.9460568917259825,0.0,294.63,0.0,0.36738,200000,170915.4505587214,-29084.549441278592,0.8545772527936071
2021-06-03,-2,-1.498915406061868,0.0,309.57,0.0,0.43258,200000,170915.4505587214,-29084.549441278592,0.8545772527936071
2021-06-04,-2,-1.8386060554770465,0.0,287.36,0.0,0.43143,200000,170915.4505587214,-29084.549441278592,0.8545772527936071
2021-06-05,-2,-2.225529588693314,0.0,264.01,0.0,0.44424,200000,170915.4505587214,-29084.549441278592,0.8545772527936071
2021-06-06,-2,-1.948537706362237,0.0,272.5,0.0,0.4597,200000,170915.4505587214,-29084.549441278592,0.8545772527936071
2021-06-07,-2,-2.1771150431398776,0.0,249.02,0.0,0.4784,200000,170915.4505587214,-29084.549441278592,0.8545772527936071
2021-06-08,-2,-2.2503094377870507,0.0,253.61,0.0,0.5775,200000,170915.4505587214,-29084.549441278592,0.8545772527936071
2021-06-09,-2,-1.7542734291425035,0.0,274.87,0.0,0.57565,200000,170915.4505587214,-29084.549441278592,0.8545772527936071
2021-06-10,-2,-1.5625271474848468,0.0,255.6,0.0,0.53091,200000,170915.4505587214,-29084.549441278592,0.8545772527936071
2021-06-11,-2,-1.2810103178227574,0.0,242.89,0.0,0.48342,200000,170915.4505587214,-29084.549441278592,0.8545772527936071
2021-06-12,0,-0.7683309018865461,0.0,243.04,0.0,0.42363,200000,170915.4505587214,-29084.549441278592,0.8545772527936071
2021-06-13,-2,-1.354864980629862,0.0,260.75,0.0,0.57385,200000,170915.4505587214,-29084.549441278592,0.8545772527936071
2021-06-14,0,-0.9728572196542818,0.0,275.57,0.0,0.55019,200000,170915.4505587214,-29084.549441278592,0.8545772527936071
2021-06-15,0,-0.5422229489625208,0.0,278.15,0.0,0.49849,200000,170915.4505587214,-29084.549441278592,0.8545772527936071
2021-06-16,0,-0.6996568013421298,0.0,262.94,0.0,0.504,200000,170915.4505587214,-29084.549441278592,0.8545772527936071
2021-06-17,0,-0.818283177632024,0.0,277.12,0.0,0.56207,200000,170915.4505587214,-29084.549441278592,0.8545772527936071
2021-06-18,0,-0.9859086442224446,0.0,265.77,0.0,0.5792,200000,170915.4505587214,-29084.549441278592,0.8545772527936071
2021-06-19,0,-0.9539424976132925,0.0,267.9,0.0,0.5873,200000,170915.4505587214,-29084.549441278592,0.8545772527936071
2021-06-20,0,-0.9536276732376563,0.0,264.53,0.0,0.58881,200000,170915.4505587214,-29084.549441278592,0.8545772527936071
2021-06-21,0,-0.9381042860258417,0.0,203.05,0.0,0.45868,200000,170915.4505587214,-29084.549441278592,0.8545772527936071
2021-06-22,0,-0.9264607384712478,0.0,201.81,0.0,0.45324,200000,170915.4505587214,-29084.549441278592,0.8545772527936071
2021-06-23,0,-0.7757591245890397,0.0,218.51,0.0,0.47999,200000,170915.4505587214,-29084.549441278592,0.8545772527936071
2021-06-24,0,-0.5935915089730318,0.0,225.74,0.0,0.48658,200000,170915.4505587214,-29084.549441278592,0.8545772527936071
2021-06-25,0,-0.6403085619838385,0.0,194.95,0.0,0.42552,200000,170915.4505587214,-29084.549441278592,0.8545772527936071
2021-06-26,0,-0.0694253888354337,0.0,202.84,0.0,0.42354,200000,170915.4505587214,-29084.549441278592,0.8545772527936071
2021-06-27,0,0.29756650832330983,0.0,211.92,0.0,0.43151,200000,170915.4505587214,-29084.549441278592,0.8545772527936071
2021-06-28,0,0.38761095268650037,0.0,213.17,0.0,0.429,200000,170915.4505587214,-29084.549441278592,0.8545772527936071
2021-06-29,0,0.6741169562150311,0.0,217.89,0.0,0.42802,200000,170915.4505587214,-29084.549441278592,0.8545772527936071
2021-06-30,2,1.399450372671641,0.0,223.06,0.0,0.41198,200000,170915.4505587214,-29084.549441278592,0.8545772527936071
2021-07-01,2,1.344369428546176,0.0,205.44,0.0,0.37767,200000,170915.4505587214,-29084.549441278592,0.8545772527936071
2021-07-02,2,2.06775316952123,0.0,211.35,0.0,0.36884,200000,170915.4505587214,-29084.549441278592,0.8545772527936071
2021-07-03,2,1.7198940904298052,0.0,214.86,0.0,0.3772,200000,170915.4505587214,-29084.549441278592,0.8545772527936071
2021-07-04,2,1.8084292307099377,0.0,219.92,0.0,0.37538,200000,170915.4505587214,-29084.549441278592,0.8545772527936071
2021-07-05,2,2.0283072730802236,0.0,214.47,0.0,0.35303,200000,170915.4505587214,-29084.549441278592,0.8545772527936071
2021-07-06,2,2.0318800860279675,0.0,221.75,0.0,0.35359,200000,170915.4505587214,-29084.549441278592,0.8545772527936071
2021-07-07,2,1.527570185205227,0.0,215.17,0.0,0.35301,200000,170915.4505587214,-29084.549441278592,0.8545772527936071
2021-07-08,0,0.33002912574254106,0.0,205.23,0.0,0.38178,200000,170915.4505587214,-29084.549441278592,0.8545772527936071
2021-07-09,1,1.1185650705387766,-401.4549973193062,212.87,238415.70494186116,0.35844,200000,170915.4505587214,-29084.549441278592,0.8545772527936071
2021-07-10,2,1.2837285588734748,0.0,209.7,0.0,0.34214,200000,173529.01420777154,-26470.985792228457,0.8676450710388577
2021-07-11,1,1.1280570241475554,-410.19528698886995,211.52,250164.36612716826,0.34683,200000,173529.01420777154,-26470.985792228457,0.8676450710388577
2021-07-12,2,1.206583080768608,0.0,206.25,0.0,0.33194,200000,175092.23245697375,-24907.767543026246,0.8754611622848688
2021-07-13,2,1.5949188874325515,0.0,203.83,0.0,0.31135,200000,175092.23245697375,-24907.767543026246,0.8754611622848688
2021-07-14,2,1.7638398441600347,0.0,203.38,0.0,0.30023,200000,175092.23245697375,-24907.767543026246,0.8754611622848688
2021-07-15,2,1.6509479752395864,0.0,196.71,0.0,0.28951,200000,175092.23245697375,-24907.767543026246,0.8754611622848688
2021-07-16,2,2.197567309427944,0.0,192.95,0.0,0.26293,200000,175092.23245697375,-24907.767543026246,0.8754611622848688
2021-07-17,2,1.7409805242469214,0.0,197.56,0.0,0.27528,200000,175092.23245697375,-24907.767543026246,0.8754611622848688
2021-07-18,0,0.9834639474989876,0.0,199.41,0.0,0.29584,200000,175092.23245697375,-24907.767543026246,0.8754611622848688
2021-07-19,2,1.6443458752291034,0.0,189.02,0.0,0.26095,200000,175092.23245697375,-24907.767543026246,0.8754611622848688
2021-07-20,2,2.2960676960104505,0.0,182.89,0.0,0.23041,200000,175092.23245697375,-24907.767543026246,0.8754611622848688
2021-07-21,1,1.1711838386388518,-444.91597412454576,196.77,322548.5086894366,0.27142,200000,175092.23245697375,-24907.767543026246,0.8754611622848688
2021-07-22,1,0.7576862766208012,-444.91597412454576,197.7,322548.5086894366,0.2813,200000,178692.7835787612,-21307.216421238787,0.8934639178938061
2021-07-23,1,0.8477100409641248,-444.91597412454576,203.96,322548.5086894366,0.28544,200000,182813.30840275512,-17186.691597244877,0.9140665420137756
2021-07-24,0,-0.21153835240293706,0.0,208.52,0.0,0.32065,200000,164440.9320701562,-35559.06792984379,0.8222046603507811
2021-07-25,-1,-1.030120818764632,386.1747500590771,212.91,-231248.67398418818,0.35555,200000,164440.9320701562,-35559.06792984379,0.8222046603507811
2021-07-26,0,-0.15488059408733215,0.0,218.07,0.0,0.33305,200000,157245.17519520712,-42754.82480479288,0.7862258759760357
2021-07-27,0,-0.1039243868085858,0.0,225.59,0.0,0.34149,200000,157245.17519520712,-42754.82480479288,0.7862258759760357
2021-07-28,0,0.7486567692831396,0.0,235.44,0.0,0.32909,200000,157245.17519520712,-42754.82480479288,0.7862258759760357
2021-07-29,0,0.8545394756234073,0.0,241.67,0.0,0.33316,200000,157245.17519520712,-42754.82480479288,0.7862258759760357
2021-07-30,0,0.8031686447562961,0.0,242.01,0.0,0.33288,200000,157245.17519520712,-42754.82480479288,0.7862258759760357
2021-07-31,0,0.7589276435344862,0.0,239.86,0.0,0.3292,200000,157245.17519520712,-42754.82480479288,0.7862258759760357
2021-08-01,2,1.302380812742353,0.0,235.45,0.0,0.31032,200000,157245.17519520712,-42754.82480479288,0.7862258759760357
2021-08-02,2,1.3248035548495767,0.0,232.58,0.0,0.30342,200000,157245.17519520712,-42754.82480479288,0.7862258759760357
2021-08-03,2,1.224158277548491,0.0,226.02,0.0,0.29418,200000,157245.17519520712,-42754.82480479288,0.7862258759760357
2021-08-04,2,1.6823623670155816,0.0,244.38,0.0,0.30479,200000,157245.17519520712,-42754.82480479288,0.7862258759760357
2021-08-05,1,1.0874218459504423,-310.95786899859024,252.84,241195.77751818745,0.32597,200000,157245.17519520712,-42754.82480479288,0.7862258759760357
2021-08-06,2,1.901471235090447,0.0,263.09,0.0,0.3149,200000,163102.530609569,-36897.46939043101,0.8155126530478449
2021-08-07,2,2.1364937439048197,0.0,271.83,0.0,0.31047,200000,163102.530609569,-36897.46939043101,0.8155126530478449
2021-08-08,2,2.0715325496870785,0.0,257.12,0.0,0.28578,200000,163102.530609569,-36897.46939043101,0.8155126530478449
2021-08-09,2,1.6672363049109342,0.0,269.31,0.0,0.30498,200000,163102.530609569,-36897.46939043101,0.8155126530478449
2021-08-10,2,1.2900089492715792,0.0,266.34,0.0,0.3081,200000,163102.530609569,-36897.46939043101,0.8155126530478449
2021-08-11,0,0.312243832501025,0.0,268.03,0.0,0.34113,200000,163102.530609569,-36897.46939043101,0.8155126530478449
2021-08-12,0,0.10340986291957259,0.0,257.42,0.0,0.3339,200000,163102.530609569,-36897.46939043101,0.8155126530478449
2021-08-13,0,0.08441924531532136,0.0,272.89,0.0,0.352,200000,163102.530609569,-36897.46939043101,0.8155126530478449
2021-08-14,0,0.03624163442173941,0.0,271.6,0.0,0.34815,200000,163102.530609569,-36897.46939043101,0.8155126530478449
2021-08-15,0,0.05797114071652068,0.0,271.86,0.0,0.34505,200000,163102.530609569,-36897.46939043101,0.8155126530478449
2021-08-16,0,-0.7753654419557973,0.0,266.5,0.0,0.35738,200000,163102.530609569,-36897.46939043101,0.8155126530478449
2021-08-17,0,-0.37181510946566726,0.0,256.23,0.0,0.332,200000,163102.530609569,-36897.46939043101,0.8155126530478449
2021-08-18,0,-0.27944924912329355,0.0,252.51,0.0,0.32373,200000,163102.530609569,-36897.46939043101,0.8155126530478449
2021-08-19,0,-0.008955944783110844,0.0,264.19,0.0,0.3314,200000,163102.530609569,-36897.46939043101,0.8155126530478449
2021-08-20,0,0.6873677452077407,0.0,282.06,0.0,0.33806,200000,163102.530609569,-36897.46939043101,0.8155126530478449
2021-08-21,1,1.0020051059619657,-283.1837811819727,287.98,241719.32332913775,0.33738,200000,163102.530609569,-36897.46939043101,0.8155126530478449
2021-08-22,2,1.878798981739214,0.0,306.38,0.0,0.3372,200000,168356.62166151655,-31643.378338483453,0.8417831083075827
2021-08-23,2,1.6201458155677622,0.0,318.17,0.0,0.35075,200000,168356.62166151655,-31643.378338483453,0.8417831083075827
2021-08-24,2,1.726993322135249,0.0,307.33,0.0,0.33145,200000,168356.62166151655,-31643.378338483453,0.8417831083075827
2021-08-25,2,1.3779258209297118,0.0,314.29,0.0,0.34281,200000,168356.62166151655,-31643.378338483453,0.8417831083075827
2021-08-26,2,1.2449913655593667,0.0,291.4,0.0,0.318,200000,168356.62166151655,-31643.378338483453,0.8417831083075827
2021-08-27,2,1.4136899027131604,0.0,315.0,0.0,0.3372,200000,168356.62166151655,-31643.378338483453,0.8417831083075827
2021-08-28,1,1.0764768612704285,-280.12749028538525,300.5,255938.92013000385,0.3289,200000,168356.62166151655,-31643.378338483453,0.8417831083075827
2021-08-29,1,0.6459421584440205,-280.12749028538525,291.4,255938.92013000385,0.3291,200000,165858.64928394553,-34141.35071605447,0.8292932464197277
2021-08-30,1,0.3806078636869078,-280.12749028538525,281.8,255938.92013000385,0.3246,200000,162017.70023662082,-37982.29976337918,0.810088501183104
2021-08-31,1,0.2746129586833651,-280.12749028538525,285.8,255938.92013000385,0.3305,200000,164648.24982652938,-35351.75017347062,0.823241249132647
2021-09-01,1,0.5331717000032852,-280.12749028538525,302.9,255938.92013000385,0.3418,200000,172330.5397078785,-27669.460292121512,0.8616526985393924
2021-09-02,1,0.33562043800801983,-280.12749028538525,302.5,255938.92013000385,0.3445,200000,172909.52379611536,-27090.47620388464,0.8645476189805767
2021-09-03,0,-0.6119996971061132,0.0,304.1,0.0,0.3688,200000,159153.1177133568,-40846.8822866432,0.795765588566784
2021-09-04,0,-0.8507145939022085,0.0,305.1,0.0,0.3752,200000,159153.1177133568,-40846.8822866432,0.795765588566784
2021-09-05,-1,-1.114364347204102,252.3036108328421,315.4,-203624.76677758034,0.3908,200000,159153.1177133568,-40846.8822866432,0.795765588566784
2021-09-06,-2,-2.544777632600747,0.0,314.8,0.0,0.4413,200000,169587.5506021243,-30412.449397875695,0.8479377530106216
2021-09-07,-2,-1.461644054369449,0.0,263.2,0.0,0.3393,200000,169587.5506021243,-30412.449397875695,0.8479377530106216
2021-09-08,-2,-1.2153351585867749,0.0,257.1,0.0,0.3258,200000,169587.5506021243,-30412.449397875695,0.8479377530106216
2021-09-09,-1,-1.117577943291834,323.88760619198683,261.8,-256097.17698901283,0.3311,200000,169587.5506021243,-30412.449397875695,0.8479377530106216
2021-09-10,-1,-0.7543428275275015,323.88760619198683,249.2,-256097.17698901283,0.3077,200000,159513.89282256237,-40486.10717743763,0.7975694641128118
2021-09-11,-1,-0.7521809398546053,323.88760619198683,249.8,-256097.17698901283,0.3103,200000,160374.078046449,-39625.921953551006,0.8018703902322449
2021-09-12,-1,-0.7240293616936657,323.88760619198683,256.2,-256097.17698901283,0.3195,200000,164803.05275437664,-35196.94724562336,0.8240152637718832
2021-09-13,0,0.6991971470330278,0.0,263.3,0.0,0.2975,200000,160496.85404600546,-39503.145953994535,0.8024842702300273
2021-09-14,0,0.20260671644672207,0.0,269.1,0.0,0.3158,200000,160496.85404600546,-39503.145953994535,0.8024842702300273
2021-09-15,0,-0.21656625002232677,0.0,269.3,0.0,0.3266,200000,160496.85404600546,-39503.145953994535,0.8024842702300273
2021-09-16,0,0.0880897998098879,0.0,264.0,0.0,0.316,200000,160496.85404600546,-39503.145953994535,0.8024842702300273
2021-09-17,0,0.654924388364188,0.0,262.7,0.0,0.3063,200000,160496.85404600546,-39503.145953994535,0.8024842702300273
2021-09-18,1,1.1448911948131413,-295.3567428156155,271.7,259535.66307568803,0.3092,200000,160496.85404600546,-39503.145953994535,0.8024842702300273
2021-09-19,1,0.9509797027786903,-295.3567428156155,259.8,259535.66307568803,0.2985,200000,154205.07721158979,-45794.922788410215,0.7710253860579489
2021-09-20,2,1.3647926956894108,0.0,232.7,0.0,0.2608,200000,161539.4671690598,-38460.53283094021,0.807697335845299
2021-09-21,0,0.45169505893404555,0.0,218.0,0.0,0.2572,200000,161539.4671690598,-38460.53283094021,0.807697335845299
2021-09-22,1,1.0108147731056316,-329.5378767218682,245.1,287232.3384940608,0.2812,200000,161539.4671690598,-38460.53283094021,0.807697335845299
2021-09-23,1,0.8225126237981029,-329.5378767218682,249.1,287232.3384940608,0.2876,200000,164695.90564230926,-35304.094357690745,0.8234795282115462
2021-09-24,1,0.8975846861431049,-329.5378767218682,233.6,287232.3384940608,0.2675,200000,153814.69854938966,-46185.301450610335,0.7690734927469484
2021-09-25,1,1.1810367139681546,-329.5378767218682,235.8,287232.3384940608,0.2643,200000,153620.53839499678,-46379.46160500322,0.7681026919749839
2021-09-26,1,0.3853230248837491,-329.5378767218682,234.2,287232.3384940608,0.2729,200000,155563.47590329073,-44436.52409670927,0.7778173795164537
2021-09-27,1,1.0448144894435585,-329.5378767218682,234.3,287232.3384940608,0.2646,200000,153212.40128146223,-46787.598718537774,0.7660620064073111
2021-09-28,2,1.6038265450809583,0.0,229.6,0.0,0.2523,200000,164732.64466234916,-35267.355337650835,0.8236632233117458
2021-09-29,2,1.8182523144259974,0.0,233.6,0.0,0.253,200000,164732.64466234916,-35267.355337650835,0.8236632233117458
2021-09-30,2,2.3508079146574614,0.0,251.1,0.0,0.2621,200000,164732.64466234916,-35267.355337650835,0.8236632233117458
2021-10-01,0,0.2560865674980432,0.0,257.5,0.0,0.2919,200000,164732.64466234916,-35267.355337650835,0.8236632233117458
2021-10-02,-1,-1.1515890442271028,325.81614846192474,252.8,-273369.80528103077,0.3013,200000,164732.64466234914,-35267.355337650864,0.8236632233117457
2021-10-03,0,0.023802430644983382,0.0,259.3,0.0,0.2962,200000,161220.6536904134,-38779.3463095866,0.806103268452067
2021-10-04,0,0.56279833273043,0.0,264.8,0.0,0.2961,200000,161220.6536904134,-38779.3463095866,0.806103268452067
2021-10-05,0,-0.1050089581028828,0.0,270.8,0.0,0.309,200000,161220.6536904134,-38779.3463095866,0.806103268452067
2021-10-06,2,2.0744002586709587,0.0,286.5,0.0,0.3021,200000,161220.6536904134,-38779.3463095866,0.806103268452067
2021-10-07,0,0.8529037528533546,0.0,277.8,0.0,0.304,200000,161220.6536904134,-38779.3463095866,0.806103268452067
2021-10-08,0,0.29901842700001896,0.0,277.9,0.0,0.3095,200000,161220.6536904134,-38779.3463095866,0.806103268452067
2021-10-09,0,-0.15196655734164283,0.0,278.4,0.0,0.3146,200000,161220.6536904134,-38779.3463095866,0.806103268452067
2021-10-10,0,0.5021142588962931,0.0,270.0,0.0,0.2982,200000,161220.6536904134,-38779.3463095866,0.806103268452067
2021-10-11,2,1.2698599385333236,0.0,276.7,0.0,0.2967,200000,161220.6536904134,-38779.3463095866,0.806103268452067
2021-10-12,2,1.9400011558554373,0.0,277.2,0.0,0.2877,200000,161220.6536904134,-38779.3463095866,0.806103268452067
2021-10-13,1,1.0541326229491794,-293.87651055489135,274.3,275590.8610092537,0.2925,200000,161220.6536904134,-38779.3463095866,0.806103268452067
2021-10-14,1,0.3226029295386864,-293.87651055489135,266.8,275590.8610092537,0.2915,200000,158740.98900024247,-41259.010999757535,0.7937049450012124
2021-10-15,2,1.3949360984139532,0.0,274.1,0.0,0.2867,200000,162760.3053821561,-37239.694617843896,0.8138015269107806
2021-10-16,0,0.9092292745262273,0.0,268.0,0.0,0.2844,200000,162760.3053821561,-37239.694617843896,0.8138015269107806
2021-10-17,0,0.358915454046314,0.0,261.1,0.0,0.282,200000,162760.3053821561,-37239.694617843896,0.8138015269107806
2021-10-18,0,0.0028285653967816634,0.0,256.5,0.0,0.2805,200000,162760.3053821561,-37239.694617843896,0.8138015269107806
2021-10-19,0,-0.28819540454807363,0.0,255.0,0.0,0.2821,200000,162760.3053821561,-37239.694617843896,0.8138015269107806
2021-10-20,0,-0.606198746803924,0.0,260.0,0.0,0.2918,200000,162760.3053821561,-37239.694617843896,0.8138015269107806
2021-10-21,2,1.2732719333692302,0.0,271.0,0.0,0.2839,200000,162760.3053821561,-37239.694617843896,0.8138015269107806
2021-10-22,-1,-1.1096528301208697,-305.5957667708526,266.3,270455.80821229,0.3009,200000,162760.3053821561,-37239.694617843896,0.8138015269107806
2021-10-23,-1,-0.8966350106434869,-305.5957667708526,267.3,270455.80821229,0.2994,200000,162660.21743660854,-37339.78256339146,0.8133010871830427
2021-10-24,0,2.097289336469246,0.0,289.3,0.0,0.2938,200000,153811.36650811922,-46188.633491880784,0.7690568325405961
2021-10-25,0,-0.0025942428216756087,0.0,286.6,0.0,0.3103,200000,153811.36650811922,-46188.633491880784,0.7690568325405961
2021-10-26,-2,-2.2061729979551843,0.0,279.9,0.0,0.3304,200000,153811.36650811922,-46188.633491880784,0.7690568325405961
2021-10-27,-2,-2.4171725922201066,0.0,255.6,0.0,0.3122,200000,153811.36650811922,-46188.633491880784,0.7690568325405961
2021-10-28,-2,-1.9104456175307496,0.0,267.2,0.0,0.3233,200000,153811.36650811922,-46188.633491880784,0.7690568325405961
2021-10-29,-2,-2.6569720810228277,0.0,269.0,0.0,0.3559,200000,153811.36650811922,-46188.633491880784,0.7690568325405961
2021-10-30,-2,-2.8351227540887036,0.0,263.3,0.0,0.3869,200000,153811.36650811922,-46188.633491880784,0.7690568325405961
2021-10-31,-2,-1.3630302808584531,0.0,274.9,0.0,0.3533,200000,153811.36650811922,-46188.633491880784,0.7690568325405961
2021-11-01,-2,-1.252761896230504,0.0,271.1,0.0,0.3495,200000,153811.36650811922,-46188.633491880784,0.7690568325405961
2021-11-02,-2,-1.2621050519708776,0.0,275.0,0.0,0.3603,200000,153811.36650811922,-46188.633491880784,0.7690568325405961
2021-11-03,-2,-1.6466756407455785,0.0,266.1,0.0,0.374,200000,153811.36650811922,-46188.633491880784,0.7690568325405961
2021-11-04,-2,-1.4890374239664141,0.0,260.7,0.0,0.3676,200000,153811.36650811922,-46188.633491880784,0.7690568325405961
2021-11-05,-2,-1.5999004107719719,0.0,255.0,0.0,0.3752,200000,153811.36650811922,-46188.633491880784,0.7690568325405961
2021-11-06,-2,-1.3999635450065273,0.0,259.9,0.0,0.3808,200000,153811.36650811922,-46188.633491880784,0.7690568325405961
2021-11-07,-1,-1.155412224696076,288.2521861096687,266.8,-200066.8138763257,0.3844,200000,153811.36650811922,-46188.633491880784,0.7690568325405961
2021-11-08,-1,-0.8557976929312675,288.2521861096687,275.0,-200066.8138763257,0.3848,200000,156255.06115976901,-43744.938840230985,0.7812753057988451
2021-11-09,-1,-0.24150028013902694,288.2521861096687,289.4,-200066.8138763257,0.3762,200000,158685.31804041186,-41314.68195958814,0.7934265902020593
2021-11-10,0,-0.16451879064769592,0.0,267.1,0.0,0.3475,200000,146342.42542024987,-53657.57457975013,0.7317121271012493
2021-11-11,0,-0.19647240226475554,0.0,263.8,0.0,0.347,200000,146342.42542024987,-53657.57457975013,0.7317121271012493
2021-11-12,0,-0.17635241421462106,0.0,260.7,0.0,0.3449,200000,146342.42542024987,-53657.57457975013,0.7317121271012493
2021-11-13,0,0.572628620118939,0.0,270.7,0.0,0.3399,200000,146342.42542024987,-53657.57457975013,0.7317121271012493
2021-11-14,2,1.3211530681544286,0.0,275.0,0.0,0.3336,200000,146342.42542024987,-53657.57457975013,0.7317121271012493
2021-11-15,0,0.9804811474479699,0.0,268.1,0.0,0.3347,200000,146342.42542024987,-53657.57457975013,0.7317121271012493
2021-11-16,0,0.4725098304356591,0.0,240.7,0.0,0.3114,200000,146342.42542024987,-53657.57457975013,0.7317121271012493
2021-11-17,0,-0.6856855119320703,0.0,241.6,0.0,0.3376,200000,146342.42542024987,-53657.57457975013,0.7317121271012493
2021-11-18,0,-0.21531702370804626,0.0,226.4,0.0,0.308,200000,146342.42542024987,-53657.57457975013,0.7317121271012493
2021-11-19,0,-0.22234324784408435,0.0,238.3,0.0,0.3228,200000,146342.42542024987,-53657.57457975013,0.7317121271012493
2021-11-20,0,0.1609687848395119,0.0,247.2,0.0,0.3285,200000,146342.42542024987,-53657.57457975013,0.7317121271012493
2021-11-21,0,0.3983877445663926,0.0,250.5,0.0,0.3291,200000,146342.42542024987,-53657.57457975013,0.7317121271012493
2021-11-22,0,0.20717702240062388,0.0,231.7,0.0,0.3077,200000,146342.42542024987,-53657.57457975013,0.7317121271012493
2021-11-23,0,-0.26556676235794485,0.0,237.4,0.0,0.3227,200000,146342.42542024987,-53657.57457975013,0.7317121271012493
2021-11-24,0,0.5151904684682763,0.0,243.9,0.0,0.3173,200000,146342.42542024987,-53657.57457975013,0.7317121271012493
2021-11-25,0,-0.39934756617361933,0.0,248.2,0.0,0.3363,200000,146342.42542024987,-53657.57457975013,0.7317121271012493
2021-11-26,0,-0.3588314011130593,0.0,226.9,0.0,0.305,200000,146342.42542024987,-53657.57457975013,0.7317121271012493
2021-11-27,0,-0.7126531154615471,0.0,228.1,0.0,0.3093,200000,146342.42542024987,-53657.57457975013,0.7317121271012493
2021-11-28,1,1.0018877450738752,-306.0276566713716,239.1,240932.54102774095,0.3037,200000,146342.42542024987,-53657.57457975013,0.7317121271012493
2021-11-29,1,0.77932850965061,-306.0276566713716,235.8,240932.54102774095,0.3014,200000,144778.38930887054,-55221.61069112946,0.7238919465443527
2021-11-30,1,0.6312712206655839,-306.0276566713716,238.0,240932.54102774095,0.3055,200000,146439.4735717613,-53560.52642823869,0.7321973678588065
2021-12-01,0,-0.13955541750778522,0.0,230.6,0.0,0.3042,200000,143620.72406802938,-56379.275931970624,0.718103620340147
2021-12-02,2,1.4820024629897233,0.0,239.5,0.0,0.2967,200000,143620.72406802938,-56379.275931970624,0.718103620340147
2021-12-03,-2,-1.596628186951962,0.0,223.4,0.0,0.3137,200000,143620.72406802938,-56379.275931970624,0.718103620340147
2021-12-04,0,0.6381053040825562,0.0,204.7,0.0,0.2643,200000,143620.72406802938,-56379.275931970624,0.718103620340147
2021-12-05,0,0.9247687588856999,0.0,201.3,0.0,0.2582,200000,143620.72406802938,-56379.275931970624,0.718103620340147
2021-12-06,1,1.0008503034080742,-357.265482756292,201.0,279526.51628655,0.2569,200000,143620.72406802938,-56379.275931970624,0.718103620340147
2021-12-07,2,2.297685406508618,0.0,207.0,0.0,0.2505,200000,147553.28666880104,-52446.71333119896,0.7377664333440053
2021-12-08,2,2.1114442948260774,0.0,209.7,0.0,0.2517,200000,147553.28666880104,-52446.71333119896,0.7377664333440053
2021-12-09,2,1.6928800723592812,0.0,189.1,0.0,0.2284,200000,147553.28666880104,-52446.71333119896,0.7377664333440053
2021-12-10,2,1.8303618472415195,0.0,189.9,0.0,0.2253,200000,147553.28666880104,-52446.71333119896,0.7377664333440053
2021-12-11,2,1.8852791762893133,0.0,198.7,0.0,0.2318,200000,147553.28666880104,-52446.71333119896,0.7377664333440053
2021-12-12,2,1.8578578347396042,0.0,197.9,0.0,0.2277,200000,147553.28666880104,-52446.71333119896,0.7377664333440053
2021-12-13,2,2.476116482196458,0.0,183.8,0.0,0.1985,200000,147553.28666880104,-52446.71333119896,0.7377664333440053
2021-12-14,2,2.1104009511462034,0.0,186.7,0.0,0.2006,200000,147553.28666880104,-52446.71333119896,0.7377664333440053
2021-12-15,2,1.2097701254473139,0.0,188.1,0.0,0.2126,200000,147553.28666880104,-52446.71333119896,0.7377664333440053
2021-12-16,2,1.7674471138677925,0.0,187.1,0.0,0.2003,200000,147553.28666880104,-52446.71333119896,0.7377664333440053
2021-12-17,2,1.6430161546725686,0.0,181.6,0.0,0.1933,200000,147553.28666880104,-52446.71333119896,0.7377664333440053
2021-12-18,2,1.2666122538616056,0.0,181.2,0.0,0.196,200000,147553.28666880104,-52446.71333119896,0.7377664333440053
2021-12-19,2,1.3022517840130972,0.0,184.0,0.0,0.1963,200000,147553.28666880104,-52446.71333119896,0.7377664333440053
2021-12-20,2,1.9792906136385975,0.0,189.0,0.0,0.1871,200000,147553.28666880104,-52446.71333119896,0.7377664333440053
2021-12-21,1,1.0806155454506468,-390.14618368271033,189.1,370364.6753734966,0.1992,200000,147553.28666880104,-52446.71333119896,0.7377664333440053
2021-12-22,1,0.7213629748135676,-390.14618368271033,190.6,370364.6753734966,0.2054,200000,150434.7669316408,-49565.2330683592,0.752173834658204
2021-12-23,1,0.8453574199539369,-390.14618368271033,209.8,370364.6753734966,0.2229,200000,164406.95547738503,-35593.044522614975,0.8220347773869251
2021-12-24,1,0.9199265728650249,-390.14618368271033,204.3,370364.6753734966,0.2147,200000,159224.16112906745,-40775.83887093255,0.7961208056453373
2021-12-25,1,1.06742549374261,-390.14618368271033,211.1,370364.6753734966,0.2186,200000,163321.57741206652,-36678.422587933484,0.8166078870603326
2021-12-26,1,0.667938137795504,-390.14618368271033,217.1,370364.6753734966,0.2295,200000,169699.4294757339,-30300.570524266106,0.8484971473786694
2021-12-27,1,0.8972239047520253,-390.14618368271033,220.7,370364.6753734966,0.2294,200000,171066.9192694543,-28933.080730545713,0.8553345963472714
2021-12-28,2,1.8664884880986432,0.0,208.8,0.0,0.2046,200000,153239.19724033354,-46760.80275966646,0.7661959862016677
2021-12-29,2,2.922945078177673,0.0,214.7,0.0,0.1918,200000,153239.19724033354,-46760.80275966646,0.7661959862016677
2021-12-30,2,2.606206024855509,0.0,225.4,0.0,0.1974,200000,153239.19724033354,-46760.80275966646,0.7661959862016677
2021-12-31,2,2.6244151959205104,0.0,228.7,0.0,0.191,200000,153239.19724033354,-46760.80275966646,0.7661959862016677
2022-01-01,2,2.6133840633369796,0.0,250.1,0.0,0.1979,200000,153239.19724033354,-46760.80275966646,0.7661959862016677
2022-01-02,2,1.5063769115096208,0.0,239.7,0.0,0.2048,200000,153239.19724033354,-46760.80275966646,0.7661959862016677
2022-01-03,2,1.3246968161272792,0.0,231.5,0.0,0.1982,200000,153239.19724033354,-46760.80275966646,0.7661959862016677
2022-01-04,1,1.0631854820402393,-344.9779316531597,222.1,396992.73896459467,0.193,200000,153239.19724033354,-46760.80275966646,0.7661959862016677
2022-01-05,1,0.8469976571314802,-344.9779316531597,206.5,396992.73896459467,0.1817,200000,143371.52355624433,-56628.47644375567,0.7168576177812216
2022-01-06,1,0.814144990952793,-344.9779316531597,204.4,396992.73896459467,0.1789,200000,141535.49023067183,-58464.50976932817,0.7076774511533591
2022-01-07,1,0.8976663535901006,-344.9779316531597,194.7,396992.73896459467,0.1675,200000,133663.4870694398,-66336.51293056019,0.668317435347199
2022-01-08,1,0.5292373787213508,-344.9779316531597,183.9,396992.73896459467,0.1628,200000,128071.85953445209,-71928.14046554791,0.6403592976722605
2022-01-09,1,0.5863506228675729,-344.9779316531597,191.0,396992.73896459467,0.1672,200000,132267.97090063372,-67732.02909936628,0.6613398545031686
2022-01-10,1,0.38389641297302735,-344.9779316531597,182.4,396992.73896459467,0.1617,200000,127117.7006241113,-72882.2993758887,0.6355885031205565
2022-01-11,1,0.33402523120230754,-344.9779316531597,192.9,396992.73896459467,0.1706,200000,134273.20428325434,-65726.79571674566,0.6713660214162717
2022-01-12,0,0.16551057321756923,0.0,199.1,0.0,0.1774,200000,151497.79154015856,-48502.20845984144,0.7574889577007928
2022-01-13,2,2.0905299751633706,0.0,223.6,0.0,0.1693,200000,151497.79154015856,-48502.20845984144,0.7574889577007928
2022-01-14,2,1.8295506679721716,0.0,229.8,0.0,0.1746,200000,151497.79154015856,-48502.20845984144,0.7574889577007928
2022-01-15,0,0.9820036010267696,0.0,217.7,0.0,0.1754,200000,151497.79154015856,-48502.20845984144,0.7574889577007928
2022-01-16,0,0.9902353276411394,0.0,224.1,0.0,0.1801,200000,151497.79154015856,-48502.20845984144,0.7574889577007928
2022-01-17,0,0.6236046578062713,0.0,214.4,0.0,0.1754,200000,151497.79154015856,-48502.20845984144,0.7574889577007928
2022-01-18,-2,-1.2593577593618575,0.0,204.1,0.0,0.1856,200000,151497.79154015856,-48502.20845984144,0.7574889577007928
2022-01-19,-2,-2.156857951705497,0.0,201.4,0.0,0.1986,200000,151497.79154015856,-48502.20845984144,0.7574889577007928
2022-01-20,-2,-1.5591621820446422,0.0,188.6,0.0,0.1809,200000,151497.79154015856,-48502.20845984144,0.7574889577007928
2022-01-21,0,-0.523054190091701,0.0,173.0,0.0,0.1545,200000,151497.79154015856,-48502.20845984144,0.7574889577007928
2022-01-22,0,-0.14570556126186712,0.0,152.2,0.0,0.1326,200000,151497.79154015856,-48502.20845984144,0.7574889577007928
2022-01-23,0,-0.46371338599459755,0.0,157.0,0.0,0.1401,200000,151497.79154015856,-48502.20845984144,0.7574889577007928
2022-01-24,0,-0.4616272629328899,0.0,146.7,0.0,0.1311,200000,151497.79154015856,-48502.20845984144,0.7574889577007928
2022-01-25,0,-0.37549825741492115,0.0,144.8,0.0,0.1287,200000,151497.79154015856,-48502.20845984144,0.7574889577007928
2022-01-26,-2,-2.511373862023132,0.0,148.2,0.0,0.165,200000,151497.79154015856,-48502.20845984144,0.7574889577007928
2022-01-27,-2,-2.5532513221178172,0.0,144.7,0.0,0.1776,200000,151497.79154015856,-48502.20845984144,0.7574889577007928
2022-01-28,-2,-1.977617551760902,0.0,149.0,0.0,0.1776,200000,151497.79154015856,-48502.20845984144,0.7574889577007928
2022-01-29,-2,-1.4923270113890073,0.0,153.7,0.0,0.1749,200000,151497.79154015856,-48502.20845984144,0.7574889577007928
2022-01-30,-2,-1.6253884228161912,0.0,147.9,0.0,0.1793,200000,151497.79154015856,-48502.20845984144,0.7574889577007928
2022-01-31,-2,-1.4709082279166994,0.0,147.1,0.0,0.1796,200000,151497.79154015856,-48502.20845984144,0.7574889577007928
