date,statusList,zscore,XRPUSDT_position,XRPUSDT_price,ADAUSDT_position,ADAUSDT_price,init,total_asset,pnl,return
2020-01-01,0,,0.0,0.19305,0.0,0.03348,200000,200000.0,0.0,1.0
2020-01-02,0,,0.0,0.1875,0.0,0.03269,200000,200000.0,0.0,1.0
2020-01-03,0,,0.0,0.19338,0.0,0.03417,200000,200000.0,0.0,1.0
2020-01-04,0,,0.0,0.19305,0.0,0.03434,200000,200000.0,0.0,1.0
2020-01-05,0,,0.0,0.19453,0.0,0.0346,200000,200000.0,0.0,1.0
2020-01-06,0,,0.0,0.2231,0.0,0.03732,200000,200000.0,0.0,1.0
2020-01-07,0,,0.0,0.21335,0.0,0.037,200000,200000.0,0.0,1.0
2020-01-08,0,,0.0,0.2075,0.0,0.03631,200000,200000.0,0.0,1.0
2020-01-09,0,,0.0,0.20373,0.0,0.03616,200000,200000.0,0.0,1.0
2020-01-10,0,,0.0,0.21284,0.0,0.03693,200000,200000.0,0.0,1.0
2020-01-11,0,,0.0,0.21121,0.0,0.03678,200000,200000.0,0.0,1.0
2020-01-12,0,,0.0,0.21539,0.0,0.03792,200000,200000.0,0.0,1.0
2020-01-13,0,,0.0,0.21134,0.0,0.03682,200000,200000.0,0.0,1.0
2020-01-14,0,,0.0,0.23464,0.0,0.04161,200000,200000.0,0.0,1.0
2020-01-15,0,,0.0,0.23367,0.0,0.04275,200000,200000.0,0.0,1.0
2020-01-16,0,,0.0,0.229,0.0,0.04168,200000,200000.0,0.0,1.0
2020-01-17,0,,0.0,0.23921,0.0,0.0449,200000,200000.0,0.0,1.0
2020-01-18,0,,0.0,0.24357,0.0,0.04489,200000,200000.0,0.0,1.0
2020-01-19,0,,0.0,0.23558,0.0,0.042,200000,200000.0,0.0,1.0
2020-01-20,-2,-1.924822892555845,0.0,0.23314,0.0,0.04378,200000,200000.0,0.0,1.0
2020-01-21,-2,-2.3611210969821186,0.0,0.23726,0.0,0.04602,200000,200000.0,0.0,1.0
2020-01-22,-2,-1.8656212009148918,0.0,0.23733,0.0,0.04575,200000,200000.0,0.0,1.0
2020-01-23,-2,-1.467297838971533,0.0,0.22586,0.0,0.04318,200000,200000.0,0.0,1.0
2020-01-24,-2,-2.2264933453460025,0.0,0.22222,0.0,0.04495,200000,200000.0,0.0,1.0
2020-01-25,-2,-1.479267243431927,0.0,0.21946,0.0,0.04314,200000,200000.0,0.0,1.0
2020-01-26,-1,-1.1063550741542296,432320.26285071985,0.23131,-2233638.597274961,0.04477,200000,200000.0,0.0,1.0
2020-01-27,-2,-2.0771112523741304,0.0,0.23077,0.0,0.04796,200000,207358.7600672465,7358.760067246505,1.0367938003362325
2020-01-28,-2,-2.442937453928708,0.0,0.23906,0.0,0.0529,200000,207358.7600672465,7358.760067246505,1.0367938003362325
2020-01-29,-2,-2.2278600932302606,0.0,0.23539,0.0,0.05329,200000,207358.7600672465,7358.760067246505,1.0367938003362325
2020-01-30,-2,-2.0476568850233297,0.0,0.24376,0.0,0.05614,200000,207358.7600672465,7358.760067246505,1.0367938003362325
2020-01-31,-2,-1.6056348896272277,0.0,0.23946,0.0,0.0539,200000,207358.7600672465,7358.760067246505,1.0367938003362325
2020-02-01,-2,-1.6891654389326722,0.0,0.24141,0.0,0.0561,200000,207358.7600672465,7358.760067246505,1.0367938003362325
2020-02-02,-1,-1.1426087550488828,413180.48871646775,0.25093,-1861389.2286108304,0.0557,200000,207358.7600672465,7358.760067246505,1.0367938003362325
2020-02-03,-1,-1.1151883102517473,413180.48871646775,0.25453,-1861389.2286108304,0.05696,200000,211191.56025467542,11191.560254675423,1.055957801273377
2020-02-04,-1,-0.35861465608214677,413180.48871646775,0.26737,-1861389.2286108304,0.05601,200000,214728.4779626146,14728.47796261459,1.073642389813073
2020-02-05,-1,-0.5013791192791807,413180.48871646775,0.27774,-1861389.2286108304,0.05933,200000,225192.97186959232,25192.971869592322,1.1259648593479616
2020-02-06,-1,-0.3554247523931308,413180.48871646775,0.28325,-1861389.2286108304,0.06008,200000,228865.6382838782,28865.638283878186,1.144328191419391
2020-02-07,-1,-0.39674408863030153,413180.48871646775,0.27953,-1861389.2286108304,0.05987,200000,226937.71512784465,26937.715127844654,1.1346885756392233
2020-02-08,-1,-0.45028386305688783,413180.48871646775,0.27735,-1861389.2286108304,0.06002,200000,226316.19004673435,26316.19004673435,1.1315809502336718
2020-02-09,-1,-0.5423809791934416,413180.48871646775,0.28257,-1861389.2286108304,0.06188,200000,231935.17616305046,31935.176163050462,1.1596758808152523
2020-02-10,-1,-0.5728586645175914,413180.48871646775,0.27338,-1861389.2286108304,0.06029,200000,225178.43859825493,25178.43859825493,1.1258921929912746
2020-02-11,-1,-0.8397378376901937,413180.48871646775,0.281,-1861389.2286108304,0.06335,200000,234022.72496182355,34022.72496182355,1.1701136248091177
2020-02-12,-1,-0.676278202428773,413180.48871646775,0.30427,-1861389.2286108304,0.06817,200000,252609.33101615994,52609.33101615994,1.2630466550807997
2020-02-13,0,0.656567551128197,0.0,0.32709,0.0,0.06867,200000,200033.1523416828,33.15234168281313,1.000165761708414
2020-02-14,0,0.7546559191090472,0.0,0.33594,0.0,0.07074,200000,200033.1523416828,33.15234168281313,1.000165761708414
2020-02-15,2,1.2973588970110188,0.0,0.30729,0.0,0.06426,200000,200033.1523416828,33.15234168281313,1.000165761708414
2020-02-16,1,1.1731747249866133,-342241.2269738619,0.29224,1627344.2266651709,0.06146,200000,200033.1523416828,33.15234168281313,1.000165761708414
2020-02-17,1,1.1727512893270153,-342241.2269738619,0.28736,1627344.2266651709,0.06019,200000,196296.2879861856,-3703.7120138143946,0.9814814399309281
2020-02-18,1,0.9469552851559534,-342241.2269738619,0.29827,1627344.2266651709,0.06274,200000,204179.86755046662,4179.867550466617,1.020899337752333
2020-02-19,1,1.071168040823527,-342241.2269738619,0.27466,1627344.2266651709,0.05737,200000,187360.7136844218,-12639.28631557821,0.936803568422109
2020-02-20,0,0.1441535184565008,0.0,0.2709,0.0,0.05815,200000,198116.23394832227,-1883.766051677725,0.9905811697416114
2020-02-21,0,0.22847464477972707,0.0,0.27418,0.0,0.05853,200000,198116.23394832227,-1883.766051677725,0.9905811697416114
2020-02-22,0,0.41715742344420254,0.0,0.27468,0.0,0.05825,200000,198116.23394832227,-1883.766051677725,0.9905811697416114
2020-02-23,0,-0.6524729904115912,0.0,0.28298,0.0,0.06145,200000,198116.23394832227,-1883.766051677725,0.9905811697416114
2020-02-24,0,-0.8162172727695909,0.0,0.2704,0.0,0.05906,200000,198116.23394832227,-1883.766051677725,0.9905811697416114
2020-02-25,-2,-1.3981991963382046,0.0,0.25209,0.0,0.05603,200000,198116.23394832227,-1883.766051677725,0.9905811697416114
2020-02-26,0,0.08423713168898168,0.0,0.22915,0.0,0.04915,200000,198116.23394832227,-1883.766051677725,0.9905811697416114
2020-02-27,1,1.0875136201808941,-415338.01666314946,0.2385,1986725.169959108,0.04986,200000,198116.23394832227,-1883.766051677725,0.9905811697416114
2020-02-28,2,1.4338825330594551,0.0,0.23663,0.0,0.04885,200000,199346.1442788209,-653.8557211791049,0.9967307213941045
2020-02-29,2,1.3950032369290477,0.0,0.22892,0.0,0.0471,200000,199346.1442788209,-653.8557211791049,0.9967307213941045
2020-03-01,2,1.9730678329627724,0.0,0.22696,0.0,0.04561,200000,199346.1442788209,-653.8557211791049,0.9967307213941045
2020-03-02,1,1.1063230090086782,-416032.524164832,0.23958,2024640.912846038,0.04923,200000,199346.1442788209,-653.8557211791049,0.9967307213941045
2020-03-03,1,0.6285040446434901,-416032.524164832,0.23428,2024640.912846038,0.04866,200000,195987.12658042504,-4012.8734195749566,0.9799356329021253
2020-03-04,1,0.37571550358836875,-416032.524164832,0.23453,2024640.912846038,0.04898,200000,196739.019803577,-3260.9801964230137,0.983695099017885
2020-03-05,0,-0.4725540671980841,0.0,0.23909,0.0,0.05096,200000,195639.65956275648,-4360.340437243518,0.9781982978137824
2020-03-06,0,-0.09717842157754594,0.0,0.24477,0.0,0.05174,200000,195639.65956275648,-4360.340437243518,0.9781982978137824
2020-03-07,0,0.8497296794768183,0.0,0.23622,0.0,0.04879,200000,195639.65956275648,-4360.340437243518,0.9781982978137824
2020-03-08,0,0.053241740667086625,0.0,0.20385,0.0,0.04291,200000,195639.65956275648,-4360.340437243518,0.9781982978137824
2020-03-09,2,2.161652699694554,0.0,0.20952,0.0,0.04156,200000,195639.65956275648,-4360.340437243518,0.9781982978137824
2020-03-10,2,2.1958480287242605,0.0,0.21185,0.0,0.04146,200000,195639.65956275648,-4360.340437243518,0.9781982978137824
2020-03-11,2,2.4131216775543587,0.0,0.20813,0.0,0.03969,200000,195639.65956275648,-4360.340437243518,0.9781982978137824
2020-03-12,2,3.3188208967501147,0.0,0.13549,0.0,0.02329,200000,195639.65956275648,-4360.340437243518,0.9781982978137824
2020-03-13,2,2.07029821739944,0.0,0.15872,0.0,0.02843,200000,195639.65956275648,-4360.340437243518,0.9781982978137824
2020-03-14,2,1.929796651831818,0.0,0.14588,0.0,0.02582,200000,195639.65956275648,-4360.340437243518,0.9781982978137824
2020-03-15,2,1.7587973513446071,0.0,0.15308,0.0,0.02693,200000,195639.65956275648,-4360.340437243518,0.9781982978137824
2020-03-16,2,1.8430660772125251,0.0,0.14102,0.0,0.02423,200000,195639.65956275648,-4360.340437243518,0.9781982978137824
2020-03-17,2,1.3937176063541872,0.0,0.14694,0.0,0.02575,200000,195639.65956275648,-4360.340437243518,0.9781982978137824
2020-03-18,1,1.1574867322554925,-662735.9741285788,0.1476,3752199.0710156597,0.02607,200000,195639.65956275648,-4360.340437243518,0.9781982978137824
2020-03-19,1,0.5480660230196682,-662735.9741285788,0.1646,3752199.0710156597,0.0303,200000,222777.97319333855,22777.97319333855,1.1138898659666927
2020-03-20,1,0.24536026339537792,-662735.9741285788,0.15695,3752199.0710156597,0.02946,200000,214556.19577160178,14556.195771601779,1.072780978858009
2020-03-21,1,0.2765707305594255,-662735.9741285788,0.15797,3752199.0710156597,0.02948,200000,215307.23044663324,15307.230446633243,1.0765361522331662
2020-03-22,1,0.4768809797869098,-662735.9741285788,0.14776,3752199.0710156597,0.02703,200000,199347.8084267921,-652.1915732079069,0.9967390421339605
2020-03-23,1,0.2955055033919244,-662735.9741285788,0.15854,3752199.0710156597,0.02925,200000,214821.98416555295,14821.984165552945,1.0741099208277647
2020-03-24,0,0.08736763137101944,0.0,0.16225,0.0,0.03023,200000,189739.59344831502,-10260.40655168498,0.9486979672415751
2020-03-25,0,0.3439179316929161,0.0,0.16168,0.0,0.02945,200000,189739.59344831502,-10260.40655168498,0.9486979672415751
2020-03-26,0,0.9104266252833498,0.0,0.17593,0.0,0.03086,200000,189739.59344831502,-10260.40655168498,0.9486979672415751
2020-03-27,2,1.717928901262161,0.0,0.17269,0.0,0.02882,200000,189739.59344831502,-10260.40655168498,0.9486979672415751
2020-03-28,2,1.395097830027058,0.0,0.17543,0.0,0.02975,200000,189739.59344831502,-10260.40655168498,0.9486979672415751
2020-03-29,0,0.9573332205808699,0.0,0.16278,0.0,0.02806,200000,189739.59344831502,-10260.40655168498,0.9486979672415751
2020-03-30,0,0.7672856569928519,0.0,0.17112,0.0,0.02965,200000,189739.59344831502,-10260.40655168498,0.9486979672415751
2020-03-31,0,0.34459766241483364,0.0,0.17353,0.0,0.03045,200000,189739.59344831502,-10260.40655168498,0.9486979672415751
2020-04-01,0,0.13191199846128557,0.0,0.17494,0.0,0.03097,200000,189739.59344831502,-10260.40655168498,0.9486979672415751
2020-04-02,0,-0.1707070821944896,0.0,0.17828,0.0,0.03188,200000,189739.59344831502,-10260.40655168498,0.9486979672415751
2020-04-03,0,-0.3287799645162311,0.0,0.17957,0.0,0.03231,200000,189739.59344831502,-10260.40655168498,0.9486979672415751
2020-04-04,0,-0.16401177750177676,0.0,0.18114,0.0,0.03244,200000,189739.59344831502,-10260.40655168498,0.9486979672415751
2020-04-05,0,0.07957613367988978,0.0,0.17925,0.0,0.0319,200000,189739.59344831502,-10260.40655168498,0.9486979672415751
2020-04-06,0,-0.45181898066740495,0.0,0.19803,0.0,0.03592,200000,189739.59344831502,-10260.40655168498,0.9486979672415751
2020-04-07,0,-0.6272285658010893,0.0,0.19285,0.0,0.03525,200000,189739.59344831502,-10260.40655168498,0.9486979672415751
2020-04-08,0,-0.23702362925850629,0.0,0.20192,0.0,0.03639,200000,189739.59344831502,-10260.40655168498,0.9486979672415751
2020-04-09,0,-0.6026407641286519,0.0,0.19829,0.0,0.03607,200000,189739.59344831502,-10260.40655168498,0.9486979672415751
2020-04-10,0,0.21235827721210238,0.0,0.18758,0.0,0.03321,200000,189739.59344831502,-10260.40655168498,0.9486979672415751
2020-04-11,0,0.10086773629794524,0.0,0.1885,0.0,0.03343,200000,189739.59344831502,-10260.40655168498,0.9486979672415751
2020-04-12,0,0.15900674425089334,0.0,0.18939,0.0,0.03347,200000,189739.59344831502,-10260.40655168498,0.9486979672415751
2020-04-13,0,0.1264325798049059,0.0,0.18763,0.0,0.03311,200000,189739.59344831502,-10260.40655168498,0.9486979672415751
2020-04-14,0,-0.27921750809139706,0.0,0.18613,0.0,0.03312,200000,189739.59344831502,-10260.40655168498,0.9486979672415751
2020-04-15,0,0.09719087659747676,0.0,0.1805,0.0,0.03185,200000,189739.59344831502,-10260.40655168498,0.9486979672415751
2020-04-16,0,-0.9697573720462426,0.0,0.19053,0.0,0.03446,200000,189739.59344831502,-10260.40655168498,0.9486979672415751
2020-04-17,-2,-1.2891485990003089,0.0,0.18863,0.0,0.03432,200000,189739.59344831502,-10260.40655168498,0.9486979672415751
2020-04-18,-2,-2.505883046597874,0.0,0.19544,0.0,0.03654,200000,189739.59344831502,-10260.40655168498,0.9486979672415751
2020-04-19,-2,-2.3444967597213924,0.0,0.18901,0.0,0.03549,200000,189739.59344831502,-10260.40655168498,0.9486979672415751
2020-04-20,-2,-1.8153999760836776,0.0,0.18151,0.0,0.03391,200000,189739.59344831502,-10260.40655168498,0.9486979672415751
2020-04-21,-2,-1.8844761411813924,0.0,0.18341,0.0,0.03454,200000,189739.59344831502,-10260.40655168498,0.9486979672415751
2020-04-22,-2,-2.5673322942900665,0.0,0.18804,0.0,0.03664,200000,189739.59344831502,-10260.40655168498,0.9486979672415751
2020-04-23,-2,-3.279593672085129,0.0,0.1926,0.0,0.04088,200000,189739.59344831502,-10260.40655168498,0.9486979672415751
2020-04-24,-2,-2.659092277632728,0.0,0.19325,0.0,0.04165,200000,189739.59344831502,-10260.40655168498,0.9486979672415751
2020-04-25,-2,-2.2533165270351434,0.0,0.19418,0.0,0.04222,200000,189739.59344831502,-10260.40655168498,0.9486979672415751
2020-04-26,-2,-2.476040793148534,0.0,0.19618,0.0,0.04593,200000,189739.59344831502,-10260.40655168498,0.9486979672415751
2020-04-27,-2,-2.0860857421688204,0.0,0.19747,0.0,0.04648,200000,189739.59344831502,-10260.40655168498,0.9486979672415751
2020-04-28,-2,-1.2533249660538952,0.0,0.21416,0.0,0.04679,200000,189739.59344831502,-10260.40655168498,0.9486979672415751
2020-04-29,-2,-1.4259998732693808,0.0,0.22648,0.0,0.05146,200000,189739.59344831502,-10260.40655168498,0.9486979672415751
2020-04-30,-2,-1.2030377597189563,0.0,0.21135,0.0,0.04752,200000,189739.59344831502,-10260.40655168498,0.9486979672415751
2020-05-01,-2,-1.3623754013576073,0.0,0.21786,0.0,0.05091,200000,189739.59344831502,-10260.40655168498,0.9486979672415751
2020-05-02,-1,-1.0418465573816857,424112.82008206676,0.22369,-1863846.6939913067,0.0509,200000,189739.59344831502,-10260.40655168498,0.9486979672415751
2020-05-03,-1,-0.8005386908464229,424112.82008206676,0.21936,-1863846.6939913067,0.04898,200000,184324.5992848964,-15675.400715103606,0.921622996424482
2020-05-04,-1,-0.8547333448847771,424112.82008206676,0.21776,-1863846.6939913067,0.04942,200000,184466.11131812126,-15533.888681878743,0.9223305565906063
2020-05-05,-1,-0.8196788309168878,424112.82008206676,0.21688,-1863846.6939913067,0.04945,200000,184148.80743726873,-15851.192562731274,0.9207440371863437
2020-05-06,-1,-0.865604051824836,424112.82008206676,0.21158,-1863846.6939913067,0.04889,200000,180857.25534219865,-19142.744657801348,0.9042862767109933
2020-05-07,-1,-0.9298730432910854,424112.82008206676,0.21862,-1863846.6939913067,0.05123,200000,188204.41085951607,-11795.589140483935,0.9410220542975803
2020-05-08,-1,-1.0055134716939873,424112.82008206676,0.21865,-1863846.6939913067,0.05201,200000,189670.93466543176,-10329.065334568237,0.9483546733271588
2020-05-09,-1,-0.9339001860230038,424112.82008206676,0.21642,-1863846.6939913067,0.05145,200000,187681.40892801364,-12318.59107198636,0.9384070446400682
2020-05-10,-1,-1.0924258839985779,424112.82008206676,0.19702,-1863846.6939913067,0.04755,200000,172184.61811185544,-27815.381888144562,0.8609230905592772
2020-05-11,-2,-1.555842757527852,0.0,0.19254,0.0,0.04779,200000,197154.14457555843,-2845.855424441572,0.9857707228777921
2020-05-12,-2,-2.1682560188298186,0.0,0.19711,0.0,0.05043,200000,197154.14457555843,-2845.855424441572,0.9857707228777921
2020-05-13,-2,-1.8942182500154803,0.0,0.20177,0.0,0.05147,200000,197154.14457555843,-2845.855424441572,0.9857707228777921
2020-05-14,-2,-1.3841588855263927,0.0,0.20386,0.0,0.05098,200000,197154.14457555843,-2845.855424441572,0.9857707228777921
2020-05-15,-2,-1.516137172915625,0.0,0.19818,0.0,0.05026,200000,197154.14457555843,-2845.855424441572,0.9857707228777921
2020-05-16,-2,-1.4701049038301643,0.0,0.19969,0.0,0.051,200000,197154.14457555843,-2845.855424441572,0.9857707228777921
2020-05-17,-2,-1.285361489257291,0.0,0.20131,0.0,0.05129,200000,197154.14457555843,-2845.855424441572,0.9857707228777921
2020-05-18,-2,-1.7466307687577551,0.0,0.20543,0.0,0.05434,200000,197154.14457555843,-2845.855424441572,0.9857707228777921
2020-05-19,-2,-2.095915765869986,0.0,0.20496,0.0,0.05677,200000,197154.14457555843,-2845.855424441572,0.9857707228777921
2020-05-20,-2,-2.007276387147292,0.0,0.20179,0.0,0.05689,200000,197154.14457555843,-2845.855424441572,0.9857707228777921
2020-05-21,-1,-1.181734545605863,507240.26082010503,0.19434,-1893164.4380214945,0.05207,200000,197154.14457555843,-2845.855424441572,0.9857707228777921
2020-05-22,-2,-1.5084821130247499,0.0,0.20034,0.0,0.05576,200000,201096.47978693713,1096.479786937125,1.0054823989346857
2020-05-23,-2,-1.2949919519625601,0.0,0.19883,0.0,0.0549,200000,201096.47978693713,1096.479786937125,1.0054823989346857
2020-05-24,0,-0.7189051532701142,0.0,0.19256,0.0,0.05125,200000,201096.47978693713,1096.479786937125,1.0054823989346857
2020-05-25,-1,-1.0919458709340808,512426.05184725596,0.19622,-1865458.996168248,0.0539,200000,201096.47978693713,1096.479786937125,1.0054823989346857
2020-05-26,-1,-1.1030523998111477,512426.05184725596,0.19372,-1865458.996168248,0.05355,200000,199162.5040086601,-837.495991339907,0.9958125200433005
2020-05-27,-1,-1.1385032936081154,512426.05184725596,0.19791,-1865458.996168248,0.05513,200000,204256.9943798459,4256.9943798459135,1.0212849718992296
2020-05-28,-2,-2.7193873041169874,0.0,0.20052,0.0,0.06502,200000,219636.95180138486,19636.951801384857,1.0981847590069242
2020-05-29,-2,-2.3612499095702533,0.0,0.19759,0.0,0.06469,200000,219636.95180138486,19636.951801384857,1.0981847590069242
2020-05-30,-2,-2.7567065907279225,0.0,0.20701,0.0,0.07691,200000,219636.95180138486,19636.951801384857,1.0981847590069242
2020-05-31,-2,-2.166312637711204,0.0,0.20245,0.0,0.0739,200000,219636.95180138486,19636.951801384857,1.0981847590069242
2020-06-01,-2,-2.079961148939014,0.0,0.211,0.0,0.08093,200000,219636.95180138486,19636.951801384857,1.0981847590069242
2020-06-02,-2,-1.8386620908060893,0.0,0.20301,0.0,0.07872,200000,219636.95180138486,19636.951801384857,1.0981847590069242
2020-06-03,-2,-1.9243781170654837,0.0,0.2041,0.0,0.08558,200000,219636.95180138486,19636.951801384857,1.0981847590069242
2020-06-04,-2,-1.8099002634800392,0.0,0.20427,0.0,0.08882,200000,219636.95180138486,19636.951801384857,1.0981847590069242
2020-06-05,-2,-1.4814233631175264,0.0,0.20274,0.0,0.08517,200000,219636.95180138486,19636.951801384857,1.0981847590069242
2020-06-06,-2,-1.3620289407747503,0.0,0.20361,0.0,0.08614,200000,219636.95180138486,19636.951801384857,1.0981847590069242
2020-06-07,-2,-1.2527961908817193,0.0,0.20329,0.0,0.08657,200000,219636.95180138486,19636.951801384857,1.0981847590069242
2020-06-08,-1,-1.1133632472579915,538246.7083306005,0.20403,-1269871.3679543529,0.08648,200000,219636.95180138486,19636.951801384857,1.0981847590069242
2020-06-09,-1,-0.899796853704692,538246.7083306005,0.20127,-1269871.3679543529,0.08291,200000,213617.95010279538,13617.950102795381,1.0680897505139768
2020-06-10,-1,-0.8209735092923347,538246.7083306005,0.20266,-1269871.3679543529,0.0836,200000,215242.32427126338,15242.32427126338,1.0762116213563169
2020-06-11,-1,-0.6079298880214355,538246.7083306005,0.18817,-1269871.3679543529,0.07527,200000,196865.10097249324,-3134.8990275067626,0.9843255048624662
2020-06-12,-1,-0.6638640907668778,538246.7083306005,0.19307,-1269871.3679543529,0.07948,200000,204848.668302401,4848.668302400998,1.024243341512005
2020-06-13,-1,-0.5871532590485341,538246.7083306005,0.19234,-1269871.3679543529,0.07906,200000,203922.40223077885,3922.4022307788546,1.0196120111538942
2020-06-14,-1,-0.3828828905487917,538246.7083306005,0.19022,-1269871.3679543529,0.07642,200000,199428.85879771848,-571.1412022815202,0.9971442939885924
2020-06-15,-1,-0.38356518393854944,538246.7083306005,0.19238,-1269871.3679543529,0.07824,200000,202902.63757738948,2902.6375773894833,1.0145131878869473
2020-06-16,-1,-0.44232669960292126,538246.7083306005,0.19238,-1269871.3679543529,0.07925,200000,204185.2076590234,4185.207659023406,1.020926038295117
2020-06-17,-1,-0.9632324356719002,538246.7083306005,0.19315,-1269871.3679543529,0.08349,200000,209983.9122245644,9983.91222456441,1.049919561122822
2020-06-18,-1,-1.049112918426615,538246.7083306005,0.18975,-1269871.3679543529,0.08176,200000,205956.99594967935,5956.995949679345,1.0297849797483967
2020-06-19,-1,-0.7962391152604954,538246.7083306005,0.18722,-1269871.3679543529,0.07987,200000,202195.1748921692,2195.1748921691906,1.010975874460846
2020-06-20,-1,-0.5976228161767162,538246.7083306005,0.18792,-1269871.3679543529,0.07953,200000,202140.19132289616,2140.191322896164,1.010700956614481
2020-06-21,-1,-0.40795518076950715,538246.7083306005,0.18602,-1269871.3679543529,0.07841,200000,199695.2666449591,-304.7333550408948,0.9984763332247956
2020-06-22,-2,-1.9127085551491156,0.0,0.18928,0.0,0.08355,200000,223855.36764115494,23855.36764115494,1.1192768382057747
2020-06-23,-2,-1.4650019634597202,0.0,0.18889,0.0,0.08276,200000,223855.36764115494,23855.36764115494,1.1192768382057747
2020-06-24,-2,-2.0876233394566373,0.0,0.18348,0.0,0.08254,200000,223855.36764115494,23855.36764115494,1.1192768382057747
2020-06-25,-2,-1.7934652191791707,0.0,0.18156,0.0,0.08167,200000,223855.36764115494,23855.36764115494,1.1192768382057747
2020-06-26,-1,-1.1832757656505928,613335.9845502628,0.18249,-1388336.440344548,0.08062,200000,223855.36764115494,23855.36764115494,1.1192768382057747
2020-06-27,-1,-1.104379573823204,613335.9845502628,0.17509,-1388336.440344548,0.07738,200000,214818.47128876665,14818.471288766654,1.0740923564438334
2020-06-28,-2,-1.5697844945474648,0.0,0.17693,0.0,0.08028,200000,226793.48132553726,26793.481325537257,1.1339674066276864
2020-06-29,-2,-2.104435610367105,0.0,0.17726,0.0,0.08392,200000,226793.48132553726,26793.481325537257,1.1339674066276864
2020-06-30,-2,-1.8040426293433998,0.0,0.17533,0.0,0.08299,200000,226793.48132553726,26793.481325537257,1.1339674066276864
2020-07-01,-2,-3.0347230846801896,0.0,0.17647,0.0,0.09681,200000,226793.48132553726,26793.481325537257,1.1339674066276864
2020-07-02,-2,-2.1777473981337008,0.0,0.17477,0.0,0.09291,200000,226793.48132553726,26793.481325537257,1.1339674066276864
2020-07-03,-2,-2.085533510963628,0.0,0.1762,0.0,0.09655,200000,226793.48132553726,26793.481325537257,1.1339674066276864
2020-07-04,-2,-1.9894072016684068,0.0,0.17808,0.0,0.10005,200000,226793.48132553726,26793.481325537257,1.1339674066276864
2020-07-05,-2,-1.6598362654438246,0.0,0.17695,0.0,0.09813,200000,226793.48132553726,26793.481325537257,1.1339674066276864
2020-07-06,-2,-1.5132113025233696,0.0,0.18875,0.0,0.10512,200000,226793.48132553726,26793.481325537257,1.1339674066276864
2020-07-07,-2,-2.091490747826445,0.0,0.18508,0.0,0.11764,200000,226793.48132553726,26793.481325537257,1.1339674066276864
2020-07-08,-2,-1.776217990763334,0.0,0.20551,0.0,0.12993,200000,226793.48132553726,26793.481325537257,1.1339674066276864
2020-07-09,-2,-1.4121482986383278,0.0,0.20263,0.0,0.12403,200000,226793.48132553726,26793.481325537257,1.1339674066276864
2020-07-10,-1,-1.1259200977442285,569575.2707959649,0.19909,-957257.6453044794,0.11846,200000,226793.48132553726,26793.481325537257,1.1339674066276864
2020-07-11,-2,-1.2775107593739123,0.0,0.2011,0.0,0.12523,200000,232129.2692899487,32129.269289948686,1.1606463464497434
2020-07-12,-2,-1.2197022834573252,0.0,0.20128,0.0,0.12685,200000,232129.2692899487,32129.269289948686,1.1606463464497434
2020-07-13,-1,-1.0716525498258076,584208.1574720609,0.19867,-933971.4705477938,0.12427,200000,232129.2692899487,32129.269289948686,1.1606463464497434
2020-07-14,-2,-1.3058125812148746,0.0,0.19909,0.0,0.13256,200000,239626.52535465165,39626.52535465165,1.1981326267732582
2020-07-15,-1,-1.1687577665710174,607541.5175565429,0.19721,-916774.5250388386,0.13069,200000,239626.52535465165,39626.52535465165,1.1981326267732582
2020-07-16,-1,-0.9607160424750495,607541.5175565429,0.19444,-916774.5250388386,0.12602,200000,233662.29831908864,33662.298319088644,1.1683114915954431
2020-07-17,-1,-0.6997505303318678,607541.5175565429,0.1944,-916774.5250388386,0.12224,200000,230172.58895373956,30172.588953739556,1.1508629447686978
2020-07-18,-1,-0.4407131620334446,607541.5175565429,0.1999,-916774.5250388386,0.1227,200000,233935.7835818184,33935.783581818396,1.169678917909092
2020-07-19,-1,-0.48301775833459315,607541.5175565429,0.19956,-916774.5250388386,0.12402,200000,234939.36183890048,34939.361838900484,1.1746968091945025
2020-07-20,0,-0.05699333415470426,0.0,0.19465,0.0,0.11771,200000,229282.09830459225,29282.098304592248,1.1464104915229612
2020-07-21,0,-0.28362337229037177,0.0,0.19949,0.0,0.12321,200000,229282.09830459225,29282.098304592248,1.1464104915229612
2020-07-22,0,0.05784571654083256,0.0,0.20348,0.0,0.1238,200000,229282.09830459225,29282.098304592248,1.1464104915229612
2020-07-23,0,0.5654916735260768,0.0,0.20851,0.0,0.12422,200000,229282.09830459225,29282.098304592248,1.1464104915229612
2020-07-24,0,0.599238222999757,0.0,0.20392,0.0,0.12197,200000,229282.09830459225,29282.098304592248,1.1464104915229612
2020-07-25,-2,-1.6345152271548373,0.0,0.21463,0.0,0.14362,200000,229282.09830459225,29282.098304592248,1.1464104915229612
2020-07-26,-2,-2.196444769315393,0.0,0.21532,0.0,0.14849,200000,229282.09830459225,29282.098304592248,1.1464104915229612
2020-07-27,0,0.3682548969381758,0.0,0.22437,0.0,0.13859,200000,229282.09830459225,29282.098304592248,1.1464104915229612
2020-07-28,0,-0.7282997802226132,0.0,0.23029,0.0,0.14904,200000,229282.09830459225,29282.098304592248,1.1464104915229612
2020-07-29,2,1.943514041502946,0.0,0.24327,0.0,0.13972,200000,229282.09830459225,29282.098304592248,1.1464104915229612
2020-07-30,2,1.7367388356232756,0.0,0.24408,0.0,0.1406,200000,229282.09830459225,29282.098304592248,1.1464104915229612
2020-07-31,2,2.598031158273926,0.0,0.25939,0.0,0.13878,200000,229282.09830459225,29282.098304592248,1.1464104915229612
2020-08-01,2,2.878167340936137,0.0,0.29089,0.0,0.1441,200000,229282.09830459225,29282.098304592248,1.1464104915229612
2020-08-02,2,2.7867064970385145,0.0,0.28803,0.0,0.13375,200000,229282.09830459225,29282.098304592248,1.1464104915229612
2020-08-03,2,2.58082815394377,0.0,0.31016,0.0,0.1373,200000,229282.09830459225,29282.098304592248,1.1464104915229612
2020-08-04,2,1.6240390353641856,0.0,0.30138,0.0,0.14335,200000,229282.09830459225,29282.098304592248,1.1464104915229612
2020-08-05,2,1.517906018799037,0.0,0.30228,0.0,0.14227,200000,229282.09830459225,29282.098304592248,1.1464104915229612
2020-08-06,2,1.261846460946052,0.0,0.30311,0.0,0.14444,200000,229282.09830459225,29282.098304592248,1.1464104915229612
2020-08-07,2,1.2097692052791762,0.0,0.29437,0.0,0.13888,200000,229282.09830459225,29282.098304592248,1.1464104915229612
2020-08-08,0,0.7021174583032639,0.0,0.29527,0.0,0.14696,200000,229282.09830459225,29282.098304592248,1.1464104915229612
2020-08-09,0,0.5407984240036151,0.0,0.2879,0.0,0.14512,200000,229282.09830459225,29282.098304592248,1.1464104915229612
2020-08-10,0,0.71856337853853,0.0,0.29469,0.0,0.14383,200000,229282.09830459225,29282.098304592248,1.1464104915229612
2020-08-11,0,0.718662272155959,0.0,0.2831,0.0,0.13685,200000,229282.09830459225,29282.098304592248,1.1464104915229612
2020-08-12,0,0.6332602408775265,0.0,0.28233,0.0,0.1367,200000,229282.09830459225,29282.098304592248,1.1464104915229612
2020-08-13,0,0.733044411556736,0.0,0.2942,0.0,0.13944,200000,229282.09830459225,29282.098304592248,1.1464104915229612
2020-08-14,0,0.9034937878477116,0.0,0.29995,0.0,0.13826,200000,229282.09830459225,29282.098304592248,1.1464104915229612
2020-08-15,0,0.8172093233698701,0.0,0.29884,0.0,0.13837,200000,229282.09830459225,29282.098304592248,1.1464104915229612
2020-08-16,0,0.9280392360543054,0.0,0.30455,0.0,0.13882,200000,229282.09830459225,29282.098304592248,1.1464104915229612
2020-08-17,2,1.2753728660618948,0.0,0.31539,0.0,0.14039,200000,229282.09830459225,29282.098304592248,1.1464104915229612
2020-08-18,0,0.9798741588779879,0.0,0.30251,0.0,0.13691,200000,229282.09830459225,29282.098304592248,1.1464104915229612
2020-08-19,2,1.252643836324176,0.0,0.28975,0.0,0.12966,200000,229282.09830459225,29282.098304592248,1.1464104915229612
2020-08-20,0,0.6317676518619988,0.0,0.29218,0.0,0.13413,200000,229282.09830459225,29282.098304592248,1.1464104915229612
2020-08-21,2,1.5676521825428977,0.0,0.27933,0.0,0.12315,200000,229282.09830459225,29282.098304592248,1.1464104915229612
2020-08-22,2,1.5699608581427063,0.0,0.28592,0.0,0.12515,200000,229282.09830459225,29282.098304592248,1.1464104915229612
2020-08-23,2,2.039304968196887,0.0,0.2848,0.0,0.12141,200000,229282.09830459225,29282.098304592248,1.1464104915229612
2020-08-24,2,1.6567639568205264,0.0,0.2884,0.0,0.12361,200000,229282.09830459225,29282.098304592248,1.1464104915229612
2020-08-25,2,2.2894360160433207,0.0,0.27625,0.0,0.11239,200000,229282.09830459225,29282.098304592248,1.1464104915229612
2020-08-26,2,1.6998982513976286,0.0,0.27653,0.0,0.11435,200000,229282.09830459225,29282.098304592248,1.1464104915229612
2020-08-27,2,1.782823956619956,0.0,0.26469,0.0,0.10725,200000,229282.09830459225,29282.098304592248,1.1464104915229612
2020-08-28,2,1.6999077301404324,0.0,0.27174,0.0,0.10927,200000,229282.09830459225,29282.098304592248,1.1464104915229612
2020-08-29,0,0.734959379203011,0.0,0.2738,0.0,0.11623,200000,229282.09830459225,29282.098304592248,1.1464104915229612
2020-08-30,1,1.0327404547611239,-405063.42008443264,0.28302,975917.673893727,0.11747,200000,229282.09830459225,29282.098304592248,1.1464104915229612
2020-08-31,0,0.08196034661127438,0.0,0.28115,0.0,0.12253,200000,223586.48627913214,23586.486279132136,1.1179324313956607
2020-09-01,0,0.6418647710648544,0.0,0.29521,0.0,0.12445,200000,223586.48627913214,23586.486279132136,1.1179324313956607
2020-09-02,0,0.8295505531780178,0.0,0.27595,0.0,0.11489,200000,223586.48627913214,23586.486279132136,1.1179324313956607
2020-09-03,2,2.151911857906344,0.0,0.24409,0.0,0.09446,200000,223586.48627913214,23586.486279132136,1.1179324313956607
2020-09-04,2,1.2986537184244056,0.0,0.25385,0.0,0.10156,200000,223586.48627913214,23586.486279132136,1.1179324313956607
2020-09-05,2,2.1261749642066783,0.0,0.23738,0.0,0.09,200000,223586.48627913214,23586.486279132136,1.1179324313956607
2020-09-06,2,1.5421981625040548,0.0,0.23986,0.0,0.0926,200000,223586.48627913214,23586.486279132136,1.1179324313956607
2020-09-07,2,1.3631582076561297,0.0,0.24198,0.0,0.0936,200000,223586.48627913214,23586.486279132136,1.1179324313956607
2020-09-08,2,1.3348691897324505,0.0,0.23657,0.0,0.09101,200000,223586.48627913214,23586.486279132136,1.1179324313956607
2020-09-09,0,0.9744872351053242,0.0,0.23901,0.0,0.09331,200000,223586.48627913214,23586.486279132136,1.1179324313956607
2020-09-10,0,0.39888194554513456,0.0,0.24302,0.0,0.09709,200000,223586.48627913214,23586.486279132136,1.1179324313956607
2020-09-11,0,0.29303272832732563,0.0,0.24252,0.0,0.09701,200000,223586.48627913214,23586.486279132136,1.1179324313956607
2020-09-12,0,0.5472095810288881,0.0,0.24752,0.0,0.09771,200000,223586.48627913214,23586.486279132136,1.1179324313956607
2020-09-13,0,0.6157049158052809,0.0,0.24218,0.0,0.09507,200000,223586.48627913214,23586.486279132136,1.1179324313956607
2020-09-14,0,0.511013618242561,0.0,0.24564,0.0,0.09663,200000,223586.48627913214,23586.486279132136,1.1179324313956607
2020-09-15,1,1.1425548376241137,-459468.34548340004,0.24331,1200399.9048595089,0.09313,200000,223586.48627913214,23586.486279132136,1.1179324313956607
2020-09-16,2,1.7540429001073785,0.0,0.24686,0.0,0.09151,200000,227162.2467514706,27162.246751470608,1.135811233757353
2020-09-17,2,1.4100181086778623,0.0,0.25214,0.0,0.09408,200000,227162.2467514706,27162.246751470608,1.135811233757353
2020-09-18,2,1.8578648073876096,0.0,0.25065,0.0,0.09093,200000,227162.2467514706,27162.246751470608,1.135811233757353
2020-09-19,2,1.5750025515335404,0.0,0.25112,0.0,0.09141,200000,227162.2467514706,27162.246751470608,1.135811233757353
2020-09-20,2,1.617327576716035,0.0,0.24652,0.0,0.08936,200000,227162.2467514706,27162.246751470608,1.135811233757353
2020-09-21,2,2.441908990414637,0.0,0.23102,0.0,0.07983,200000,227162.2467514706,27162.246751470608,1.135811233757353
2020-09-22,2,1.9268647302617026,0.0,0.23302,0.0,0.08146,200000,227162.2467514706,27162.246751470608,1.135811233757353
2020-09-23,2,1.8660851505552158,0.0,0.22164,0.0,0.07663,200000,227162.2467514706,27162.246751470608,1.135811233757353
2020-09-24,1,1.1834819552875324,-487975.26798305253,0.23276,1376073.7021533232,0.08254,200000,227162.2467514706,27162.246751470608,1.135811233757353
2020-09-25,0,-1.2283756242175243,0.0,0.24154,0.0,0.09693,200000,211644.96903037548,11644.969030375476,1.0582248451518774
2020-09-26,0,-0.9110944105935062,0.0,0.24153,0.0,0.09547,200000,211644.96903037548,11644.969030375476,1.0582248451518774
2020-09-27,-2,-1.6442066360157954,0.0,0.24334,0.0,0.1013,200000,211644.96903037548,11644.969030375476,1.0582248451518774
2020-09-28,-2,-1.475808273488574,0.0,0.24107,0.0,0.1003,200000,211644.96903037548,11644.969030375476,1.0582248451518774
2020-09-29,-2,-1.366686600167307,0.0,0.24285,0.0,0.1011,200000,211644.96903037548,11644.969030375476,1.0582248451518774
2020-09-30,-2,-1.380220723866015,0.0,0.24171,0.0,0.10136,200000,211644.96903037548,11644.969030375476,1.0582248451518774
2020-10-01,-1,-1.0790709504292046,444277.61247402383,0.23819,-1079380.707009259,0.09804,200000,211644.96903037548,11644.969030375476,1.0582248451518774
2020-10-02,-1,-0.568062168669742,444277.61247402383,0.23386,-1079380.707009259,0.09286,200000,204130.05490605498,4130.054906054982,1.020650274530275
2020-10-03,-1,-0.6804592009230187,444277.61247402383,0.23273,-1079380.707009259,0.09328,200000,204081.36110090325,4081.3611009032466,1.0204068055045163
2020-10-04,-1,-0.32147156886931777,444277.61247402383,0.24794,-1079380.707009259,0.09686,200000,214703.0065177263,14703.006517726288,1.0735150325886313
2020-10-05,-1,-0.249591143893347,444277.61247402383,0.2503,-1079380.707009259,0.09738,200000,216312.7796508098,16312.779650809796,1.081563898254049
2020-10-06,0,0.17211227112552624,0.0,0.24545,0.0,0.09289,200000,202860.70292271642,2860.7029227164167,1.0143035146135821
2020-10-07,0,0.2409228952764785,0.0,0.2487,0.0,0.09374,200000,202860.70292271642,2860.7029227164167,1.0143035146135821
2020-10-08,0,0.03976260417667891,0.0,0.25141,0.0,0.09632,200000,202860.70292271642,2860.7029227164167,1.0143035146135821
2020-10-09,0,-0.5476198368637063,0.0,0.25293,0.0,0.10129,200000,202860.70292271642,2860.7029227164167,1.0143035146135821
2020-10-10,0,-0.8985871622677729,0.0,0.25402,0.0,0.10493,200000,202860.70292271642,2860.7029227164167,1.0143035146135821
2020-10-11,0,-0.9579885907409,0.0,0.25544,0.0,0.10648,200000,202860.70292271642,2860.7029227164167,1.0143035146135821
2020-10-12,-2,-1.2662339644410514,0.0,0.25603,0.0,0.10945,200000,202860.70292271642,2860.7029227164167,1.0143035146135821
2020-10-13,-2,-1.2193786437631613,0.0,0.2565,0.0,0.10925,200000,202860.70292271642,2860.7029227164167,1.0143035146135821
2020-10-14,-2,-1.4371235671510014,0.0,0.24906,0.0,0.10703,200000,202860.70292271642,2860.7029227164167,1.0143035146135821
2020-10-15,-2,-1.460727550672115,0.0,0.24596,0.0,0.10666,200000,202860.70292271642,2860.7029227164167,1.0143035146135821
2020-10-16,-2,-1.3079350091111372,0.0,0.24011,0.0,0.10414,200000,202860.70292271642,2860.7029227164167,1.0143035146135821
2020-10-17,-2,-1.47971944675561,0.0,0.24057,0.0,0.10598,200000,202860.70292271642,2860.7029227164167,1.0143035146135821
2020-10-18,-2,-1.4466557616425229,0.0,0.24221,0.0,0.10735,200000,202860.70292271642,2860.7029227164167,1.0143035146135821
2020-10-19,-2,-1.2874381261008259,0.0,0.24558,0.0,0.10859,200000,202860.70292271642,2860.7029227164167,1.0143035146135821
2020-10-20,0,-0.4096299553933289,0.0,0.24322,0.0,0.10238,200000,202860.70292271642,2860.7029227164167,1.0143035146135821
2020-10-21,0,-0.4333154566963989,0.0,0.25088,0.0,0.10589,200000,202860.70292271642,2860.7029227164167,1.0143035146135821
2020-10-22,0,-0.7250094675675613,0.0,0.25709,0.0,0.11077,200000,202860.70292271642,2860.7029227164167,1.0143035146135821
2020-10-23,0,-0.39834054682448866,0.0,0.25471,0.0,0.10805,200000,202860.70292271642,2860.7029227164167,1.0143035146135821
2020-10-24,0,-0.2159085989548121,0.0,0.2562,0.0,0.10797,200000,202860.70292271642,2860.7029227164167,1.0143035146135821
2020-10-25,0,-0.09444678196138055,0.0,0.25313,0.0,0.10639,200000,202860.70292271642,2860.7029227164167,1.0143035146135821
2020-10-26,0,0.27381285266096217,0.0,0.2481,0.0,0.10306,200000,202860.70292271642,2860.7029227164167,1.0143035146135821
2020-10-27,1,1.1192497508902615,-401338.78629904723,0.25273,988985.4861676892,0.10256,200000,202860.70292271642,2860.7029227164167,1.0143035146135821
2020-10-28,2,1.7785988143039186,0.0,0.2454,0.0,0.09869,200000,203746.26345061336,3746.263450613362,1.0187313172530668
2020-10-29,2,2.38113741108049,0.0,0.24239,0.0,0.09531,200000,203746.26345061336,3746.263450613362,1.0187313172530668
2020-10-30,2,2.205594704318631,0.0,0.23905,0.0,0.0933,200000,203746.26345061336,3746.263450613362,1.0187313172530668
2020-10-31,2,2.0109193078958736,0.0,0.23968,0.0,0.093,200000,203746.26345061336,3746.263450613362,1.0187313172530668
2020-11-01,0,0.5683473572287144,0.0,0.23999,0.0,0.09827,200000,203746.26345061336,3746.263450613362,1.0187313172530668
2020-11-02,2,1.4855623043083652,0.0,0.23523,0.0,0.09221,200000,203746.26345061336,3746.263450613362,1.0187313172530668
2020-11-03,2,1.4013589449562633,0.0,0.2396,0.0,0.09357,200000,203746.26345061336,3746.263450613362,1.0187313172530668
2020-11-04,0,0.6550303814122336,0.0,0.23758,0.0,0.0955,200000,203746.26345061336,3746.263450613362,1.0187313172530668
2020-11-05,0,0.8521970222720591,0.0,0.24561,0.0,0.09752,200000,203746.26345061336,3746.263450613362,1.0187313172530668
2020-11-06,0,-0.6241581610738028,0.0,0.25863,0.0,0.1091,200000,203746.26345061336,3746.263450613362,1.0187313172530668
2020-11-07,0,0.1764790113440779,0.0,0.2491,0.0,0.10128,200000,203746.26345061336,3746.263450613362,1.0187313172530668
2020-11-08,0,-0.8255491487162613,0.0,0.25374,0.0,0.10655,200000,203746.26345061336,3746.263450613362,1.0187313172530668
2020-11-09,0,-0.927085059787694,0.0,0.25059,0.0,0.10561,200000,203746.26345061336,3746.263450613362,1.0187313172530668
2020-11-10,0,-0.6643801755234606,0.0,0.2538,0.0,0.1059,200000,203746.26345061336,3746.263450613362,1.0187313172530668
2020-11-11,0,-0.5489368213505479,0.0,0.25581,0.0,0.10599,200000,203746.26345061336,3746.263450613362,1.0187313172530668
2020-11-12,0,-0.3073748874457839,0.0,0.2549,0.0,0.1046,200000,203746.26345061336,3746.263450613362,1.0187313172530668
2020-11-13,0,0.512749597898362,0.0,0.2659,0.0,0.10629,200000,203746.26345061336,3746.263450613362,1.0187313172530668
2020-11-14,2,1.4170255194412202,0.0,0.26824,0.0,0.10411,200000,203746.26345061336,3746.263450613362,1.0187313172530668
2020-11-15,2,2.3322684266707734,0.0,0.26954,0.0,0.10046,200000,203746.26345061336,3746.263450613362,1.0187313172530668
2020-11-16,2,2.580390645960241,0.0,0.28813,0.0,0.10387,200000,203746.26345061336,3746.263450613362,1.0187313172530668
2020-11-17,2,2.0532146563112383,0.0,0.30247,0.0,0.10947,200000,203746.26345061336,3746.263450613362,1.0187313172530668
2020-11-18,2,1.7177621529482352,0.0,0.29335,0.0,0.10658,200000,203746.26345061336,3746.263450613362,1.0187313172530668
2020-11-19,2,2.1444390093097905,0.0,0.30358,0.0,0.1059,200000,203746.26345061336,3746.263450613362,1.0187313172530668
2020-11-20,2,1.465119576949464,0.0,0.32991,0.0,0.11828,200000,203746.26345061336,3746.263450613362,1.0187313172530668
2020-11-21,2,3.3582110507681047,0.0,0.46283,0.0,0.13334,200000,203746.26345061336,3746.263450613362,1.0187313172530668
2020-11-22,2,1.5376410227014239,0.0,0.44611,0.0,0.14599,200000,203746.26345061336,3746.263450613362,1.0187313172530668
2020-11-23,2,3.1406016681729922,0.0,0.61579,0.0,0.15445,200000,203746.26345061336,3746.263450613362,1.0187313172530668
2020-11-24,2,2.636876419335669,0.0,0.694,0.0,0.16721,200000,203746.26345061336,3746.263450613362,1.0187313172530668
2020-11-25,2,2.0593979684201846,0.0,0.63022,0.0,0.15473,200000,203746.26345061336,3746.263450613362,1.0187313172530668
2020-11-26,2,1.5198990828326056,0.0,0.53654,0.0,0.13843,200000,203746.26345061336,3746.263450613362,1.0187313172530668
2020-11-27,2,1.4730224695165535,0.0,0.5623,0.0,0.14178,200000,203746.26345061336,3746.263450613362,1.0187313172530668
2020-11-28,1,1.0917332851967327,-162791.24262980663,0.62579,617824.8027491459,0.16489,200000,203746.26345061336,3746.263450613362,1.0187313172530668
2020-11-29,1,0.7597142023702325,-162791.24262980663,0.60543,617824.8027491459,0.16663,200000,201506.848907454,1506.8489074539975,1.00753424453727
2020-11-30,1,1.0115217860908137,-162791.24262980663,0.66417,617824.8027491459,0.17204,200000,214411.63868240174,14411.638682401739,1.0720581934120088
2020-12-01,1,1.0128396050121107,-162791.24262980663,0.61088,617824.8027491459,0.15562,200000,195591.81010151835,-4408.189898481651,0.9779590505075918
2020-12-02,1,0.9950961122966944,-162791.24262980663,0.62972,617824.8027491459,0.15845,200000,200407.24130444397,407.2413044439745,1.00203620652222
2020-12-03,1,0.7018609743385302,-162791.24262980663,0.63046,617824.8027491459,0.16398,200000,203944.27798319282,3944.27798319282,1.019721389915964
2020-12-04,1,0.45529285951895127,-162791.24262980663,0.55367,617824.8027491459,0.14781,200000,181453.3114011963,-18546.68859880371,0.9072665570059815
2020-12-05,1,0.21858184529102015,-162791.24262980663,0.58517,617824.8027491459,0.15993,200000,194069.27215335483,-5930.727846645168,0.9703463607667742
2020-12-06,1,0.6431101385158638,-162791.24262980663,0.62107,617824.8027491459,0.15873,200000,199172.08800046594,-827.9119995340589,0.9958604400023296
2020-12-07,1,0.6460011848277862,-162791.24262980663,0.60818,617824.8027491459,0.15401,200000,194157.57581399177,-5842.424186008226,0.9707878790699589
2020-12-08,1,0.6009832426379929,-162791.24262980663,0.5589,617824.8027491459,0.1412,200000,178220.8876539783,-21779.11234602169,0.8911044382698915
2020-12-09,1,0.47783381751211484,-162791.24262980663,0.58265,617824.8027491459,0.14796,200000,186263.67533302045,-13736.324666979548,0.9313183766651023
2020-12-10,1,0.8018292173813099,-162791.24262980663,0.57267,617824.8027491459,0.14188,200000,180882.64393086018,-19117.356069139816,0.9044132196543009
2020-12-11,1,0.3547695882985054,-162791.24262980663,0.54945,617824.8027491459,0.13926,200000,175483.9302937933,-24516.069706206705,0.8774196514689665
2020-12-12,0,-2.437349877973155,0.0,0.50658,0.0,0.14438,200000,197011.5061210991,-2988.4938789008884,0.9850575306054956
2020-12-13,-2,-2.6503127029703917,0.0,0.51365,0.0,0.15406,200000,197011.5061210991,-2988.4938789008884,0.9850575306054956
2020-12-14,-2,-2.7706179574339758,0.0,0.4974,0.0,0.15877,200000,197011.5061210991,-2988.4938789008884,0.9850575306054956
2020-12-15,-2,-2.471303025363028,0.0,0.46793,0.0,0.15381,200000,197011.5061210991,-2988.4938789008884,0.9850575306054956
2020-12-16,-1,-1.1488935222655992,172996.17685068678,0.56941,-585855.5552548445,0.16814,200000,197011.5061210991,-2988.4938789008884,0.9850575306054956
2020-12-17,-1,-0.5921499311856806,172996.17685068678,0.5769,-585855.5552548445,0.16336,200000,195506.85793159262,-4493.142068407382,0.9775342896579631
2020-12-18,-1,-0.5325828357337413,172996.17685068678,0.58337,-585855.5552548445,0.16502,200000,197598.66341753962,-2401.3365824603825,0.9879933170876981
2020-12-19,-1,-0.594214910591436,172996.17685068678,0.57666,-585855.5552548445,0.16433,200000,196033.61873774562,-3966.3812622543774,0.9801680936887281
2020-12-20,-1,-0.77819445179465,172996.17685068678,0.55586,-585855.5552548445,0.16201,200000,191076.1133710601,-8923.886628939887,0.9553805668553006
2020-12-21,-1,-0.8960770331898124,172996.17685068678,0.51445,-585855.5552548445,0.15278,200000,178504.89491267095,-21495.10508732905,0.8925244745633547
2020-12-22,-2,-2.158160381417084,0.0,0.44642,0.0,0.15646,200000,211445.51302658848,11445.51302658848,1.0572275651329424
2020-12-23,-2,-3.166087734162283,0.0,0.2605,0.0,0.13635,200000,211445.51302658848,11445.51302658848,1.0572275651329424
2020-12-24,-2,-2.1045253613305968,0.0,0.33863,0.0,0.15304,200000,211445.51302658848,11445.51302658848,1.0572275651329424
2020-12-25,-2,-2.03586650848658,0.0,0.31768,0.0,0.15761,200000,211445.51302658848,11445.51302658848,1.0572275651329424
2020-12-26,-2,-1.9303093896517838,0.0,0.29481,0.0,0.15839,200000,211445.51302658848,11445.51302658848,1.0572275651329424
2020-12-27,-2,-1.7125409959261384,0.0,0.28407,0.0,0.15467,200000,211445.51302658848,11445.51302658848,1.0572275651329424
2020-12-28,-2,-1.94761338293592,0.0,0.24845,0.0,0.17627,200000,211445.51302658848,11445.51302658848,1.0572275651329424
2020-12-29,-2,-1.9296242645416493,0.0,0.22142,0.0,0.19067,200000,211445.51302658848,11445.51302658848,1.0572275651329424
2020-12-30,-2,-1.7161364463935356,0.0,0.21138,0.0,0.18389,200000,211445.51302658848,11445.51302658848,1.0572275651329424
2020-12-31,-2,-1.4822477379922645,0.0,0.21959,0.0,0.18134,200000,211445.51302658848,11445.51302658848,1.0572275651329424
2021-01-01,-1,-1.193026217801458,445223.4334763507,0.23746,-603819.5014752084,0.17509,200000,211445.51302658848,11445.51302658848,1.0572275651329424
2021-01-02,-1,-1.1835251351969183,445223.4334763507,0.22064,-603819.5014752084,0.17742,200000,205363.75431395348,5363.754313953483,1.0268187715697674
2021-01-03,-2,-1.2067869488800693,0.0,0.2254,0.0,0.20615,200000,235569.54135013325,35569.54135013325,1.1778477067506663
2021-01-04,-1,-1.1317743586255042,499829.28357762203,0.23565,-522837.2277834989,0.22528,200000,235569.54135013325,35569.54135013325,1.1778477067506663
2021-01-05,-1,-1.1865251791521971,499829.28357762203,0.22573,-522837.2277834989,0.25873,200000,248100.14012640127,48100.14012640127,1.2405007006320063
2021-01-06,-2,-1.2067800859956983,0.0,0.24854,0.0,0.33309,200000,285493.8234121567,85493.82341215672,1.4274691170607836
2021-01-07,0,-0.7787525244450485,0.0,0.32389,0.0,0.29928,200000,285493.8234121567,85493.82341215672,1.4274691170607836
2021-01-08,0,-0.7465758454949245,0.0,0.32032,0.0,0.30389,200000,285493.8234121567,85493.82341215672,1.4274691170607836
2021-01-09,0,-0.7934329736193475,0.0,0.32419,0.0,0.33062,200000,285493.8234121567,85493.82341215672,1.4274691170607836
2021-01-10,0,-0.6774350340531,0.0,0.31491,0.0,0.30153,200000,285493.8234121567,85493.82341215672,1.4274691170607836
2021-01-11,0,-0.6551260456842035,0.0,0.28743,0.0,0.2757,200000,285493.8234121567,85493.82341215672,1.4274691170607836
2021-01-12,0,-0.6493200097460927,0.0,0.29254,0.0,0.28888,200000,285493.8234121567,85493.82341215672,1.4274691170607836
2021-01-13,0,-0.6865451264864225,0.0,0.30582,0.0,0.3123,200000,285493.8234121567,85493.82341215672,1.4274691170607836
2021-01-14,0,-0.7337521276891706,0.0,0.29642,0.0,0.31201,200000,285493.8234121567,85493.82341215672,1.4274691170607836
2021-01-15,0,-0.7890315273918584,0.0,0.27991,0.0,0.30188,200000,285493.8234121567,85493.82341215672,1.4274691170607836
2021-01-16,-2,-1.5595648027685634,0.0,0.27924,0.0,0.35071,200000,285493.8234121567,85493.82341215672,1.4274691170607836
2021-01-17,-2,-1.8262550380456402,0.0,0.27746,0.0,0.38081,200000,285493.8234121567,85493.82341215672,1.4274691170607836
2021-01-18,-2,-1.404583325675064,0.0,0.28528,0.0,0.37123,200000,285493.8234121567,85493.82341215672,1.4274691170607836
2021-01-19,-1,-1.0950262199569365,485599.78128343436,0.29396,-388744.31292505,0.3672,200000,285493.8234121567,85493.82341215672,1.4274691170607836
2021-01-20,-1,-1.0688047803213425,485599.78128343436,0.29539,-388744.31292505,0.37532,200000,289344.8349203434,89344.83492034342,1.4467241746017172
2021-01-21,-1,-0.5032249173787645,485599.78128343436,0.26802,-388744.31292505,0.30785,200000,249825.3901135627,49825.390113562695,1.2491269505678135
2021-01-22,-1,-1.0972986646253824,485599.78128343436,0.27217,-388744.31292505,0.34867,200000,267709.17205948953,67709.17205948953,1.3385458602974476
2021-01-23,-1,-0.9642054238885425,485599.78128343436,0.27167,-388744.31292505,0.34583,200000,266362.33832014067,66362.33832014067,1.3318116916007035
2021-01-24,-1,-0.9644115526856437,485599.78128343436,0.27339,-388744.31292505,0.35345,200000,270159.8016084371,70159.80160843709,1.3507990080421854
2021-01-25,-1,-0.8549327979892247,485599.78128343436,0.26757,-388744.31292505,0.34308,200000,263302.33235633466,63302.332356334664,1.3165116617816732
2021-01-26,-1,-0.8684505412339676,485599.78128343436,0.26834,-388744.31292505,0.3433,200000,263761.76793676644,63761.76793676644,1.3188088396838322
2021-01-27,-1,-0.6081443493171751,485599.78128343436,0.25039,-388744.31292505,0.31144,200000,242659.85805293667,42659.85805293667,1.2132992902646833
2021-01-28,-1,-0.8532264345528598,485599.78128343436,0.26407,-388744.31292505,0.34409,200000,261995.36487789697,61995.364877896965,1.309976824389485
2021-01-29,-1,-0.34778959353700806,485599.78128343436,0.2829,-388744.31292505,0.34752,200000,272472.6017527969,72472.60175279691,1.3623630087639844
2021-01-30,0,2.8853773851041917,0.0,0.44372,0.0,0.364,200000,211526.4183657894,11526.418365789403,1.057632091828947
2021-01-31,2,3.169599226492613,0.0,0.49507,0.0,0.34475,200000,211526.4183657894,11526.418365789403,1.057632091828947
2021-02-01,0,0.20131533696224177,0.0,0.37106,0.0,0.40876,200000,211526.4183657894,11526.418365789403,1.057632091828947
2021-02-02,0,0.05167710687082575,0.0,0.37254,0.0,0.42498,200000,211526.4183657894,11526.418365789403,1.057632091828947
2021-02-03,0,0.1975387763025818,0.0,0.39721,0.0,0.44189,200000,211526.4183657894,11526.418365789403,1.057632091828947
2021-02-04,0,0.8328811115779983,0.0,0.44545,0.0,0.43934,200000,211526.4183657894,11526.418365789403,1.057632091828947
2021-02-05,0,-0.19090150238799458,0.0,0.45219,0.0,0.53917,200000,211526.4183657894,11526.418365789403,1.057632091828947
2021-02-06,0,-0.9864850500848946,0.0,0.44307,0.0,0.63444,200000,211526.4183657894,11526.418365789403,1.057632091828947
2021-02-07,-2,-1.2740248564738987,0.0,0.41849,0.0,0.66109,200000,211526.4183657894,11526.418365789403,1.057632091828947
2021-02-08,-1,-1.0229249581908306,234513.42420651167,0.45099,-156366.55309573715,0.67638,200000,211526.4183657894,11526.418365789403,1.057632091828947
2021-02-09,-1,-0.9286407047545677,234513.42420651167,0.47636,-156366.55309573715,0.70562,200000,222048.18195042794,22048.18195042794,1.1102409097521397
2021-02-10,-2,-1.4738575595356778,0.0,0.50429,0.0,0.93966,200000,240195.038954628,40195.03895462799,1.20097519477314
2021-02-11,-2,-1.2112196960034176,0.0,0.52806,0.0,0.92796,200000,240195.038954628,40195.03895462799,1.20097519477314
2021-02-12,0,-0.7429617730335618,0.0,0.609,0.0,0.92426,200000,240195.038954628,40195.03895462799,1.20097519477314
2021-02-13,0,-0.5582365857665397,0.0,0.63309,0.0,0.91299,200000,240195.038954628,40195.03895462799,1.20097519477314
2021-02-14,0,-0.4977844184603568,0.0,0.59211,0.0,0.84364,200000,240195.038954628,40195.03895462799,1.20097519477314
2021-02-15,0,-0.7473456742921626,0.0,0.54976,0.0,0.86143,200000,240195.038954628,40195.03895462799,1.20097519477314
2021-02-16,0,-0.8663682768766735,0.0,0.51995,0.0,0.87,200000,240195.038954628,40195.03895462799,1.20097519477314
2021-02-17,0,-0.8065806583348674,0.0,0.53467,0.0,0.89206,200000,240195.038954628,40195.03895462799,1.20097519477314
2021-02-18,0,-0.8173439878829594,0.0,0.53204,0.0,0.91442,200000,240195.038954628,40195.03895462799,1.20097519477314
2021-02-19,0,-0.6274511270141477,0.0,0.56465,0.0,0.92581,200000,240195.038954628,40195.03895462799,1.20097519477314
2021-02-20,-2,-1.640021697483478,0.0,0.51167,0.0,1.11568,200000,240195.038954628,40195.03895462799,1.20097519477314
2021-02-21,-2,-1.2624840232678511,0.0,0.54468,0.0,1.09894,200000,240195.038954628,40195.03895462799,1.20097519477314
2021-02-22,-1,-1.0189713784493801,212014.12187500266,0.56646,-109475.14605554452,1.09703,200000,240195.038954628,40195.03895462799,1.20097519477314
2021-02-23,-1,-1.100161135053886,212014.12187500266,0.47579,-109475.14605554452,0.96197,200000,206186.00529795967,6186.005297959666,1.0309300264897983
2021-02-24,-2,-1.635777851758826,0.0,0.4686,0.0,1.04902,200000,255686.83915918908,55686.83915918908,1.2784341957959455
2021-02-25,-2,-1.9774651865691315,0.0,0.43601,0.0,1.07691,200000,255686.83915918908,55686.83915918908,1.2784341957959455
2021-02-26,-2,-2.1980169667522134,0.0,0.42788,0.0,1.24303,200000,255686.83915918908,55686.83915918908,1.2784341957959455
2021-02-27,-2,-1.9532814144196184,0.0,0.43589,0.0,1.31402,200000,255686.83915918908,55686.83915918908,1.2784341957959455
2021-02-28,-2,-1.801915263367253,0.0,0.41565,0.0,1.31203,200000,255686.83915918908,55686.83915918908,1.2784341957959455
2021-03-01,-2,-1.4145891129473416,0.0,0.44537,0.0,1.29627,200000,255686.83915918908,55686.83915918908,1.2784341957959455
2021-03-02,-1,-1.1885942643292446,293420.7472563565,0.4357,-104549.73796172271,1.2228,200000,255686.83915918908,55686.83915918908,1.2784341957959455
2021-03-03,-1,-0.9846194060065131,293420.7472563565,0.44846,-104549.73796172271,1.21311,200000,258417.80093333108,58417.80093333108,1.2920890046666553
2021-03-04,-1,-0.43326550238322364,293420.7472563565,0.48096,-104549.73796172271,1.11239,200000,257423.72561165795,57423.72561165795,1.2871186280582898
2021-03-05,-1,-0.6787313789155536,293420.7472563565,0.45457,-104549.73796172271,1.15908,200000,254561.77935699554,54561.77935699554,1.2728088967849778
2021-03-06,-1,-0.4510928639636672,293420.7472563565,0.46285,-104549.73796172271,1.129,200000,253846.44702638956,53846.447026389564,1.2692322351319478
2021-03-07,-1,-0.3542224673910626,293420.7472563565,0.46558,-104549.73796172271,1.13042,200000,254795.94629430503,54795.94629430503,1.273979731471525
2021-03-08,0,-0.1480588936424699,0.0,0.47412,0.0,1.11848,200000,233506.9853854329,33506.9853854329,1.1675349269271644
2021-03-09,0,-0.2778704804000842,0.0,0.4849,0.0,1.1972,200000,233506.9853854329,33506.9853854329,1.1675349269271644
2021-03-10,0,-0.1549770484012574,0.0,0.46155,0.0,1.13261,200000,233506.9853854329,33506.9853854329,1.1675349269271644
2021-03-11,0,-0.11302078671827419,0.0,0.45187,0.0,1.1243,200000,233506.9853854329,33506.9853854329,1.1675349269271644
2021-03-12,0,0.3514985897706537,0.0,0.43934,0.0,1.03207,200000,233506.9853854329,33506.9853854329,1.1675349269271644
2021-03-13,0,0.27142343155606957,0.0,0.45787,0.0,1.1,200000,233506.9853854329,33506.9853854329,1.1675349269271644
2021-03-14,0,0.45595143733268945,0.0,0.43905,0.0,1.05243,200000,233506.9853854329,33506.9853854329,1.1675349269271644
2021-03-15,0,0.7743827343491756,0.0,0.43574,0.0,1.03103,200000,233506.9853854329,33506.9853854329,1.1675349269271644
2021-03-16,0,-0.6165959802676629,0.0,0.46024,0.0,1.24924,200000,233506.9853854329,33506.9853854329,1.1675349269271644
2021-03-17,-2,-1.2491393378792481,0.0,0.4698,0.0,1.377,200000,233506.9853854329,33506.9853854329,1.1675349269271644
2021-03-18,0,-0.20719382988244062,0.0,0.46893,0.0,1.22925,200000,233506.9853854329,33506.9853854329,1.1675349269271644
2021-03-19,0,-0.8965832607228159,0.0,0.46651,0.0,1.29474,200000,233506.9853854329,33506.9853854329,1.1675349269271644
2021-03-20,2,1.3910454612477228,0.0,0.52613,0.0,1.20046,200000,233506.9853854329,33506.9853854329,1.1675349269271644
2021-03-21,2,1.2108171489267836,0.0,0.51651,0.0,1.18561,200000,233506.9853854329,33506.9853854329,1.1675349269271644
2021-03-22,2,2.5689456474869887,0.0,0.5441,0.0,1.1015,200000,233506.9853854329,33506.9853854329,1.1675349269271644
2021-03-23,2,2.109431007478737,0.0,0.5498,0.0,1.11639,200000,233506.9853854329,33506.9853854329,1.1675349269271644
2021-03-24,0,0.9097532800552914,0.0,0.48021,0.0,1.06902,200000,233506.9853854329,33506.9853854329,1.1675349269271644
2021-03-25,2,1.2159125804524822,0.0,0.51058,0.0,1.0956,200000,233506.9853854329,33506.9853854329,1.1675349269271644
2021-03-26,1,1.0649873436197943,-207167.68581137471,0.56357,96156.72269207417,1.2142,200000,233506.9853854329,33506.9853854329,1.1675349269271644
2021-03-27,1,0.9992645847896727,-207167.68581137471,0.54752,96156.72269207417,1.17678,200000,226583.75946502291,26583.759465022915,1.1329187973251145
2021-03-28,1,0.7804899433242537,-207167.68581137471,0.54552,96156.72269207417,1.18983,200000,227424.26932453172,27424.26932453172,1.1371213466226586
2021-03-29,1,0.9620356557762266,-207167.68581137471,0.56538,96156.72269207417,1.20239,200000,232746.3480017581,32746.348001758102,1.1637317400087905
2021-03-30,1,0.741631467793521,-207167.68581137471,0.5621,96156.72269207417,1.21189,200000,232980.3268578715,32980.32685787149,1.1649016342893574
2021-03-31,1,0.9690065824712695,-207167.68581137471,0.56982,96156.72269207417,1.19191,200000,232658.45007294766,32658.450072947657,1.1632922503647383
2021-04-01,1,0.9742930520874474,-207167.68581137471,0.57087,96156.72269207417,1.18377,200000,232093.26042033613,32093.260420336126,1.1604663021016806
2021-04-02,2,1.4121183138947793,0.0,0.60701,0.0,1.18998,200000,244835.2654806811,44835.26548068109,1.2241763274034054
2021-04-03,1,1.0392845864144677,-211681.68065629256,0.57831,105316.36189571444,1.16238,200000,244835.2654806811,44835.26548068109,1.2241763274034054
2021-04-04,2,1.6176570831810837,0.0,0.635,0.0,1.18206,200000,254762.8739549786,54762.8739549786,1.273814369774893
2021-04-05,2,3.441948950796789,0.0,0.91584,0.0,1.2118,200000,254762.8739549786,54762.8739549786,1.273814369774893
2021-04-06,2,3.2190904900612787,0.0,1.09663,0.0,1.252,200000,254762.8739549786,54762.8739549786,1.273814369774893
2021-04-07,2,2.0193226091486447,0.0,0.91542,0.0,1.17359,200000,254762.8739549786,54762.8739549786,1.273814369774893
2021-04-08,2,2.2172932095287443,0.0,1.05599,0.0,1.21926,200000,254762.8739549786,54762.8739549786,1.273814369774893
2021-04-09,2,1.7867972605803795,0.0,1.01721,0.0,1.20201,200000,254762.8739549786,54762.8739549786,1.273814369774893
2021-04-10,2,2.6615593020832087,0.0,1.3728,0.0,1.21747,200000,254762.8739549786,54762.8739549786,1.273814369774893
2021-04-11,2,1.982088666023211,0.0,1.35118,0.0,1.26355,200000,254762.8739549786,54762.8739549786,1.273814369774893
2021-04-12,2,1.866876262508615,0.0,1.46843,0.0,1.31431,200000,254762.8739549786,54762.8739549786,1.273814369774893
2021-04-13,2,2.0742719691831097,0.0,1.79611,0.0,1.41246,200000,254762.8739549786,54762.8739549786,1.273814369774893
2021-04-14,2,1.7668025130589373,0.0,1.83468,0.0,1.45092,200000,254762.8739549786,54762.8739549786,1.273814369774893
2021-04-15,2,1.351365185299953,0.0,1.75781,0.0,1.4782,200000,254762.8739549786,54762.8739549786,1.273814369774893
2021-04-16,0,0.9529783858142666,0.0,1.54805,0.0,1.40989,200000,254762.8739549786,54762.8739549786,1.273814369774893
2021-04-17,0,0.9439069463758128,0.0,1.53896,0.0,1.36802,200000,254762.8739549786,54762.8739549786,1.273814369774893
2021-04-18,0,0.7851008087760667,0.0,1.40797,0.0,1.27693,200000,254762.8739549786,54762.8739549786,1.273814369774893
2021-04-19,0,0.6847726088008151,0.0,1.30945,0.0,1.1945,200000,254762.8739549786,54762.8739549786,1.273814369774893
2021-04-20,0,0.5983609390924299,0.0,1.38501,0.0,1.26689,200000,254762.8739549786,54762.8739549786,1.273814369774893
2021-04-21,0,0.4439999127835732,0.0,1.29097,0.0,1.20358,200000,254762.8739549786,54762.8739549786,1.273814369774893
2021-04-22,0,0.09059289657570262,0.0,1.15489,0.0,1.144,200000,254762.8739549786,54762.8739549786,1.273814369774893
2021-04-23,0,-0.02705891779374339,0.0,1.17073,0.0,1.15866,200000,254762.8739549786,54762.8739549786,1.273814369774893
2021-04-24,0,-0.5787943956326771,0.0,1.04833,0.0,1.10287,200000,254762.8739549786,54762.8739549786,1.273814369774893
2021-04-25,0,-0.7244196768615894,0.0,1.0351,0.0,1.0913,200000,254762.8739549786,54762.8739549786,1.273814369774893
2021-04-26,0,0.34499639244065866,0.0,1.3629,0.0,1.2375,200000,254762.8739549786,54762.8739549786,1.273814369774893
2021-04-27,0,0.012549046736018876,0.0,1.4017,0.0,1.3063,200000,254762.8739549786,54762.8739549786,1.273814369774893
2021-04-28,0,-0.6384091642426847,0.0,1.3576,0.0,1.3379,200000,254762.8739549786,54762.8739549786,1.273814369774893
2021-04-29,0,-0.2385998966861301,0.0,1.3978,0.0,1.3063,200000,254762.8739549786,54762.8739549786,1.273814369774893
2021-04-30,1,1.019892889959541,-79673.15297566255,1.5988,94133.48875073108,1.3532,200000,254762.87395497857,54762.87395497857,1.2738143697748927
2021-05-01,2,1.326332246166329,0.0,1.651,0.0,1.3516,200000,259072.42612230935,59072.42612230935,1.2953621306115468
2021-05-02,0,0.7843912218203373,0.0,1.5605,0.0,1.3267,200000,259072.42612230935,59072.42612230935,1.2953621306115468
2021-05-03,0,0.523786868863257,0.0,1.5546,0.0,1.3622,200000,259072.42612230935,59072.42612230935,1.2953621306115468
2021-05-04,0,0.059379347708187626,0.0,1.3877,0.0,1.2698,200000,259072.42612230935,59072.42612230935,1.2953621306115468
2021-05-05,0,0.09523108341827552,0.0,1.6133,0.0,1.4798,200000,259072.42612230935,59072.42612230935,1.2953621306115468
2021-05-06,-2,-1.403168305592247,0.0,1.6028,0.0,1.6491,200000,259072.42612230935,59072.42612230935,1.2953621306115468
2021-05-07,-2,-1.4374599106348371,0.0,1.5793,0.0,1.653,200000,259072.42612230935,59072.42612230935,1.2953621306115468
2021-05-08,-2,-1.2073173721898924,0.0,1.5611,0.0,1.6211,200000,259072.42612230935,59072.42612230935,1.2953621306115468
2021-05-09,-2,-1.975669627681721,0.0,1.5345,0.0,1.7663,200000,259072.42612230935,59072.42612230935,1.2953621306115468
2021-05-10,-2,-1.8781881341771869,0.0,1.3906,0.0,1.6423,200000,259072.42612230935,59072.42612230935,1.2953621306115468
2021-05-11,-2,-1.695587738718888,0.0,1.4786,0.0,1.7632,200000,259072.42612230935,59072.42612230935,1.2953621306115468
2021-05-12,-2,-1.7164983075464546,0.0,1.2691,0.0,1.5694,200000,259072.42612230935,59072.42612230935,1.2953621306115468
2021-05-13,-2,-2.111053938343856,0.0,1.364,0.0,1.9296,200000,259072.42612230935,59072.42612230935,1.2953621306115468
2021-05-14,-2,-1.8786826795938547,0.0,1.4,0.0,2.0069,200000,259072.42612230935,59072.42612230935,1.2953621306115468
2021-05-15,-2,-1.7159435811164176,0.0,1.4904,0.0,2.1744,200000,259072.42612230935,59072.42612230935,1.2953621306115468
2021-05-16,-2,-1.7598103611598772,0.0,1.4496,0.0,2.3002,200000,259072.42612230935,59072.42612230935,1.2953621306115468
2021-05-17,-1,-1.0667462949400952,86669.48552198225,1.4946,-63788.94620631047,2.0307,200000,259072.42612230935,59072.42612230935,1.2953621306115468
2021-05-18,-1,-0.6955122758405332,86669.48552198225,1.5889,-63788.94620631047,2.0036,200000,265516.67816484126,65516.67816484126,1.3275833908242063
2021-05-19,-1,-0.9771944436889299,86669.48552198225,1.0568,-63788.94620631047,1.4663,200000,185126.04412194388,-14873.95587805612,0.9256302206097194
2021-05-20,-2,-1.207875748569093,0.0,1.1795,0.0,1.8006,200000,271704.14448821393,71704.14448821393,1.3585207224410696
2021-05-21,-1,-1.1567211570942464,135014.97937200055,1.0062,-87686.09839547343,1.5493,200000,271704.14448821393,71704.14448821393,1.3585207224410696
2021-05-22,-2,-1.247105800063072,0.0,0.9052,0.0,1.4629,200000,277764.5785034171,77764.57850341708,1.3888228925170854
2021-05-23,-2,-1.2752587943996514,0.0,0.7898,0.0,1.3139,200000,277764.5785034171,77764.57850341708,1.3888228925170854
2021-05-24,0,-0.9519223734316622,0.0,0.993,0.0,1.55,200000,277764.5785034171,77764.57850341708,1.3888228925170854
2021-05-25,-1,-1.0101346433002052,142501.8358831403,0.9746,-89416.87435726794,1.5532,200000,277764.5785034171,77764.57850341708,1.3888228925170854
2021-05-26,-2,-1.3044777833101144,0.0,1.0316,0.0,1.7791,200000,289841.24577538494,89841.24577538494,1.4492062288769247
2021-05-27,-1,-1.154898217527892,148682.28469035853,0.9747,-87554.75041547394,1.6552,200000,289841.24577538494,89841.24577538494,1.4492062288769247
2021-05-28,-1,-1.0841941274633344,148682.28469035853,0.8985,-87554.75041547394,1.5133,200000,266087.6365980239,66087.63659802388,1.3304381829901195
2021-05-29,-1,-1.0220644651121502,148682.28469035853,0.8318,-87554.75041547394,1.4029,200000,246504.4837633086,46504.48376330861,1.2325224188165431
2021-05-30,-1,-1.1584871898635867,148682.28469035853,0.9058,-87554.75041547394,1.5751,200000,272583.9008519398,72583.9008519398,1.362919504259699
2021-05-31,-1,-0.8033718413419421,148682.28469035853,1.0409,-87554.75041547394,1.7373,200000,306872.2580309971,106872.25803099712,1.5343612901549855
2021-06-01,-1,-1.006284509594655,148682.28469035853,1.0108,-87554.75041547394,1.7363,200000,302309.3665114018,102309.36651140178,1.511546832557009
2021-06-02,-1,-0.8820991523922888,148682.28469035853,1.0241,-87554.75041547394,1.7534,200000,305784.0271298882,105784.02712988819,1.5289201356494408
2021-06-03,-1,-1.0620672493307315,148682.28469035853,1.045,-87554.75041547394,1.8453,200000,316937.7684430987,116937.7684430987,1.5846888422154934
2021-06-04,-1,-0.9502234028798389,148682.28469035853,0.9683,-87554.75041547394,1.7077,200000,293486.303550179,93486.303550179,1.467431517750895
2021-06-05,-1,-1.0139202333300368,148682.28469035853,0.923,-87554.75041547394,1.6551,200000,282145.61618185183,82145.61618185183,1.410728080909259
2021-06-06,-1,-0.8319929968979122,148682.28469035853,0.947,-87554.75041547394,1.6771,200000,287640.19552356086,87640.19552356086,1.4382009776178042
2021-06-07,-2,-1.2215379431212585,0.0,0.8618,0.0,1.5659,200000,298808.8365048246,98808.83650482458,1.4940441825241229
2021-06-08,-2,-1.2800759718920127,0.0,0.8731,0.0,1.5819,200000,298808.8365048246,98808.83650482458,1.4940441825241229
2021-06-09,0,-0.7630375400626699,0.0,0.9218,0.0,1.6279,200000,298808.8365048246,98808.83650482458,1.4940441825241229
2021-06-10,0,-0.691253566893858,0.0,0.8686,0.0,1.5328,200000,298808.8365048246,98808.83650482458,1.4940441825241229
2021-06-11,0,0.3079868510312787,0.0,0.8471,0.0,1.4371,200000,298808.8365048246,98808.83650482458,1.4940441825241229
2021-06-12,0,-0.7471070172412234,0.0,0.8326,0.0,1.4789,200000,298808.8365048246,98808.83650482458,1.4940441825241229
2021-06-13,0,-0.5016137975729336,0.0,0.8832,0.0,1.5566,200000,298808.8365048246,98808.83650482458,1.4940441825241229
2021-06-14,0,-0.6123783194452934,0.0,0.8906,0.0,1.5769,200000,298808.8365048246,98808.83650482458,1.4940441825241229
2021-06-15,-1,-1.0452954749884547,172462.67834746887,0.8663,-96067.65576929803,1.5552,200000,298808.8365048246,98808.83650482458,1.4940441825241229
2021-06-16,-1,-0.7457665690061038,172462.67834746887,0.832,-96067.65576929803,1.4851,200000,286159.0239680786,86159.0239680786,1.430795119840393
2021-06-17,0,-0.13756052749955264,0.0,0.8419,0.0,1.4826,200000,296042.4140476518,96042.41404765181,1.480212070238259
2021-06-18,0,-0.4323999304713025,0.0,0.7972,0.0,1.4163,200000,296042.4140476518,96042.41404765181,1.480212070238259
2021-06-19,-2,-1.4599559015173156,0.0,0.7582,0.0,1.3839,200000,296042.4140476518,96042.41404765181,1.480212070238259
2021-06-20,-2,-1.8251189976157531,0.0,0.7741,0.0,1.4263,200000,296042.4140476518,96042.41404765181,1.480212070238259
2021-06-21,-2,-2.9321903994918217,0.0,0.6067,0.0,1.174,200000,296042.4140476518,96042.41404765181,1.480212070238259
2021-06-22,-2,-3.4495267583310145,0.0,0.5468,0.0,1.1567,200000,296042.4140476518,96042.41404765181,1.480212070238259
2021-06-23,-2,-1.6393997933135214,0.0,0.6383,0.0,1.2512,200000,296042.4140476518,96042.41404765181,1.480212070238259
2021-06-24,-2,-1.8933363648946129,0.0,0.6731,0.0,1.3604,200000,296042.4140476518,96042.41404765181,1.480212070238259
2021-06-25,-2,-1.818727759676718,0.0,0.6111,0.0,1.2521,200000,296042.4140476518,96042.41404765181,1.480212070238259
2021-06-26,-2,-1.4897960220348763,0.0,0.6162,0.0,1.2521,200000,296042.4140476518,96042.41404765181,1.480212070238259
2021-06-27,-2,-1.514091616979003,0.0,0.6484,0.0,1.338,200000,296042.4140476518,96042.41404765181,1.480212070238259
2021-06-28,-2,-1.3196157928906738,0.0,0.6444,0.0,1.326,200000,296042.4140476518,96042.41404765181,1.480212070238259
2021-06-29,0,-0.4916947972810497,0.0,0.7063,0.0,1.373,200000,296042.4140476518,96042.41404765181,1.480212070238259
2021-06-30,0,-0.547539351866753,0.0,0.7063,0.0,1.3853,200000,296042.4140476518,96042.41404765181,1.480212070238259
2021-07-01,0,-0.8774334147230022,0.0,0.6591,0.0,1.3313,200000,296042.4140476518,96042.41404765181,1.480212070238259
2021-07-02,-2,-1.4391488542429005,0.0,0.6556,0.0,1.3946,200000,296042.4140476518,96042.41404765181,1.480212070238259
2021-07-03,-1,-1.0702266063226071,219877.01578108422,0.6732,-105390.67783825268,1.4045,200000,296042.4140476518,96042.41404765181,1.480212070238259
2021-07-04,-1,-1.0605822993256229,219877.01578108422,0.696,-105390.67783825268,1.4615,200000,307062.8786442409,107062.8786442409,1.5353143932212046
2021-07-05,-2,-1.2745088204620332,0.0,0.6526,0.0,1.4039,200000,300508.64616603917,100508.64616603917,1.5025432308301958
2021-07-06,-1,-1.0414398452653006,226014.324733784,0.6648,-106134.29616657455,1.4157,200000,300508.64616603917,100508.64616603917,1.5025432308301958
2021-07-07,-1,-1.1475599595155954,226014.324733784,0.6522,-106134.29616657455,1.404,200000,296419.0944092446,96419.0944092446,1.482095472046223
2021-07-08,-1,-0.9823033392072654,226014.324733784,0.6215,-106134.29616657455,1.327,200000,281308.11383509124,81308.11383509124,1.4065405691754562
2021-07-09,-1,-0.8035927860936282,226014.324733784,0.6369,-106134.29616657455,1.3504,200000,287272.2769662893,87272.27696628933,1.4363613848314467
2021-07-10,-1,-0.9934977313620889,226014.324733784,0.6246,-106134.29616657455,1.3356,200000,282921.51318879845,82921.51318879845,1.4146075659439923
2021-07-11,-1,-0.6759416919168605,226014.324733784,0.6364,-106134.29616657455,1.3485,200000,286957.61464120593,86957.61464120593,1.4347880732060296
2021-07-12,-1,-0.2472200691174098,226014.324733784,0.6288,-106134.29616657455,1.3126,200000,281429.6845408491,81429.68454084912,1.4071484227042457
2021-07-13,0,0.5291754752945184,0.0,0.6192,0.0,1.265,200000,294820.4609415969,94820.46094159689,1.4741023047079844
2021-07-14,0,0.6196094337104814,0.0,0.6197,0.0,1.2635,200000,294820.4609415969,94820.46094159689,1.4741023047079844
2021-07-15,0,0.4307149832626943,0.0,0.5979,0.0,1.2258,200000,294820.4609415969,94820.46094159689,1.4741023047079844
2021-07-16,2,1.4238366054627423,0.0,0.5893,0.0,1.1708,200000,294820.4609415969,94820.46094159689,1.4741023047079844
2021-07-17,0,0.9105638842488945,0.0,0.5821,0.0,1.1721,200000,294820.4609415969,94820.46094159689,1.4741023047079844
2021-07-18,0,0.8549875852703949,0.0,0.5866,0.0,1.1813,200000,294820.4609415969,94820.46094159689,1.4741023047079844
2021-07-19,0,0.9833372533612974,0.0,0.557,0.0,1.1225,200000,294820.4609415969,94820.46094159689,1.4741023047079844
2021-07-20,2,1.4617214989633076,0.0,0.5284,0.0,1.0539,200000,294820.4609415969,94820.46094159689,1.4741023047079844
2021-07-21,0,0.5140146892681389,0.0,0.5719,0.0,1.1711,200000,294820.4609415969,94820.46094159689,1.4741023047079844
2021-07-22,2,1.2217183115047294,0.0,0.592,0.0,1.1856,200000,294820.4609415969,94820.46094159689,1.4741023047079844
2021-07-23,2,1.4225064849492561,0.0,0.6091,0.0,1.2077,200000,294820.4609415969,94820.46094159689,1.4741023047079844
2021-07-24,0,0.5966734461537256,0.0,0.6085,0.0,1.2327,200000,294820.4609415969,94820.46094159689,1.4741023047079844
2021-07-25,0,0.5518184502762578,0.0,0.6069,0.0,1.2284,200000,294820.4609415969,94820.46094159689,1.4741023047079844
2021-07-26,0,0.6714815136158262,0.0,0.6234,0.0,1.2551,200000,294820.4609415969,94820.46094159689,1.4741023047079844
2021-07-27,1,1.1606205808405696,-228507.5654484552,0.6451,115173.24046472259,1.2799,200000,294820.4609415969,94820.46094159689,1.4741023047079844
2021-07-28,2,3.600700299513076,0.0,0.7327,0.0,1.2875,200000,313962.40704734967,113962.40704734967,1.5698120352367484
2021-07-29,2,2.9625045418339124,0.0,0.7488,0.0,1.2856,200000,313962.40704734967,113962.40704734967,1.5698120352367484
2021-07-30,2,2.1922159204466447,0.0,0.7521,0.0,1.3108,200000,313962.40704734967,113962.40704734967,1.5698120352367484
2021-07-31,2,1.6843204011615673,0.0,0.746,0.0,1.3193,200000,313962.40704734967,113962.40704734967,1.5698120352367484
2021-08-01,1,1.1211722362980587,-216764.9869147678,0.7242,119450.0102904237,1.3142,200000,313962.40704734967,113962.40704734967,1.5698120352367484
2021-08-02,2,1.3524879054992833,0.0,0.738,0.0,1.3083,200000,317658.51892748696,117658.51892748696,1.5882925946374349
2021-08-03,0,0.0467211251061447,0.0,0.7136,0.0,1.3696,200000,317658.51892748696,117658.51892748696,1.5882925946374349
2021-08-04,0,0.2879797346001686,0.0,0.731,0.0,1.3765,200000,317658.51892748696,117658.51892748696,1.5882925946374349
2021-08-05,0,0.1781236270412234,0.0,0.7327,0.0,1.3859,200000,317658.51892748696,117658.51892748696,1.5882925946374349
2021-08-06,0,0.2565288211278662,0.0,0.7474,0.0,1.4025,200000,317658.51892748696,117658.51892748696,1.5882925946374349
2021-08-07,0,0.8352340299844377,0.0,0.8162,0.0,1.4727,200000,317658.51892748696,117658.51892748696,1.5882925946374349
2021-08-08,0,0.5196104823879842,0.0,0.7788,0.0,1.4255,200000,317658.51892748696,117658.51892748696,1.5882925946374349
2021-08-09,0,0.690587681386837,0.0,0.817,0.0,1.4745,200000,317658.51892748696,117658.51892748696,1.5882925946374349
2021-08-10,0,-0.8892184120989366,0.0,0.8511,0.0,1.678,200000,317658.51892748696,117658.51892748696,1.5882925946374349
2021-08-11,0,0.9063797736048622,0.0,1.0105,0.0,1.7934,200000,317658.51892748696,117658.51892748696,1.5882925946374349
2021-08-12,0,-0.3817138109781077,0.0,0.966,0.0,1.8324,200000,317658.51892748696,117658.51892748696,1.5882925946374349
2021-08-13,-1,-1.066135983938876,145701.5498245514,1.0901,-74267.86657801528,2.1386,200000,317658.51892748696,117658.51892748696,1.5882925946374349
2021-08-14,0,1.5298509917782024,0.0,1.2791,0.0,2.1878,200000,293774.90504628513,93774.90504628513,1.4688745252314257
2021-08-15,2,1.6582820272315348,0.0,1.2839,0.0,2.1667,200000,293774.90504628513,93774.90504628513,1.4688745252314257
2021-08-16,0,0.8247285803150134,0.0,1.1855,0.0,2.0714,200000,293774.90504628513,93774.90504628513,1.4688745252314257
2021-08-17,0,0.7521444050535615,0.0,1.0978,0.0,1.9239,200000,293774.90504628513,93774.90504628513,1.4688745252314257
2021-08-18,0,-0.26689885774718264,0.0,1.1431,0.0,2.1043,200000,293774.90504628513,93774.90504628513,1.4688745252314257
2021-08-19,-2,-1.5947974198187225,0.0,1.2347,0.0,2.4411,200000,293774.90504628513,93774.90504628513,1.4688745252314257
2021-08-20,-1,-1.1359481798057778,116309.64646697488,1.2629,-59814.90105596879,2.4557,200000,293774.90504628513,93774.90504628513,1.4688745252314257
2021-08-21,-2,-1.5058528708414751,0.0,1.2158,0.0,2.4341,200000,297961.0875320707,97961.0875320707,1.4898054376603536
2021-08-22,-2,-2.46971046493607,0.0,1.226,0.0,2.7049,200000,297961.0875320707,97961.0875320707,1.4898054376603536
2021-08-23,-2,-2.5166654025537887,0.0,1.2457,0.0,2.9152,200000,297961.0875320707,97961.0875320707,1.4898054376603536
2021-08-24,-2,-2.2269825559648715,0.0,1.1353,0.0,2.7187,200000,297961.0875320707,97961.0875320707,1.4898054376603536
2021-08-25,-2,-1.7337573163556308,0.0,1.1735,0.0,2.739,200000,297961.0875320707,97961.0875320707,1.4898054376603536
2021-08-26,-2,-1.5961292451315214,0.0,1.0712,0.0,2.528,200000,297961.0875320707,97961.0875320707,1.4898054376603536
2021-08-27,-2,-1.6773403277276009,0.0,1.1918,0.0,2.946,200000,297961.0875320707,97961.0875320707,1.4898054376603536
2021-08-28,-2,-1.5069239807578378,0.0,1.1459,0.0,2.847,200000,297961.0875320707,97961.0875320707,1.4898054376603536
2021-08-29,-2,-1.3745268822738406,0.0,1.1408,0.0,2.851,200000,297961.0875320707,97961.0875320707,1.4898054376603536
2021-08-30,-2,-1.2117753861295086,0.0,1.1002,0.0,2.734,200000,297961.0875320707,97961.0875320707,1.4898054376603536
2021-08-31,0,-0.7560790999812291,0.0,1.1856,0.0,2.767,200000,297961.0875320707,97961.0875320707,1.4898054376603536
2021-09-01,0,-0.6517103430020611,0.0,1.2362,0.0,2.869,200000,297961.0875320707,97961.0875320707,1.4898054376603536
2021-09-02,0,-0.6930997111537419,0.0,1.2533,0.0,2.96,200000,297961.0875320707,97961.0875320707,1.4898054376603536
2021-09-03,0,-0.44712222487250325,0.0,1.2907,0.0,2.966,200000,297961.0875320707,97961.0875320707,1.4898054376603536
2021-09-04,0,-0.22923838417995981,0.0,1.2548,0.0,2.83,200000,297961.0875320707,97961.0875320707,1.4898054376603536
2021-09-05,0,-0.01722517822836792,0.0,1.3076,0.0,2.91,200000,297961.0875320707,97961.0875320707,1.4898054376603536
2021-09-06,1,1.0563315346845228,-107226.5321477151,1.3894,52587.55515920767,2.833,200000,297961.0875320707,97961.0875320707,1.4898054376603536
2021-09-07,1,0.2183652706365079,-107226.5321477151,1.1292,52587.55515920767,2.514,200000,253285.31377144798,53285.31377144798,1.26642656885724
2021-09-08,1,0.21409553882285293,-107226.5321477151,1.0998,52587.55515920767,2.47,200000,247819.00129930006,47819.00129930006,1.2390950064965003
2021-09-09,0,-0.10328330521694244,0.0,1.0868,0.0,2.518,200000,282079.4187793225,82079.41877932253,1.4103970938966126
2021-09-10,0,0.5254413741349139,0.0,1.0552,0.0,2.383,200000,282079.4187793225,82079.41877932253,1.4103970938966126
2021-09-11,0,-0.9496780600983463,0.0,1.0787,0.0,2.638,200000,282079.4187793225,82079.41877932253,1.4103970938966126
2021-09-12,0,0.16928182587510138,0.0,1.1181,0.0,2.581,200000,282079.4187793225,82079.41877932253,1.4103970938966126
2021-09-13,0,0.5702750501372476,0.0,1.0643,0.0,2.402,200000,282079.4187793225,82079.41877932253,1.4103970938966126
2021-09-14,1,1.1339890525309224,-128650.65163701656,1.0963,58864.65333458317,2.396,200000,282079.4187793225,82079.41877932253,1.4103970938966126
2021-09-15,1,0.6200920202179193,-128650.65163701656,1.1207,58864.65333458317,2.505,200000,291634.74189273536,91634.74189273536,1.4581737094636769
2021-09-16,1,0.7039443886055109,-128650.65163701656,1.0902,58864.65333458317,2.417,200000,282530.8075243629,82530.80752436293,1.4126540376218146
2021-09-17,1,0.7457228073574942,-128650.65163701656,1.0661,58864.65333458317,2.35,200000,275486.39504649385,75486.39504649385,1.3774319752324693
2021-09-18,1,0.6649076455912575,-128650.65163701656,1.0751,58864.65333458317,2.371,200000,277880.4086312532,77880.40863125317,1.389402043156266
2021-09-19,1,0.9173190787746481,-128650.65163701656,1.0483,58864.65333458317,2.283,200000,269252.4816739379,69252.48167393787,1.3462624083696895
2021-09-20,0,-0.08113967151058542,0.0,0.9216,0.0,2.079,200000,278264.2450453986,78264.2450453986,1.391321225226993
2021-09-21,0,-0.30285283602152063,0.0,0.8743,0.0,1.986,200000,278264.2450453986,78264.2450453986,1.391321225226993
2021-09-22,0,-0.10587862948440922,0.0,1.0033,0.0,2.257,200000,278264.2450453986,78264.2450453986,1.391321225226993
2021-09-23,-1,-1.0051784485131985,138909.86673592182,1.0016,-59790.34057700873,2.327,200000,278264.2450453986,78264.2450453986,1.391321225226993
2021-09-24,-2,-1.7665118420879673,0.0,0.944,0.0,2.277,200000,283275.93634053733,83275.93634053733,1.4163796817026866
2021-09-25,-2,-1.8087248239376719,0.0,0.94,0.0,2.3,200000,283275.93634053733,83275.93634053733,1.4163796817026866
2021-09-26,0,-0.7775089653586018,0.0,0.9436,0.0,2.207,200000,283275.93634053733,83275.93634053733,1.4163796817026866
2021-09-27,0,-0.3801891816393483,0.0,0.9218,0.0,2.13,200000,283275.93634053733,83275.93634053733,1.4163796817026866
2021-09-28,0,0.012044844394785544,0.0,0.8928,0.0,2.037,200000,283275.93634053733,83275.93634053733,1.4163796817026866
2021-09-29,0,0.6433134672159495,0.0,0.9268,0.0,2.066,200000,283275.93634053733,83275.93634053733,1.4163796817026866
2021-09-30,0,0.7489682419283121,0.0,0.9533,0.0,2.115,200000,283275.93634053733,83275.93634053733,1.4163796817026866
2021-10-01,2,1.4064278000657862,0.0,1.0422,0.0,2.256,200000,283275.93634053733,83275.93634053733,1.4163796817026866
2021-10-02,2,1.203326422638872,0.0,1.0359,0.0,2.247,200000,283275.93634053733,83275.93634053733,1.4163796817026866
2021-10-03,2,1.5343705455778505,0.0,1.0552,0.0,2.251,200000,283275.93634053733,83275.93634053733,1.4163796817026866
2021-10-04,2,1.7809704776950237,0.0,1.0425,0.0,2.191,200000,283275.93634053733,83275.93634053733,1.4163796817026866
2021-10-05,2,1.9779785605549973,0.0,1.0839,0.0,2.233,200000,283275.93634053733,83275.93634053733,1.4163796817026866
2021-10-06,2,1.798859909943388,0.0,1.0765,0.0,2.209,200000,283275.93634053733,83275.93634053733,1.4163796817026866
2021-10-07,0,0.8663367597512575,0.0,1.0678,0.0,2.278,200000,283275.93634053733,83275.93634053733,1.4163796817026866
2021-10-08,1,1.0897179646865458,-133168.45446621723,1.0636,63316.034050187154,2.237,200000,283275.93634053733,83275.93634053733,1.4163796817026866
2021-10-09,2,2.220513855100674,0.0,1.1604,0.0,2.268,200000,294203.8456773114,94203.84567731142,1.471019228386557
2021-10-10,2,2.0587150659433124,0.0,1.1352,0.0,2.189,200000,294203.8456773114,94203.84567731142,1.471019228386557
2021-10-11,2,1.8840365616691228,0.0,1.1364,0.0,2.171,200000,294203.8456773114,94203.84567731142,1.471019228386557
2021-10-12,2,1.5643835290363173,0.0,1.1018,0.0,2.118,200000,294203.8456773114,94203.84567731142,1.471019228386557
2021-10-13,2,1.2672864705207927,0.0,1.1275,0.0,2.19,200000,294203.8456773114,94203.84567731142,1.471019228386557
2021-10-14,2,1.3403382569714375,0.0,1.1336,0.0,2.172,200000,294203.8456773114,94203.84567731142,1.471019228386557
2021-10-15,1,1.059352984337616,-128889.79482927865,1.1413,66321.87684339752,2.218,200000,294203.8456773114,94203.84567731142,1.471019228386557
2021-10-16,1,1.1488221349239158,-128889.79482927865,1.1343,66321.87684339752,2.179,200000,290715.06391661393,90715.06391661393,1.4535753195830696
2021-10-17,1,0.6405808863686961,-128889.79482927865,1.0944,66321.87684339752,2.158,200000,284179.60168921435,84179.60168921435,1.4208980084460718
2021-10-18,1,0.6250748950194358,-128889.79482927865,1.0827,66321.87684339752,2.128,200000,280681.93478440994,80681.93478440994,1.4034096739220496
2021-10-19,1,0.8614926246193185,-128889.79482927865,1.0911,66321.87684339752,2.11,200000,280570.8152777947,80570.81527779473,1.4028540763889736
2021-10-20,1,1.0248150538317018,-128889.79482927865,1.1455,66321.87684339752,2.19,200000,292888.17026397923,92888.17026397923,1.464440851319896
2021-10-21,1,0.35871948840702816,-128889.79482927865,1.0886,66321.87684339752,2.137,200000,282039.28146549326,82039.28146549326,1.4101964073274664
2021-10-22,0,0.051292172766114426,0.0,1.0885,0.0,2.156,200000,291510.42087461613,91510.42087461613,1.4575521043730806
2021-10-23,0,-0.05068814994731652,0.0,1.0934,0.0,2.166,200000,291510.42087461613,91510.42087461613,1.4575521043730806
2021-10-24,0,0.18890436272740002,0.0,1.0821,0.0,2.12,200000,291510.42087461613,91510.42087461613,1.4575521043730806
2021-10-25,0,0.13870345128981967,0.0,1.0951,0.0,2.144,200000,291510.42087461613,91510.42087461613,1.4575521043730806
2021-10-26,0,0.5593502065270337,0.0,1.1075,0.0,2.137,200000,291510.42087461613,91510.42087461613,1.4575521043730806
2021-10-27,0,0.7121607292578291,0.0,0.995,0.0,1.912,200000,291510.42087461613,91510.42087461613,1.4575521043730806
2021-10-28,2,2.3297347646654845,0.0,1.0579,0.0,1.987,200000,291510.42087461613,91510.42087461613,1.4575521043730806
2021-10-29,2,2.3642643812167905,0.0,1.0825,0.0,2.015,200000,291510.42087461613,91510.42087461613,1.4575521043730806
2021-10-30,2,2.9885870068418727,0.0,1.0846,0.0,1.955,200000,291510.42087461613,91510.42087461613,1.4575521043730806
2021-10-31,2,2.8346962819019006,0.0,1.1128,0.0,1.964,200000,291510.42087461613,91510.42087461613,1.4575521043730806
2021-11-01,2,2.025228222637974,0.0,1.0915,0.0,1.949,200000,291510.42087461613,91510.42087461613,1.4575521043730806
2021-11-02,2,2.2988758895630403,0.0,1.1349,0.0,1.971,200000,291510.42087461613,91510.42087461613,1.4575521043730806
2021-11-03,2,2.2479370203573734,0.0,1.2101,0.0,2.063,200000,291510.42087461613,91510.42087461613,1.4575521043730806
2021-11-04,2,2.356003564250661,0.0,1.2004,0.0,1.983,200000,291510.42087461613,91510.42087461613,1.4575521043730806
2021-11-05,2,1.470499271567621,0.0,1.1581,0.0,1.982,200000,291510.42087461613,91510.42087461613,1.4575521043730806
2021-11-06,1,1.041802962953611,-126633.54512363863,1.151,72695.86555476712,2.005,200000,291510.42087461613,91510.42087461613,1.4575521043730806
2021-11-07,2,1.6988739410412739,0.0,1.2198,0.0,2.021,200000,299059.6749302462,99059.6749302462,1.495298374651231
2021-11-08,2,1.4880301051307805,0.0,1.2815,0.0,2.125,200000,299059.6749302462,99059.6749302462,1.495298374651231
2021-11-09,0,0.08326248705200612,0.0,1.2571,0.0,2.27,200000,299059.6749302462,99059.6749302462,1.495298374651231
2021-11-10,0,0.4022815227041988,0.0,1.1902,0.0,2.097,200000,299059.6749302462,99059.6749302462,1.495298374651231
2021-11-11,0,0.7978621109801819,0.0,1.2142,0.0,2.079,200000,299059.6749302462,99059.6749302462,1.495298374651231
2021-11-12,0,0.6329435117544163,0.0,1.1883,0.0,2.045,200000,299059.6749302462,99059.6749302462,1.495298374651231
2021-11-13,0,0.5262958078989026,0.0,1.1892,0.0,2.05,200000,299059.6749302462,99059.6749302462,1.495298374651231
2021-11-14,0,0.5300644688793547,0.0,1.1879,0.0,2.04,200000,299059.6749302462,99059.6749302462,1.495298374651231
2021-11-15,0,0.403945267010937,0.0,1.172,0.0,2.017,200000,299059.6749302462,99059.6749302462,1.495298374651231
2021-11-16,0,0.28826368289582177,0.0,1.0877,0.0,1.874,200000,299059.6749302462,99059.6749302462,1.495298374651231
2021-11-17,0,0.3820912639031438,0.0,1.0953,0.0,1.876,200000,299059.6749302462,99059.6749302462,1.495298374651231
2021-11-18,0,0.21486269855584936,0.0,1.0406,0.0,1.786,200000,299059.6749302462,99059.6749302462,1.495298374651231
2021-11-19,0,0.27330048588231076,0.0,1.0892,0.0,1.863,200000,299059.6749302462,99059.6749302462,1.495298374651231
2021-11-20,0,-0.8258833243566318,0.0,1.0965,0.0,1.922,200000,299059.6749302462,99059.6749302462,1.495298374651231
2021-11-21,0,-0.5017817073259415,0.0,1.0569,0.0,1.835,200000,299059.6749302462,99059.6749302462,1.495298374651231
2021-11-22,0,0.05019806986953425,0.0,1.0354,0.0,1.776,200000,299059.6749302462,99059.6749302462,1.495298374651231
2021-11-23,2,1.8963456019732747,0.0,1.0661,0.0,1.751,200000,299059.6749302462,99059.6749302462,1.495298374651231
2021-11-24,2,2.3860348697003815,0.0,1.0326,0.0,1.666,200000,299059.6749302462,99059.6749302462,1.495298374651231
2021-11-25,2,2.142336827482841,0.0,1.0438,0.0,1.675,200000,299059.6749302462,99059.6749302462,1.495298374651231
2021-11-26,2,1.3714314483947896,0.0,0.9394,0.0,1.533,200000,299059.6749302462,99059.6749302462,1.495298374651231
2021-11-27,2,1.2976039928324081,0.0,0.9452,0.0,1.543,200000,299059.6749302462,99059.6749302462,1.495298374651231
2021-11-28,1,1.010575310863987,-154361.3476464572,0.9687,93807.92814625037,1.594,200000,299059.6749302462,99059.6749302462,1.495298374651231
2021-11-29,2,1.463936828301314,0.0,0.9898,0.0,1.601,200000,301660.0438685627,101660.04386856267,1.5083002193428134
2021-11-30,2,2.308535120906525,0.0,0.9983,0.0,1.554,200000,301660.0438685627,101660.04386856267,1.5083002193428134
2021-12-01,2,1.8428052297743596,0.0,0.9899,0.0,1.548,200000,301660.0438685627,101660.04386856267,1.5083002193428134
2021-12-02,-2,-1.405668498973374,0.0,0.9716,0.0,1.719,200000,301660.0438685627,101660.04386856267,1.5083002193428134
2021-12-03,0,-0.2789142596532146,0.0,0.9211,0.0,1.556,200000,301660.0438685627,101660.04386856267,1.5083002193428134
2021-12-04,0,-0.1760355926742754,0.0,0.8449,0.0,1.42,200000,301660.0438685627,101660.04386856267,1.5083002193428134
2021-12-05,0,-0.682063268530362,0.0,0.8045,0.0,1.378,200000,301660.0438685627,101660.04386856267,1.5083002193428134
2021-12-06,0,-0.7961547426622607,0.0,0.8255,0.0,1.42,200000,301660.0438685627,101660.04386856267,1.5083002193428134
2021-12-07,0,-0.3527249436080514,0.0,0.8154,0.0,1.378,200000,301660.0438685627,101660.04386856267,1.5083002193428134
2021-12-08,0,0.73795556654688,0.0,0.8622,0.0,1.396,200000,301660.0438685627,101660.04386856267,1.5083002193428134
2021-12-09,2,2.3252283951291375,0.0,0.8583,0.0,1.289,200000,301660.0438685627,101660.04386856267,1.5083002193428134
2021-12-10,2,1.8313349591577202,0.0,0.7992,0.0,1.211,200000,301660.0438685627,101660.04386856267,1.5083002193428134
2021-12-11,0,0.2963111803771614,0.0,0.8392,0.0,1.354,200000,301660.0438685627,101660.04386856267,1.5083002193428134
2021-12-12,0,0.37369580727028995,0.0,0.8393,0.0,1.346,200000,301660.0438685627,101660.04386856267,1.5083002193428134
2021-12-13,0,0.9102961583990339,0.0,0.7818,0.0,1.223,200000,301660.0438685627,101660.04386856267,1.5083002193428134
2021-12-14,0,0.883083789616919,0.0,0.8103,0.0,1.266,200000,301660.0438685627,101660.04386856267,1.5083002193428134
2021-12-15,0,0.4970031416965122,0.0,0.8262,0.0,1.311,200000,301660.0438685627,101660.04386856267,1.5083002193428134
2021-12-16,1,1.103887990527576,-187343.21442588663,0.8051,121637.11446313011,1.24,200000,301660.0438685627,101660.04386856267,1.5083002193428134
2021-12-17,1,1.1569058633565867,-187343.21442588663,0.7966,121637.11446313011,1.218,200000,297391.61002775375,97391.61002775375,1.4869580501387687
2021-12-18,2,1.3767232411370645,0.0,0.8262,0.0,1.242,200000,305369.71146402264,105369.71146402264,1.5268485573201132
2021-12-19,2,1.4197612445272674,0.0,0.835,0.0,1.243,200000,305369.71146402264,105369.71146402264,1.5268485573201132
2021-12-20,2,2.1957545447207063,0.0,0.8798,0.0,1.237,200000,305369.71146402264,105369.71146402264,1.5268485573201132
2021-12-21,2,2.355995619162586,0.0,0.9467,0.0,1.28,200000,305369.71146402264,105369.71146402264,1.5268485573201132
2021-12-22,2,1.6905192378607872,0.0,0.9537,0.0,1.327,200000,305369.71146402264,105369.71146402264,1.5268485573201132
2021-12-23,0,0.6227719531814463,0.0,0.9941,0.0,1.475,200000,305369.71146402264,105369.71146402264,1.5268485573201132
2021-12-24,0,0.12366842086532426,0.0,0.9115,0.0,1.392,200000,305369.71146402264,105369.71146402264,1.5268485573201132
2021-12-25,0,-0.3816678786121764,0.0,0.9252,0.0,1.452,200000,305369.71146402264,105369.71146402264,1.5268485573201132
2021-12-26,0,-0.622261554830856,0.0,0.92,0.0,1.455,200000,305369.71146402264,105369.71146402264,1.5268485573201132
2021-12-27,-2,-1.2830045429508277,0.0,0.9269,0.0,1.516,200000,305369.71146402264,105369.71146402264,1.5268485573201132
2021-12-28,-2,-1.338431951051014,0.0,0.8515,0.0,1.4,200000,305369.71146402264,105369.71146402264,1.5268485573201132
2021-12-29,-1,-1.0814570925542628,186861.89662466198,0.8171,-114628.27006907755,1.332,200000,305369.71146402264,105369.71146402264,1.5268485573201132
2021-12-30,-1,-0.9022802150971109,186861.89662466198,0.8386,-114628.27006907755,1.359,200000,312482.20553331793,112482.20553331793,1.5624110276665897
2021-12-31,-1,-0.4630248323522947,186861.89662466198,0.8297,-114628.27006907755,1.308,200000,304973.0928798355,104973.09287983552,1.5248654643991775
2022-01-01,-1,-0.9335600059478469,186861.89662466198,0.8507,-114628.27006907755,1.38,200000,317150.428153927,117150.42815392697,1.5857521407696349
2022-01-02,-1,-0.7123313602381783,186861.89662466198,0.8586,-114628.27006907755,1.377,200000,318282.75232705456,118282.75232705456,1.5914137616352728
2022-01-03,-1,-0.4956962936951019,186861.89662466198,0.8324,-114628.27006907755,1.319,200000,306738.53097148193,106738.53097148193,1.5336926548574097
2022-01-04,-1,-0.5597682536454812,186861.89662466198,0.8228,-114628.27006907755,1.309,200000,303798.3740631944,103798.37406319438,1.518991870315972
2022-01-05,-1,-0.5389921147143758,186861.89662466198,0.7726,-114628.27006907755,1.23,200000,285362.2735171792,85362.27351717919,1.426811367585896
2022-01-06,-1,-0.9671982419580585,186861.89662466198,0.7791,-114628.27006907755,1.28,200000,292308.28934869345,92308.28934869345,1.4615414467434673
2022-01-07,-1,-0.35237017279824556,186861.89662466198,0.7634,-114628.27006907755,1.21,200000,281350.5786668508,81350.57866685081,1.4067528933342541
2022-01-08,-1,-0.30106191805758725,186861.89662466198,0.7452,-114628.27006907755,1.181,200000,274625.4723162787,74625.47231627873,1.3731273615813937
2022-01-09,0,0.12776032838046217,0.0,0.753,0.0,1.17,200000,298777.7792864729,98777.77928647288,1.4938888964323644
2022-01-10,0,0.9102015020764056,0.0,0.7399,0.0,1.123,200000,298777.7792864729,98777.77928647288,1.4938888964323644
2022-01-11,0,0.9831780164249392,0.0,0.7703,0.0,1.187,200000,298777.7792864729,98777.77928647288,1.4938888964323644
2022-01-12,-2,-1.285538202600742,0.0,0.7987,0.0,1.312,200000,298777.7792864729,98777.77928647288,1.4938888964323644
2022-01-13,0,-0.27930291050273226,0.0,0.768,0.0,1.233,200000,298777.7792864729,98777.77928647288,1.4938888964323644
2022-01-14,-2,-1.7506467785498223,0.0,0.7732,0.0,1.292,200000,298777.7792864729,98777.77928647288,1.4938888964323644
2022-01-15,-2,-1.2692882008779574,0.0,0.7791,0.0,1.291,200000,298777.7792864729,98777.77928647288,1.4938888964323644
2022-01-16,-2,-3.0670017254132977,0.0,0.7784,0.0,1.41,200000,298777.7792864729,98777.77928647288,1.4938888964323644
2022-01-17,-2,-3.5171755505494517,0.0,0.7617,0.0,1.603,200000,298777.7792864729,98777.77928647288,1.4938888964323644
2022-01-18,-2,-2.077092900890575,0.0,0.7509,0.0,1.458,200000,298777.7792864729,98777.77928647288,1.4938888964323644
2022-01-19,-1,-1.14262169369909,202396.5447002255,0.7381,-111734.3976389203,1.337,200000,298777.7792864729,98777.77928647288,1.4938888964323644
2022-01-20,-1,-0.6535447228824047,202396.5447002255,0.7199,-111734.3976389203,1.259,200000,286378.879157093,86378.879157093,1.431894395785465
2022-01-21,-1,-0.6647628551035824,202396.5447002255,0.6368,-111734.3976389203,1.12,200000,254028.64502069436,54028.645020694355,1.2701432251034719
2022-01-22,-1,-0.8273324564054009,202396.5447002255,0.5966,-111734.3976389203,1.071,200000,240417.31843943818,40417.31843943818,1.2020865921971908
2022-01-23,-1,-0.7119651242597809,202396.5447002255,0.6283,-111734.3976389203,1.124,200000,252755.2119812981,52755.21198129811,1.2637760599064904
2022-01-24,-1,-0.33716165484606947,202396.5447002255,0.6118,-111734.3976389203,1.065,200000,242823.3395330481,42823.3395330481,1.2141166976652404
2022-01-25,0,0.08287022803014205,0.0,0.618,0.0,1.043,200000,290235.69139912736,90235.69139912736,1.4511784569956367
2022-01-26,0,-0.2575653274791239,0.0,0.6193,0.0,1.077,200000,290235.69139912736,90235.69139912736,1.4511784569956367
2022-01-27,0,-0.008531890068519425,0.0,0.6088,0.0,1.042,200000,290235.69139912736,90235.69139912736,1.4511784569956367
2022-01-28,0,0.019524891112893298,0.0,0.6111,0.0,1.048,200000,290235.69139912736,90235.69139912736,1.4511784569956367
2022-01-29,0,0.09108417394202296,0.0,0.6174,0.0,1.059,200000,290235.69139912736,90235.69139912736,1.4511784569956367
2022-01-30,0,0.15219906661514115,0.0,0.6013,0.0,1.035,200000,290235.69139912736,90235.69139912736,1.4511784569956367
2022-01-31,0,0.46119954333677005,0.0,0.6174,0.0,1.051,200000,290235.69139912736,90235.69139912736,1.4511784569956367
