date,statusList,zscore,XRPUSDT_position,XRPUSDT_price,TRXUSDT_position,TRXUSDT_price,init,total_asset,pnl,return
2020-01-01,0,,0.0,0.19305,0.0,0.01322,200000,200000.0,0.0,1.0
2020-01-02,0,,0.0,0.1875,0.0,0.01284,200000,200000.0,0.0,1.0
2020-01-03,0,,0.0,0.19338,0.0,0.01344,200000,200000.0,0.0,1.0
2020-01-04,0,,0.0,0.19305,0.0,0.01344,200000,200000.0,0.0,1.0
2020-01-05,0,,0.0,0.19453,0.0,0.01353,200000,200000.0,0.0,1.0
2020-01-06,0,,0.0,0.2231,0.0,0.01472,200000,200000.0,0.0,1.0
2020-01-07,0,,0.0,0.21335,0.0,0.01434,200000,200000.0,0.0,1.0
2020-01-08,0,,0.0,0.2075,0.0,0.01402,200000,200000.0,0.0,1.0
2020-01-09,0,,0.0,0.20373,0.0,0.01398,200000,200000.0,0.0,1.0
2020-01-10,0,,0.0,0.21284,0.0,0.01469,200000,200000.0,0.0,1.0
2020-01-11,0,,0.0,0.21121,0.0,0.0146,200000,200000.0,0.0,1.0
2020-01-12,0,,0.0,0.21539,0.0,0.01503,200000,200000.0,0.0,1.0
2020-01-13,0,,0.0,0.21134,0.0,0.01464,200000,200000.0,0.0,1.0
2020-01-14,0,,0.0,0.23464,0.0,0.01677,200000,200000.0,0.0,1.0
2020-01-15,0,,0.0,0.23367,0.0,0.01729,200000,200000.0,0.0,1.0
2020-01-16,0,,0.0,0.229,0.0,0.01734,200000,200000.0,0.0,1.0
2020-01-17,0,,0.0,0.23921,0.0,0.01758,200000,200000.0,0.0,1.0
2020-01-18,0,,0.0,0.24357,0.0,0.01766,200000,200000.0,0.0,1.0
2020-01-19,0,,0.0,0.23558,0.0,0.01665,200000,200000.0,0.0,1.0
2020-01-20,0,-0.5229138258404086,0.0,0.23314,0.0,0.01661,200000,200000.0,0.0,1.0
2020-01-21,-1,-1.1038611398825644,421478.5467419708,0.23726,-5773672.055427252,0.01732,200000,200000.0,0.0,1.0
2020-01-22,-1,-1.144720182501912,421478.5467419708,0.23733,-5773672.055427252,0.01743,200000,200664.60742436897,664.6074243689654,1.003323037121845
2020-01-23,-1,-0.5804959926978172,421478.5467419708,0.22586,-5773672.055427252,0.01628,200000,189190.5256294972,-10809.474370502809,0.9459526281474859
2020-01-24,-1,-1.089667013812483,421478.5467419708,0.22222,-5773672.055427252,0.01639,200000,188291.44764545342,-11708.552354546584,0.9414572382272671
2020-01-25,-1,-0.9093367252639064,421478.5467419708,0.21946,-5773672.055427252,0.01613,200000,185627.0121220345,-14372.987877965497,0.9281350606101725
2020-01-26,-1,-0.5965742095598224,421478.5467419708,0.23131,-5773672.055427252,0.01684,200000,194720.8400602802,-5279.159939719801,0.973604200301401
2020-01-27,-1,-1.0770167470496048,421478.5467419708,0.23077,-5773672.055427252,0.01713,200000,196167.60654111343,-3832.393458886567,0.9808380327055671
2020-01-28,-2,-2.176300424136617,0.0,0.23906,0.0,0.0186,200000,206631.63884681131,6631.638846811315,1.0331581942340566
2020-01-29,-2,-2.262374822067315,0.0,0.23539,0.0,0.01866,200000,206631.63884681131,6631.638846811315,1.0331581942340566
2020-01-30,-2,-2.116781716473533,0.0,0.24376,0.0,0.0195,200000,206631.63884681131,6631.638846811315,1.0331581942340566
2020-01-31,-2,-1.3822485889111633,0.0,0.23946,0.0,0.01867,200000,206631.63884681131,6631.638846811315,1.0331581942340566
2020-02-01,-2,-1.5209728233037094,0.0,0.24141,0.0,0.01907,200000,206631.63884681131,6631.638846811315,1.0331581942340566
2020-02-02,0,-0.555283309642259,0.0,0.25093,0.0,0.01909,200000,206631.63884681131,6631.638846811315,1.0331581942340566
2020-02-03,0,-0.2671524092153837,0.0,0.25453,0.0,0.0192,200000,206631.63884681131,6631.638846811315,1.0331581942340566
2020-02-04,0,0.9772026214122234,0.0,0.26737,0.0,0.01925,200000,206631.63884681131,6631.638846811315,1.0331581942340566
2020-02-05,0,-0.0702553799696652,0.0,0.27774,0.0,0.02076,200000,206631.63884681131,6631.638846811315,1.0331581942340566
2020-02-06,-2,-1.6558151619163253,0.0,0.28325,0.0,0.02271,200000,206631.63884681131,6631.638846811315,1.0331581942340566
2020-02-07,-1,-1.1368665602817978,369605.4785654694,0.27953,-4687650.609047444,0.02204,200000,206631.63884681131,6631.638846811315,1.0331581942340566
2020-02-08,-1,-0.965868595903226,369605.4785654694,0.27735,-4687650.609047444,0.02179,200000,204653.98625127674,4653.986251276743,1.0232699312563838
2020-02-09,-1,-0.7323892459324911,369605.4785654694,0.28257,-4687650.609047444,0.02206,200000,207848.9925138313,7848.992513831297,1.0392449625691564
2020-02-10,-2,-1.5046042882063295,0.0,0.27338,0.0,0.02216,200000,209467.23061307467,9467.230613074673,1.0473361530653733
2020-02-11,-2,-1.2947450236100884,0.0,0.281,0.0,0.02272,200000,209467.23061307467,9467.230613074673,1.0473361530653733
2020-02-12,0,-0.5493285282029694,0.0,0.30427,0.0,0.02393,200000,209467.23061307467,9467.230613074673,1.0473361530653733
2020-02-13,2,1.4118155773535925,0.0,0.32709,0.0,0.02391,200000,209467.23061307467,9467.230613074673,1.0473361530653733
2020-02-14,0,-0.4509276053060736,0.0,0.33594,0.0,0.02639,200000,209467.23061307467,9467.230613074673,1.0473361530653733
2020-02-15,0,0.21428693573839505,0.0,0.30729,0.0,0.02364,200000,209467.23061307467,9467.230613074673,1.0473361530653733
2020-02-16,0,0.6151139618060889,0.0,0.29224,0.0,0.02223,200000,209467.23061307467,9467.230613074673,1.0473361530653733
2020-02-17,0,0.6662180651399789,0.0,0.28736,0.0,0.02179,200000,209467.23061307467,9467.230613074673,1.0473361530653733
2020-02-18,0,0.5968730645147324,0.0,0.29827,0.0,0.02262,200000,209467.23061307467,9467.230613074673,1.0473361530653733
2020-02-19,2,1.4035458885226861,0.0,0.27466,0.0,0.0202,200000,209467.23061307467,9467.230613074673,1.0473361530653733
2020-02-20,2,1.4199312463139542,0.0,0.2709,0.0,0.0198,200000,209467.23061307467,9467.230613074673,1.0473361530653733
2020-02-21,1,1.1192138829742053,-381988.530551234,0.27418,5195119.806871891,0.02016,200000,209467.23061307467,9467.230613074673,1.0473361530653733
2020-02-22,2,1.2572076452469445,0.0,0.27468,0.0,0.02002,200000,210385.54165131232,10385.54165131232,1.0519277082565617
2020-02-23,0,0.3244631818886471,0.0,0.28298,0.0,0.02133,200000,210385.54165131232,10385.54165131232,1.0519277082565617
2020-02-24,1,1.08728070489326,-389026.5193256515,0.2704,5291386.862457554,0.01988,200000,210385.54165131232,10385.54165131232,1.0519277082565617
2020-02-25,1,0.5139633723970121,-389026.5193256515,0.25209,5291386.862457554,0.01891,200000,198129.82082587585,-1870.1791741241468,0.9906491041293792
2020-02-26,2,1.7324749047799444,0.0,0.22915,0.0,0.01636,200000,212963.87948497979,12963.879484979785,1.064819397424899
2020-02-27,2,1.5553430966802988,0.0,0.2385,0.0,0.01701,200000,212963.87948497979,12963.879484979785,1.064819397424899
2020-02-28,1,1.0779771502042654,-449993.40634108055,0.23663,6227014.020028649,0.0171,200000,212963.87948497979,12963.879484979785,1.064819397424899
2020-02-29,1,1.0678931847748716,-449993.40634108055,0.22892,6227014.020028649,0.01648,200000,205633.6816296723,5633.681629672297,1.0281684081483615
2020-03-01,1,0.8546429505749253,-449993.40634108055,0.22696,6227014.020028649,0.01643,200000,204440.34385224234,4440.3438522423385,1.0222017192612116
2020-03-02,1,0.3541147877981135,-449993.40634108055,0.23958,6227014.020028649,0.01759,200000,217342.59690350003,17342.59690350003,1.0867129845175
2020-03-03,1,0.20550775387064074,-449993.40634108055,0.23428,6227014.020028649,0.01723,200000,212715.90680268197,12715.906802681973,1.0635795340134098
2020-03-04,0,-0.8019416222423462,0.0,0.23453,0.0,0.01774,200000,208033.60435884522,8033.604358845216,1.0401680217942262
2020-03-05,0,-0.559204419390254,0.0,0.23909,0.0,0.01789,200000,208033.60435884522,8033.604358845216,1.0401680217942262
2020-03-06,0,-0.7080889173242372,0.0,0.24477,0.0,0.01833,200000,208033.60435884522,8033.604358845216,1.0401680217942262
2020-03-07,1,1.1436482803889072,-440338.67657024215,0.23622,6122236.738047239,0.01699,200000,208033.60435884522,8033.604358845216,1.0401680217942262
2020-03-08,1,1.0838907389549701,-440338.67657024215,0.20385,6122236.738047239,0.01465,200000,179453.8074312359,-20546.19256876409,0.8972690371561796
2020-03-09,1,1.0566917685898143,-440338.67657024215,0.20952,6122236.738047239,0.01504,200000,184338.20005522761,-15661.799944772385,0.921691000276138
2020-03-10,2,1.3596932851076209,0.0,0.21185,0.0,0.01508,200000,208996.02298049862,8996.022980498616,1.044980114902493
2020-03-11,1,1.0094070820652756,-502080.48570724693,0.20813,7017999.42849223,0.01489,200000,208996.02298049862,8996.022980498616,1.044980114902493
2020-03-12,2,3.787632067384796,0.0,0.13549,0.0,0.00841,200000,218001.53279535385,18001.53279535385,1.0900076639767693
2020-03-13,2,2.1616865796862195,0.0,0.15872,0.0,0.01029,200000,218001.53279535385,18001.53279535385,1.0900076639767693
2020-03-14,2,1.377321186306511,0.0,0.14588,0.0,0.00973,200000,218001.53279535385,18001.53279535385,1.0900076639767693
2020-03-15,1,1.1506803730674298,-712050.9955427027,0.15308,10623856.374042585,0.01026,200000,218001.53279535385,18001.53279535385,1.0900076639767693
2020-03-16,1,0.7390453126982184,-712050.9955427027,0.14102,10623856.374042585,0.00961,200000,202508.6911459812,2508.6911459811963,1.012543455729906
2020-03-17,1,0.6731102769716242,-712050.9955427027,0.14694,10623856.374042585,0.01002,200000,211079.81415295144,11079.81415295144,1.0553990707647571
2020-03-18,1,0.3449535075959548,-712050.9955427027,0.1476,10623856.374042585,0.01022,200000,213674.53908481816,13674.539084818156,1.0683726954240909
2020-03-19,0,-0.0645773903801354,0.0,0.1646,0.0,0.01163,200000,211649.67703156744,11649.677031567437,1.0582483851578373
2020-03-20,0,-0.3733013749554247,0.0,0.15695,0.0,0.01127,200000,211649.67703156744,11649.677031567437,1.0582483851578373
2020-03-21,0,-0.20200149228974537,0.0,0.15797,0.0,0.01123,200000,211649.67703156744,11649.677031567437,1.0582483851578373
2020-03-22,0,0.13018825649232518,0.0,0.14776,0.0,0.0103,200000,211649.67703156744,11649.677031567437,1.0582483851578373
2020-03-23,0,-0.458193549149061,0.0,0.15854,0.0,0.01137,200000,211649.67703156744,11649.677031567437,1.0582483851578373
2020-03-24,0,-0.32406335677636167,0.0,0.16225,0.0,0.01151,200000,211649.67703156744,11649.677031567437,1.0582483851578373
2020-03-25,0,-0.2528771628739548,0.0,0.16168,0.0,0.01139,200000,211649.67703156744,11649.677031567437,1.0582483851578373
2020-03-26,0,0.48915595625474845,0.0,0.17593,0.0,0.01196,200000,211649.67703156744,11649.677031567437,1.0582483851578373
2020-03-27,2,1.478726704098512,0.0,0.17269,0.0,0.01121,200000,211649.67703156744,11649.677031567437,1.0582483851578373
2020-03-28,2,1.3193161195218812,0.0,0.17543,0.0,0.01139,200000,211649.67703156744,11649.677031567437,1.0582483851578373
2020-03-29,1,1.0041774100214238,-650109.5866555087,0.16278,9927283.162831495,0.01066,200000,211649.67703156744,11649.677031567437,1.0582483851578373
2020-03-30,1,0.424358547027452,-650109.5866555087,0.17112,9927283.162831495,0.01145,200000,224914.14468291128,24914.144682911283,1.1245707234145563
2020-03-31,1,0.4420492475928564,-650109.5866555087,0.17353,9927283.162831495,0.01157,200000,227672.18276629082,27672.182766290818,1.138360913831454
2020-04-01,1,0.8270717531416237,-650109.5866555087,0.17494,9927283.162831495,0.01158,200000,228688.11011510342,28688.110115103424,1.1434405505755172
2020-04-02,1,0.512354573689368,-650109.5866555087,0.17828,9927283.162831495,0.01196,200000,234631.84373640874,34631.843736408744,1.1731592186820436
2020-04-03,1,0.7793122392405272,-650109.5866555087,0.17957,9927283.162831495,0.01194,200000,235271.93943993776,35271.93943993776,1.1763596971996888
2020-04-04,1,0.9338986276317442,-650109.5866555087,0.18114,9927283.162831495,0.01197,200000,236590.42998587183,36590.42998587183,1.1829521499293592
2020-04-05,0,-0.7764175275014904,0.0,0.17925,0.0,0.01257,200000,203395.8710827755,3395.8710827754985,1.0169793554138775
2020-04-06,0,-0.4649982135133324,0.0,0.19803,0.0,0.01375,200000,203395.8710827755,3395.8710827754985,1.0169793554138775
2020-04-07,0,-0.2778633247309453,0.0,0.19285,0.0,0.0133,200000,203395.8710827755,3395.8710827754985,1.0169793554138775
2020-04-08,0,0.01645509777103299,0.0,0.20192,0.0,0.01376,200000,203395.8710827755,3395.8710827754985,1.0169793554138775
2020-04-09,0,0.0774323605255598,0.0,0.19829,0.0,0.01345,200000,203395.8710827755,3395.8710827754985,1.0169793554138775
2020-04-10,0,0.6264470763359771,0.0,0.18758,0.0,0.01248,200000,203395.8710827755,3395.8710827754985,1.0169793554138775
2020-04-11,0,0.6638160721069772,0.0,0.1885,0.0,0.0125,200000,203395.8710827755,3395.8710827754985,1.0169793554138775
2020-04-12,0,0.3027040474030569,0.0,0.18939,0.0,0.01266,200000,203395.8710827755,3395.8710827754985,1.0169793554138775
2020-04-13,0,0.12340027791994629,0.0,0.18763,0.0,0.01257,200000,203395.8710827755,3395.8710827754985,1.0169793554138775
2020-04-14,0,0.0925369073141713,0.0,0.18613,0.0,0.01245,200000,203395.8710827755,3395.8710827754985,1.0169793554138775
2020-04-15,0,-0.39863672851911536,0.0,0.1805,0.0,0.01219,200000,203395.8710827755,3395.8710827754985,1.0169793554138775
2020-04-16,0,-0.8939975658213124,0.0,0.19053,0.0,0.01302,200000,203395.8710827755,3395.8710827754985,1.0169793554138775
2020-04-17,0,-0.8218575660143252,0.0,0.18863,0.0,0.01289,200000,203395.8710827755,3395.8710827754985,1.0169793554138775
2020-04-18,0,-0.8841410582796746,0.0,0.19544,0.0,0.01339,200000,203395.8710827755,3395.8710827754985,1.0169793554138775
2020-04-19,0,-0.5991978806606272,0.0,0.18901,0.0,0.0129,200000,203395.8710827755,3395.8710827754985,1.0169793554138775
2020-04-20,0,-0.5878151215427612,0.0,0.18151,0.0,0.0124,200000,203395.8710827755,3395.8710827754985,1.0169793554138775
2020-04-21,0,-0.3294350369630549,0.0,0.18341,0.0,0.01249,200000,203395.8710827755,3395.8710827754985,1.0169793554138775
2020-04-22,-1,-1.0531949000274443,540831.395136076,0.18804,-7834971.92152448,0.01298,200000,203395.8710827755,3395.8710827754985,1.0169793554138775
2020-04-23,-2,-2.0622016131431575,0.0,0.1926,0.0,0.01361,200000,205865.71223151544,5865.712231515441,1.0293285611575773
2020-04-24,-2,-2.4942453312785067,0.0,0.19325,0.0,0.01392,200000,205865.71223151544,5865.712231515441,1.0293285611575773
2020-04-25,-2,-2.1252333858533086,0.0,0.19418,0.0,0.01396,200000,205865.71223151544,5865.712231515441,1.0293285611575773
2020-04-26,-2,-2.1644781514057048,0.0,0.19618,0.0,0.01426,200000,205865.71223151544,5865.712231515441,1.0293285611575773
2020-04-27,-2,-2.1302284852846447,0.0,0.19747,0.0,0.01452,200000,205865.71223151544,5865.712231515441,1.0293285611575773
2020-04-28,-1,-1.0794683872177662,480635.3012502695,0.21416,-6736443.463073149,0.01528,200000,205865.71223151544,5865.712231515441,1.0293285611575773
2020-04-29,-1,-1.1137499582264019,480635.3012502695,0.22648,-6736443.463073149,0.01624,200000,218254.12486746899,18254.124867468985,1.091270624337345
2020-04-30,-1,-1.0724575481374816,480635.3012502695,0.21135,-6736443.463073149,0.01519,200000,203908.84712332563,3908.8471233256278,1.0195442356166282
2020-05-01,-2,-1.2412852002290609,0.0,0.21786,0.0,0.01581,200000,207657.6766523182,7657.676652318187,1.038288383261591
2020-05-02,-2,-1.3198280278368535,0.0,0.22369,0.0,0.01635,200000,207657.6766523182,7657.676652318187,1.038288383261591
2020-05-03,-1,-1.130128438653134,473326.2141053934,0.21936,-6493360.7458511,0.01599,200000,207657.6766523182,7657.676652318187,1.038288383261591
2020-05-04,-2,-1.6348808891488413,0.0,0.21776,0.0,0.01623,200000,209973.4051738911,9973.405173891108,1.0498670258694556
2020-05-05,-1,-1.038093884423211,484077.3819021835,0.21688,-6602937.269619217,0.0159,200000,209973.4051738911,9973.405173891108,1.0498670258694556
2020-05-06,-1,-0.9963270255668545,484077.3819021835,0.21158,-6602937.269619217,0.01554,200000,205030.73763274663,5030.737632746634,1.025153688163733
2020-05-07,-1,-0.8560288944443365,484077.3819021835,0.21862,-6602937.269619217,0.01603,200000,211674.0816634514,11674.08166345139,1.058370408317257
2020-05-08,-2,-1.2315935870103623,0.0,0.21865,0.0,0.01627,200000,211559.67499768332,11559.674997683323,1.0577983749884166
2020-05-09,-1,-1.1218249271770677,488771.0816876521,0.21642,-6574259.633240625,0.01609,200000,211559.67499768332,11559.674997683323,1.0577983749884166
2020-05-10,0,-0.03363319297835255,0.0,0.19702,0.0,0.01426,200000,209010.93885359343,9010.938853593427,1.045054694267967
2020-05-11,0,-0.035574822268756724,0.0,0.19254,0.0,0.01398,200000,209010.93885359343,9010.938853593427,1.045054694267967
2020-05-12,0,-0.9435803311750424,0.0,0.19711,0.0,0.01455,200000,209010.93885359343,9010.938853593427,1.045054694267967
2020-05-13,-2,-1.4023117004177892,0.0,0.20177,0.0,0.01501,200000,209010.93885359343,9010.938853593427,1.045054694267967
2020-05-14,-2,-1.6656275728125451,0.0,0.20386,0.0,0.01527,200000,209010.93885359343,9010.938853593427,1.045054694267967
2020-05-15,-2,-1.6195526361815331,0.0,0.19818,0.0,0.01488,200000,209010.93885359343,9010.938853593427,1.045054694267967
2020-05-16,-2,-1.3504512640564115,0.0,0.19969,0.0,0.01497,200000,209010.93885359343,9010.938853593427,1.045054694267967
2020-05-17,0,-0.8987144331902505,0.0,0.20131,0.0,0.015,200000,209010.93885359343,9010.938853593427,1.045054694267967
2020-05-18,-1,-1.0824733568029947,508715.7154592645,0.20543,-6799314.861860554,0.01537,200000,209010.93885359343,9010.938853593427,1.045054694267967
2020-05-19,-2,-1.7572272307573733,0.0,0.20496,0.0,0.01553,200000,210337.92561775696,10337.925617756962,1.0516896280887849
2020-05-20,0,-0.3814191732164316,0.0,0.20179,0.0,0.015,200000,210337.92561775696,10337.925617756962,1.0516896280887849
2020-05-21,0,0.9469878328485136,0.0,0.19434,0.0,0.01421,200000,210337.92561775696,10337.925617756962,1.0516896280887849
2020-05-22,0,-0.03565189139703925,0.0,0.20034,0.0,0.01484,200000,210337.92561775696,10337.925617756962,1.0516896280887849
2020-05-23,-1,-1.1778501866196065,528939.1078251696,0.19883,-7030010.882946423,0.01496,200000,210337.92561775696,10337.925617756962,1.0516896280887849
2020-05-24,0,0.36393953010859087,0.0,0.19256,0.0,0.01421,200000,208381.86566161097,8381.865661610966,1.041909328308055
2020-05-25,0,-0.886649994020936,0.0,0.19622,0.0,0.01472,200000,208381.86566161097,8381.865661610966,1.041909328308055
2020-05-26,-1,-1.0404044318173173,537842.9322259213,0.19372,-7146154.51514441,0.01458,200000,208381.86566161097,8381.865661610966,1.041909328308055
2020-05-27,0,0.0792911958625654,0.0,0.19791,0.0,0.0147,200000,206985.84231740166,6985.842317401664,1.0349292115870083
2020-05-28,-1,-1.1763148923080011,516122.68680780387,0.20052,-6835727.949716039,0.01514,200000,206985.84231740166,6985.842317401664,1.0349292115870083
2020-05-29,-2,-1.4334383368846733,0.0,0.19759,0.0,0.015,200000,207541.0798767883,7541.07987678831,1.0377053993839416
2020-05-30,-2,-3.1834205231392696,0.0,0.20701,0.0,0.01638,200000,207541.0798767883,7541.07987678831,1.0377053993839416
2020-05-31,-2,-2.156441741129141,0.0,0.20245,0.0,0.01582,200000,207541.0798767883,7541.07987678831,1.0377053993839416
2020-06-01,-2,-2.8355228269207635,0.0,0.211,0.0,0.01707,200000,207541.0798767883,7541.07987678831,1.0377053993839416
2020-06-02,-2,-2.197317014245847,0.0,0.20301,0.0,0.01637,200000,207541.0798767883,7541.07987678831,1.0377053993839416
2020-06-03,-2,-2.4167439591243896,0.0,0.2041,0.0,0.01691,200000,207541.0798767883,7541.07987678831,1.0377053993839416
2020-06-04,-2,-1.9557030835922178,0.0,0.20427,0.0,0.01687,200000,207541.0798767883,7541.07987678831,1.0377053993839416
2020-06-05,-2,-1.8039717214476172,0.0,0.20274,0.0,0.01685,200000,207541.0798767883,7541.07987678831,1.0377053993839416
2020-06-06,-2,-1.695714873370969,0.0,0.20361,0.0,0.01704,200000,207541.0798767883,7541.07987678831,1.0377053993839416
2020-06-07,-2,-2.3823678267872292,0.0,0.20329,0.0,0.0182,200000,207541.0798767883,7541.07987678831,1.0377053993839416
2020-06-08,-2,-1.7916580692130755,0.0,0.20403,0.0,0.01794,200000,207541.0798767883,7541.07987678831,1.0377053993839416
2020-06-09,-2,-1.4700201204453567,0.0,0.20127,0.0,0.01754,200000,207541.0798767883,7541.07987678831,1.0377053993839416
2020-06-10,-2,-1.2852591732108483,0.0,0.20266,0.0,0.0176,200000,207541.0798767883,7541.07987678831,1.0377053993839416
2020-06-11,0,-0.6448523117890292,0.0,0.18817,0.0,0.01573,200000,207541.0798767883,7541.07987678831,1.0377053993839416
2020-06-12,0,-0.8392628618910413,0.0,0.19307,0.0,0.01644,200000,207541.0798767883,7541.07987678831,1.0377053993839416
2020-06-13,-1,-1.0265107527055197,539516.1689632637,0.19234,-6221255.391990057,0.01668,200000,207541.0798767883,7541.07987678831,1.0377053993839416
2020-06-14,-1,-0.6217275344551737,539516.1689632637,0.19022,-6221255.391990057,0.01616,200000,203162.25279475137,3162.2527947513736,1.0158112639737569
2020-06-15,-1,-0.2454707111808905,539516.1689632637,0.19238,-6221255.391990057,0.01606,200000,203705.482180513,3705.482180513005,1.018527410902565
2020-06-16,-1,-0.2359818473590146,539516.1689632637,0.19238,-6221255.391990057,0.01613,200000,204140.97005795228,4140.970057952276,1.0207048502897613
2020-06-17,0,-0.1594420047951049,0.0,0.19315,0.0,0.01621,200000,204180.0817456927,4180.081745692703,1.0209004087284634
2020-06-18,0,-0.20303627769363133,0.0,0.18975,0.0,0.01602,200000,204180.0817456927,4180.081745692703,1.0209004087284634
2020-06-19,0,-0.21749948187827078,0.0,0.18722,0.0,0.01586,200000,204180.0817456927,4180.081745692703,1.0209004087284634
2020-06-20,0,-0.21890496774301446,0.0,0.18792,0.0,0.01597,200000,204180.0817456927,4180.081745692703,1.0209004087284634
2020-06-21,0,-0.16273545036928008,0.0,0.18602,0.0,0.01582,200000,204180.0817456927,4180.081745692703,1.0209004087284634
2020-06-22,0,-0.8199651545850992,0.0,0.18928,0.0,0.01638,200000,204180.0817456927,4180.081745692703,1.0209004087284634
2020-06-23,-1,-1.1301429499948528,540473.5077179647,0.18889,-6187275.20441493,0.0165,200000,204180.0817456927,4180.081745692703,1.0209004087284634
2020-06-24,-1,-0.7711167986149302,540473.5077179647,0.18348,-6187275.20441493,0.01593,200000,197729.373202422,-2270.6267975780065,0.9886468660121099
2020-06-25,-1,-1.081566557827888,540473.5077179647,0.18156,-6187275.20441493,0.0159,200000,196506.04581147106,-3493.9541885289364,0.9825302290573553
2020-06-26,-1,-0.6007358772245589,540473.5077179647,0.18249,-6187275.20441493,0.01585,200000,196699.32241342805,-3300.6775865719537,0.9834966120671402
2020-06-27,-2,-1.5147389663924298,0.0,0.17509,0.0,0.01544,200000,205080.1044355208,5080.1044355208,1.025400522177604
2020-06-28,-2,-1.9299569988565237,0.0,0.17693,0.0,0.01577,200000,205080.1044355208,5080.1044355208,1.025400522177604
2020-06-29,-2,-2.49224280847949,0.0,0.17726,0.0,0.01619,200000,205080.1044355208,5080.1044355208,1.025400522177604
2020-06-30,-2,-2.563579102270099,0.0,0.17533,0.0,0.01636,200000,205080.1044355208,5080.1044355208,1.025400522177604
2020-07-01,-2,-2.553441407471593,0.0,0.17647,0.0,0.01686,200000,205080.1044355208,5080.1044355208,1.025400522177604
2020-07-02,-2,-1.9848902897633056,0.0,0.17477,0.0,0.01658,200000,205080.1044355208,5080.1044355208,1.025400522177604
2020-07-03,-2,-1.6199107779764519,0.0,0.1762,0.0,0.01662,200000,205080.1044355208,5080.1044355208,1.025400522177604
2020-07-04,-2,-1.4587522019543029,0.0,0.17808,0.0,0.01682,200000,205080.1044355208,5080.1044355208,1.025400522177604
2020-07-05,-2,-1.4837827992972603,0.0,0.17695,0.0,0.01688,200000,205080.1044355208,5080.1044355208,1.025400522177604
2020-07-06,-2,-1.3507901292379496,0.0,0.18875,0.0,0.01802,200000,205080.1044355208,5080.1044355208,1.025400522177604
2020-07-07,0,-0.7346125199356613,0.0,0.18508,0.0,0.0172,200000,205080.1044355208,5080.1044355208,1.025400522177604
2020-07-08,0,0.7179738995178903,0.0,0.20551,0.0,0.01791,200000,205080.1044355208,5080.1044355208,1.025400522177604
2020-07-09,0,-0.3372772313769139,0.0,0.20263,0.0,0.01856,200000,205080.1044355208,5080.1044355208,1.025400522177604
2020-07-10,0,-0.11212453449937836,0.0,0.19909,0.0,0.01812,200000,205080.1044355208,5080.1044355208,1.025400522177604
2020-07-11,0,-0.1204085628518157,0.0,0.2011,0.0,0.01837,200000,205080.1044355208,5080.1044355208,1.025400522177604
2020-07-12,0,0.25954275257572695,0.0,0.20128,0.0,0.01818,200000,205080.1044355208,5080.1044355208,1.025400522177604
2020-07-13,0,0.9261529775605905,0.0,0.19867,0.0,0.01756,200000,205080.1044355208,5080.1044355208,1.025400522177604
2020-07-14,0,0.9035570694621774,0.0,0.19909,0.0,0.01765,200000,205080.1044355208,5080.1044355208,1.025400522177604
2020-07-15,0,0.8003366727850555,0.0,0.19721,0.0,0.01757,200000,205080.1044355208,5080.1044355208,1.025400522177604
2020-07-16,1,1.1759084532339934,-527360.8939403435,0.19444,5975527.518517505,0.01716,200000,205080.1044355208,5080.1044355208,1.025400522177604
2020-07-17,1,1.155917777829204,-527360.8939403435,0.1944,5975527.518517505,0.01717,200000,205118.76527494835,5118.765274948353,1.0255938263747417
2020-07-18,2,1.5023930067495628,0.0,0.1999,0.0,0.01742,200000,206405.85776162051,6405.857761620515,1.0320292888081026
2020-07-19,1,1.1379039968483198,-517152.3796392577,0.19956,5887217.848306347,0.01753,200000,206405.85776162051,6405.857761620515,1.0320292888081026
2020-07-20,1,0.930353477597142,-517152.3796392577,0.19465,5887217.848306347,0.01716,200000,201688.36897371843,1688.3689737184322,1.0084418448685921
2020-07-21,1,0.7903032564918128,-517152.3796392577,0.19949,5887217.848306347,0.01762,200000,206899.50670139334,6899.506701393344,1.0344975335069668
2020-07-22,1,0.7666627563233692,-517152.3796392577,0.20348,5887217.848306347,0.01794,200000,210846.854407612,10846.854407612002,1.05423427203806
2020-07-23,2,1.4714821138489635,0.0,0.20851,0.0,0.01792,200000,208738.35659855243,8738.356598552433,1.043691782992762
2020-07-24,0,0.6079153371858157,0.0,0.20392,0.0,0.01794,200000,208738.35659855243,8738.356598552433,1.043691782992762
2020-07-25,0,0.767507301733331,0.0,0.21463,0.0,0.01877,200000,208738.35659855243,8738.356598552433,1.043691782992762
2020-07-26,2,1.5005836096481027,0.0,0.21532,0.0,0.01852,200000,208738.35659855243,8738.356598552433,1.043691782992762
2020-07-27,2,2.5915275049534827,0.0,0.22437,0.0,0.01872,200000,208738.35659855243,8738.356598552433,1.043691782992762
2020-07-28,2,2.300147464388572,0.0,0.23029,0.0,0.01912,200000,208738.35659855243,8738.356598552433,1.043691782992762
2020-07-29,2,3.102427069208559,0.0,0.24327,0.0,0.01915,200000,208738.35659855243,8738.356598552433,1.043691782992762
2020-07-30,2,2.4916354533594087,0.0,0.24408,0.0,0.01917,200000,208738.35659855243,8738.356598552433,1.043691782992762
2020-07-31,2,2.6284452298428054,0.0,0.25939,0.0,0.01968,200000,208738.35659855243,8738.356598552433,1.043691782992762
2020-08-01,2,3.01073207716127,0.0,0.29089,0.0,0.02046,200000,208738.35659855243,8738.356598552433,1.043691782992762
2020-08-02,2,2.883432908530356,0.0,0.28803,0.0,0.01907,200000,208738.35659855243,8738.356598552433,1.043691782992762
2020-08-03,2,2.5522364873572374,0.0,0.31016,0.0,0.01987,200000,208738.35659855243,8738.356598552433,1.043691782992762
2020-08-04,2,1.675343385788089,0.0,0.30138,0.0,0.02039,200000,208738.35659855243,8738.356598552433,1.043691782992762
2020-08-05,2,1.5367888763299802,0.0,0.30228,0.0,0.02031,200000,208738.35659855243,8738.356598552433,1.043691782992762
2020-08-06,2,1.4274754889873287,0.0,0.30311,0.0,0.02022,200000,208738.35659855243,8738.356598552433,1.043691782992762
2020-08-07,1,1.1786929726486695,-354551.0014582879,0.29437,5249958.666965605,0.01988,200000,208738.35659855243,8738.356598552433,1.043691782992762
2020-08-08,1,0.8530372231311376,-354551.0014582879,0.29527,5249958.666965605,0.02046,200000,212102.42852670493,12102.428526704927,1.0605121426335247
2020-08-09,1,0.5584289269518757,-354551.0014582879,0.2879,5249958.666965605,0.02045,200000,209436.88805928768,9436.888059287681,1.0471844402964383
2020-08-10,1,0.2677473734559984,-354551.0014582879,0.29469,5249958.666965605,0.02146,200000,217146.74761282472,17146.74761282472,1.0857337380641237
2020-08-11,1,0.4327299815946209,-354551.0014582879,0.2831,5249958.666965605,0.0201,200000,205897.55771884997,5897.557718849974,1.02948778859425
2020-08-12,1,0.29188962721998424,-354551.0014582879,0.28233,5249958.666965605,0.02019,200000,206097.04972775397,6097.049727753969,1.03048524863877
2020-08-13,0,-0.4244654821715494,0.0,0.2942,0.0,0.02238,200000,195553.18626089048,-4446.813739109522,0.9777659313044524
2020-08-14,-2,-1.3163244554895583,0.0,0.29995,0.0,0.02471,200000,195553.18626089048,-4446.813739109522,0.9777659313044524
2020-08-15,-2,-1.6068259209952267,0.0,0.29884,0.0,0.02526,200000,195553.18626089048,-4446.813739109522,0.9777659313044524
2020-08-16,-2,-2.22152990056057,0.0,0.30455,0.0,0.02824,200000,195553.18626089048,-4446.813739109522,0.9777659313044524
2020-08-17,-2,-2.2034350766990696,0.0,0.31539,0.0,0.03036,200000,195553.18626089048,-4446.813739109522,0.9777659313044524
2020-08-18,-2,-1.851272161441602,0.0,0.30251,0.0,0.02875,200000,195553.18626089048,-4446.813739109522,0.9777659313044524
2020-08-19,-2,-1.4482899371641824,0.0,0.28975,0.0,0.02648,200000,195553.18626089048,-4446.813739109522,0.9777659313044524
2020-08-20,-2,-1.4584420142788783,0.0,0.29218,0.0,0.02746,200000,195553.18626089048,-4446.813739109522,0.9777659313044524
2020-08-21,0,-0.8807597717789846,0.0,0.27933,0.0,0.02425,200000,195553.18626089048,-4446.813739109522,0.9777659313044524
2020-08-22,0,-0.8646914452013653,0.0,0.28592,0.0,0.02512,200000,195553.18626089048,-4446.813739109522,0.9777659313044524
2020-08-23,0,-0.6136414649871886,0.0,0.2848,0.0,0.02435,200000,195553.18626089048,-4446.813739109522,0.9777659313044524
2020-08-24,0,-0.6573127651847298,0.0,0.2884,0.0,0.0251,200000,195553.18626089048,-4446.813739109522,0.9777659313044524
2020-08-25,0,-0.26557442613837734,0.0,0.27625,0.0,0.02299,200000,195553.18626089048,-4446.813739109522,0.9777659313044524
2020-08-26,0,-0.40937115503342275,0.0,0.27653,0.0,0.02369,200000,195553.18626089048,-4446.813739109522,0.9777659313044524
2020-08-27,0,-0.4718133938971407,0.0,0.26469,0.0,0.02307,200000,195553.18626089048,-4446.813739109522,0.9777659313044524
2020-08-28,0,-0.48178691079923186,0.0,0.27174,0.0,0.02392,200000,195553.18626089048,-4446.813739109522,0.9777659313044524
2020-08-29,0,-0.7137089265435742,0.0,0.2738,0.0,0.02491,200000,195553.18626089048,-4446.813739109522,0.9777659313044524
2020-08-30,-1,-1.0716388235336196,345475.9138239179,0.28302,-3626728.2318414403,0.02696,200000,195553.1862608905,-4446.813739109493,0.9777659313044526
2020-08-31,-2,-1.812308190907721,0.0,0.28115,0.0,0.02917,200000,204214.29561211079,4214.295612110785,1.0210714780605539
2020-09-01,-2,-2.666675341472195,0.0,0.29521,0.0,0.03466,200000,204214.29561211079,4214.295612110785,1.0210714780605539
2020-09-02,-2,-2.629550563557178,0.0,0.27595,0.0,0.03449,200000,204214.29561211079,4214.295612110785,1.0210714780605539
2020-09-03,-2,-3.003022794528295,0.0,0.24409,0.0,0.03996,200000,204214.29561211079,4214.295612110785,1.0210714780605539
2020-09-04,-2,-1.9473187402181034,0.0,0.25385,0.0,0.03552,200000,204214.29561211079,4214.295612110785,1.0210714780605539
2020-09-05,-2,-1.3098686831203974,0.0,0.23738,0.0,0.02988,200000,204214.29561211079,4214.295612110785,1.0210714780605539
2020-09-06,-2,-1.338892121647167,0.0,0.23986,0.0,0.03142,200000,204214.29561211079,4214.295612110785,1.0210714780605539
2020-09-07,-2,-1.294613606096211,0.0,0.24198,0.0,0.03249,200000,204214.29561211079,4214.295612110785,1.0210714780605539
2020-09-08,-2,-1.4788812061614938,0.0,0.23657,0.0,0.03518,200000,204214.29561211079,4214.295612110785,1.0210714780605539
2020-09-09,-1,-1.1919210341606266,427208.68501759507,0.23901,-3005803.5856948895,0.03397,200000,204214.29561211079,4214.295612110785,1.0210714780605539
2020-09-10,-1,-0.9346491858227141,427208.68501759507,0.24302,-3005803.5856948895,0.03299,200000,202981.7149250504,2981.7149250503862,1.014908574625252
2020-09-11,-1,-0.900983351791183,427208.68501759507,0.24252,-3005803.5856948895,0.0335,200000,204301.07041124598,4301.070411245979,1.0215053520562298
2020-09-12,-1,-0.6652512844420762,427208.68501759507,0.24752,-3005803.5856948895,0.03272,200000,204092.58703949192,4092.5870394919184,1.0204629351974597
2020-09-13,-1,-0.42521077033544896,427208.68501759507,0.24218,-3005803.5856948895,0.03065,200000,195589.27923910954,-4410.720760890457,0.9779463961955477
2020-09-14,-1,-0.24845042890798824,427208.68501759507,0.24564,-3005803.5856948895,0.03039,200000,196285.91235698975,-3714.0876430102508,0.9814295617849488
2020-09-15,0,0.22505588104452304,0.0,0.24331,0.0,0.02788,200000,184071.95442965324,-15928.04557034676,0.9203597721482661
2020-09-16,0,0.7619412232566647,0.0,0.24686,0.0,0.02639,200000,184071.95442965324,-15928.04557034676,0.9203597721482661
2020-09-17,0,0.6572391313873874,0.0,0.25214,0.0,0.02813,200000,184071.95442965324,-15928.04557034676,0.9203597721482661
2020-09-18,0,0.5678875456724128,0.0,0.25065,0.0,0.02905,200000,184071.95442965324,-15928.04557034676,0.9203597721482661
2020-09-19,2,1.2086671773030633,0.0,0.25112,0.0,0.02768,200000,184071.95442965324,-15928.04557034676,0.9203597721482661
2020-09-20,2,1.3815127894796335,0.0,0.24652,0.0,0.02694,200000,184071.95442965324,-15928.04557034676,0.9203597721482661
2020-09-21,2,1.4152247882024194,0.0,0.23102,0.0,0.0249,200000,184071.95442965324,-15928.04557034676,0.9203597721482661
2020-09-22,2,1.3246309968355703,0.0,0.23302,0.0,0.02499,200000,184071.95442965324,-15928.04557034676,0.9203597721482661
2020-09-23,0,0.842226530936618,0.0,0.22164,0.0,0.02486,200000,184071.95442965324,-15928.04557034676,0.9203597721482661
2020-09-24,0,0.7069537624694857,0.0,0.23276,0.0,0.02625,200000,184071.95442965324,-15928.04557034676,0.9203597721482661
2020-09-25,0,0.6830313948547122,0.0,0.24154,0.0,0.02714,200000,184071.95442965324,-15928.04557034676,0.9203597721482661
2020-09-26,0,0.59932472963813,0.0,0.24153,0.0,0.02718,200000,184071.95442965324,-15928.04557034676,0.9203597721482661
2020-09-27,0,0.8204413175270295,0.0,0.24334,0.0,0.02659,200000,184071.95442965324,-15928.04557034676,0.9203597721482661
2020-09-28,0,0.7990732305121813,0.0,0.24107,0.0,0.02625,200000,184071.95442965324,-15928.04557034676,0.9203597721482661
2020-09-29,0,0.8063219522670975,0.0,0.24285,0.0,0.0263,200000,184071.95442965324,-15928.04557034676,0.9203597721482661
2020-09-30,0,0.7234954817908121,0.0,0.24171,0.0,0.02621,200000,184071.95442965324,-15928.04557034676,0.9203597721482661
2020-10-01,0,0.7018519097073062,0.0,0.23819,0.0,0.02581,200000,184071.95442965324,-15928.04557034676,0.9203597721482661
2020-10-02,0,0.19295210644727556,0.0,0.23386,0.0,0.0259,200000,184071.95442965324,-15928.04557034676,0.9203597721482661
2020-10-03,-2,-1.3755644441622386,0.0,0.23273,0.0,0.02719,200000,184071.95442965324,-15928.04557034676,0.9203597721482661
2020-10-04,2,1.3543654049738618,0.0,0.24794,0.0,0.02644,200000,184071.95442965324,-15928.04557034676,0.9203597721482661
2020-10-05,2,1.5577125651799386,0.0,0.2503,0.0,0.02643,200000,184071.95442965324,-15928.04557034676,0.9203597721482661
2020-10-06,2,1.8967097717819195,0.0,0.24545,0.0,0.02556,200000,184071.95442965324,-15928.04557034676,0.9203597721482661
2020-10-07,2,2.0359728642051707,0.0,0.2487,0.0,0.02551,200000,184071.95442965324,-15928.04557034676,0.9203597721482661
2020-10-08,2,1.8904328138588766,0.0,0.25141,0.0,0.02572,200000,184071.95442965324,-15928.04557034676,0.9203597721482661
2020-10-09,2,1.2638898702956693,0.0,0.25293,0.0,0.02627,200000,184071.95442965324,-15928.04557034676,0.9203597721482661
2020-10-10,1,1.0908393789104818,-362317.8380238824,0.25402,3480937.110999494,0.02644,200000,184071.95442965324,-15928.04557034676,0.9203597721482661
2020-10-11,1,1.037570545626717,-362317.8380238824,0.25544,3480937.110999494,0.02656,200000,185004.1582129671,-14995.8417870329,0.9250207910648355
2020-10-12,1,0.5234595608657139,-362317.8380238824,0.25603,3480937.110999494,0.02709,200000,187062.8224062309,-12937.177593769098,0.9353141120311546
2020-10-13,1,0.7898581962924994,-362317.8380238824,0.2565,3480937.110999494,0.0268,200000,186223.64002791228,-13776.359972087725,0.9311182001395614
2020-10-14,0,-0.06377360220337755,0.0,0.24906,0.0,0.02676,200000,181160.95807753498,-18839.041922465025,0.9058047903876749
2020-10-15,0,-0.23621886607726317,0.0,0.24596,0.0,0.02652,200000,181160.95807753498,-18839.041922465025,0.9058047903876749
2020-10-16,0,-0.1169559418862274,0.0,0.24011,0.0,0.02572,200000,181160.95807753498,-18839.041922465025,0.9058047903876749
2020-10-17,0,-0.11567772764046132,0.0,0.24057,0.0,0.02574,200000,181160.95807753498,-18839.041922465025,0.9058047903876749
2020-10-18,0,-0.17702633668257223,0.0,0.24221,0.0,0.02594,200000,181160.95807753498,-18839.041922465025,0.9058047903876749
2020-10-19,0,0.31613502409813793,0.0,0.24558,0.0,0.02589,200000,181160.95807753498,-18839.041922465025,0.9058047903876749
2020-10-20,0,-0.08604370154972318,0.0,0.24322,0.0,0.02592,200000,181160.95807753498,-18839.041922465025,0.9058047903876749
2020-10-21,0,-0.033275081641426466,0.0,0.25088,0.0,0.02667,200000,181160.95807753498,-18839.041922465025,0.9058047903876749
2020-10-22,0,0.2168843126290529,0.0,0.25709,0.0,0.02708,200000,181160.95807753498,-18839.041922465025,0.9058047903876749
2020-10-23,0,0.37985020015672394,0.0,0.25471,0.0,0.02669,200000,181160.95807753498,-18839.041922465025,0.9058047903876749
2020-10-24,0,-0.17377717056668368,0.0,0.2562,0.0,0.02706,200000,181160.95807753498,-18839.041922465025,0.9058047903876749
2020-10-25,0,-0.7543418403764629,0.0,0.25313,0.0,0.02699,200000,181160.95807753498,-18839.041922465025,0.9058047903876749
2020-10-26,-2,-1.3138412316244334,0.0,0.2481,0.0,0.02675,200000,181160.95807753498,-18839.041922465025,0.9058047903876749
2020-10-27,0,-0.695924245872522,0.0,0.25273,0.0,0.02701,200000,181160.95807753498,-18839.041922465025,0.9058047903876749
2020-10-28,-2,-2.18856341328957,0.0,0.2454,0.0,0.02688,200000,181160.95807753498,-18839.041922465025,0.9058047903876749
2020-10-29,-2,-1.9199489485991115,0.0,0.24239,0.0,0.02655,200000,181160.95807753498,-18839.041922465025,0.9058047903876749
2020-10-30,0,-0.3367320179081616,0.0,0.23905,0.0,0.0256,200000,181160.95807753498,-18839.041922465025,0.9058047903876749
2020-10-31,0,-0.5222972933945116,0.0,0.23968,0.0,0.02576,200000,181160.95807753498,-18839.041922465025,0.9058047903876749
2020-11-01,0,-0.30786386081475214,0.0,0.23999,0.0,0.02574,200000,181160.95807753498,-18839.041922465025,0.9058047903876749
2020-11-02,2,2.134328432357169,0.0,0.23523,0.0,0.02445,200000,181160.95807753498,-18839.041922465025,0.9058047903876749
2020-11-03,2,2.7098489024826162,0.0,0.2396,0.0,0.02442,200000,181160.95807753498,-18839.041922465025,0.9058047903876749
2020-11-04,2,2.224347018406157,0.0,0.23758,0.0,0.0242,200000,181160.95807753498,-18839.041922465025,0.9058047903876749
2020-11-05,2,2.0123454617469596,0.0,0.24561,0.0,0.02493,200000,181160.95807753498,-18839.041922465025,0.9058047903876749
2020-11-06,2,1.8542331843848507,0.0,0.25863,0.0,0.02616,200000,181160.95807753498,-18839.041922465025,0.9058047903876749
2020-11-07,2,2.0330602232730612,0.0,0.2491,0.0,0.02486,200000,181160.95807753498,-18839.041922465025,0.9058047903876749
2020-11-08,2,1.7260035889376235,0.0,0.25374,0.0,0.02535,200000,181160.95807753498,-18839.041922465025,0.9058047903876749
2020-11-09,2,1.7837365638348028,0.0,0.25059,0.0,0.02479,200000,181160.95807753498,-18839.041922465025,0.9058047903876749
2020-11-10,2,1.8354866760017159,0.0,0.2538,0.0,0.02483,200000,181160.95807753498,-18839.041922465025,0.9058047903876749
2020-11-11,2,1.6468703532195732,0.0,0.25581,0.0,0.02498,200000,181160.95807753498,-18839.041922465025,0.9058047903876749
2020-11-12,2,1.4516450505378802,0.0,0.2549,0.0,0.0249,200000,181160.95807753498,-18839.041922465025,0.9058047903876749
2020-11-13,2,1.7628256162155005,0.0,0.2659,0.0,0.0254,200000,181160.95807753498,-18839.041922465025,0.9058047903876749
2020-11-14,2,1.9099399487087985,0.0,0.26824,0.0,0.02513,200000,181160.95807753498,-18839.041922465025,0.9058047903876749
2020-11-15,2,1.6201068765522528,0.0,0.26954,0.0,0.02533,200000,181160.95807753498,-18839.041922465025,0.9058047903876749
2020-11-16,2,2.383641393597805,0.0,0.28813,0.0,0.02549,200000,181160.95807753498,-18839.041922465025,0.9058047903876749
2020-11-17,2,2.1798445180111585,0.0,0.30247,0.0,0.02649,200000,181160.95807753498,-18839.041922465025,0.9058047903876749
2020-11-18,2,1.305873565739662,0.0,0.29335,0.0,0.02678,200000,181160.95807753498,-18839.041922465025,0.9058047903876749
2020-11-19,2,2.201860111296071,0.0,0.30358,0.0,0.02581,200000,181160.95807753498,-18839.041922465025,0.9058047903876749
2020-11-20,2,2.6232105723793704,0.0,0.32991,0.0,0.02629,200000,181160.95807753498,-18839.041922465025,0.9058047903876749
2020-11-21,2,3.4310221873427422,0.0,0.46283,0.0,0.03057,200000,181160.95807753498,-18839.041922465025,0.9058047903876749
2020-11-22,2,2.7334232261519973,0.0,0.44611,0.0,0.02875,200000,181160.95807753498,-18839.041922465025,0.9058047903876749
2020-11-23,2,3.205369439346412,0.0,0.61579,0.0,0.03174,200000,181160.95807753498,-18839.041922465025,0.9058047903876749
2020-11-24,2,2.539435307981394,0.0,0.694,0.0,0.03523,200000,181160.95807753498,-18839.041922465025,0.9058047903876749
2020-11-25,2,1.9621638974044309,0.0,0.63022,0.0,0.03304,200000,181160.95807753498,-18839.041922465025,0.9058047903876749
2020-11-26,2,1.510490999210067,0.0,0.53654,0.0,0.02942,200000,181160.95807753498,-18839.041922465025,0.9058047903876749
2020-11-27,2,1.5515456977497442,0.0,0.5623,0.0,0.02938,200000,181160.95807753498,-18839.041922465025,0.9058047903876749
2020-11-28,2,1.677314656464963,0.0,0.62579,0.0,0.03047,200000,181160.95807753498,-18839.041922465025,0.9058047903876749
2020-11-29,2,1.3147489866996787,0.0,0.60543,0.0,0.03072,200000,181160.95807753498,-18839.041922465025,0.9058047903876749
2020-11-30,2,1.3550513663300954,0.0,0.66417,0.0,0.03236,200000,181160.95807753498,-18839.041922465025,0.9058047903876749
2020-12-01,1,1.1546909279441138,-148278.67836361885,0.61088,2995386.211599454,0.03024,200000,181160.95807753498,-18839.041922465025,0.9058047903876749
2020-12-02,1,1.0470925904829431,-148278.67836361885,0.62972,2995386.211599454,0.03118,200000,186770.19141680904,-13229.808583190956,0.9338509570840452
2020-12-03,1,0.8883979578251766,-148278.67836361885,0.63046,2995386.211599454,0.03166,200000,188317.70302036585,-11682.29697963415,0.9415885151018293
2020-12-04,1,0.5346506233105051,-148278.67836361885,0.55367,2995386.211599454,0.02947,200000,170371.48750542075,-29628.51249457925,0.8518574375271037
2020-12-05,1,0.5534751721924906,-148278.67836361885,0.58517,2995386.211599454,0.03056,200000,178307.23684451816,-21692.763155481836,0.8915361842225908
2020-12-06,1,0.7402347758156551,-148278.67836361885,0.62107,2995386.211599454,0.03091,200000,184678.8265718319,-15321.173428168113,0.9233941328591594
2020-12-07,1,0.6652184300130434,-148278.67836361885,0.60818,2995386.211599454,0.03029,200000,180910.3749565332,-19089.625043466804,0.904551874782666
2020-12-08,1,0.5920980102181387,-148278.67836361885,0.5589,2995386.211599454,0.0279,200000,166444.22864105133,-33555.77135894867,0.8322211432052566
2020-12-09,1,0.6605054912657556,-148278.67836361885,0.58265,2995386.211599454,0.0287,200000,172362.15622146684,-27637.843778533163,0.8618107811073342
2020-12-10,1,0.7145706038414156,-148278.67836361885,0.57267,2995386.211599454,0.02811,200000,169115.05714655423,-30884.94285344577,0.8455752857327712
2020-12-11,1,0.21409198009215588,-148278.67836361885,0.54945,2995386.211599454,0.02778,200000,164683.54878512322,-35316.45121487678,0.8234177439256161
2020-12-12,0,-2.503453594888751,0.0,0.50658,0.0,0.02855,200000,170757.6946218126,-29242.30537818739,0.853788473109063
2020-12-13,-2,-2.2180050370323667,0.0,0.51365,0.0,0.02921,200000,170757.6946218126,-29242.30537818739,0.853788473109063
2020-12-14,-2,-2.234006825902311,0.0,0.4974,0.0,0.0291,200000,170757.6946218126,-29242.30537818739,0.853788473109063
2020-12-15,-2,-2.509377682488199,0.0,0.46793,0.0,0.02918,200000,170757.6946218126,-29242.30537818739,0.853788473109063
2020-12-16,0,-0.8971836611773881,0.0,0.56941,0.0,0.03145,200000,170757.6946218126,-29242.30537818739,0.853788473109063
2020-12-17,0,-0.3623169544787285,0.0,0.5769,0.0,0.03072,200000,170757.6946218126,-29242.30537818739,0.853788473109063
2020-12-18,0,-0.3137609362287423,0.0,0.58337,0.0,0.03109,200000,170757.6946218126,-29242.30537818739,0.853788473109063
2020-12-19,0,-0.5038508235210447,0.0,0.57666,0.0,0.03124,200000,170757.6946218126,-29242.30537818739,0.853788473109063
2020-12-20,0,-0.9225566438787847,0.0,0.55586,0.0,0.03122,200000,170757.6946218126,-29242.30537818739,0.853788473109063
2020-12-21,0,-0.9949285845132447,0.0,0.51445,0.0,0.02926,200000,170757.6946218126,-29242.30537818739,0.853788473109063
2020-12-22,-2,-2.198612163570596,0.0,0.44642,0.0,0.02885,200000,170757.6946218126,-29242.30537818739,0.853788473109063
2020-12-23,-2,-3.3620123819012133,0.0,0.2605,0.0,0.0248,200000,170757.6946218126,-29242.30537818739,0.853788473109063
2020-12-24,-2,-2.130286531979376,0.0,0.33863,0.0,0.02769,200000,170757.6946218126,-29242.30537818739,0.853788473109063
2020-12-25,-2,-2.0995034486194473,0.0,0.31768,0.0,0.02854,200000,170757.6946218126,-29242.30537818739,0.853788473109063
2020-12-26,-2,-1.92999065524695,0.0,0.29481,0.0,0.0278,200000,170757.6946218126,-29242.30537818739,0.853788473109063
2020-12-27,-2,-1.8558468244905715,0.0,0.28407,0.0,0.02889,200000,170757.6946218126,-29242.30537818739,0.853788473109063
2020-12-28,-2,-1.9257095072580646,0.0,0.24845,0.0,0.02959,200000,170757.6946218126,-29242.30537818739,0.853788473109063
2020-12-29,-2,-1.7663548123192254,0.0,0.22142,0.0,0.02767,200000,170757.6946218126,-29242.30537818739,0.853788473109063
2020-12-30,-2,-1.602320870955535,0.0,0.21138,0.0,0.02695,200000,170757.6946218126,-29242.30537818739,0.853788473109063
2020-12-31,-2,-1.3650578780430447,0.0,0.21959,0.0,0.02677,200000,170757.6946218126,-29242.30537818739,0.853788473109063
2021-01-01,-1,-1.0958122830674144,359550.4392777996,0.23746,-3179845.3374639223,0.02685,200000,170757.6946218126,-29242.30537818739,0.853788473109063
2021-01-02,-1,-1.1418561857045737,359550.4392777996,0.22064,-3179845.3374639223,0.02721,200000,165854.80055464705,-34145.19944535295,0.8292740027732353
2021-01-03,-1,-1.12605996198938,359550.4392777996,0.2254,-3179845.3374639223,0.02949,200000,174816.30801502708,-25183.691984972917,0.8740815400751354
2021-01-04,-1,-1.023931656953352,359550.4392777996,0.23565,-3179845.3374639223,0.03095,200000,183144.2742103219,-16855.72578967811,0.9157213710516094
2021-01-05,-1,-0.8680461682718607,359550.4392777996,0.22573,-3179845.3374639223,0.02852,200000,171850.50968264876,-28149.490317351243,0.8592525484132438
2021-01-06,-1,-0.7355596789766248,359550.4392777996,0.24854,-3179845.3374639223,0.03046,200000,186220.7551572554,-13779.244842744607,0.931103775786277
2021-01-07,0,-0.07538059969327691,0.0,0.32389,0.0,0.03095,200000,152719.11603863444,-47280.88396136556,0.7635955801931722
2021-01-08,0,0.060498615813603544,0.0,0.32032,0.0,0.0304,200000,152719.11603863444,-47280.88396136556,0.7635955801931722
2021-01-09,0,-0.13138482415507888,0.0,0.32419,0.0,0.03382,200000,152719.11603863444,-47280.88396136556,0.7635955801931722
2021-01-10,0,0.04127141394018326,0.0,0.31491,0.0,0.03275,200000,152719.11603863444,-47280.88396136556,0.7635955801931722
2021-01-11,0,0.48878231751230977,0.0,0.28743,0.0,0.02897,200000,152719.11603863444,-47280.88396136556,0.7635955801931722
2021-01-12,0,0.7191822538622028,0.0,0.29254,0.0,0.02865,200000,152719.11603863444,-47280.88396136556,0.7635955801931722
2021-01-13,0,0.691527834492284,0.0,0.30582,0.0,0.03079,200000,152719.11603863444,-47280.88396136556,0.7635955801931722
2021-01-14,0,0.715203525665647,0.0,0.29642,0.0,0.03014,200000,152719.11603863444,-47280.88396136556,0.7635955801931722
2021-01-15,0,0.40586754177951845,0.0,0.27991,0.0,0.02972,200000,152719.11603863444,-47280.88396136556,0.7635955801931722
2021-01-16,0,0.30534359466866484,0.0,0.27924,0.0,0.03008,200000,152719.11603863444,-47280.88396136556,0.7635955801931722
2021-01-17,0,0.1719695670089227,0.0,0.27746,0.0,0.0302,200000,152719.11603863444,-47280.88396136556,0.7635955801931722
2021-01-18,0,-0.052242914331479935,0.0,0.28528,0.0,0.03164,200000,152719.11603863444,-47280.88396136556,0.7635955801931722
2021-01-19,0,0.4765756486729024,0.0,0.29396,0.0,0.03063,200000,152719.11603863444,-47280.88396136556,0.7635955801931722
2021-01-20,0,0.5158366219268099,0.0,0.29539,0.0,0.03046,200000,152719.11603863444,-47280.88396136556,0.7635955801931722
2021-01-21,0,0.4747068927986973,0.0,0.26802,0.0,0.02762,200000,152719.11603863444,-47280.88396136556,0.7635955801931722
2021-01-22,0,0.21110466333025477,0.0,0.27217,0.0,0.02857,200000,152719.11603863444,-47280.88396136556,0.7635955801931722
2021-01-23,0,-0.17853583453385682,0.0,0.27167,0.0,0.02925,200000,152719.11603863444,-47280.88396136556,0.7635955801931722
2021-01-24,0,-0.5930831785097511,0.0,0.27339,0.0,0.02999,200000,152719.11603863444,-47280.88396136556,0.7635955801931722
2021-01-25,0,-0.894781141716086,0.0,0.26757,0.0,0.02949,200000,152719.11603863444,-47280.88396136556,0.7635955801931722
2021-01-26,-1,-1.13210901137188,284562.71155741677,0.26834,-2589337.3353447686,0.02949,200000,152719.11603863444,-47280.88396136556,0.7635955801931722
2021-01-27,-2,-1.5345348102051501,0.0,0.25039,0.0,0.02823,200000,154564.45166855567,-45435.548331444326,0.7728222583427784
2021-01-28,-2,-1.3586779968430673,0.0,0.26407,0.0,0.02955,200000,154564.45166855567,-45435.548331444326,0.7728222583427784
2021-01-29,-2,-2.110051623883017,0.0,0.2829,0.0,0.03335,200000,154564.45166855567,-45435.548331444326,0.7728222583427784
2021-01-30,2,3.8999810284944587,0.0,0.44372,0.0,0.03216,200000,154564.45166855567,-45435.548331444326,0.7728222583427784
2021-01-31,2,3.341298121022116,0.0,0.49507,0.0,0.03154,200000,154564.45166855567,-45435.548331444326,0.7728222583427784
2021-02-01,0,0.7484272931479099,0.0,0.37106,0.0,0.03295,200000,154564.45166855567,-45435.548331444326,0.7728222583427784
2021-02-02,0,0.6854736172587869,0.0,0.37254,0.0,0.03317,200000,154564.45166855567,-45435.548331444326,0.7728222583427784
2021-02-03,0,0.7795233225631101,0.0,0.39721,0.0,0.03452,200000,154564.45166855567,-45435.548331444326,0.7728222583427784
2021-02-04,2,1.6166680248824818,0.0,0.44545,0.0,0.0331,200000,154564.45166855567,-45435.548331444326,0.7728222583427784
2021-02-05,1,1.0123674175929893,-170906.5344971756,0.45219,2132511.75039398,0.03624,200000,154564.45166855567,-45435.548331444326,0.7728222583427784
2021-02-06,1,0.9877703517883103,-170906.5344971756,0.44307,2132511.75039398,0.03507,200000,150510.74532598048,-49489.254674019525,0.7525537266299024
2021-02-07,1,0.4377230832604337,-170906.5344971756,0.41849,2132511.75039398,0.03597,200000,148229.1232833945,-51770.876716605504,0.7411456164169725
2021-02-08,0,0.16314183978689212,0.0,0.45099,0.0,0.04042,200000,145445.46471051226,-54554.53528948774,0.7272273235525613
2021-02-09,0,-0.26609077629897276,0.0,0.47636,0.0,0.04608,200000,145445.46471051226,-54554.53528948774,0.7272273235525613
2021-02-10,0,-0.015172246692025241,0.0,0.50429,0.0,0.04629,200000,145445.46471051226,-54554.53528948774,0.7272273235525613
2021-02-11,0,-0.8209581999338948,0.0,0.52806,0.0,0.05681,200000,145445.46471051226,-54554.53528948774,0.7272273235525613
2021-02-12,0,0.022016861718373578,0.0,0.609,0.0,0.05515,200000,145445.46471051226,-54554.53528948774,0.7272273235525613
2021-02-13,0,-0.2716562131965907,0.0,0.63309,0.0,0.05995,200000,145445.46471051226,-54554.53528948774,0.7272273235525613
2021-02-14,0,-0.23333331458987197,0.0,0.59211,0.0,0.05519,200000,145445.46471051226,-54554.53528948774,0.7272273235525613
2021-02-15,0,-0.23628766928334802,0.0,0.54976,0.0,0.05079,200000,145445.46471051226,-54554.53528948774,0.7272273235525613
2021-02-16,0,-0.7649771237946724,0.0,0.51995,0.0,0.05202,200000,145445.46471051226,-54554.53528948774,0.7272273235525613
2021-02-17,0,-0.726635091632689,0.0,0.53467,0.0,0.05256,200000,145445.46471051226,-54554.53528948774,0.7272273235525613
2021-02-18,-1,-1.1238156728637116,136686.58814235046,0.53204,-1324157.5447060475,0.05492,200000,145445.46471051226,-54554.53528948774,0.7272273235525613
2021-02-19,-2,-1.2613771775986866,0.0,0.56465,0.0,0.06073,200000,148681.47040593234,-51318.52959406766,0.7434073520296617
2021-02-20,-2,-1.707456897424407,0.0,0.51167,0.0,0.05773,200000,148681.47040593234,-51318.52959406766,0.7434073520296617
2021-02-21,-2,-1.2891909452856267,0.0,0.54468,0.0,0.05935,200000,148681.47040593234,-51318.52959406766,0.7434073520296617
2021-02-22,0,-0.22023826308419903,0.0,0.56646,0.0,0.05425,200000,148681.47040593234,-51318.52959406766,0.7434073520296617
2021-02-23,0,-0.07639394919329937,0.0,0.47579,0.0,0.04501,200000,148681.47040593234,-51318.52959406766,0.7434073520296617
2021-02-24,0,-0.7022180843356356,0.0,0.4686,0.0,0.048,200000,148681.47040593234,-51318.52959406766,0.7434073520296617
2021-02-25,0,-0.7517858287771667,0.0,0.43601,0.0,0.0452,200000,148681.47040593234,-51318.52959406766,0.7434073520296617
2021-02-26,0,-0.9284720096342262,0.0,0.42788,0.0,0.04517,200000,148681.47040593234,-51318.52959406766,0.7434073520296617
2021-02-27,0,-0.9962836379207695,0.0,0.43589,0.0,0.04652,200000,148681.47040593234,-51318.52959406766,0.7434073520296617
2021-02-28,-2,-1.254601359524343,0.0,0.41565,0.0,0.04562,200000,148681.47040593234,-51318.52959406766,0.7434073520296617
2021-03-01,0,-0.8748860973446689,0.0,0.44537,0.0,0.04784,200000,148681.47040593234,-51318.52959406766,0.7434073520296617
2021-03-02,0,-0.8115067312282357,0.0,0.4357,0.0,0.04687,200000,148681.47040593234,-51318.52959406766,0.7434073520296617
2021-03-03,0,-0.964989332526509,0.0,0.44846,0.0,0.04883,200000,148681.47040593234,-51318.52959406766,0.7434073520296617
2021-03-04,0,-0.6387908929527664,0.0,0.48096,0.0,0.05142,200000,148681.47040593234,-51318.52959406766,0.7434073520296617
2021-03-05,-1,-1.0270476456424407,163540.7862440684,0.45457,-1481186.1965125757,0.05019,200000,148681.47040593234,-51318.52959406766,0.7434073520296617
2021-03-06,-1,-0.6645301377993929,163540.7862440684,0.46285,-1481186.1965125757,0.05015,200000,149976.34066817275,-50023.65933182725,0.7498817033408638
2021-03-07,-1,-1.051133926830459,163540.7862440684,0.46558,-1481186.1965125757,0.05173,200000,152763.0812051089,-47236.9187948911,0.7638154060255445
2021-03-08,-1,-1.0766863451005577,163540.7862440684,0.47412,-1481186.1965125757,0.05307,200000,156144.5090229601,-43855.49097703991,0.7807225451148004
2021-03-09,-1,-0.6211824461326226,163540.7862440684,0.4849,-1481186.1965125757,0.0532,200000,158100.03290421778,-41899.96709578222,0.7905001645210888
2021-03-10,-1,-0.8433943700822025,163540.7862440684,0.46155,-1481186.1965125757,0.05142,200000,151644.84411562642,-48355.155884373584,0.7582242205781321
2021-03-11,-1,-1.1861401230905086,163540.7862440684,0.45187,-1481186.1965125757,0.05151,200000,150195.07606246998,-49804.923937530024,0.7509753803123499
2021-03-12,-1,-1.127571155761704,163540.7862440684,0.43934,-1481186.1965125757,0.04997,200000,145864.88326820242,-54135.11673179758,0.7293244163410122
2021-03-13,-2,-1.3013778637597169,0.0,0.45787,0.0,0.05291,200000,152170.61226584116,-47829.38773415884,0.7608530613292058
2021-03-14,-2,-1.3737680362062483,0.0,0.43905,0.0,0.05105,200000,152170.61226584116,-47829.38773415884,0.7608530613292058
2021-03-15,-2,-1.5590421216143069,0.0,0.43574,0.0,0.05069,200000,152170.61226584116,-47829.38773415884,0.7608530613292058
2021-03-16,0,-0.915450650135848,0.0,0.46024,0.0,0.05237,200000,152170.61226584116,-47829.38773415884,0.7608530613292058
2021-03-17,-2,-1.5398179461413428,0.0,0.4698,0.0,0.05483,200000,152170.61226584116,-47829.38773415884,0.7608530613292058
2021-03-18,0,-0.6562769610575571,0.0,0.46893,0.0,0.05329,200000,152170.61226584116,-47829.38773415884,0.7608530613292058
2021-03-19,-2,-2.8194090106196454,0.0,0.46651,0.0,0.05862,200000,152170.61226584116,-47829.38773415884,0.7608530613292058
2021-03-20,0,-0.7177170693509619,0.0,0.52613,0.0,0.0609,200000,152170.61226584116,-47829.38773415884,0.7608530613292058
2021-03-21,-2,-1.8762026741050626,0.0,0.51651,0.0,0.06337,200000,152170.61226584116,-47829.38773415884,0.7608530613292058
2021-03-22,1,1.0323897188219875,139836.98976827896,0.5441,-1283706.8691230062,0.05927,200000,152170.61226584116,-47829.38773415884,0.7608530613292058
2021-03-23,2,1.5507616591479711,0.0,0.5498,0.0,0.05852,200000,153930.46325936262,-46069.536740637384,0.7696523162968131
2021-03-24,0,-0.48219837252940895,0.0,0.48021,0.0,0.05568,200000,153930.46325936262,-46069.536740637384,0.7696523162968131
2021-03-25,2,1.22479758626726,0.0,0.51058,0.0,0.05528,200000,153930.46325936262,-46069.536740637384,0.7696523162968131
2021-03-26,0,-0.1649491075672105,0.0,0.56357,0.0,0.06464,200000,153930.46325936262,-46069.536740637384,0.7696523162968131
2021-03-27,0,-0.4321933127387565,0.0,0.54752,0.0,0.0636,200000,153930.46325936262,-46069.536740637384,0.7696523162968131
2021-03-28,0,-0.4805454469172587,0.0,0.54552,0.0,0.06362,200000,153930.46325936262,-46069.536740637384,0.7696523162968131
2021-03-29,0,0.041297304699517236,0.0,0.56538,0.0,0.06475,200000,153930.46325936262,-46069.536740637384,0.7696523162968131
2021-03-30,0,-0.5440597644529217,0.0,0.5621,0.0,0.06598,200000,153930.46325936262,-46069.536740637384,0.7696523162968131
2021-03-31,-2,-3.6999617599236045,0.0,0.56982,0.0,0.09296,200000,153930.46325936262,-46069.536740637384,0.7696523162968131
2021-04-01,-2,-2.283880513244426,0.0,0.57087,0.0,0.08543,200000,153930.46325936262,-46069.536740637384,0.7696523162968131
2021-04-02,-2,-2.017304877081954,0.0,0.60701,0.0,0.09232,200000,153930.46325936262,-46069.536740637384,0.7696523162968131
2021-04-03,-2,-2.3666455122988945,0.0,0.57831,0.0,0.10143,200000,153930.46325936262,-46069.536740637384,0.7696523162968131
2021-04-04,-2,-2.390280605494409,0.0,0.635,0.0,0.12761,200000,153930.46325936262,-46069.536740637384,0.7696523162968131
2021-04-05,0,-0.938784080390426,0.0,0.91584,0.0,0.13655,200000,153930.46325936262,-46069.536740637384,0.7696523162968131
2021-04-06,0,0.6939767400111828,0.0,1.09663,0.0,0.12401,200000,153930.46325936262,-46069.536740637384,0.7696523162968131
2021-04-07,0,0.2911029278724216,0.0,0.91542,0.0,0.11045,200000,153930.46325936262,-46069.536740637384,0.7696523162968131
2021-04-08,0,0.468948112592148,0.0,1.05599,0.0,0.12349,200000,153930.46325936262,-46069.536740637384,0.7696523162968131
2021-04-09,0,0.6382332001979177,0.0,1.01721,0.0,0.11584,200000,153930.46325936262,-46069.536740637384,0.7696523162968131
2021-04-10,2,1.9087348637361983,0.0,1.3728,0.0,0.1263,200000,153930.46325936262,-46069.536740637384,0.7696523162968131
2021-04-11,2,1.8156241366243706,0.0,1.35118,0.0,0.12214,200000,153930.46325936262,-46069.536740637384,0.7696523162968131
2021-04-12,2,1.810587986468623,0.0,1.46843,0.0,0.12874,200000,153930.46325936262,-46069.536740637384,0.7696523162968131
2021-04-13,2,1.964222485661829,0.0,1.79611,0.0,0.14622,200000,153930.46325936262,-46069.536740637384,0.7696523162968131
2021-04-14,2,2.0081038594857645,0.0,1.83468,0.0,0.1404,200000,153930.46325936262,-46069.536740637384,0.7696523162968131
2021-04-15,0,0.8691151516474489,0.0,1.75781,0.0,0.16421,200000,153930.46325936262,-46069.536740637384,0.7696523162968131
2021-04-16,0,0.36250017880083735,0.0,1.54805,0.0,0.16091,200000,153930.46325936262,-46069.536740637384,0.7696523162968131
2021-04-17,0,0.45724966602739997,0.0,1.53896,0.0,0.15535,200000,153930.46325936262,-46069.536740637384,0.7696523162968131
2021-04-18,0,0.4036096288330349,0.0,1.40797,0.0,0.14302,200000,153930.46325936262,-46069.536740637384,0.7696523162968131
2021-04-19,0,0.4695071050425944,0.0,1.30945,0.0,0.12993,200000,153930.46325936262,-46069.536740637384,0.7696523162968131
2021-04-20,0,0.5494881796773124,0.0,1.38501,0.0,0.13279,200000,153930.46325936262,-46069.536740637384,0.7696523162968131
2021-04-21,0,0.5183272420482284,0.0,1.29097,0.0,0.12273,200000,153930.46325936262,-46069.536740637384,0.7696523162968131
2021-04-22,0,0.43648456197377167,0.0,1.15489,0.0,0.11001,200000,153930.46325936262,-46069.536740637384,0.7696523162968131
2021-04-23,0,0.47305417687349194,0.0,1.17073,0.0,0.10915,200000,153930.46325936262,-46069.536740637384,0.7696523162968131
2021-04-24,0,0.07540775501625879,0.0,1.04833,0.0,0.10249,200000,153930.46325936262,-46069.536740637384,0.7696523162968131
2021-04-25,0,-0.10314780954242303,0.0,1.0351,0.0,0.10176,200000,153930.46325936262,-46069.536740637384,0.7696523162968131
2021-04-26,1,1.015038222685835,-56471.66456062903,1.3629,656028.2273242526,0.11732,200000,153930.46325936262,-46069.536740637384,0.7696523162968131
2021-04-27,1,0.5237204803379292,-56471.66456062903,1.4017,656028.2273242526,0.12594,200000,161776.52716385009,-38223.472836149915,0.8088826358192505
2021-04-28,1,0.38635621658062774,-56471.66456062903,1.3576,656028.2273242526,0.12266,200000,157134.3541711028,-42865.64582889719,0.7856717708555141
2021-04-29,1,0.8119762645688169,-56471.66456062903,1.3978,656028.2273242526,0.12123,200000,158466.3947213664,-41533.60527863359,0.792331973606832
2021-04-30,2,1.3283468900758248,0.0,1.5988,0.0,0.13223,200000,157470.74805981037,-42529.25194018963,0.7873537402990518
2021-05-01,2,1.659391453244276,0.0,1.651,0.0,0.13112,200000,157470.74805981037,-42529.25194018963,0.7873537402990518
2021-05-02,2,1.2020089172606367,0.0,1.5605,0.0,0.12759,200000,157470.74805981037,-42529.25194018963,0.7873537402990518
2021-05-03,0,0.8340511850843068,0.0,1.5546,0.0,0.13159,200000,157470.74805981037,-42529.25194018963,0.7873537402990518
2021-05-04,0,0.8295195359434403,0.0,1.3877,0.0,0.11917,200000,157470.74805981037,-42529.25194018963,0.7873537402990518
2021-05-05,0,0.08259085615807762,0.0,1.6133,0.0,0.14654,200000,157470.74805981037,-42529.25194018963,0.7873537402990518
2021-05-06,0,-0.5485472164255275,0.0,1.6028,0.0,0.15216,200000,157470.74805981037,-42529.25194018963,0.7873537402990518
2021-05-07,0,-0.41508498469310945,0.0,1.5793,0.0,0.14763,200000,157470.74805981037,-42529.25194018963,0.7873537402990518
2021-05-08,0,-0.2185453720071292,0.0,1.5611,0.0,0.14301,200000,157470.74805981037,-42529.25194018963,0.7873537402990518
2021-05-09,0,-0.5350134912928222,0.0,1.5345,0.0,0.14295,200000,157470.74805981037,-42529.25194018963,0.7873537402990518
2021-05-10,0,-0.29059143724435443,0.0,1.3906,0.0,0.12716,200000,157470.74805981037,-42529.25194018963,0.7873537402990518
2021-05-11,0,-0.7343673143175778,0.0,1.4786,0.0,0.13893,200000,157470.74805981037,-42529.25194018963,0.7873537402990518
2021-05-12,0,-0.7442383727008315,0.0,1.2691,0.0,0.11918,200000,157470.74805981037,-42529.25194018963,0.7873537402990518
2021-05-13,0,0.06829890566558226,0.0,1.364,0.0,0.12159,200000,157470.74805981037,-42529.25194018963,0.7873537402990518
2021-05-14,0,0.002834438146394729,0.0,1.4,0.0,0.12473,200000,157470.74805981037,-42529.25194018963,0.7873537402990518
2021-05-15,2,1.648072111354218,0.0,1.4904,0.0,0.12059,200000,157470.74805981037,-42529.25194018963,0.7873537402990518
2021-05-16,1,1.1775117909178194,-54315.241466546075,1.4496,658102.424188442,0.11964,200000,157470.74805981037,-42529.25194018963,0.7873537402990518
2021-05-17,2,2.327381121165613,0.0,1.4946,0.0,0.11279,200000,164422.93553149578,-35577.06446850422,0.8221146776574789
2021-05-18,2,2.2893511902620283,0.0,1.5889,0.0,0.11627,200000,164422.93553149578,-35577.06446850422,0.8221146776574789
2021-05-19,2,1.736683854797904,0.0,1.0568,0.0,0.07881,200000,164422.93553149578,-35577.06446850422,0.8221146776574789
2021-05-20,2,1.4037332971466319,0.0,1.1795,0.0,0.08928,200000,164422.93553149578,-35577.06446850422,0.8221146776574789
2021-05-21,1,1.089559796824609,-81704.89740185637,1.0062,1055346.1844126815,0.0779,200000,164422.93553149578,-35577.06446850422,0.8221146776574789
2021-05-22,1,0.251941904272835,-81704.89740185637,0.9052,1055346.1844126815,0.07534,200000,153469.05466181182,-46530.945338188176,0.7673452733090591
2021-05-23,1,0.7266956505147897,-81704.89740185637,0.7898,1055346.1844126815,0.06285,200000,130859.0356583232,-69140.9643416768,0.654295178291616
2021-05-24,1,0.956542755521605,-81704.89740185637,0.993,1055346.1844126815,0.07696,200000,162352.40547244335,-37647.59452755665,0.8117620273622168
2021-05-25,1,0.6421059732385039,-81704.89740185637,0.9746,1055346.1844126815,0.07714,200000,161038.99767344346,-38961.00232655654,0.8051949883672174
2021-05-26,1,0.36861133532175483,-81704.89740185637,1.0316,1055346.1844126815,0.08312,200000,172007.14700813714,-27992.852991862863,0.8600357350406856
2021-05-27,0,0.15931776279433854,0.0,0.9747,0.0,0.07949,200000,160171.23083012115,-39828.769169878855,0.8008561541506057
2021-05-28,0,0.3025621119314635,0.0,0.8985,0.0,0.07204,200000,160171.23083012115,-39828.769169878855,0.8008561541506057
2021-05-29,0,-0.168472278171052,0.0,0.8318,0.0,0.06877,200000,160171.23083012115,-39828.769169878855,0.8008561541506057
2021-05-30,0,0.30134850727407536,0.0,0.9058,0.0,0.07196,200000,160171.23083012115,-39828.769169878855,0.8008561541506057
2021-05-31,2,1.3547415277090626,0.0,1.0409,0.0,0.07679,200000,160171.23083012115,-39828.769169878855,0.8008561541506057
2021-06-01,0,0.9702861672899155,0.0,1.0108,0.0,0.07614,200000,160171.23083012115,-39828.769169878855,0.8008561541506057
2021-06-02,0,0.6842142058541196,0.0,1.0241,0.0,0.07804,200000,160171.23083012115,-39828.769169878855,0.8008561541506057
2021-06-03,0,-0.13560927451013244,0.0,1.045,0.0,0.08223,200000,160171.23083012115,-39828.769169878855,0.8008561541506057
2021-06-04,0,-0.46858697634648944,0.0,0.9683,0.0,0.07714,200000,160171.23083012115,-39828.769169878855,0.8008561541506057
2021-06-05,-1,-1.1570965257028536,86766.64725358675,0.923,-1060455.7125934926,0.07552,200000,160171.23083012115,-39828.769169878855,0.8008561541506057
2021-06-06,-1,-1.0361561306677944,86766.64725358675,0.947,-1060455.7125934926,0.07745,200000,164300.30988951266,-35699.69011048734,0.8215015494475633
2021-06-07,-2,-1.3597658858758732,0.0,0.8618,0.0,0.0717,200000,161430.40881993348,-38569.59118006652,0.8071520440996673
2021-06-08,-1,-1.1799299620854982,92446.68927954043,0.8731,-1114543.0048324598,0.07242,200000,161430.40881993348,-38569.59118006652,0.8071520440996673
2021-06-09,-1,-0.7119886000588338,92446.68927954043,0.9218,-1114543.0048324598,0.07536,200000,169209.31902205455,-30790.68097794545,0.8460465951102727
2021-06-10,-1,-1.184016954562954,92446.68927954043,0.8686,-1114543.0048324598,0.07257,200000,161181.58016890043,-38818.41983109957,0.8059079008445021
2021-06-11,-1,-0.6059844211046919,92446.68927954043,0.8471,-1114543.0048324598,0.06919,200000,155426.82099305658,-44573.17900694342,0.7771341049652829
2021-06-12,-1,-0.5771440179178052,92446.68927954043,0.8326,-1114543.0048324598,0.06804,200000,152804.61954294593,-47195.38045705407,0.7640230977147296
2021-06-13,-1,-0.2674198606131362,92446.68927954043,0.8832,-1114543.0048324598,0.07153,200000,161372.17710735596,-38627.822892644035,0.8068608855367798
2021-06-14,0,-0.19664271673528402,0.0,0.8906,0.0,0.07203,200000,159377.9199856569,-40622.08001434311,0.7968895999282845
2021-06-15,0,-0.8201160786788435,0.0,0.8663,0.0,0.07174,200000,159377.9199856569,-40622.08001434311,0.7968895999282845
2021-06-16,0,-0.806521483178764,0.0,0.832,0.0,0.06895,200000,159377.9199856569,-40622.08001434311,0.7968895999282845
2021-06-17,-2,-1.9659309611944529,0.0,0.8419,0.0,0.0739,200000,159377.9199856569,-40622.08001434311,0.7968895999282845
2021-06-18,-2,-1.6561565194811403,0.0,0.7972,0.0,0.06962,200000,159377.9199856569,-40622.08001434311,0.7968895999282845
2021-06-19,-2,-1.9371788747131173,0.0,0.7582,0.0,0.06827,200000,159377.9199856569,-40622.08001434311,0.7968895999282845
2021-06-20,-2,-1.3293853324901457,0.0,0.7741,0.0,0.06768,200000,159377.9199856569,-40622.08001434311,0.7968895999282845
2021-06-21,-2,-1.4388805503018693,0.0,0.6067,0.0,0.05351,200000,159377.9199856569,-40622.08001434311,0.7968895999282845
2021-06-22,-2,-2.3501970007786976,0.0,0.5468,0.0,0.05103,200000,159377.9199856569,-40622.08001434311,0.7968895999282845
2021-06-23,-2,-1.6000011885688272,0.0,0.6383,0.0,0.05797,200000,159377.9199856569,-40622.08001434311,0.7968895999282845
2021-06-24,-2,-2.507381703672735,0.0,0.6731,0.0,0.06611,200000,159377.9199856569,-40622.08001434311,0.7968895999282845
2021-06-25,-2,-2.301698309172603,0.0,0.6111,0.0,0.06139,200000,159377.9199856569,-40622.08001434311,0.7968895999282845
2021-06-26,-2,-2.066716733806354,0.0,0.6162,0.0,0.06274,200000,159377.9199856569,-40622.08001434311,0.7968895999282845
2021-06-27,-2,-1.604974781138211,0.0,0.6484,0.0,0.06479,200000,159377.9199856569,-40622.08001434311,0.7968895999282845
2021-06-28,-2,-1.5538459614224212,0.0,0.6444,0.0,0.06532,200000,159377.9199856569,-40622.08001434311,0.7968895999282845
2021-06-29,0,-0.8808509902450685,0.0,0.7063,0.0,0.06793,200000,159377.9199856569,-40622.08001434311,0.7968895999282845
2021-06-30,0,-0.8499781880149934,0.0,0.7063,0.0,0.06828,200000,159377.9199856569,-40622.08001434311,0.7968895999282845
2021-07-01,0,-0.9294751695120566,0.0,0.6591,0.0,0.06471,200000,159377.9199856569,-40622.08001434311,0.7968895999282845
2021-07-02,-1,-1.1899673021532498,121551.18973890855,0.6556,-1197070.1516122643,0.06657,200000,159377.9199856569,-40622.08001434311,0.7968895999282845
2021-07-03,-1,-0.8557013995222515,121551.18973890855,0.6732,-1197070.1516122643,0.06683,200000,161828.45916448085,-38171.54083551915,0.8091422958224043
2021-07-04,-1,-0.46734345641967184,121551.18973890855,0.696,-1197070.1516122643,0.06736,200000,165234.27347088247,-34765.72652911753,0.8261713673544123
2021-07-05,-1,-0.6823953385071871,121551.18973890855,0.6526,-1197070.1516122643,0.06448,200000,156511.38979957052,-43488.61020042948,0.7825569489978526
2021-07-06,-1,-0.43606714867329516,121551.18973890855,0.6648,-1197070.1516122643,0.06494,200000,158544.96658412684,-41455.03341587316,0.7927248329206342
2021-07-07,-1,-0.5306382468371774,121551.18973890855,0.6522,-1197070.1516122643,0.06433,200000,156283.20880093312,-43716.79119906688,0.7814160440046656
2021-07-08,-1,-0.37801369167918475,121551.18973890855,0.6215,-1197070.1516122643,0.06106,200000,148637.16788017654,-51362.83211982346,0.7431858394008827
2021-07-09,0,-0.17413750168374198,0.0,0.6369,0.0,0.06219,200000,156407.75996971276,-43592.24003028724,0.7820387998485638
2021-07-10,0,-0.23386744924183528,0.0,0.6246,0.0,0.06142,200000,156407.75996971276,-43592.24003028724,0.7820387998485638
2021-07-11,0,0.30224081355762394,0.0,0.6364,0.0,0.06184,200000,156407.75996971276,-43592.24003028724,0.7820387998485638
2021-07-12,1,1.0583547541624299,-124370.03814385556,0.6288,1302529.6466498396,0.06004,200000,156407.75996971276,-43592.24003028724,0.7820387998485638
2021-07-13,2,1.3853007466126472,0.0,0.6192,0.0,0.05937,200000,156086.50246678712,-43913.49753321288,0.7804325123339356
2021-07-14,0,0.8920447757590168,0.0,0.6197,0.0,0.05989,200000,156086.50246678712,-43913.49753321288,0.7804325123339356
2021-07-15,0,0.7569691367814647,0.0,0.5979,0.0,0.05784,200000,156086.50246678712,-43913.49753321288,0.7804325123339356
2021-07-16,2,1.9067501304472663,0.0,0.5893,0.0,0.05562,200000,156086.50246678712,-43913.49753321288,0.7804325123339356
2021-07-17,0,0.8011653590598143,0.0,0.5821,0.0,0.05597,200000,156086.50246678712,-43913.49753321288,0.7804325123339356
2021-07-18,2,1.2195173898065752,0.0,0.5866,0.0,0.05592,200000,156086.50246678712,-43913.49753321288,0.7804325123339356
2021-07-19,0,0.8045339768971701,0.0,0.557,0.0,0.05345,200000,156086.50246678712,-43913.49753321288,0.7804325123339356
2021-07-20,1,1.0446821921360958,-147697.29605108546,0.5284,1546942.5417917455,0.05045,200000,156086.50246678712,-43913.49753321288,0.7804325123339356
2021-07-21,2,1.6067619243255653,0.0,0.5719,0.0,0.05388,200000,157205.32192666366,-42794.67807333634,0.7860266096333183
2021-07-22,2,2.0386382861495327,0.0,0.592,0.0,0.05526,200000,157205.32192666366,-42794.67807333634,0.7860266096333183
2021-07-23,2,2.426325661570049,0.0,0.6091,0.0,0.056,200000,157205.32192666366,-42794.67807333634,0.7860266096333183
2021-07-24,1,1.0565549840513915,-129174.46337441549,0.6085,1372492.7704440688,0.05727,200000,157205.32192666366,-42794.67807333634,0.7860266096333183
2021-07-25,1,0.2758947519286162,-129174.46337441549,0.6069,1372492.7704440688,0.05791,200000,157877.0381583488,-42122.96184165121,0.789385190791744
2021-07-26,1,1.1378742556833055,-129174.46337441549,0.6234,1372492.7704440688,0.05842,200000,160708.3881169531,-39291.61188304689,0.8035419405847656
2021-07-27,2,1.2640263841456476,0.0,0.6451,0.0,0.06019,200000,157925.42839647055,-42074.571603529446,0.7896271419823527
2021-07-28,2,3.798441825627691,0.0,0.7327,0.0,0.0607,200000,157925.42839647055,-42074.571603529446,0.7896271419823527
2021-07-29,2,2.8013796314607453,0.0,0.7488,0.0,0.06185,200000,157925.42839647055,-42074.571603529446,0.7896271419823527
2021-07-30,2,2.004871308593273,0.0,0.7521,0.0,0.06325,200000,157925.42839647055,-42074.571603529446,0.7896271419823527
2021-07-31,2,1.4243723308849316,0.0,0.746,0.0,0.06396,200000,157925.42839647055,-42074.571603529446,0.7896271419823527
2021-08-01,0,0.9781889088849824,0.0,0.7242,0.0,0.0632,200000,157925.42839647055,-42074.571603529446,0.7896271419823527
2021-08-02,0,0.8261832458563421,0.0,0.738,0.0,0.06463,200000,157925.42839647055,-42074.571603529446,0.7896271419823527
2021-08-03,0,0.31469462370047124,0.0,0.7136,0.0,0.06403,200000,157925.42839647055,-42074.571603529446,0.7896271419823527
2021-08-04,0,-0.2325918227790548,0.0,0.731,0.0,0.06737,200000,157925.42839647055,-42074.571603529446,0.7896271419823527
2021-08-05,0,-0.9111007714155779,0.0,0.7327,0.0,0.07013,200000,157925.42839647055,-42074.571603529446,0.7896271419823527
2021-08-06,-1,-1.014388844372631,105649.87181995623,0.7474,-1097313.982743681,0.07196,200000,157925.42839647055,-42074.571603529446,0.7896271419823527
2021-08-07,-1,-0.2628867659211196,105649.87181995623,0.8162,-1097313.982743681,0.07527,200000,168826.24886056513,-31173.75113943487,0.8441312443028257
2021-08-08,-1,-0.33314340491590444,105649.87181995623,0.7788,-1097313.982743681,0.07192,200000,161198.94181230746,-38801.05818769254,0.8059947090615373
2021-08-09,0,0.009474682866445889,0.0,0.817,0.0,0.07395,200000,152755.85214346155,-47244.147856538446,0.7637792607173077
2021-08-10,0,0.5958257094558825,0.0,0.8511,0.0,0.07464,200000,152755.85214346155,-47244.147856538446,0.7637792607173077
2021-08-11,2,1.6678627836268654,0.0,1.0105,0.0,0.08341,200000,152755.85214346155,-47244.147856538446,0.7637792607173077
2021-08-12,0,0.5141149137352867,0.0,0.966,0.0,0.08415,200000,152755.85214346155,-47244.147856538446,0.7637792607173077
2021-08-13,2,1.5238148746403428,0.0,1.0901,0.0,0.08951,200000,152755.85214346155,-47244.147856538446,0.7637792607173077
2021-08-14,2,2.9677961757171536,0.0,1.2791,0.0,0.09264,200000,152755.85214346155,-47244.147856538446,0.7637792607173077
2021-08-15,2,2.366710787357321,0.0,1.2839,0.0,0.09295,200000,152755.85214346155,-47244.147856538446,0.7637792607173077
2021-08-16,2,1.5715559897390852,0.0,1.1855,0.0,0.08936,200000,152755.85214346155,-47244.147856538446,0.7637792607173077
2021-08-17,1,1.123668137311265,-69573.62549802402,1.0978,897613.4219265576,0.08509,200000,152755.85214346155,-47244.147856538446,0.7637792607173077
2021-08-18,2,1.548720742754487,0.0,1.1431,0.0,0.08456,200000,156383.2724921431,-43616.72750785691,0.7819163624607155
2021-08-19,2,1.7229482808546046,0.0,1.2347,0.0,0.08825,200000,156383.2724921431,-43616.72750785691,0.7819163624607155
2021-08-20,2,1.487605262448056,0.0,1.2629,0.0,0.09059,200000,156383.2724921431,-43616.72750785691,0.7819163624607155
2021-08-21,2,1.248476542720664,0.0,1.2158,0.0,0.08799,200000,156383.2724921431,-43616.72750785691,0.7819163624607155
2021-08-22,2,1.2049267762622389,0.0,1.226,0.0,0.08795,200000,156383.2724921431,-43616.72750785691,0.7819163624607155
2021-08-23,1,1.0370296978524536,-62769.23516582768,1.2457,870052.7010801329,0.08987,200000,156383.2724921431,-43616.72750785691,0.7819163624607155
2021-08-24,1,0.6456507619476195,-62769.23516582768,1.1353,870052.7010801329,0.08457,200000,144842.269614111,-55157.73038588901,0.724211348070555
2021-08-25,1,0.551827922977503,-62769.23516582768,1.1735,870052.7010801329,0.08758,200000,149858.91302769684,-50141.086972303165,0.7492945651384841
2021-08-26,0,0.06749185042734927,0.0,1.0712,0.0,0.08303,200000,151381.20143109426,-48618.79856890574,0.7569060071554713
2021-08-27,0,0.514191199782699,0.0,1.1918,0.0,0.08828,200000,151381.20143109426,-48618.79856890574,0.7569060071554713
2021-08-28,0,-0.09170859837778966,0.0,1.1459,0.0,0.08829,200000,151381.20143109426,-48618.79856890574,0.7569060071554713
2021-08-29,0,-0.3258340585012225,0.0,1.1408,0.0,0.08847,200000,151381.20143109426,-48618.79856890574,0.7569060071554713
2021-08-30,0,-0.65316200914523,0.0,1.1002,0.0,0.08616,200000,151381.20143109426,-48618.79856890574,0.7569060071554713
2021-08-31,0,0.11097930473267069,0.0,1.1856,0.0,0.08875,200000,151381.20143109426,-48618.79856890574,0.7569060071554713
2021-09-01,0,-0.7101995461622631,0.0,1.2362,0.0,0.095,200000,151381.20143109426,-48618.79856890574,0.7569060071554713
2021-09-02,-2,-1.765552135730467,0.0,1.2533,0.0,0.09953,200000,151381.20143109426,-48618.79856890574,0.7569060071554713
2021-09-03,-2,-1.3572413754515826,0.0,1.2907,0.0,0.10161,200000,151381.20143109426,-48618.79856890574,0.7569060071554713
2021-09-04,-2,-1.800415820757412,0.0,1.2548,0.0,0.10146,200000,151381.20143109426,-48618.79856890574,0.7569060071554713
2021-09-05,-2,-1.4870879411824403,0.0,1.3076,0.0,0.10519,200000,151381.20143109426,-48618.79856890574,0.7569060071554713
2021-09-06,0,0.276742793950788,0.0,1.3894,0.0,0.10381,200000,151381.20143109426,-48618.79856890574,0.7569060071554713
2021-09-07,0,-0.0009679243649199137,0.0,1.1292,0.0,0.08539,200000,151381.20143109426,-48618.79856890574,0.7569060071554713
2021-09-08,-2,-2.205879602318928,0.0,1.0998,0.0,0.09272,200000,151381.20143109426,-48618.79856890574,0.7569060071554713
2021-09-09,-2,-2.134977342270791,0.0,1.0868,0.0,0.09303,200000,151381.20143109426,-48618.79856890574,0.7569060071554713
2021-09-10,-2,-1.9194504128922814,0.0,1.0552,0.0,0.09075,200000,151381.20143109426,-48618.79856890574,0.7569060071554713
2021-09-11,-2,-2.091744453724863,0.0,1.0787,0.0,0.09555,200000,151381.20143109426,-48618.79856890574,0.7569060071554713
2021-09-12,-2,-2.911748140340994,0.0,1.1181,0.0,0.11241,200000,151381.20143109426,-48618.79856890574,0.7569060071554713
2021-09-13,-2,-2.182829254892372,0.0,1.0643,0.0,0.10462,200000,151381.20143109426,-48618.79856890574,0.7569060071554713
2021-09-14,-2,-2.4170188498524974,0.0,1.0963,0.0,0.11822,200000,151381.20143109426,-48618.79856890574,0.7569060071554713
2021-09-15,-2,-2.008164097878643,0.0,1.1207,0.0,0.12069,200000,151381.20143109426,-48618.79856890574,0.7569060071554713
2021-09-16,-2,-1.6827435366513712,0.0,1.0902,0.0,0.11594,200000,151381.20143109426,-48618.79856890574,0.7569060071554713
2021-09-17,-1,-1.073530840419596,70997.65567540299,1.0661,-717786.6355196503,0.10545,200000,151381.20143109426,-48618.79856890574,0.7569060071554713
2021-09-18,-1,-0.9428253812310852,70997.65567540299,1.0751,-717786.6355196503,0.10586,200000,152314.47285273593,-47685.527147264074,0.7615723642636796
2021-09-19,-1,-0.8816838722602787,70997.65567540299,1.0483,-717786.6355196503,0.10369,200000,148854.1386815575,-51145.861318442505,0.7442706934077874
2021-09-20,-1,-0.8149587335262968,70997.65567540299,0.9216,-717786.6355196503,0.0914,200000,131037.13795694744,-68962.86204305256,0.6551856897847372
2021-09-21,-1,-0.8516460741902263,70997.65567540299,0.8743,-717786.6355196503,0.08826,200000,125425.09880796916,-74574.90119203084,0.6271254940398459
2021-09-22,-1,-0.5943820965944132,70997.65567540299,1.0033,-717786.6355196503,0.09876,200000,142120.5560630525,-57879.4439369475,0.7106027803152625
2021-09-23,-1,-0.5681051165235822,70997.65567540299,1.0016,-717786.6355196503,0.09923,200000,142337.21976709855,-57662.78023290145,0.7116860988354927
2021-09-24,-1,-0.3927379785786918,70997.65567540299,0.944,-717786.6355196503,0.09226,200000,133244.78195062335,-66755.21804937665,0.6662239097531167
2021-09-25,-1,-0.20152950327235228,70997.65567540299,0.94,-717786.6355196503,0.09055,200000,131733.37618118315,-68266.62381881685,0.6586668809059157
2021-09-26,0,0.27607992416323346,0.0,0.9436,0.0,0.08769,200000,147330.52360450214,-52669.476395497855,0.7366526180225107
2021-09-27,0,0.47380220161678477,0.0,0.9218,0.0,0.08599,200000,147330.52360450214,-52669.476395497855,0.7366526180225107
2021-09-28,0,0.6570327029852118,0.0,0.8928,0.0,0.08305,200000,147330.52360450214,-52669.476395497855,0.7366526180225107
2021-09-29,0,0.8886761449779055,0.0,0.9268,0.0,0.08581,200000,147330.52360450214,-52669.476395497855,0.7366526180225107
2021-09-30,0,0.8507006833724561,0.0,0.9533,0.0,0.08943,200000,147330.52360450214,-52669.476395497855,0.7366526180225107
2021-10-01,2,1.6029413517936248,0.0,1.0422,0.0,0.09481,200000,147330.52360450214,-52669.476395497855,0.7366526180225107
2021-10-02,2,1.5810393584493525,0.0,1.0359,0.0,0.09338,200000,147330.52360450214,-52669.476395497855,0.7366526180225107
2021-10-03,2,1.4418637146280489,0.0,1.0552,0.0,0.09494,200000,147330.52360450214,-52669.476395497855,0.7366526180225107
2021-10-04,2,1.398439928914464,0.0,1.0425,0.0,0.09351,200000,147330.52360450214,-52669.476395497855,0.7366526180225107
2021-10-05,2,1.5367479903350771,0.0,1.0839,0.0,0.09618,200000,147330.52360450214,-52669.476395497855,0.7366526180225107
2021-10-06,2,1.482494078645387,0.0,1.0765,0.0,0.09549,200000,147330.52360450214,-52669.476395497855,0.7366526180225107
2021-10-07,1,1.1638711467624916,-68987.88331358969,1.0678,771606.3873703894,0.09547,200000,147330.52360450214,-52669.476395497855,0.7366526180225107
2021-10-08,1,0.4519250526518775,-68987.88331358969,1.0636,771606.3873703894,0.09771,200000,148769.17280229475,-51230.82719770525,0.7438458640114738
2021-10-09,1,1.160735602475134,-68987.88331358969,1.1604,771606.3873703894,0.10306,200000,159575.2940794818,-40424.7059205182,0.797876470397409
2021-10-10,2,1.7863619529955586,0.0,1.1352,0.0,0.09747,200000,150437.09416509728,-49562.90583490272,0.7521854708254864
2021-10-11,2,1.7656561163468336,0.0,1.1364,0.0,0.09707,200000,150437.09416509728,-49562.90583490272,0.7521854708254864
2021-10-12,2,1.2841500035849744,0.0,1.1018,0.0,0.09549,200000,150437.09416509728,-49562.90583490272,0.7521854708254864
2021-10-13,1,1.16303374026078,-66712.68033928926,1.1275,768084.8267389834,0.09793,200000,150437.09416509728,-49562.90583490272,0.7521854708254864
2021-10-14,2,1.427089216680837,0.0,1.1336,0.0,0.09729,200000,151335.61580427992,-48664.38419572008,0.7566780790213996
2021-10-15,1,1.1509295814398117,-66299.66520821866,1.1413,767344.1628855082,0.09861,200000,151335.61580427992,-48664.38419572008,0.7566780790213996
2021-10-16,1,0.8239458733535716,-66299.66520821866,1.1343,767344.1628855082,0.09871,200000,150948.25256411097,-49051.74743588903,0.7547412628205549
2021-10-17,0,-0.4527288235709382,0.0,1.0944,0.0,0.0987,200000,148157.10053135478,-51842.89946864522,0.7407855026567739
2021-10-18,0,-0.6964956837177625,0.0,1.0827,0.0,0.0981,200000,148157.10053135478,-51842.89946864522,0.7407855026567739
2021-10-19,-2,-1.337243794236621,0.0,1.0911,0.0,0.10055,200000,148157.10053135478,-51842.89946864522,0.7407855026567739
2021-10-20,0,-0.6581978376861384,0.0,1.1455,0.0,0.10324,200000,148157.10053135478,-51842.89946864522,0.7407855026567739
2021-10-21,-2,-1.2441683987330316,0.0,1.0886,0.0,0.09958,200000,148157.10053135478,-51842.89946864522,0.7407855026567739
2021-10-22,-2,-1.2655263888610413,0.0,1.0885,0.0,0.09982,200000,148157.10053135478,-51842.89946864522,0.7407855026567739
2021-10-23,-2,-1.3142594217006947,0.0,1.0934,0.0,0.10066,200000,148157.10053135478,-51842.89946864522,0.7407855026567739
2021-10-24,-1,-1.0592631238837364,68458.13720143923,1.0821,-747286.8986752486,0.09913,200000,148157.10053135478,-51842.89946864522,0.7407855026567739
2021-10-25,-1,-1.1051073662994446,68458.13720143923,1.0951,-747286.8986752486,0.10074,200000,150250.18822184065,-49749.81177815935,0.7512509411092032
2021-10-26,-1,-0.777835866121063,68458.13720143923,1.1075,-747286.8986752486,0.10112,200000,151383.0381446351,-48616.961855364905,0.7569151907231755
2021-10-27,-1,-0.6574190590469507,68458.13720143923,0.995,-747286.8986752486,0.09064,200000,135849.93101135656,-64150.06898864344,0.6792496550567828
2021-10-28,-1,-0.3021135710377202,68458.13720143923,1.0579,-747286.8986752486,0.09527,200000,143615.88618219347,-56384.11381780653,0.7180794309109674
2021-10-29,-1,-0.968801195179258,68458.13720143923,1.0825,-747286.8986752486,0.0996,200000,148535.70862861275,-51464.291371387255,0.7426785431430638
2021-10-30,-2,-1.2855557686835717,0.0,1.0846,0.0,0.10111,200000,149465.58324772818,-50534.41675227182,0.7473279162386409
2021-10-31,0,-0.46782456210578177,0.0,1.1128,0.0,0.10152,200000,149465.58324772818,-50534.41675227182,0.7473279162386409
2021-11-01,0,-0.7325981503344832,0.0,1.0915,0.0,0.10048,200000,149465.58324772818,-50534.41675227182,0.7473279162386409
2021-11-02,-2,-1.6718481905457194,0.0,1.1349,0.0,0.10748,200000,149465.58324772818,-50534.41675227182,0.7473279162386409
2021-11-03,2,1.7181844884806265,0.0,1.2101,0.0,0.10587,200000,149465.58324772818,-50534.41675227182,0.7473279162386409
2021-11-04,2,2.422003397237569,0.0,1.2004,0.0,0.10329,200000,149465.58324772818,-50534.41675227182,0.7473279162386409
2021-11-05,0,0.8740487751600953,0.0,1.1581,0.0,0.10346,200000,149465.58324772818,-50534.41675227182,0.7473279162386409
2021-11-06,0,0.9667072807722127,0.0,1.151,0.0,0.10252,200000,149465.58324772818,-50534.41675227182,0.7473279162386409
2021-11-07,2,2.28655545866432,0.0,1.2198,0.0,0.1045,200000,149465.58324772818,-50534.41675227182,0.7473279162386409
2021-11-08,2,1.8915447390709126,0.0,1.2815,0.0,0.10993,200000,149465.58324772818,-50534.41675227182,0.7473279162386409
2021-11-09,0,-0.23207901367065092,0.0,1.2571,0.0,0.11436,200000,149465.58324772818,-50534.41675227182,0.7473279162386409
2021-11-10,0,0.2798185813132928,0.0,1.1902,0.0,0.10662,200000,149465.58324772818,-50534.41675227182,0.7473279162386409
2021-11-11,0,0.1893537865938103,0.0,1.2142,0.0,0.10893,200000,149465.58324772818,-50534.41675227182,0.7473279162386409
2021-11-12,0,-0.29185385361587174,0.0,1.1883,0.0,0.10796,200000,149465.58324772818,-50534.41675227182,0.7473279162386409
2021-11-13,-2,-1.579578644133079,0.0,1.1892,0.0,0.11255,200000,149465.58324772818,-50534.41675227182,0.7473279162386409
2021-11-14,-2,-2.3229980868088798,0.0,1.1879,0.0,0.117,200000,149465.58324772818,-50534.41675227182,0.7473279162386409
2021-11-15,-2,-2.883956470253383,0.0,1.172,0.0,0.1238,200000,149465.58324772818,-50534.41675227182,0.7473279162386409
2021-11-16,-2,-1.7045758134350435,0.0,1.0877,0.0,0.10934,200000,149465.58324772818,-50534.41675227182,0.7473279162386409
2021-11-17,-2,-1.634377312211065,0.0,1.0953,0.0,0.11119,200000,149465.58324772818,-50534.41675227182,0.7473279162386409
2021-11-18,0,-0.7413260458327863,0.0,1.0406,0.0,0.10038,200000,149465.58324772818,-50534.41675227182,0.7473279162386409
2021-11-19,0,-0.5264574081447012,0.0,1.0892,0.0,0.10387,200000,149465.58324772818,-50534.41675227182,0.7473279162386409
2021-11-20,0,-0.5781639744363772,0.0,1.0965,0.0,0.10519,200000,149465.58324772818,-50534.41675227182,0.7473279162386409
2021-11-21,-2,-1.2300571604561716,0.0,1.0569,0.0,0.10643,200000,149465.58324772818,-50534.41675227182,0.7473279162386409
2021-11-22,0,-0.8253670349739927,0.0,1.0354,0.0,0.10182,200000,149465.58324772818,-50534.41675227182,0.7473279162386409
2021-11-23,0,-0.46239772053035555,0.0,1.0661,0.0,0.10283,200000,149465.58324772818,-50534.41675227182,0.7473279162386409
2021-11-24,0,-0.1041947005882306,0.0,1.0326,0.0,0.09785,200000,149465.58324772818,-50534.41675227182,0.7473279162386409
2021-11-25,0,-0.26597569894907025,0.0,1.0438,0.0,0.10019,200000,149465.58324772818,-50534.41675227182,0.7473279162386409
2021-11-26,0,-0.5904431154645896,0.0,0.9394,0.0,0.09229,200000,149465.58324772818,-50534.41675227182,0.7473279162386409
2021-11-27,0,-0.6124039124423774,0.0,0.9452,0.0,0.09335,200000,149465.58324772818,-50534.41675227182,0.7473279162386409
2021-11-28,0,-0.44077789305603754,0.0,0.9687,0.0,0.09518,200000,149465.58324772818,-50534.41675227182,0.7473279162386409
2021-11-29,0,-0.20280333257136962,0.0,0.9898,0.0,0.09655,200000,149465.58324772818,-50534.41675227182,0.7473279162386409
2021-11-30,0,0.12368225313192699,0.0,0.9983,0.0,0.09652,200000,149465.58324772818,-50534.41675227182,0.7473279162386409
2021-12-01,0,-0.10124565725433993,0.0,0.9899,0.0,0.09688,200000,149465.58324772818,-50534.41675227182,0.7473279162386409
2021-12-02,0,-0.864466721728958,0.0,0.9716,0.0,0.0975,200000,149465.58324772818,-50534.41675227182,0.7473279162386409
2021-12-03,-2,-1.301902033973368,0.0,0.9211,0.0,0.09388,200000,149465.58324772818,-50534.41675227182,0.7473279162386409
2021-12-04,-2,-1.4783344406379098,0.0,0.8449,0.0,0.08696,200000,149465.58324772818,-50534.41675227182,0.7473279162386409
2021-12-05,-2,-2.170607025007793,0.0,0.8045,0.0,0.08432,200000,149465.58324772818,-50534.41675227182,0.7473279162386409
2021-12-06,-2,-2.1019418141882253,0.0,0.8255,0.0,0.08729,200000,149465.58324772818,-50534.41675227182,0.7473279162386409
2021-12-07,-2,-2.6076485633188273,0.0,0.8154,0.0,0.08999,200000,149465.58324772818,-50534.41675227182,0.7473279162386409
2021-12-08,-2,-1.6592339881990272,0.0,0.8622,0.0,0.09237,200000,149465.58324772818,-50534.41675227182,0.7473279162386409
2021-12-09,0,-0.7337597651473962,0.0,0.8583,0.0,0.08861,200000,149465.58324772818,-50534.41675227182,0.7473279162386409
2021-12-10,-2,-1.8415400407977722,0.0,0.7992,0.0,0.08771,200000,149465.58324772818,-50534.41675227182,0.7473279162386409
2021-12-11,-2,-1.530654549934453,0.0,0.8392,0.0,0.0916,200000,149465.58324772818,-50534.41675227182,0.7473279162386409
2021-12-12,-2,-1.2563947673680924,0.0,0.8393,0.0,0.09101,200000,149465.58324772818,-50534.41675227182,0.7473279162386409
2021-12-13,-1,-1.1736908646680722,95590.67744162712,0.7818,-879519.7319508543,0.08497,200000,149465.58324772818,-50534.41675227182,0.7473279162386409
2021-12-14,-1,-0.8769382507351249,95590.67744162712,0.8103,-879519.7319508543,0.08707,200000,154036.90899191133,-45963.09100808867,0.7701845449595567
2021-12-15,-1,-0.5189910290865221,95590.67744162712,0.8262,-879519.7319508543,0.08754,200000,155970.17503725013,-44029.82496274987,0.7798508751862506
2021-12-16,-1,-0.45573496941449526,95590.67744162712,0.8051,-879519.7319508543,0.08533,200000,152009.4731356204,-47990.526864379586,0.760047365678102
2021-12-17,0,0.9483756192642399,0.0,0.7966,0.0,0.07951,200000,143248.66348514045,-56751.33651485955,0.7162433174257022
2021-12-18,2,1.5205795317636108,0.0,0.8262,0.0,0.08042,200000,143248.66348514045,-56751.33651485955,0.7162433174257022
2021-12-19,2,1.9423062705302943,0.0,0.835,0.0,0.07944,200000,143248.66348514045,-56751.33651485955,0.7162433174257022
2021-12-20,2,2.895924926098056,0.0,0.8798,0.0,0.07759,200000,143248.66348514045,-56751.33651485955,0.7162433174257022
2021-12-21,2,2.9161410612960887,0.0,0.9467,0.0,0.07884,200000,143248.66348514045,-56751.33651485955,0.7162433174257022
2021-12-22,2,2.3624171325754015,0.0,0.9537,0.0,0.07913,200000,143248.66348514045,-56751.33651485955,0.7162433174257022
2021-12-23,2,1.9548848602531836,0.0,0.9941,0.0,0.08274,200000,143248.66348514045,-56751.33651485955,0.7162433174257022
2021-12-24,1,1.123579211399424,-78578.53180753728,0.9115,885891.5490732248,0.08085,200000,143248.66348514045,-56751.33651485955,0.7162433174257022
2021-12-25,1,1.0793419459359537,-78578.53180753728,0.9252,885891.5490732248,0.08153,200000,144927.5956242735,-55072.4043757265,0.7246379781213674
2021-12-26,1,0.9306678106592399,-78578.53180753728,0.92,885891.5490732248,0.08149,200000,144483.5515969114,-55516.44840308861,0.722417757984557
2021-12-27,1,0.9515275052417785,-78578.53180753728,0.9269,885891.5490732248,0.08114,200000,144715.68142420775,-55284.31857579225,0.7235784071210387
2021-12-28,1,0.5360489074592811,-78578.53180753728,0.8515,885891.5490732248,0.07713,200000,135238.43501413584,-64761.564985864155,0.6761921750706792
2021-12-29,0,0.16202026134953354,0.0,0.8171,0.0,0.0765,200000,139684.47832097748,-60315.521679022524,0.6984223916048874
2021-12-30,0,0.18171155304198175,0.0,0.8386,0.0,0.07782,200000,139684.47832097748,-60315.521679022524,0.6984223916048874
2021-12-31,0,0.33369364447575023,0.0,0.8297,0.0,0.07539,200000,139684.47832097748,-60315.521679022524,0.6984223916048874
2022-01-01,0,0.362493773481664,0.0,0.8507,0.0,0.0766,200000,139684.47832097748,-60315.521679022524,0.6984223916048874
2022-01-02,0,0.23110234226579318,0.0,0.8586,0.0,0.07762,200000,139684.47832097748,-60315.521679022524,0.6984223916048874
2022-01-03,0,-0.1905124209779609,0.0,0.8324,0.0,0.07705,200000,139684.47832097748,-60315.521679022524,0.6984223916048874
2022-01-04,0,-0.2708310693559462,0.0,0.8228,0.0,0.07592,200000,139684.47832097748,-60315.521679022524,0.6984223916048874
2022-01-05,0,-0.4122710940887739,0.0,0.7726,0.0,0.07112,200000,139684.47832097748,-60315.521679022524,0.6984223916048874
2022-01-06,0,-0.3528649696364346,0.0,0.7791,0.0,0.07106,200000,139684.47832097748,-60315.521679022524,0.6984223916048874
2022-01-07,0,0.031997751809402564,0.0,0.7634,0.0,0.0682,200000,139684.47832097748,-60315.521679022524,0.6984223916048874
2022-01-08,0,0.42183514702254965,0.0,0.7452,0.0,0.06539,200000,139684.47832097748,-60315.521679022524,0.6984223916048874
2022-01-09,0,0.39969567833629716,0.0,0.753,0.0,0.06611,200000,139684.47832097748,-60315.521679022524,0.6984223916048874
2022-01-10,1,1.198924764311822,-94394.16023853053,0.7399,1101265.202782856,0.06342,200000,139684.47832097748,-60315.521679022524,0.6984223916048874
2022-01-11,2,1.8368643167814236,0.0,0.7703,0.0,0.06493,200000,140891.15033602668,-59108.84966397332,0.7044557516801334
2022-01-12,2,1.6527449381054649,0.0,0.7987,0.0,0.06806,200000,140891.15033602668,-59108.84966397332,0.7044557516801334
2022-01-13,1,1.157133397835299,-91726.0093333507,0.768,1064132.5554080566,0.0662,200000,140891.15033602668,-59108.84966397332,0.7044557516801334
2022-01-14,1,0.6427420961434045,-91726.0093333507,0.7732,1064132.5554080566,0.06765,200000,142911.1177899018,-57088.88221009821,0.714555588949509
2022-01-15,1,0.5037910110072285,-91726.0093333507,0.7791,1064132.5554080566,0.06842,200000,144271.68331263275,-55728.316687367245,0.7213584165631638
2022-01-16,0,-0.1675782605815963,0.0,0.7784,0.0,0.06988,200000,137929.0930291919,-62070.90697080811,0.6896454651459595
2022-01-17,-2,-1.2047073343915624,0.0,0.7617,0.0,0.07085,200000,137929.0930291919,-62070.90697080811,0.6896454651459595
2022-01-18,0,-0.6669681430875622,0.0,0.7509,0.0,0.06846,200000,137929.0930291919,-62070.90697080811,0.6896454651459595
2022-01-19,-2,-1.480329934916089,0.0,0.7381,0.0,0.06915,200000,137929.0930291919,-62070.90697080811,0.6896454651459595
2022-01-20,-2,-1.4704472499692758,0.0,0.7199,0.0,0.06773,200000,137929.0930291919,-62070.90697080811,0.6896454651459595
2022-01-21,-2,-1.7404120643492447,0.0,0.6368,0.0,0.06103,200000,137929.0930291919,-62070.90697080811,0.6896454651459595
2022-01-22,-2,-1.4161388929662588,0.0,0.5966,0.0,0.0568,200000,137929.0930291919,-62070.90697080811,0.6896454651459595
2022-01-23,0,-0.4566225951305232,0.0,0.6283,0.0,0.05752,200000,137929.0930291919,-62070.90697080811,0.6896454651459595
2022-01-24,0,-0.046808960425527,0.0,0.6118,0.0,0.05506,200000,137929.0930291919,-62070.90697080811,0.6896454651459595
2022-01-25,0,-0.19602693279448805,0.0,0.618,0.0,0.05588,200000,137929.0930291919,-62070.90697080811,0.6896454651459595
2022-01-26,0,-0.2991867280222924,0.0,0.6193,0.0,0.0562,200000,137929.0930291919,-62070.90697080811,0.6896454651459595
2022-01-27,0,-0.8177611886403824,0.0,0.6088,0.0,0.05649,200000,137929.0930291919,-62070.90697080811,0.6896454651459595
2022-01-28,-1,-1.0848411974641572,112853.12798984774,0.6111,-1197925.0740767056,0.05757,200000,137929.0930291919,-62070.90697080811,0.6896454651459595
2022-01-29,-2,-1.7058890793044297,0.0,0.6174,0.0,0.06034,200000,140536.3707780483,-59463.629221951705,0.7026818538902415
2022-01-30,-2,-1.4881864500711037,0.0,0.6013,0.0,0.05863,200000,140536.3707780483,-59463.629221951705,0.7026818538902415
2022-01-31,-1,-1.000822762091468,113813.06347428597,0.6174,-1189776.2510840525,0.05906,200000,140536.3707780483,-59463.629221951705,0.7026818538902415
