date,statusList,zscore,ZECUSDT_position,ZECUSDT_price,IOTAUSDT_position,IOTAUSDT_price,init,total_asset,pnl,return
2020-01-01,0,,0.0,28.07,0.0,0.1606,200000,200000.0,0.0,1.0
2020-01-02,0,,0.0,27.02,0.0,0.1584,200000,200000.0,0.0,1.0
2020-01-03,0,,0.0,28.41,0.0,0.1664,200000,200000.0,0.0,1.0
2020-01-04,0,,0.0,29.91,0.0,0.1734,200000,200000.0,0.0,1.0
2020-01-05,0,,0.0,30.81,0.0,0.1718,200000,200000.0,0.0,1.0
2020-01-06,0,,0.0,32.86,0.0,0.1826,200000,200000.0,0.0,1.0
2020-01-07,0,,0.0,32.24,0.0,0.1857,200000,200000.0,0.0,1.0
2020-01-08,0,,0.0,30.88,0.0,0.1811,200000,200000.0,0.0,1.0
2020-01-09,0,,0.0,30.83,0.0,0.177,200000,200000.0,0.0,1.0
2020-01-10,0,,0.0,33.69,0.0,0.1902,200000,200000.0,0.0,1.0
2020-01-11,0,,0.0,34.88,0.0,0.1918,200000,200000.0,0.0,1.0
2020-01-12,0,,0.0,35.52,0.0,0.1913,200000,200000.0,0.0,1.0
2020-01-13,0,,0.0,38.32,0.0,0.1884,200000,200000.0,0.0,1.0
2020-01-14,0,,0.0,43.83,0.0,0.2105,200000,200000.0,0.0,1.0
2020-01-15,0,,0.0,54.97,0.0,0.2335,200000,200000.0,0.0,1.0
2020-01-16,0,,0.0,50.8,0.0,0.2279,200000,200000.0,0.0,1.0
2020-01-17,0,,0.0,61.54,0.0,0.2383,200000,200000.0,0.0,1.0
2020-01-18,0,,0.0,51.16,0.0,0.2461,200000,200000.0,0.0,1.0
2020-01-19,0,,0.0,51.56,0.0,0.2462,200000,200000.0,0.0,1.0
2020-01-20,0,0.7701601231133112,0.0,53.68,0.0,0.2523,200000,200000.0,0.0,1.0
2020-01-21,0,0.6966258578290043,0.0,53.26,0.0,0.2503,200000,200000.0,0.0,1.0
2020-01-22,0,0.5047513597515568,0.0,52.21,0.0,0.249,200000,200000.0,0.0,1.0
2020-01-23,0,0.42537373545592355,0.0,49.6,0.0,0.2369,200000,200000.0,0.0,1.0
2020-01-24,0,0.22067384805308754,0.0,48.82,0.0,0.237,200000,200000.0,0.0,1.0
2020-01-25,0,0.24514272820029961,0.0,48.72,0.0,0.2344,200000,200000.0,0.0,1.0
2020-01-26,0,0.6380204243594383,0.0,53.65,0.0,0.2457,200000,200000.0,0.0,1.0
2020-01-27,0,0.5823054611618836,0.0,55.18,0.0,0.2522,200000,200000.0,0.0,1.0
2020-01-28,0,-0.5002796267810989,0.0,56.74,0.0,0.2863,200000,200000.0,0.0,1.0
2020-01-29,0,-0.35519246035670665,0.0,61.74,0.0,0.3041,200000,200000.0,0.0,1.0
2020-01-30,0,0.8367634415617096,0.0,66.3,0.0,0.294,200000,200000.0,0.0,1.0
2020-01-31,0,0.8003595773062088,0.0,66.51,0.0,0.2942,200000,200000.0,0.0,1.0
2020-02-01,0,0.027183182752247577,0.0,66.03,0.0,0.3059,200000,200000.0,0.0,1.0
2020-02-02,0,-0.06286068537467074,0.0,66.36,0.0,0.3083,200000,200000.0,0.0,1.0
2020-02-03,-2,-1.470441076249553,0.0,65.52,0.0,0.3363,200000,200000.0,0.0,1.0
2020-02-04,-2,-1.3955947990294786,0.0,64.34,0.0,0.3319,200000,200000.0,0.0,1.0
2020-02-05,0,0.3491738077383549,0.0,71.19,0.0,0.3267,200000,200000.0,0.0,1.0
2020-02-06,0,0.13587914144903454,0.0,70.14,0.0,0.3309,200000,200000.0,0.0,1.0
2020-02-07,0,0.2336232706581074,0.0,68.38,0.0,0.3209,200000,200000.0,0.0,1.0
2020-02-08,2,1.6610697088606698,0.0,70.02,0.0,0.3073,200000,200000.0,0.0,1.0
2020-02-09,0,0.8928438810268929,0.0,71.33,0.0,0.3226,200000,200000.0,0.0,1.0
2020-02-10,0,0.6889144965460918,0.0,69.77,0.0,0.3178,200000,200000.0,0.0,1.0
2020-02-11,0,0.5632347491401993,0.0,72.68,0.0,0.3322,200000,200000.0,0.0,1.0
2020-02-12,0,0.6068009287123276,0.0,73.12,0.0,0.3327,200000,200000.0,0.0,1.0
2020-02-13,0,0.8720828055552503,0.0,72.01,0.0,0.3224,200000,200000.0,0.0,1.0
2020-02-14,0,0.9924188846575095,0.0,72.92,0.0,0.3232,200000,200000.0,0.0,1.0
2020-02-15,0,0.7582187271567655,0.0,64.46,0.0,0.2883,200000,200000.0,0.0,1.0
2020-02-16,0,0.06950291758263095,0.0,60.0,0.0,0.2774,200000,200000.0,0.0,1.0
2020-02-17,0,0.9739248569705485,0.0,64.2,0.0,0.2834,200000,200000.0,0.0,1.0
2020-02-18,0,0.8638322546771547,0.0,65.74,0.0,0.2905,200000,200000.0,0.0,1.0
2020-02-19,2,1.4151050031281132,0.0,62.1,0.0,0.2672,200000,200000.0,0.0,1.0
2020-02-20,1,1.02762245626472,-1645.0074025333115,60.79,376506.0240963855,0.2656,200000,200000.0,0.0,1.0
2020-02-21,1,1.0054597091170785,-1645.0074025333115,61.56,376506.0240963855,0.2681,200000,202207.92076019163,2207.920760191628,1.0110396038009581
2020-02-22,1,0.4681470646527811,-1645.0074025333115,60.73,376506.0240963855,0.2704,200000,201708.52847151062,1708.5284715106245,1.0085426423575532
2020-02-23,1,0.7684809390819483,-1645.0074025333115,63.32,376506.0240963855,0.2777,200000,208717.59161997554,8717.591619975545,1.0435879580998777
2020-02-24,2,1.4051771621301146,0.0,60.7,0.0,0.2621,200000,201169.72041810938,1169.720418109384,1.0058486020905468
2020-02-25,1,1.093453272800624,-1762.791100754551,57.06,406239.33848568134,0.2476,200000,201169.72041810938,1169.720418109384,1.0058486020905468
2020-02-26,2,2.190823862351293,0.0,51.33,0.0,0.2151,200000,204271.7059115704,4271.705911570403,1.021358529557852
2020-02-27,2,2.7420441691767317,0.0,52.96,0.0,0.2151,200000,204271.7059115704,4271.705911570403,1.021358529557852
2020-02-28,1,1.0867112046087959,-2009.3616556322095,50.83,472632.35981390654,0.2161,200000,204271.7059115704,4271.705911570403,1.021358529557852
2020-02-29,1,0.40860500248013815,-2009.3616556322095,48.96,472632.35981390654,0.2122,200000,198670.93341226393,-1329.0665877360734,0.9933546670613196
2020-03-01,1,0.6689788282972643,-2009.3616556322095,49.1,472632.35981390654,0.2106,200000,198196.03226835022,-1803.9677316497837,0.990980161341751
2020-03-02,1,0.6010115945768043,-2009.3616556322095,52.33,472632.35981390654,0.2244,200000,211208.59698147414,11208.59698147414,1.0560429849073707
2020-03-03,0,-0.39314910862890495,0.0,50.78,0.0,0.2236,200000,200626.4951301845,626.495130184514,1.0031324756509226
2020-03-04,0,-0.6319834389262061,0.0,50.17,0.0,0.2222,200000,200626.4951301845,626.495130184514,1.0031324756509226
2020-03-05,0,-0.3166626418706344,0.0,51.84,0.0,0.2275,200000,200626.4951301845,626.495130184514,1.0031324756509226
2020-03-06,0,-0.15746288125331218,0.0,53.3,0.0,0.2326,200000,200626.4951301845,626.495130184514,1.0031324756509226
2020-03-07,0,-0.7037079179525094,0.0,50.59,0.0,0.2228,200000,200626.4951301845,626.495130184514,1.0031324756509226
2020-03-08,-2,-1.3267741392342076,0.0,42.83,0.0,0.1916,200000,200626.4951301845,626.495130184514,1.0031324756509226
2020-03-09,-2,-1.8208522984589064,0.0,42.18,0.0,0.1919,200000,200626.4951301845,626.495130184514,1.0031324756509226
2020-03-10,-2,-2.692334211221923,0.0,41.4,0.0,0.1978,200000,200626.4951301845,626.495130184514,1.0031324756509226
2020-03-11,-2,-2.433248024634144,0.0,40.24,0.0,0.1952,200000,200626.4951301845,626.495130184514,1.0031324756509226
2020-03-12,0,0.6920740696673408,0.0,25.45,0.0,0.1086,200000,200626.4951301845,626.495130184514,1.0031324756509226
2020-03-13,-2,-1.7197613985104783,0.0,27.34,0.0,0.1299,200000,200626.4951301845,626.495130184514,1.0031324756509226
2020-03-14,-2,-2.209936510062279,0.0,24.95,0.0,0.1244,200000,200626.4951301845,626.495130184514,1.0031324756509226
2020-03-15,-1,-1.1481900863662255,3906.279110790197,25.68,-825623.4367497305,0.1215,200000,200626.4951301845,626.495130184514,1.0031324756509226
2020-03-16,0,0.07050283774674199,0.0,24.68,0.0,0.1094,200000,194542.73065630297,-5457.269343697029,0.9727136532815148
2020-03-17,-2,-1.2936844515272363,0.0,25.06,0.0,0.1206,200000,194542.73065630297,-5457.269343697029,0.9727136532815148
2020-03-18,1,1.1369915544793145,3271.825271717171,29.73,-769551.9408872743,0.1264,200000,194542.73065630297,-5457.269343697029,0.9727136532815148
2020-03-19,0,-0.6068882772088345,0.0,31.95,0.0,0.1485,200000,184799.08486590633,-15200.915134093666,0.9239954243295316
2020-03-20,1,1.044567944590099,-2793.2147047446547,33.08,651159.5661237009,0.1419,200000,184799.08486590633,-15200.915134093666,0.9239954243295316
2020-03-21,2,1.4661813254058098,0.0,33.03,0.0,0.1385,200000,186873.3666554897,-13126.633344510308,0.9343668332774484
2020-03-22,1,1.0622064737340873,-3168.419237970324,29.49,741560.9787916257,0.126,200000,186873.3666554897,-13126.633344510308,0.9343668332774484
2020-03-23,0,0.16808120777392896,0.0,32.05,0.0,0.1432,200000,182229.67106947774,-17770.328930522257,0.9111483553473887
2020-03-24,0,0.4264284329070056,0.0,32.79,0.0,0.1446,200000,182229.67106947774,-17770.328930522257,0.9111483553473887
2020-03-25,0,0.5800075756931463,0.0,32.2,0.0,0.1409,200000,182229.67106947774,-17770.328930522257,0.9111483553473887
2020-03-26,0,0.163760565255044,0.0,32.46,0.0,0.1452,200000,182229.67106947774,-17770.328930522257,0.9111483553473887
2020-03-27,0,0.5733656980548654,0.0,31.01,0.0,0.1359,200000,182229.67106947774,-17770.328930522257,0.9111483553473887
2020-03-28,0,-0.3198188224018734,0.0,30.38,0.0,0.1394,200000,182229.67106947774,-17770.328930522257,0.9111483553473887
2020-03-29,0,-0.5894321028397375,0.0,28.22,0.0,0.1315,200000,182229.67106947774,-17770.328930522257,0.9111483553473887
2020-03-30,0,-0.4959641396596447,0.0,30.54,0.0,0.1413,200000,182229.67106947774,-17770.328930522257,0.9111483553473887
2020-03-31,0,-0.6266186231945984,0.0,30.9,0.0,0.1434,200000,182229.67106947774,-17770.328930522257,0.9111483553473887
2020-04-01,0,-0.7861086013774534,0.0,31.32,0.0,0.1471,200000,182229.67106947774,-17770.328930522257,0.9111483553473887
2020-04-02,0,-0.30232420958592787,0.0,32.23,0.0,0.1476,200000,182229.67106947774,-17770.328930522257,0.9111483553473887
2020-04-03,0,-0.3885911859991707,0.0,32.66,0.0,0.1492,200000,182229.67106947774,-17770.328930522257,0.9111483553473887
2020-04-04,0,-0.28663615839372536,0.0,33.03,0.0,0.1499,200000,182229.67106947774,-17770.328930522257,0.9111483553473887
2020-04-05,0,-0.4252699203823645,0.0,32.52,0.0,0.1486,200000,182229.67106947774,-17770.328930522257,0.9111483553473887
2020-04-06,0,0.3652991389640696,0.0,37.56,0.0,0.1661,200000,182229.67106947774,-17770.328930522257,0.9111483553473887
2020-04-07,0,-0.05896497129153663,0.0,36.45,0.0,0.164,200000,182229.67106947774,-17770.328930522257,0.9111483553473887
2020-04-08,0,-0.4038522969272132,0.0,37.86,0.0,0.172,200000,182229.67106947774,-17770.328930522257,0.9111483553473887
2020-04-09,2,1.7948030504515002,0.0,40.71,0.0,0.1725,200000,182229.67106947774,-17770.328930522257,0.9111483553473887
2020-04-10,0,0.7589661386090516,0.0,36.62,0.0,0.1611,200000,182229.67106947774,-17770.328930522257,0.9111483553473887
2020-04-11,0,0.6446856463039007,0.0,36.2,0.0,0.1603,200000,182229.67106947774,-17770.328930522257,0.9111483553473887
2020-04-12,0,0.5093076499928807,0.0,36.38,0.0,0.1616,200000,182229.67106947774,-17770.328930522257,0.9111483553473887
2020-04-13,0,0.4828247700423109,0.0,35.75,0.0,0.159,200000,182229.67106947774,-17770.328930522257,0.9111483553473887
2020-04-14,0,0.5137384588131301,0.0,35.51,0.0,0.158,200000,182229.67106947774,-17770.328930522257,0.9111483553473887
2020-04-15,2,2.20092089424861,0.0,35.08,0.0,0.1481,200000,182229.67106947774,-17770.328930522257,0.9111483553473887
2020-04-16,2,2.7498038390464807,0.0,38.74,0.0,0.1572,200000,182229.67106947774,-17770.328930522257,0.9111483553473887
2020-04-17,2,2.9256627613830246,0.0,40.4,0.0,0.1561,200000,182229.67106947774,-17770.328930522257,0.9111483553473887
2020-04-18,2,2.346728288054473,0.0,42.13,0.0,0.1627,200000,182229.67106947774,-17770.328930522257,0.9111483553473887
2020-04-19,2,3.2610962327542223,0.0,46.44,0.0,0.1558,200000,182229.67106947774,-17770.328930522257,0.9111483553473887
2020-04-20,2,2.076420462973512,0.0,41.89,0.0,0.1482,200000,182229.67106947774,-17770.328930522257,0.9111483553473887
2020-04-21,2,1.6154524002836312,0.0,42.09,0.0,0.1518,200000,182229.67106947774,-17770.328930522257,0.9111483553473887
2020-04-22,2,1.8895622573187638,0.0,45.53,0.0,0.156,200000,182229.67106947774,-17770.328930522257,0.9111483553473887
2020-04-23,2,1.2770379135455658,0.0,44.46,0.0,0.159,200000,182229.67106947774,-17770.328930522257,0.9111483553473887
2020-04-24,0,0.586164851958338,0.0,44.08,0.0,0.1677,200000,182229.67106947774,-17770.328930522257,0.9111483553473887
2020-04-25,0,0.519627249336143,0.0,44.7,0.0,0.17,200000,182229.67106947774,-17770.328930522257,0.9111483553473887
2020-04-26,0,0.07913221866808802,0.0,44.59,0.0,0.1764,200000,182229.67106947774,-17770.328930522257,0.9111483553473887
2020-04-27,0,0.12590619541154804,0.0,44.46,0.0,0.174,200000,182229.67106947774,-17770.328930522257,0.9111483553473887
2020-04-28,0,0.10597425691260348,0.0,44.62,0.0,0.1738,200000,182229.67106947774,-17770.328930522257,0.9111483553473887
2020-04-29,0,-0.08375991616146716,0.0,47.07,0.0,0.1859,200000,182229.67106947774,-17770.328930522257,0.9111483553473887
2020-04-30,0,-0.1290873808387094,0.0,44.76,0.0,0.1765,200000,182229.67106947774,-17770.328930522257,0.9111483553473887
2020-05-01,0,-0.2843267619448906,0.0,45.73,0.0,0.1816,200000,182229.67106947774,-17770.328930522257,0.9111483553473887
2020-05-02,0,-0.8020533584626929,0.0,46.5,0.0,0.1915,200000,182229.67106947774,-17770.328930522257,0.9111483553473887
2020-05-03,0,-0.7921000312982024,0.0,44.78,0.0,0.1827,200000,182229.67106947774,-17770.328930522257,0.9111483553473887
2020-05-04,-1,-1.1651427161089296,2069.8508753916144,44.02,-497895.27614611405,0.183,200000,182229.67106947774,-17770.328930522257,0.9111483553473887
2020-05-05,-2,-1.535864269223667,0.0,43.84,0.0,0.1876,200000,184892.56249732035,-15107.437502679648,0.9244628124866018
2020-05-06,-2,-1.2215697146081637,0.0,42.3,0.0,0.1776,200000,184892.56249732035,-15107.437502679648,0.9244628124866018
2020-05-07,-1,-1.0817221842398512,2092.9653893742397,44.17,-500250.43965725205,0.1848,200000,184892.56249732035,-15107.437502679648,0.9244628124866018
2020-05-08,-2,-1.379668301909329,0.0,46.76,0.0,0.2027,200000,188426.2650087059,-11573.734991294099,0.9421313250435295
2020-05-09,-2,-1.458047173316721,0.0,45.0,0.0,0.1976,200000,188426.2650087059,-11573.734991294099,0.9421313250435295
2020-05-10,-2,-1.5609214393905049,0.0,40.9,0.0,0.1834,200000,188426.2650087059,-11573.734991294099,0.9421313250435295
2020-05-11,-2,-1.3481547830992409,0.0,39.68,0.0,0.1768,200000,188426.2650087059,-11573.734991294099,0.9421313250435295
2020-05-12,-1,-1.1968055040983288,2232.0097726688687,42.21,-506794.6880277189,0.1859,200000,188426.2650087059,-11573.734991294099,0.9421313250435295
2020-05-13,-2,-1.4283658016132994,0.0,42.89,0.0,0.1923,200000,190151.98436666848,-9848.015633331524,0.9507599218333423
2020-05-14,-2,-2.2337299637554993,0.0,43.2,0.0,0.2092,200000,190151.98436666848,-9848.015633331524,0.9507599218333423
2020-05-15,-2,-1.7026291689649151,0.0,41.87,0.0,0.198,200000,190151.98436666848,-9848.015633331524,0.9507599218333423
2020-05-16,-2,-1.2767626508314545,0.0,42.51,0.0,0.1971,200000,190151.98436666848,-9848.015633331524,0.9507599218333423
2020-05-17,0,-0.13012816368098726,0.0,46.25,0.0,0.1994,200000,190151.98436666848,-9848.015633331524,0.9507599218333423
2020-05-18,0,0.20001544949192496,0.0,48.07,0.0,0.2042,200000,190151.98436666848,-9848.015633331524,0.9507599218333423
2020-05-19,0,0.7915687257503823,0.0,48.97,0.0,0.2022,200000,190151.98436666848,-9848.015633331524,0.9507599218333423
2020-05-20,0,0.9484583302735634,0.0,48.39,0.0,0.1992,200000,190151.98436666848,-9848.015633331524,0.9507599218333423
2020-05-21,1,1.1605052876858322,-2066.869395289875,46.0,505185.9308359949,0.1882,200000,190151.98436666848,-9848.015633331524,0.9507599218333423
2020-05-22,1,0.4688592837843907,-2066.869395289875,47.7,505185.9308359949,0.202,200000,200637.22818419803,637.2281841980293,1.0031861409209901
2020-05-23,1,0.4729732606214694,-2066.869395289875,46.91,505185.9308359949,0.1992,200000,197589.8807555782,-2410.119244421803,0.987949403777891
2020-05-24,1,0.6822796048189378,-2066.869395289875,45.0,505185.9308359949,0.1895,200000,188741.8566814654,-11258.143318534596,0.9437092834073271
2020-05-25,0,0.19170258523106504,0.0,45.94,0.0,0.1978,200000,185178.18726692552,-14821.812733074476,0.9258909363346276
2020-05-26,0,0.09184742642935623,0.0,44.85,0.0,0.1943,200000,185178.18726692552,-14821.812733074476,0.9258909363346276
2020-05-27,0,0.5177146829583927,0.0,46.21,0.0,0.1967,200000,185178.18726692552,-14821.812733074476,0.9258909363346276
2020-05-28,0,0.4903900600152391,0.0,47.73,0.0,0.2032,200000,185178.18726692552,-14821.812733074476,0.9258909363346276
2020-05-29,0,0.1497727114630572,0.0,46.6,0.0,0.2012,200000,185178.18726692552,-14821.812733074476,0.9258909363346276
2020-05-30,2,1.6428524365972637,0.0,54.55,0.0,0.2188,200000,185178.18726692552,-14821.812733074476,0.9258909363346276
2020-05-31,0,0.2367252473680536,0.0,51.51,0.0,0.2197,200000,185178.18726692552,-14821.812733074476,0.9258909363346276
2020-06-01,0,-0.08657858068426727,0.0,54.65,0.0,0.2364,200000,185178.18726692552,-14821.812733074476,0.9258909363346276
2020-06-02,-1,-1.0818323052780392,1798.5449423749567,51.48,-396018.36455715465,0.2338,200000,185178.18726692552,-14821.812733074476,0.9258909363346276
2020-06-03,-2,-2.109560306009114,0.0,52.83,0.0,0.2515,200000,189759.67664738098,-10240.323352619016,0.9487983832369049
2020-06-04,-2,-2.102236486354037,0.0,52.24,0.0,0.2492,200000,189759.67664738098,-10240.323352619016,0.9487983832369049
2020-06-05,-2,-1.347246662802365,0.0,52.57,0.0,0.2411,200000,189759.67664738098,-10240.323352619016,0.9487983832369049
2020-06-06,-2,-1.3115817900441196,0.0,52.83,0.0,0.2435,200000,189759.67664738098,-10240.323352619016,0.9487983832369049
2020-06-07,-2,-1.22187761738202,0.0,52.21,0.0,0.2412,200000,189759.67664738098,-10240.323352619016,0.9487983832369049
2020-06-08,-1,-1.0318595180646655,1807.2350156893426,52.5,-392877.1773237702,0.2415,200000,189759.67664738098,-10240.323352619016,0.9487983832369049
2020-06-09,-2,-1.4569758587157333,0.0,51.98,0.0,0.2469,200000,192820.9756130878,-7179.024386912206,0.964104878065439
2020-06-10,0,-0.5697817101069773,0.0,55.21,0.0,0.2509,200000,192820.9756130878,-7179.024386912206,0.964104878065439
2020-06-11,0,-0.21574237267704122,0.0,49.64,0.0,0.2222,200000,192820.9756130878,-7179.024386912206,0.964104878065439
2020-06-12,0,0.3577321994959099,0.0,51.61,0.0,0.2251,200000,192820.9756130878,-7179.024386912206,0.964104878065439
2020-06-13,0,0.556440974196956,0.0,52.81,0.0,0.2287,200000,192820.9756130878,-7179.024386912206,0.964104878065439
2020-06-14,0,0.5459934569134459,0.0,51.1,0.0,0.2215,200000,192820.9756130878,-7179.024386912206,0.964104878065439
2020-06-15,2,1.295548983999156,0.0,52.2,0.0,0.218,200000,192820.9756130878,-7179.024386912206,0.964104878065439
2020-06-16,2,1.4067271772502834,0.0,52.97,0.0,0.2193,200000,192820.9756130878,-7179.024386912206,0.964104878065439
2020-06-17,0,0.8509978832189559,0.0,52.91,0.0,0.2248,200000,192820.9756130878,-7179.024386912206,0.964104878065439
2020-06-18,0,0.5677337528571792,0.0,51.95,0.0,0.2237,200000,192820.9756130878,-7179.024386912206,0.964104878065439
2020-06-19,0,0.9298320230088888,0.0,51.41,0.0,0.2193,200000,192820.9756130878,-7179.024386912206,0.964104878065439
2020-06-20,1,1.0700466894729923,-1875.690424251827,51.4,442656.050535096,0.2178,200000,192820.9756130878,-7179.024386912206,0.964104878065439
2020-06-21,1,0.6699715694500126,-1875.690424251827,50.51,442656.050535096,0.2177,200000,191107.34553045017,-8892.65446954983,0.9555367276522508
2020-06-22,1,0.463626604230122,-1875.690424251827,53.53,442656.050535096,0.2323,200000,203234.70894950308,3234.7089495030814,1.0161735447475153
2020-06-23,2,2.3541792240895245,0.0,58.23,0.0,0.2287,200000,200806.99025989522,806.9902598952176,1.0040349512994762
2020-06-24,2,1.7984189446579173,0.0,55.2,0.0,0.2201,200000,200806.99025989522,806.9902598952176,1.0040349512994762
2020-06-25,2,1.7526569199581348,0.0,55.81,0.0,0.2203,200000,200806.99025989522,806.9902598952176,1.0040349512994762
2020-06-26,2,1.9082494035909736,0.0,55.7,0.0,0.215,200000,200806.99025989522,806.9902598952176,1.0040349512994762
2020-06-27,2,1.5761741256530026,0.0,52.24,0.0,0.2031,200000,200806.99025989522,806.9902598952176,1.0040349512994762
2020-06-28,0,0.8187493117461077,0.0,51.81,0.0,0.2088,200000,200806.99025989522,806.9902598952176,1.0040349512994762
2020-06-29,0,0.4280608847993924,0.0,52.42,0.0,0.2148,200000,200806.99025989522,806.9902598952176,1.0040349512994762
2020-06-30,-1,-1.1451032542092663,1951.8564372073797,51.44,-443086.9158426638,0.2266,200000,200806.99025989522,806.9902598952176,1.0040349512994762
2020-07-01,-2,-1.3521019496617586,0.0,51.86,0.0,0.2305,200000,201715.24952805453,1715.2495280545263,1.0085762476402726
2020-07-02,-2,-1.4311508318731525,0.0,51.18,0.0,0.2292,200000,201715.24952805453,1715.2495280545263,1.0085762476402726
2020-07-03,-1,-1.0915219135247147,1973.3442528669002,51.11,-447262.1940755089,0.2255,200000,201715.24952805453,1715.2495280545263,1.0085762476402726
2020-07-04,-2,-1.9262919057685566,0.0,51.43,0.0,0.2403,200000,207703.25983945467,7703.259839454666,1.0385162991972734
2020-07-05,-2,-1.4714118506318403,0.0,51.16,0.0,0.2353,200000,207703.25983945467,7703.259839454666,1.0385162991972734
2020-07-06,0,-0.8186630461484457,0.0,55.55,0.0,0.2467,200000,207703.25983945467,7703.259839454666,1.0385162991972734
2020-07-07,0,-0.7737630714665007,0.0,55.08,0.0,0.2447,200000,207703.25983945467,7703.259839454666,1.0385162991972734
2020-07-08,0,-0.6855616668361534,0.0,57.94,0.0,0.2565,200000,207703.25983945467,7703.259839454666,1.0385162991972734
2020-07-09,0,-0.8246170392316328,0.0,56.86,0.0,0.2548,200000,207703.25983945467,7703.259839454666,1.0385162991972734
2020-07-10,0,-0.7352667004706399,0.0,56.07,0.0,0.2507,200000,207703.25983945467,7703.259839454666,1.0385162991972734
2020-07-11,0,-0.7101617453101555,0.0,55.84,0.0,0.2499,200000,207703.25983945467,7703.259839454666,1.0385162991972734
2020-07-12,0,-0.031161212095911262,0.0,58.65,0.0,0.2511,200000,207703.25983945467,7703.259839454666,1.0385162991972734
2020-07-13,0,0.8789155143427853,0.0,61.26,0.0,0.249,200000,207703.25983945467,7703.259839454666,1.0385162991972734
2020-07-14,1,1.1217791759368188,-1674.4861322110178,62.02,417410.08810179797,0.2488,200000,207703.25983945467,7703.259839454666,1.0385162991972734
2020-07-15,1,1.1569527227241831,-1674.4861322110178,61.14,417410.08810179797,0.2453,200000,204768.77673475267,4768.776734752668,1.0238438836737633
2020-07-16,1,0.9697867568546896,-1674.4861322110178,59.1,417410.08810179797,0.2413,200000,199683.184672635,-316.8153273650096,0.998415923363175
2020-07-17,2,1.2437488925072153,0.0,59.5,0.0,0.2411,200000,206697.61246466672,6697.612464666716,1.0334880623233336
2020-07-18,2,1.313810786900306,0.0,59.06,0.0,0.2386,200000,206697.61246466672,6697.612464666716,1.0334880623233336
2020-07-19,0,0.344922485990913,0.0,58.38,0.0,0.2478,200000,206697.61246466672,6697.612464666716,1.0334880623233336
2020-07-20,0,-0.31309081265265315,0.0,57.05,0.0,0.2501,200000,206697.61246466672,6697.612464666716,1.0334880623233336
2020-07-21,0,0.2651822171358393,0.0,62.45,0.0,0.2655,200000,206697.61246466672,6697.612464666716,1.0334880623233336
2020-07-22,0,-0.1726336769615906,0.0,64.28,0.0,0.2787,200000,206697.61246466672,6697.612464666716,1.0334880623233336
2020-07-23,0,-0.4883189510190086,0.0,63.51,0.0,0.2796,200000,206697.61246466672,6697.612464666716,1.0334880623233336
2020-07-24,0,0.22347438143570944,0.0,63.01,0.0,0.267,200000,206697.61246466672,6697.612464666716,1.0334880623233336
2020-07-25,0,0.3854661658162333,0.0,65.69,0.0,0.2755,200000,206697.61246466672,6697.612464666716,1.0334880623233336
2020-07-26,1,1.06190841817627,-1562.3402302695895,66.15,384339.1827160036,0.2689,200000,206697.61246466672,6697.612464666716,1.0334880623233336
2020-07-27,2,2.1781300731139175,0.0,70.77,0.0,0.271,200000,213108.51204480857,13108.512044808565,1.065542560224043
2020-07-28,2,1.8154987215289462,0.0,70.57,0.0,0.2711,200000,213108.51204480857,13108.512044808565,1.065542560224043
2020-07-29,1,1.0588580392626143,-1477.2529602440634,72.13,373350.5817183051,0.2854,200000,213108.51204480857,13108.512044808565,1.065542560224043
2020-07-30,0,-0.6101119493319801,0.0,70.48,0.0,0.3001,200000,205182.79110914678,5182.791109146783,1.025913955545734
2020-07-31,0,0.7610050331584309,0.0,74.9,0.0,0.2993,200000,205182.79110914678,5182.791109146783,1.025913955545734
2020-08-01,2,2.9280826490856544,0.0,89.37,0.0,0.3142,200000,205182.79110914678,5182.791109146783,1.025913955545734
2020-08-02,2,2.628420985761862,0.0,84.31,0.0,0.2884,200000,205182.79110914678,5182.791109146783,1.025913955545734
2020-08-03,2,1.3834241514852137,0.0,82.3,0.0,0.3007,200000,205182.79110914678,5182.791109146783,1.025913955545734
2020-08-04,2,1.3901752176201174,0.0,84.93,0.0,0.307,200000,205182.79110914678,5182.791109146783,1.025913955545734
2020-08-05,2,2.676427952382776,0.0,97.46,0.0,0.3051,200000,205182.79110914678,5182.791109146783,1.025913955545734
2020-08-06,2,1.8314767978751647,0.0,96.75,0.0,0.3157,200000,205182.79110914678,5182.791109146783,1.025913955545734
2020-08-07,2,1.2951138397337372,0.0,94.42,0.0,0.319,200000,205182.79110914678,5182.791109146783,1.025913955545734
2020-08-08,1,1.0995816834620469,-1056.7716888604593,97.08,310506.6451409606,0.3304,200000,205182.79110914678,5182.791109146783,1.025913955545734
2020-08-09,0,0.014435164337120263,0.0,92.01,0.0,0.348,200000,194360.04169214336,-5639.958307856636,0.9718002084607168
2020-08-10,-1,-1.1238415351515407,1091.7876738127366,89.01,-253999.00900698296,0.3826,200000,194360.04169214336,-5639.958307856636,0.9718002084607168
2020-08-11,-2,-1.5262531718341006,0.0,80.88,0.0,0.3681,200000,199553.2898496397,-446.7101503603044,0.9977664492481985
2020-08-12,-2,-1.5626850770777827,0.0,83.52,0.0,0.3849,200000,199553.2898496397,-446.7101503603044,0.9977664492481985
2020-08-13,-1,-1.0437964743281436,1141.609209666131,87.4,-264589.3527574114,0.3771,200000,199553.2898496397,-446.7101503603044,0.9977664492481985
2020-08-14,-2,-1.6634151824024974,0.0,85.03,0.0,0.4074,200000,210275.961065098,10275.961065098003,1.05137980532549
2020-08-15,-2,-1.6478619597838966,0.0,85.12,0.0,0.4193,200000,210275.961065098,10275.961065098003,1.05137980532549
2020-08-16,-2,-1.4996983401811854,0.0,85.3,0.0,0.4232,200000,210275.961065098,10275.961065098003,1.05137980532549
2020-08-17,-1,-1.1396233934404403,1212.1049173685612,86.74,-255251.2273186429,0.4119,200000,210275.961065098,10275.961065098003,1.05137980532549
2020-08-18,-1,-1.0463206925513935,1212.1049173685612,83.14,-255251.2273186429,0.3945,200000,201471.01200722682,1471.0120072268182,1.007355060036134
2020-08-19,-1,-1.116958019432493,1212.1049173685612,76.3,-255251.2273186429,0.3719,200000,187411.5366350245,-12588.463364975498,0.9370576831751225
2020-08-20,-1,-1.185764066904305,1212.1049173685612,78.87,-255251.2273186429,0.3987,200000,197367.37916480136,-2632.6208351986425,0.9868368958240068
2020-08-21,-1,-1.066791002170329,1212.1049173685612,73.56,-255251.2273186429,0.3715,200000,183988.2686705072,-16011.731329492788,0.9199413433525361
2020-08-22,-1,-1.1277825400801937,1212.1049173685612,76.88,-255251.2273186429,0.4036,200000,196206.02139309928,-3793.978606900724,0.9810301069654964
2020-08-23,-1,-0.3904738164788535,1212.1049173685612,84.36,-255251.2273186429,0.3852,200000,200575.94359235308,575.9435923530837,1.0028797179617654
2020-08-24,-1,-0.6651097344089335,1212.1049173685612,80.26,-255251.2273186429,0.3925,200000,197469.64739056808,-2530.352609431924,0.9873482369528404
2020-08-25,-1,-0.6798960435981963,1212.1049173685612,72.93,-255251.2273186429,0.3619,200000,180774.23079030606,-19225.769209693943,0.9038711539515303
2020-08-26,-1,-0.34994685389709806,1212.1049173685612,75.0,-255251.2273186429,0.3566,200000,181930.45646447013,-18069.54353552987,0.9096522823223506
2020-08-27,0,-0.17032705457167235,0.0,72.13,0.0,0.3394,200000,209479.09992725108,9479.099927251082,1.0473954996362553
2020-08-28,0,0.32794806296718493,0.0,76.24,0.0,0.3494,200000,209479.09992725108,9479.099927251082,1.0473954996362553
2020-08-29,0,0.3956986090371648,0.0,78.68,0.0,0.3665,200000,209479.09992725108,9479.099927251082,1.0473954996362553
2020-08-30,2,1.2460269552352374,0.0,81.11,0.0,0.365,200000,209479.09992725108,9479.099927251082,1.0473954996362553
2020-08-31,0,0.7129674942395735,0.0,78.29,0.0,0.3613,200000,209479.09992725108,9479.099927251082,1.0473954996362553
2020-09-01,2,1.6896808530952607,0.0,83.17,0.0,0.3648,200000,209479.09992725108,9479.099927251082,1.0473954996362553
2020-09-02,2,1.4873747648833053,0.0,75.9,0.0,0.3381,200000,209479.09992725108,9479.099927251082,1.0473954996362553
2020-09-03,0,-0.210777809902667,0.0,56.77,0.0,0.2732,200000,209479.09992725108,9479.099927251082,1.0473954996362553
2020-09-04,0,-0.37038327242602664,0.0,59.64,0.0,0.2889,200000,209479.09992725108,9479.099927251082,1.0473954996362553
2020-09-05,0,0.10814771928480102,0.0,55.98,0.0,0.2646,200000,209479.09992725108,9479.099927251082,1.0473954996362553
2020-09-06,0,-0.4701721506559375,0.0,58.92,0.0,0.2863,200000,209479.09992725108,9479.099927251082,1.0473954996362553
2020-09-07,0,0.7085594975817383,0.0,61.86,0.0,0.2844,200000,209479.09992725108,9479.099927251082,1.0473954996362553
2020-09-08,0,0.11690407792981027,0.0,58.69,0.0,0.2767,200000,209479.09992725108,9479.099927251082,1.0473954996362553
2020-09-09,0,-0.1873038876078355,0.0,59.92,0.0,0.2855,200000,209479.09992725108,9479.099927251082,1.0473954996362553
2020-09-10,0,-0.5499360576082704,0.0,62.07,0.0,0.2994,200000,209479.09992725108,9479.099927251082,1.0473954996362553
2020-09-11,0,0.38756413364618947,0.0,63.32,0.0,0.2931,200000,209479.09992725108,9479.099927251082,1.0473954996362553
2020-09-12,0,0.9270866689449913,0.0,65.68,0.0,0.2987,200000,209479.09992725108,9479.099927251082,1.0473954996362553
2020-09-13,1,1.1862078584839175,-1674.7609524084673,62.54,372738.61197019764,0.281,200000,209479.09992725108,9479.099927251082,1.0473954996362553
2020-09-14,1,1.067407770954516,-1674.7609524084673,63.28,372738.61197019764,0.2847,200000,212097.5558963231,12097.555896323087,1.0604877794816154
2020-09-15,1,0.2262928353284645,-1674.7609524084673,59.4,372738.61197019764,0.2736,200000,201462.08480810904,1462.084808109037,1.0073104240405453
2020-09-16,0,-0.05688545084277785,0.0,58.34,0.0,0.2708,200000,206247.03776923157,6247.037769231567,1.031235188846158
2020-09-17,0,-0.526200166994079,0.0,59.65,0.0,0.2812,200000,206247.03776923157,6247.037769231567,1.031235188846158
2020-09-18,0,-0.5647471532207811,0.0,57.9,0.0,0.2735,200000,206247.03776923157,6247.037769231567,1.031235188846158
2020-09-19,0,-0.2701370520051899,0.0,57.97,0.0,0.2719,200000,206247.03776923157,6247.037769231567,1.031235188846158
2020-09-20,0,0.6698605682139434,0.0,57.6,0.0,0.2627,200000,206247.03776923157,6247.037769231567,1.031235188846158
2020-09-21,0,0.16498807204089452,0.0,51.63,0.0,0.2398,200000,206247.03776923157,6247.037769231567,1.031235188846158
2020-09-22,0,0.9224652813228614,0.0,53.31,0.0,0.2436,200000,206247.03776923157,6247.037769231567,1.031235188846158
2020-09-23,2,1.522104975635693,0.0,51.84,0.0,0.2326,200000,206247.03776923157,6247.037769231567,1.031235188846158
2020-09-24,2,1.4804935153174756,0.0,55.16,0.0,0.2469,200000,206247.03776923157,6247.037769231567,1.031235188846158
2020-09-25,0,-0.2642541220568729,0.0,54.87,0.0,0.2558,200000,206247.03776923157,6247.037769231567,1.031235188846158
2020-09-26,0,-0.559663661491979,0.0,56.2,0.0,0.263,200000,206247.03776923157,6247.037769231567,1.031235188846158
2020-09-27,0,-0.47190544465309203,0.0,55.55,0.0,0.2597,200000,206247.03776923157,6247.037769231567,1.031235188846158
2020-09-28,-2,-1.3901085092594831,0.0,56.22,0.0,0.2686,200000,206247.03776923157,6247.037769231567,1.031235188846158
2020-09-29,2,1.4199350412748113,0.0,61.25,0.0,0.2741,200000,206247.03776923157,6247.037769231567,1.031235188846158
2020-09-30,2,1.8279446644904593,0.0,64.1,0.0,0.2833,200000,206247.03776923157,6247.037769231567,1.031235188846158
2020-10-01,2,2.921984522052867,0.0,64.67,0.0,0.272,200000,206247.03776923157,6247.037769231567,1.031235188846158
2020-10-02,2,2.312232664540722,0.0,63.85,0.0,0.2688,200000,206247.03776923157,6247.037769231567,1.031235188846158
2020-10-03,1,1.0700914301693711,-1698.0655176126427,60.73,387828.2018977652,0.2659,200000,206247.03776923157,6247.037769231567,1.031235188846158
2020-10-04,1,1.1273096961323945,-1698.0655176126427,63.12,387828.2018977652,0.275,200000,213834.65099359542,13834.650993595424,1.069173254967977
2020-10-05,2,2.1838153379282774,0.0,65.76,0.0,0.2712,200000,212732.81785276503,12732.81785276503,1.0636640892638252
2020-10-06,2,1.875075785914847,0.0,61.48,0.0,0.2533,200000,212732.81785276503,12732.81785276503,1.0636640892638252
2020-10-07,2,1.3515227876616298,0.0,61.48,0.0,0.2574,200000,212732.81785276503,12732.81785276503,1.0636640892638252
2020-10-08,0,0.9927446741463076,0.0,61.99,0.0,0.2626,200000,212732.81785276503,12732.81785276503,1.0636640892638252
2020-10-09,0,0.8374734088209447,0.0,63.52,0.0,0.2699,200000,212732.81785276503,12732.81785276503,1.0636640892638252
2020-10-10,2,1.5177991627025238,0.0,66.79,0.0,0.2729,200000,212732.81785276503,12732.81785276503,1.0636640892638252
2020-10-11,2,2.145425051286275,0.0,72.46,0.0,0.2823,200000,212732.81785276503,12732.81785276503,1.0636640892638252
2020-10-12,2,1.6505554502825779,0.0,72.93,0.0,0.2877,200000,212732.81785276503,12732.81785276503,1.0636640892638252
2020-10-13,1,1.0210417428311784,-1518.002125394356,70.07,374266.0412610222,0.2842,200000,212732.81785276503,12732.81785276503,1.0636640892638252
2020-10-14,2,1.2408895911573317,0.0,68.75,0.0,0.2734,200000,214771.12829286355,14771.128292863548,1.0738556414643177
2020-10-15,0,0.8104716599364786,0.0,68.24,0.0,0.2767,200000,214771.12829286355,14771.128292863548,1.0738556414643177
2020-10-16,0,0.02078019520283008,0.0,62.59,0.0,0.2639,200000,214771.12829286355,14771.128292863548,1.0738556414643177
2020-10-17,0,-0.3739144537774949,0.0,62.99,0.0,0.2695,200000,214771.12829286355,14771.128292863548,1.0738556414643177
2020-10-18,0,-0.3195861484485442,0.0,64.42,0.0,0.2725,200000,214771.12829286355,14771.128292863548,1.0738556414643177
2020-10-19,0,-0.9854897584749379,0.0,64.08,0.0,0.2769,200000,214771.12829286355,14771.128292863548,1.0738556414643177
2020-10-20,-2,-2.188888392717051,0.0,57.85,0.0,0.2635,200000,214771.12829286355,14771.128292863548,1.0738556414643177
2020-10-21,-2,-1.5755985169903424,0.0,62.72,0.0,0.2809,200000,214771.12829286355,14771.128292863548,1.0738556414643177
2020-10-22,0,-0.6663629181606572,0.0,65.54,0.0,0.2828,200000,214771.12829286355,14771.128292863548,1.0738556414643177
2020-10-23,0,-0.9412737719569139,0.0,63.26,0.0,0.2761,200000,214771.12829286355,14771.128292863548,1.0738556414643177
2020-10-24,-2,-1.4946431281814554,0.0,64.14,0.0,0.288,200000,214771.12829286355,14771.128292863548,1.0738556414643177
2020-10-25,-1,-1.094732162182884,1710.778463381102,62.77,-386001.30893756927,0.2782,200000,214771.12829286355,14771.128292863548,1.0738556414643177
2020-10-26,-2,-1.4519179669932594,0.0,60.2,0.0,0.2738,200000,217469.42318442767,17469.423184427666,1.0873471159221384
2020-10-27,-2,-1.253218953063162,0.0,61.2,0.0,0.2775,200000,217469.42318442767,17469.423184427666,1.0873471159221384
2020-10-28,-2,-1.7849605762995309,0.0,56.8,0.0,0.2692,200000,217469.42318442767,17469.423184427666,1.0873471159221384
2020-10-29,-1,-1.0514228744393666,1911.9871917041294,56.87,-419016.2296424425,0.2595,200000,217469.42318442767,17469.423184427666,1.0873471159221384
2020-10-30,-1,-0.44004403305677947,1911.9871917041294,58.21,-419016.2296424425,0.2571,200000,219025.84707016934,19025.847070169344,1.0951292353508468
2020-10-31,0,-0.14427603780122672,0.0,58.16,0.0,0.2539,200000,212656.46882113165,12656.468821131653,1.0632823441056583
2020-11-01,0,0.05924964599827716,0.0,58.17,0.0,0.2527,200000,212656.46882113165,12656.468821131653,1.0632823441056583
2020-11-02,0,-0.6571994041140695,0.0,54.77,0.0,0.2467,200000,212656.46882113165,12656.468821131653,1.0632823441056583
2020-11-03,-1,-1.193384797752988,1998.6510227549966,53.2,-433108.8978027121,0.2455,200000,212656.46882113165,12656.468821131653,1.0632823441056583
2020-11-04,0,0.513663863893812,0.0,54.09,0.0,0.2359,200000,206719.82399197365,6719.823991973652,1.0335991199598682
2020-11-05,0,0.34879402665231424,0.0,56.69,0.0,0.2492,200000,206719.82399197365,6719.823991973652,1.0335991199598682
2020-11-06,0,0.8362662557239526,0.0,61.57,0.0,0.2674,200000,206719.82399197365,6719.823991973652,1.0335991199598682
2020-11-07,0,-0.24018509067423388,0.0,57.4,0.0,0.2573,200000,206719.82399197365,6719.823991973652,1.0335991199598682
2020-11-08,0,0.6392897310334061,0.0,60.61,0.0,0.2662,200000,206719.82399197365,6719.823991973652,1.0335991199598682
2020-11-09,2,1.3474494395160714,0.0,58.42,0.0,0.2514,200000,206719.82399197365,6719.823991973652,1.0335991199598682
2020-11-10,1,1.1816460716401893,-1750.083169590024,59.06,406288.9622483759,0.2544,200000,206719.82399197365,6719.823991973652,1.0335991199598682
2020-11-11,2,1.50848518656292,0.0,58.92,0.0,0.2513,200000,207734.30813120102,7734.308131201018,1.0386715406560052
2020-11-12,2,3.107153209553761,0.0,62.99,0.0,0.2484,200000,207734.30813120102,7734.308131201018,1.0386715406560052
2020-11-13,2,2.586521770098969,0.0,65.8,0.0,0.2566,200000,207734.30813120102,7734.308131201018,1.0386715406560052
2020-11-14,2,1.9830818773640086,0.0,63.9,0.0,0.2515,200000,207734.30813120102,7734.308131201018,1.0386715406560052
2020-11-15,1,1.073071865777829,-1698.2857106867318,61.16,414970.65148062527,0.2503,200000,207734.30813120102,7734.308131201018,1.0386715406560052
2020-11-16,2,1.6755279870923563,0.0,64.55,0.0,0.2532,200000,212288.08180113524,12288.081801135238,1.0614404090056762
2020-11-17,2,1.296260445222015,0.0,66.82,0.0,0.2658,200000,212288.08180113524,12288.081801135238,1.0614404090056762
2020-11-18,0,0.7622572913099919,0.0,63.17,0.0,0.2572,200000,212288.08180113524,12288.081801135238,1.0614404090056762
2020-11-19,0,0.7154602332044682,0.0,62.38,0.0,0.2536,200000,212288.08180113524,12288.081801135238,1.0614404090056762
2020-11-20,0,0.017744559332889744,0.0,63.23,0.0,0.266,200000,212288.08180113524,12288.081801135238,1.0614404090056762
2020-11-21,-1,-1.166487306995798,1461.6364761851778,72.62,-324897.5846359584,0.3267,200000,212288.08180113524,12288.081801135238,1.0614404090056762
2020-11-22,-2,-1.630100030994062,0.0,68.79,0.0,0.3196,200000,215579.37665400916,15579.37665400916,1.0778968832700457
2020-11-23,-2,-1.2957878530794935,0.0,79.52,0.0,0.3612,200000,215579.37665400916,15579.37665400916,1.0778968832700457
2020-11-24,0,-0.8413140613413261,0.0,86.8,0.0,0.3845,200000,215579.37665400916,15579.37665400916,1.0778968832700457
2020-11-25,-2,-1.2156963112239751,0.0,78.15,0.0,0.3552,200000,215579.37665400916,15579.37665400916,1.0778968832700457
2020-11-26,0,-0.44928990206092206,0.0,70.16,0.0,0.3046,200000,215579.37665400916,15579.37665400916,1.0778968832700457
2020-11-27,-1,-1.038403997022419,1550.93076729503,69.5,-344816.6613147939,0.3126,200000,215579.37665400916,15579.37665400916,1.0778968832700457
2020-11-28,-1,-1.04257669470845,1550.93076729503,75.31,-344816.6613147939,0.3397,200000,233934.8159336242,33934.815933624195,1.169674079668121
2020-11-29,-1,-1.1776927497770704,1550.93076729503,75.06,-344816.6613147939,0.3435,200000,234857.38655479666,34857.386554796656,1.1742869327739833
2020-11-30,-1,-0.7552827312464646,1550.93076729503,78.91,-344816.6613147939,0.3523,200000,243862.85662845272,43862.85662845272,1.2193142831422636
2020-12-01,-1,-0.36981321999968636,1550.93076729503,74.82,-344816.6613147939,0.3263,200000,228554.31659603136,28554.316596031364,1.1427715829801568
2020-12-02,-1,-0.7527942921971188,1550.93076729503,76.66,-344816.6613147939,0.3445,200000,237683.69244378348,37683.69244378348,1.1884184622189173
2020-12-03,-1,-1.060931262938293,1550.93076729503,75.69,-344816.6613147939,0.3489,200000,237696.4829092924,37696.48290929239,1.1884824145464619
2020-12-04,-1,-1.164366242126403,1550.93076729503,69.01,-344816.6613147939,0.322,200000,218060.69719439367,18060.697194393666,1.0903034859719682
2020-12-05,-2,-1.3289063629293851,0.0,71.83,0.0,0.3415,200000,221930.90947820927,21930.909478209272,1.1096545473910464
2020-12-06,0,-0.46381290180743107,0.0,74.61,0.0,0.3383,200000,221930.90947820927,21930.909478209272,1.1096545473910464
2020-12-07,2,1.2304748828037593,0.0,75.57,0.0,0.3186,200000,221930.90947820927,21930.909478209272,1.1096545473910464
2020-12-08,0,0.943973821252075,0.0,69.61,0.0,0.2991,200000,221930.90947820927,21930.909478209272,1.1096545473910464
2020-12-09,0,0.22451966518791258,0.0,69.38,0.0,0.3084,200000,221930.90947820927,21930.909478209272,1.1096545473910464
2020-12-10,2,1.2346803460802342,0.0,65.96,0.0,0.2852,200000,221930.90947820927,21930.909478209272,1.1096545473910464
2020-12-11,2,1.3025871448584938,0.0,63.71,0.0,0.2738,200000,221930.90947820927,21930.909478209272,1.1096545473910464
2020-12-12,0,0.4048749184482412,0.0,65.95,0.0,0.2907,200000,221930.90947820927,21930.909478209272,1.1096545473910464
2020-12-13,0,0.2981606984018954,0.0,68.25,0.0,0.3014,200000,221930.90947820927,21930.909478209272,1.1096545473910464
2020-12-14,0,0.060045804896764206,0.0,68.0,0.0,0.3025,200000,221930.90947820927,21930.909478209272,1.1096545473910464
2020-12-15,0,-0.45127857634875157,0.0,67.63,0.0,0.3054,200000,221930.90947820927,21930.909478209272,1.1096545473910464
2020-12-16,0,-0.2950755063329448,0.0,73.21,0.0,0.3296,200000,221930.90947820927,21930.909478209272,1.1096545473910464
2020-12-17,1,1.0621928101060092,-1493.8806507687755,74.28,346118.07466969633,0.3206,200000,221930.90947820927,21930.909478209272,1.1096545473910464
2020-12-18,1,0.4858104601401962,-1493.8806507687755,73.89,346118.07466969633,0.3239,200000,222490.48567081947,22490.48567081947,1.1124524283540973
2020-12-19,0,-1.2788965780817745,0.0,73.5,0.0,0.3405,200000,213877.9328846827,13877.932884682697,1.0693896644234135
2020-12-20,0,0.33989007189339593,0.0,73.69,0.0,0.3243,200000,213877.9328846827,13877.932884682697,1.0693896644234135
2020-12-21,0,-0.2766052844703981,0.0,67.77,0.0,0.3044,200000,213877.9328846827,13877.932884682697,1.0693896644234135
2020-12-22,0,-0.6113306061584762,0.0,67.64,0.0,0.3072,200000,213877.9328846827,13877.932884682697,1.0693896644234135
2020-12-23,-2,-1.9457310037771811,0.0,55.42,0.0,0.2647,200000,213877.9328846827,13877.932884682697,1.0693896644234135
2020-12-24,-2,-1.6575851792214427,0.0,62.1,0.0,0.2944,200000,213877.9328846827,13877.932884682697,1.0693896644234135
2020-12-25,0,-0.6501147510174772,0.0,64.27,0.0,0.2926,200000,213877.9328846827,13877.932884682697,1.0693896644234135
2020-12-26,0,0.9848006167192466,0.0,66.56,0.0,0.2867,200000,213877.9328846827,13877.932884682697,1.0693896644234135
2020-12-27,0,0.17074514124303591,0.0,66.97,0.0,0.297,200000,213877.9328846827,13877.932884682697,1.0693896644234135
2020-12-28,0,0.2104804876254422,0.0,69.04,0.0,0.3064,200000,213877.9328846827,13877.932884682697,1.0693896644234135
2020-12-29,-1,-1.123830979772372,1636.9044304659628,65.33,-353517.24443749205,0.3025,200000,213877.93288468267,13877.932884682668,1.0693896644234133
2020-12-30,-1,-0.8836542213844736,1636.9044304659628,64.09,-353517.24443749205,0.2954,200000,209338.1989553987,9338.198955398693,1.0466909947769936
2020-12-31,-1,-0.9944506811891793,1636.9044304659628,63.91,-353517.24443749205,0.2964,200000,209397.07340235234,9397.07340235234,1.0469853670117617
2021-01-01,-2,-2.9691260973723077,0.0,56.6,0.0,0.2912,200000,224173.36370050692,24173.363700506918,1.1208668185025346
2021-01-02,-2,-1.901723944123467,0.0,57.46,0.0,0.2863,200000,224173.36370050692,24173.363700506918,1.1208668185025346
2021-01-03,-2,-2.2803951213979468,0.0,59.35,0.0,0.3098,200000,224173.36370050692,24173.363700506918,1.1208668185025346
2021-01-04,-2,-2.6962018882710823,0.0,60.34,0.0,0.3433,200000,224173.36370050692,24173.363700506918,1.1208668185025346
2021-01-05,-2,-2.4336266239467457,0.0,59.64,0.0,0.352,200000,224173.36370050692,24173.363700506918,1.1208668185025346
2021-01-06,-2,-2.1223100269117734,0.0,63.92,0.0,0.3819,200000,224173.36370050692,24173.363700506918,1.1208668185025346
2021-01-07,-2,-1.4577824179675964,0.0,67.75,0.0,0.3831,200000,224173.36370050692,24173.363700506918,1.1208668185025346
2021-01-08,0,-0.9320521175763303,0.0,68.59,0.0,0.3693,200000,224173.36370050692,24173.363700506918,1.1208668185025346
2021-01-09,-1,-1.024005645141162,1428.9480093097077,78.44,-259459.91169040152,0.432,200000,224173.36370050692,24173.363700506918,1.1208668185025346
2021-01-10,0,1.0802243763770834,0.0,96.37,0.0,0.427,200000,197255.02633513184,-2744.9736648681574,0.9862751316756592
2021-01-11,2,1.6085180655603772,0.0,88.24,0.0,0.368,200000,197255.02633513184,-2744.9736648681574,0.9862751316756592
2021-01-12,2,2.5363850064466096,0.0,99.72,0.0,0.3592,200000,197255.02633513184,-2744.9736648681574,0.9862751316756592
2021-01-13,2,2.2124987039077024,0.0,117.35,0.0,0.4151,200000,197255.02633513184,-2744.9736648681574,0.9862751316756592
2021-01-14,2,1.4430181064202687,0.0,111.71,0.0,0.4251,200000,197255.02633513184,-2744.9736648681574,0.9862751316756592
2021-01-15,0,0.7305169752582749,0.0,103.25,0.0,0.4324,200000,197255.02633513184,-2744.9736648681574,0.9862751316756592
2021-01-16,1,1.102168559440271,-912.5417576569756,108.08,232064.73686486098,0.425,200000,197255.02633513184,-2744.9736648681574,0.9862751316756592
2021-01-17,1,0.5364472341233429,-912.5417576569756,102.25,232064.73686486098,0.4357,200000,194418.0005724457,-5581.999427554314,0.9720900028622285
2021-01-18,0,0.06403109595426602,0.0,103.98,0.0,0.4774,200000,181353.4129170195,-18646.58708298049,0.9067670645850976
2021-01-19,0,0.07435621885282265,0.0,102.42,0.0,0.4693,200000,181353.4129170195,-18646.58708298049,0.9067670645850976
2021-01-20,0,-0.16374135016287292,0.0,98.99,0.0,0.4728,200000,181353.4129170195,-18646.58708298049,0.9067670645850976
2021-01-21,0,-0.48782214261957435,0.0,82.92,0.0,0.4189,200000,181353.4129170195,-18646.58708298049,0.9067670645850976
2021-01-22,0,-0.6674851285157501,0.0,86.94,0.0,0.4556,200000,181353.4129170195,-18646.58708298049,0.9067670645850976
2021-01-23,0,-0.6723438089791391,0.0,85.95,0.0,0.451,200000,181353.4129170195,-18646.58708298049,0.9067670645850976
2021-01-24,0,-0.531266034721023,0.0,90.0,0.0,0.4563,200000,181353.4129170195,-18646.58708298049,0.9067670645850976
2021-01-25,0,-0.4274929116142375,0.0,87.89,0.0,0.4324,200000,181353.4129170195,-18646.58708298049,0.9067670645850976
2021-01-26,0,-0.4273751524205531,0.0,89.26,0.0,0.4332,200000,181353.4129170195,-18646.58708298049,0.9067670645850976
2021-01-27,0,-0.6730115615267525,0.0,78.41,0.0,0.3915,200000,181353.4129170195,-18646.58708298049,0.9067670645850976
2021-01-28,0,-0.24600849052378523,0.0,86.82,0.0,0.4038,200000,181353.4129170195,-18646.58708298049,0.9067670645850976
2021-01-29,0,-0.5807215180018185,0.0,85.49,0.0,0.4125,200000,181353.4129170195,-18646.58708298049,0.9067670645850976
2021-01-30,0,-0.8853352652184239,0.0,84.51,0.0,0.4296,200000,181353.4129170195,-18646.58708298049,0.9067670645850976
2021-01-31,0,-0.37260298146408904,0.0,85.65,0.0,0.4079,200000,181353.4129170195,-18646.58708298049,0.9067670645850976
2021-02-01,0,-0.17334019340369022,0.0,88.69,0.0,0.4164,200000,181353.4129170195,-18646.58708298049,0.9067670645850976
2021-02-02,0,0.03428463365460768,0.0,92.37,0.0,0.4304,200000,181353.4129170195,-18646.58708298049,0.9067670645850976
2021-02-03,0,-0.0673422954808704,0.0,95.23,0.0,0.453,200000,181353.4129170195,-18646.58708298049,0.9067670645850976
2021-02-04,0,-0.3730684355273511,0.0,90.0,0.0,0.4411,200000,181353.4129170195,-18646.58708298049,0.9067670645850976
2021-02-05,-2,-1.734154187629525,0.0,96.44,0.0,0.5176,200000,181353.4129170195,-18646.58708298049,0.9067670645850976
2021-02-06,-2,-2.851638156726718,0.0,94.24,0.0,0.5639,200000,181353.4129170195,-18646.58708298049,0.9067670645850976
2021-02-07,-2,-2.402666092643205,0.0,92.3,0.0,0.5587,200000,181353.4129170195,-18646.58708298049,0.9067670645850976
2021-02-08,-2,-3.0398034054235996,0.0,98.01,0.0,0.7234,200000,181353.4129170195,-18646.58708298049,0.9067670645850976
2021-02-09,-2,-2.12243133180503,0.0,108.77,0.0,0.7522,200000,181353.4129170195,-18646.58708298049,0.9067670645850976
2021-02-10,-2,-2.1909552783940556,0.0,116.41,0.0,0.8853,200000,181353.4129170195,-18646.58708298049,0.9067670645850976
2021-02-11,-2,-2.1245131277615035,0.0,142.34,0.0,1.1757,200000,181353.4129170195,-18646.58708298049,0.9067670645850976
2021-02-12,-2,-1.9433273989293225,0.0,142.79,0.0,1.2363,200000,181353.4129170195,-18646.58708298049,0.9067670645850976
2021-02-13,-2,-1.2635813565929914,0.0,176.11,0.0,1.3157,200000,181353.4129170195,-18646.58708298049,0.9067670645850976
2021-02-14,-1,-1.1985887388615197,580.0339439551574,156.33,-76179.70802193544,1.1903,200000,181353.4129170195,-18646.58708298049,0.9067670645850976
2021-02-15,-2,-1.2372350845756088,0.0,158.61,0.0,1.2719,200000,186247.19969939167,-13752.80030060833,0.9312359984969584
2021-02-16,-1,-1.130056948361111,598.1731747796495,155.68,-74213.89850948026,1.2548,200000,186247.19969939167,-13752.80030060833,0.9312359984969584
2021-02-17,-1,-0.8979761635526976,598.1731747796495,168.37,-74213.89850948026,1.3007,200000,197244.43522893055,-2755.5647710694466,0.9862221761446528
2021-02-18,-2,-1.2019289822301107,0.0,169.25,0.0,1.4956,200000,196000.6964787147,-3999.303521285299,0.9800034823935735
2021-02-19,0,-0.8958433513711491,0.0,180.19,0.0,1.4871,200000,196000.6964787147,-3999.303521285299,0.9800034823935735
2021-02-20,0,-0.8681898626534499,0.0,164.09,0.0,1.3788,200000,196000.6964787147,-3999.303521285299,0.9800034823935735
2021-02-21,0,-0.9067683159793349,0.0,161.87,0.0,1.409,200000,196000.6964787147,-3999.303521285299,0.9800034823935735
2021-02-22,0,-0.9935547898900183,0.0,144.39,0.0,1.3115,200000,196000.6964787147,-3999.303521285299,0.9800034823935735
2021-02-23,0,-0.7397997956741883,0.0,127.13,0.0,1.0921,200000,196000.6964787147,-3999.303521285299,0.9800034823935735
2021-02-24,-1,-1.0258579068951896,748.3227568674201,130.96,-81967.50438219919,1.1956,200000,196000.6964787147,-3999.303521285299,0.9800034823935735
2021-02-25,-1,-1.002851623357364,748.3227568674201,121.25,-81967.50438219919,1.0979,200000,180726.25733139119,-19273.742668608815,0.9036312866569559
2021-02-26,-2,-1.2927147162215644,0.0,118.23,0.0,1.1196,200000,199297.3148405898,-702.6851594102045,0.996486574202949
2021-02-27,-2,-1.51197116065547,0.0,119.78,0.0,1.1489,200000,199297.3148405898,-702.6851594102045,0.996486574202949
2021-02-28,-2,-1.7547450783234473,0.0,111.31,0.0,1.1247,200000,199297.3148405898,-702.6851594102045,0.996486574202949
2021-03-01,-2,-1.4071386991517758,0.0,124.4,0.0,1.2144,200000,199297.3148405898,-702.6851594102045,0.996486574202949
2021-03-02,-2,-1.3413950430160704,0.0,120.51,0.0,1.1847,200000,199297.3148405898,-702.6851594102045,0.996486574202949
2021-03-03,-1,-1.004973427565389,786.5550352853019,126.69,-81873.84555114197,1.2171,200000,199297.3148405898,-702.6851594102045,0.996486574202949
2021-03-04,-2,-1.5708557086548847,0.0,122.03,0.0,1.2712,200000,207392.0363493361,7392.036349336093,1.0369601817466805
2021-03-05,-2,-1.812205507414541,0.0,121.12,0.0,1.3285,200000,207392.0363493361,7392.036349336093,1.0369601817466805
2021-03-06,-1,-1.1375772036996026,828.309115541721,125.19,-80980.88104230227,1.2805,200000,207392.0363493361,7392.036349336093,1.0369601817466805
2021-03-07,-1,-0.9117102588580289,828.309115541721,130.08,-80980.88104230227,1.3112,200000,213928.5809723338,13928.580972333788,1.069642904861669
2021-03-08,-1,-0.7987500539481588,828.309115541721,129.55,-80980.88104230227,1.3015,200000,212704.06259498638,12704.062594986375,1.0635203129749318
2021-03-09,-1,-1.0670897420891279,828.309115541721,137.69,-80980.88104230227,1.4244,200000,229399.04907559493,29399.04907559493,1.1469952453779746
2021-03-10,0,0.20507048295753944,0.0,139.82,0.0,1.307,200000,197419.86733658172,-2580.132663418277,0.9870993366829086
2021-03-11,0,0.6170926203343636,0.0,151.86,0.0,1.39,200000,197419.86733658172,-2580.132663418277,0.9870993366829086
2021-03-12,0,0.8634292938301185,0.0,145.36,0.0,1.321,200000,197419.86733658172,-2580.132663418277,0.9870993366829086
2021-03-13,2,1.3870702869250031,0.0,156.12,0.0,1.378,200000,197419.86733658172,-2580.132663418277,0.9870993366829086
2021-03-14,0,0.777910106276822,0.0,143.18,0.0,1.311,200000,197419.86733658172,-2580.132663418277,0.9870993366829086
2021-03-15,0,0.3307659086543571,0.0,135.1,0.0,1.2802,200000,197419.86733658172,-2580.132663418277,0.9870993366829086
2021-03-16,0,0.2634439716657433,0.0,139.41,0.0,1.3295,200000,197419.86733658172,-2580.132663418277,0.9870993366829086
2021-03-17,0,0.8475874896008067,0.0,146.02,0.0,1.3525,200000,197419.86733658172,-2580.132663418277,0.9870993366829086
2021-03-18,0,0.8118719257747788,0.0,142.97,0.0,1.3245,200000,197419.86733658172,-2580.132663418277,0.9870993366829086
2021-03-19,2,1.476345013568247,0.0,150.31,0.0,1.334,200000,197419.86733658172,-2580.132663418277,0.9870993366829086
2021-03-20,0,0.9252725937670419,0.0,155.03,0.0,1.4102,200000,197419.86733658172,-2580.132663418277,0.9870993366829086
2021-03-21,0,0.10535342237008073,0.0,148.18,0.0,1.4101,200000,197419.86733658172,-2580.132663418277,0.9870993366829086
2021-03-22,-2,-1.4944169311139592,0.0,139.53,0.0,1.4771,200000,197419.86733658172,-2580.132663418277,0.9870993366829086
2021-03-23,-2,-2.579465339355893,0.0,136.02,0.0,1.6571,200000,197419.86733658172,-2580.132663418277,0.9870993366829086
2021-03-24,-2,-1.4118980108115018,0.0,127.67,0.0,1.4053,200000,197419.86733658172,-2580.132663418277,0.9870993366829086
2021-03-25,-2,-1.2733972758096774,0.0,123.02,0.0,1.335,200000,197419.86733658172,-2580.132663418277,0.9870993366829086
2021-03-26,-1,-1.1928323699720529,739.6218617435251,133.46,-68216.95485023556,1.447,200000,197419.86733658172,-2580.132663418277,0.9870993366829086
2021-03-27,-1,-0.7743349826758763,739.6218617435251,133.62,-68216.95485023556,1.3982,200000,194209.2194377692,-5790.780562230793,0.971046097188846
2021-03-28,0,0.1857519108351158,0.0,144.87,0.0,1.3908,200000,185146.98903150487,-14853.010968495131,0.9257349451575243
2021-03-29,0,-0.45168825810712315,0.0,149.18,0.0,1.5107,200000,185146.98903150487,-14853.010968495131,0.9257349451575243
2021-03-30,0,-0.1275722911691977,0.0,154.6,0.0,1.5266,200000,185146.98903150487,-14853.010968495131,0.9257349451575243
2021-03-31,0,0.0973504606279838,0.0,158.22,0.0,1.5381,200000,185146.98903150487,-14853.010968495131,0.9257349451575243
2021-04-01,0,0.37912064603952156,0.0,165.53,0.0,1.5777,200000,185146.98903150487,-14853.010968495131,0.9257349451575243
2021-04-02,0,0.3805906793521438,0.0,169.52,0.0,1.625,200000,185146.98903150487,-14853.010968495131,0.9257349451575243
2021-04-03,2,1.71653030485564,0.0,171.61,0.0,1.4801,200000,185146.98903150487,-14853.010968495131,0.9257349451575243
2021-04-04,2,1.941957608576573,0.0,187.14,0.0,1.5535,200000,185146.98903150487,-14853.010968495131,0.9257349451575243
2021-04-05,2,1.2125500025644482,0.0,197.13,0.0,1.7195,200000,185146.98903150487,-14853.010968495131,0.9257349451575243
2021-04-06,0,0.3290604438783113,0.0,191.11,0.0,1.8032,200000,185146.98903150487,-14853.010968495131,0.9257349451575243
2021-04-07,0,0.06753979927166806,0.0,171.26,0.0,1.6591,200000,185146.98903150487,-14853.010968495131,0.9257349451575243
2021-04-08,0,-0.3913997981548223,0.0,184.74,0.0,1.8809,200000,185146.98903150487,-14853.010968495131,0.9257349451575243
2021-04-09,0,0.29333956200957384,0.0,194.65,0.0,1.8672,200000,185146.98903150487,-14853.010968495131,0.9257349451575243
2021-04-10,0,-0.2377872831844455,0.0,206.15,0.0,2.08,200000,185146.98903150487,-14853.010968495131,0.9257349451575243
2021-04-11,0,0.4484624685429205,0.0,222.31,0.0,2.0996,200000,185146.98903150487,-14853.010968495131,0.9257349451575243
2021-04-12,0,0.9381066634586561,0.0,221.39,0.0,2.0001,200000,185146.98903150487,-14853.010968495131,0.9257349451575243
2021-04-13,0,0.0010869681407693055,0.0,225.98,0.0,2.1742,200000,185146.98903150487,-14853.010968495131,0.9257349451575243
2021-04-14,1,1.0154180846233294,-389.78313480316814,237.5,43668.80254528631,2.1199,200000,185146.98903150487,-14853.010968495131,0.9257349451575243
2021-04-15,2,1.421991872584467,0.0,252.27,0.0,2.1813,200000,188222.8214562671,-11777.178543732909,0.9411141072813355
2021-04-16,0,0.1483537855364848,0.0,270.03,0.0,2.509,200000,188222.8214562671,-11777.178543732909,0.9411141072813355
2021-04-17,2,1.8492289289651487,0.0,279.95,0.0,2.3274,200000,188222.8214562671,-11777.178543732909,0.9411141072813355
2021-04-18,0,0.2393175325330298,0.0,260.05,0.0,2.3721,200000,188222.8214562671,-11777.178543732909,0.9411141072813355
2021-04-19,0,-0.004282968447311959,0.0,225.55,0.0,2.0812,200000,188222.8214562671,-11777.178543732909,0.9411141072813355
2021-04-20,0,0.7457298024746954,0.0,249.64,0.0,2.1956,200000,188222.8214562671,-11777.178543732909,0.9411141072813355
2021-04-21,0,0.8587480435330107,0.0,237.29,0.0,2.0638,200000,188222.8214562671,-11777.178543732909,0.9411141072813355
2021-04-22,2,1.7793425650906576,0.0,223.91,0.0,1.8239,200000,188222.8214562671,-11777.178543732909,0.9411141072813355
2021-04-23,1,1.026428662852743,-427.1772081527554,220.31,50275.87516861667,1.8719,200000,188222.8214562671,-11777.178543732909,0.9411141072813355
2021-04-24,2,1.2672001086307423,0.0,198.46,0.0,1.6647,200000,189306.16079306672,-10693.839206933277,0.9465308039653336
2021-04-25,2,1.6742574113098858,0.0,202.31,0.0,1.6397,200000,189306.16079306672,-10693.839206933277,0.9465308039653336
2021-04-26,0,0.3889683971593534,0.0,227.09,0.0,1.9897,200000,189306.16079306672,-10693.839206933277,0.9465308039653336
2021-04-27,0,-0.27059732951779086,0.0,241.89,0.0,2.2069,200000,189306.16079306672,-10693.839206933277,0.9465308039653336
2021-04-28,0,-0.33455784747299716,0.0,240.65,0.0,2.1884,200000,189306.16079306672,-10693.839206933277,0.9465308039653336
2021-04-29,0,-0.5293415009604197,0.0,229.42,0.0,2.1037,200000,189306.16079306672,-10693.839206933277,0.9465308039653336
2021-04-30,0,0.16996614223844952,0.0,245.37,0.0,2.1512,200000,189306.16079306672,-10693.839206933277,0.9465308039653336
2021-05-01,2,1.4657815815262607,0.0,257.4,0.0,2.109,200000,189306.16079306672,-10693.839206933277,0.9465308039653336
2021-05-02,0,0.8430438718975086,0.0,243.3,0.0,2.0433,200000,189306.16079306672,-10693.839206933277,0.9465308039653336
2021-05-03,0,0.9769197735655917,0.0,250.48,0.0,2.0836,200000,189306.16079306672,-10693.839206933277,0.9465308039653336
2021-05-04,2,2.459943061443407,0.0,241.0,0.0,1.8319,200000,189306.16079306672,-10693.839206933277,0.9465308039653336
2021-05-05,2,2.9930394092259887,0.0,292.01,0.0,2.0282,200000,189306.16079306672,-10693.839206933277,0.9465308039653336
2021-05-06,2,2.051623775063311,0.0,308.57,0.0,2.2188,200000,189306.16079306672,-10693.839206933277,0.9465308039653336
2021-05-07,2,2.2696509409277823,0.0,320.01,0.0,2.184,200000,189306.16079306672,-10693.839206933277,0.9465308039653336
2021-05-08,2,1.916239288736544,0.0,316.25,0.0,2.1611,200000,189306.16079306672,-10693.839206933277,0.9465308039653336
2021-05-09,0,0.9064524397148498,0.0,305.4,0.0,2.2647,200000,189306.16079306672,-10693.839206933277,0.9465308039653336
2021-05-10,2,1.247566631193906,0.0,283.76,0.0,2.0144,200000,189306.16079306672,-10693.839206933277,0.9465308039653336
2021-05-11,2,1.2445663822232054,0.0,302.07,0.0,2.1175,200000,189306.16079306672,-10693.839206933277,0.9465308039653336
2021-05-12,2,1.8155820303701715,0.0,280.13,0.0,1.817,200000,189306.16079306672,-10693.839206933277,0.9465308039653336
2021-05-13,2,1.4322033769692593,0.0,296.36,0.0,1.9589,200000,189306.16079306672,-10693.839206933277,0.9465308039653336
2021-05-14,2,1.5431058480910378,0.0,305.67,0.0,1.9569,200000,189306.16079306672,-10693.839206933277,0.9465308039653336
2021-05-15,0,0.8229071899765611,0.0,271.08,0.0,1.8575,200000,189306.16079306672,-10693.839206933277,0.9465308039653336
2021-05-16,0,-0.1391064151833758,0.0,262.4,0.0,1.9991,200000,189306.16079306672,-10693.839206933277,0.9465308039653336
2021-05-17,0,-0.48048244979564314,0.0,235.52,0.0,1.8508,200000,189306.16079306672,-10693.839206933277,0.9465308039653336
2021-05-18,0,-0.04499591054474253,0.0,254.91,0.0,1.8888,200000,189306.16079306672,-10693.839206933277,0.9465308039653336
2021-05-19,0,-0.5868639395306706,0.0,146.22,0.0,1.1294,200000,189306.16079306672,-10693.839206933277,0.9465308039653336
2021-05-20,0,0.014553766597429884,0.0,182.4,0.0,1.3223,200000,189306.16079306672,-10693.839206933277,0.9465308039653336
2021-05-21,0,0.23280561320561868,0.0,156.26,0.0,1.1072,200000,189306.16079306672,-10693.839206933277,0.9465308039653336
2021-05-22,0,-0.06181203767156483,0.0,142.57,0.0,1.0244,200000,189306.16079306672,-10693.839206933277,0.9465308039653336
2021-05-23,-2,-1.6322733949915955,0.0,114.32,0.0,0.9075,200000,189306.16079306672,-10693.839206933277,0.9465308039653336
2021-05-24,0,-0.21691502247791344,0.0,149.16,0.0,1.0765,200000,189306.16079306672,-10693.839206933277,0.9465308039653336
2021-05-25,0,-0.6697684911191658,0.0,145.4,0.0,1.0832,200000,189306.16079306672,-10693.839206933277,0.9465308039653336
2021-05-26,-2,-1.7414102644282101,0.0,158.6,0.0,1.2899,200000,189306.16079306672,-10693.839206933277,0.9465308039653336
2021-05-27,-1,-1.0680361283018087,629.8867398451678,150.27,-80706.92393974536,1.1728,200000,189306.16079306672,-10693.839206933277,0.9465308039653336
2021-05-28,0,1.8884151120983332,0.0,164.62,0.0,1.0409,200000,169622.04280863615,-30377.95719136385,0.8481102140431808
2021-05-29,2,1.238992305935935,0.0,149.24,0.0,0.976,200000,169622.04280863615,-30377.95719136385,0.8481102140431808
2021-05-30,0,0.49276584702194753,0.0,149.84,0.0,1.0321,200000,169622.04280863615,-30377.95719136385,0.8481102140431808
2021-05-31,0,0.46469066567184825,0.0,161.65,0.0,1.1147,200000,169622.04280863615,-30377.95719136385,0.8481102140431808
2021-06-01,0,-0.15477527784154388,0.0,154.04,0.0,1.1197,200000,169622.04280863615,-30377.95719136385,0.8481102140431808
2021-06-02,0,-0.9311110377168976,0.0,164.35,0.0,1.278,200000,169622.04280863615,-30377.95719136385,0.8481102140431808
2021-06-03,-1,-1.1927773302518982,490.37884593418954,172.95,-61328.383400331244,1.3829,200000,169622.04280863615,-30377.95719136385,0.8481102140431808
2021-06-04,-2,-1.2067626563101514,0.0,155.28,0.0,1.2558,200000,170492.19948611117,-29507.800513888826,0.8524609974305559
2021-06-05,0,-0.9194758177092992,0.0,153.17,0.0,1.2156,200000,170492.19948611117,-29507.800513888826,0.8524609974305559
2021-06-06,-2,-1.471748573524965,0.0,149.63,0.0,1.2525,200000,170492.19948611117,-29507.800513888826,0.8524609974305559
2021-06-07,0,-0.9585367627550382,0.0,135.72,0.0,1.0948,200000,170492.19948611117,-29507.800513888826,0.8524609974305559
2021-06-08,-2,-1.683558485080596,0.0,130.88,0.0,1.1481,200000,170492.19948611117,-29507.800513888826,0.8524609974305559
2021-06-09,0,-0.8467266677345286,0.0,145.05,0.0,1.182,200000,170492.19948611117,-29507.800513888826,0.8524609974305559
2021-06-10,0,-0.9480282087271817,0.0,134.0,0.0,1.1132,200000,170492.19948611117,-29507.800513888826,0.8524609974305559
2021-06-11,0,-0.887117378806114,0.0,124.74,0.0,1.0393,200000,170492.19948611117,-29507.800513888826,0.8524609974305559
2021-06-12,0,-0.5702989115050381,0.0,125.85,0.0,1.0177,200000,170492.19948611117,-29507.800513888826,0.8524609974305559
2021-06-13,0,-0.6433503734402164,0.0,133.06,0.0,1.091,200000,170492.19948611117,-29507.800513888826,0.8524609974305559
2021-06-14,0,-0.4992023680236439,0.0,139.0,0.0,1.129,200000,170492.19948611117,-29507.800513888826,0.8524609974305559
2021-06-15,0,-0.5791101676585128,0.0,136.58,0.0,1.1186,200000,170492.19948611117,-29507.800513888826,0.8524609974305559
2021-06-16,0,-0.030321731929798094,0.0,137.31,0.0,1.0665,200000,170492.19948611117,-29507.800513888826,0.8524609974305559
2021-06-17,0,0.16170068412865704,0.0,142.27,0.0,1.1005,200000,170492.19948611117,-29507.800513888826,0.8524609974305559
2021-06-18,0,0.5873473437029707,0.0,132.88,0.0,1.0119,200000,170492.19948611117,-29507.800513888826,0.8524609974305559
2021-06-19,0,0.9674787118480711,0.0,127.9,0.0,0.964,200000,170492.19948611117,-29507.800513888826,0.8524609974305559
2021-06-20,2,1.9551428052154374,0.0,131.81,0.0,0.9605,200000,170492.19948611117,-29507.800513888826,0.8524609974305559
2021-06-21,2,1.6845416530444892,0.0,101.3,0.0,0.7499,200000,170492.19948611117,-29507.800513888826,0.8524609974305559
2021-06-22,2,2.9136000786244525,0.0,106.5,0.0,0.7139,200000,170492.19948611117,-29507.800513888826,0.8524609974305559
2021-06-23,2,1.5722485722335815,0.0,111.79,0.0,0.7961,200000,170492.19948611117,-29507.800513888826,0.8524609974305559
2021-06-24,0,0.7857426569001005,0.0,112.82,0.0,0.8391,200000,170492.19948611117,-29507.800513888826,0.8524609974305559
2021-06-25,0,0.21532617773785337,0.0,100.08,0.0,0.771,200000,170492.19948611117,-29507.800513888826,0.8524609974305559
2021-06-26,0,0.36645582665498977,0.0,103.61,0.0,0.7872,200000,170492.19948611117,-29507.800513888826,0.8524609974305559
2021-06-27,0,0.7039079828213912,0.0,107.71,0.0,0.7979,200000,170492.19948611117,-29507.800513888826,0.8524609974305559
2021-06-28,2,1.621903258634856,0.0,118.0,0.0,0.8205,200000,170492.19948611117,-29507.800513888826,0.8524609974305559
2021-06-29,2,2.0068202405464897,0.0,126.49,0.0,0.8432,200000,170492.19948611117,-29507.800513888826,0.8524609974305559
2021-06-30,2,1.832342826590209,0.0,130.91,0.0,0.8676,200000,170492.19948611117,-29507.800513888826,0.8524609974305559
2021-07-01,2,1.575300883639489,0.0,120.17,0.0,0.8002,200000,170492.19948611117,-29507.800513888826,0.8524609974305559
2021-07-02,0,0.7631884185121115,0.0,118.5,0.0,0.8277,200000,170492.19948611117,-29507.800513888826,0.8524609974305559
2021-07-03,0,0.3428313912236897,0.0,116.22,0.0,0.8306,200000,170492.19948611117,-29507.800513888826,0.8524609974305559
2021-07-04,0,0.5286414444628122,0.0,120.25,0.0,0.8455,200000,170492.19948611117,-29507.800513888826,0.8524609974305559
2021-07-05,0,-0.44039026311540763,0.0,111.17,0.0,0.822,200000,170492.19948611117,-29507.800513888826,0.8524609974305559
2021-07-06,0,-0.15283904872323834,0.0,117.51,0.0,0.8522,200000,170492.19948611117,-29507.800513888826,0.8524609974305559
2021-07-07,0,-0.8470522816978168,0.0,118.55,0.0,0.8887,200000,170492.19948611117,-29507.800513888826,0.8524609974305559
2021-07-08,0,-0.7612586270372558,0.0,109.46,0.0,0.8154,200000,170492.19948611117,-29507.800513888826,0.8524609974305559
2021-07-09,0,-0.6007516564765873,0.0,111.01,0.0,0.8191,200000,170492.19948611117,-29507.800513888826,0.8524609974305559
2021-07-10,0,-0.4336345075833595,0.0,108.12,0.0,0.7916,200000,170492.19948611117,-29507.800513888826,0.8524609974305559
2021-07-11,-1,-1.097178878599353,769.0914809008984,110.84,-101447.22092473591,0.8403,200000,170492.19948611117,-29507.800513888826,0.8524609974305559
2021-07-12,-1,-0.44715639139154395,769.0914809008984,107.68,-101447.22092473591,0.7931,200000,163273.5615788168,-36726.43842118321,0.8163678078940839
2021-07-13,0,-0.11878237074011146,0.0,104.1,0.0,0.7559,200000,167113.73062133553,-32886.26937866447,0.8355686531066777
2021-07-14,0,0.3713902034593695,0.0,104.55,0.0,0.7408,200000,167113.73062133553,-32886.26937866447,0.8355686531066777
2021-07-15,0,0.8125021175971536,0.0,100.17,0.0,0.6936,200000,167113.73062133553,-32886.26937866447,0.8355686531066777
2021-07-16,0,0.28801821698951646,0.0,93.06,0.0,0.6568,200000,167113.73062133553,-32886.26937866447,0.8355686531066777
2021-07-17,0,-0.788150529769888,0.0,93.16,0.0,0.6872,200000,167113.73062133553,-32886.26937866447,0.8355686531066777
2021-07-18,0,-0.3977966067879227,0.0,93.95,0.0,0.6833,200000,167113.73062133553,-32886.26937866447,0.8355686531066777
2021-07-19,0,0.670177129682509,0.0,89.25,0.0,0.6247,200000,167113.73062133553,-32886.26937866447,0.8355686531066777
2021-07-20,2,1.303586503282123,0.0,85.65,0.0,0.59,200000,167113.73062133553,-32886.26937866447,0.8355686531066777
2021-07-21,2,1.8091074981123954,0.0,95.18,0.0,0.6491,200000,167113.73062133553,-32886.26937866447,0.8355686531066777
2021-07-22,2,2.1913522469366202,0.0,97.6,0.0,0.6513,200000,167113.73062133553,-32886.26937866447,0.8355686531066777
2021-07-23,0,0.6609250666669755,0.0,97.73,0.0,0.6852,200000,167113.73062133553,-32886.26937866447,0.8355686531066777
2021-07-24,0,-0.7365676366956818,0.0,99.26,0.0,0.7329,200000,167113.73062133553,-32886.26937866447,0.8355686531066777
2021-07-25,0,-0.7767544817024213,0.0,100.44,0.0,0.7427,200000,167113.73062133553,-32886.26937866447,0.8355686531066777
2021-07-26,0,-0.9865037665459933,0.0,101.33,0.0,0.7569,200000,167113.73062133553,-32886.26937866447,0.8355686531066777
2021-07-27,-2,-3.0295953406067224,0.0,102.85,0.0,0.8796,200000,167113.73062133553,-32886.26937866447,0.8355686531066777
2021-07-28,-2,-1.5965884142452782,0.0,105.88,0.0,0.8423,200000,167113.73062133553,-32886.26937866447,0.8355686531066777
2021-07-29,-2,-1.3102138284036033,0.0,107.84,0.0,0.8496,200000,167113.73062133553,-32886.26937866447,0.8355686531066777
2021-07-30,0,-0.6730817155671298,0.0,109.91,0.0,0.8352,200000,167113.73062133553,-32886.26937866447,0.8355686531066777
2021-07-31,-2,-1.9342196812162693,0.0,111.15,0.0,0.9318,200000,167113.73062133553,-32886.26937866447,0.8355686531066777
2021-08-01,0,-0.43661523252442835,0.0,115.53,0.0,0.8735,200000,167113.73062133553,-32886.26937866447,0.8355686531066777
2021-08-02,0,-0.7748098316129959,0.0,115.26,0.0,0.8955,200000,167113.73062133553,-32886.26937866447,0.8355686531066777
2021-08-03,0,-0.1490735534128354,0.0,114.05,0.0,0.8512,200000,167113.73062133553,-32886.26937866447,0.8355686531066777
2021-08-04,0,0.010881042604274596,0.0,118.08,0.0,0.8751,200000,167113.73062133553,-32886.26937866447,0.8355686531066777
2021-08-05,0,0.08762320615317583,0.0,119.03,0.0,0.88,200000,167113.73062133553,-32886.26937866447,0.8355686531066777
2021-08-06,0,0.3958750785339561,0.0,126.93,0.0,0.9197,200000,167113.73062133553,-32886.26937866447,0.8355686531066777
2021-08-07,0,0.9108204846370634,0.0,134.17,0.0,0.9394,200000,167113.73062133553,-32886.26937866447,0.8355686531066777
2021-08-08,0,0.6552324650580641,0.0,123.48,0.0,0.8794,200000,167113.73062133553,-32886.26937866447,0.8355686531066777
2021-08-09,0,0.8922134061828227,0.0,130.65,0.0,0.9191,200000,167113.73062133553,-32886.26937866447,0.8355686531066777
2021-08-10,0,0.09825001457198211,0.0,131.87,0.0,0.9781,200000,167113.73062133553,-32886.26937866447,0.8355686531066777
2021-08-11,0,-0.4485229760674799,0.0,137.18,0.0,1.0562,200000,167113.73062133553,-32886.26937866447,0.8355686531066777
2021-08-12,0,-0.7716299221323114,0.0,133.6,0.0,1.0518,200000,167113.73062133553,-32886.26937866447,0.8355686531066777
2021-08-13,0,-0.27877013266202216,0.0,144.93,0.0,1.1139,200000,167113.73062133553,-32886.26937866447,0.8355686531066777
2021-08-14,-1,-1.000363298357117,576.6917338026625,144.89,-71821.26982178766,1.1634,200000,167113.73062133553,-32886.26937866447,0.8355686531066777
2021-08-15,0,0.10825164138822699,0.0,154.82,0.0,1.1718,200000,161990.48037117807,-38009.51962882193,0.8099524018558903
2021-08-16,0,0.5624072419320819,0.0,150.12,0.0,1.1061,200000,161990.48037117807,-38009.51962882193,0.8099524018558903
2021-08-17,0,0.9820838525441985,0.0,141.45,0.0,1.0185,200000,161990.48037117807,-38009.51962882193,0.8099524018558903
2021-08-18,1,1.1611540335568509,-575.4137552258386,140.76,80970.94890091877,1.0003,200000,161990.48037117807,-38009.51962882193,0.8099524018558903
2021-08-19,1,0.8231043552540204,-575.4137552258386,147.37,80970.94890091877,1.0593,200000,170571.25127837507,-29428.74872162493,0.8528562563918753
2021-08-20,1,0.715184224884634,-575.4137552258386,153.75,80970.94890091877,1.1084,200000,178218.06462775107,-21781.935372248932,0.8910903231387554
2021-08-21,2,1.7234661362586918,0.0,155.89,0.0,1.0725,200000,164850.3879770987,-35149.6120229013,0.8242519398854935
2021-08-22,0,0.2666263183318292,0.0,160.54,0.0,1.1672,200000,164850.3879770987,-35149.6120229013,0.8242519398854935
2021-08-23,1,1.124110773717777,-499.183587624451,165.12,71283.57172753554,1.1563,200000,164850.3879770987,-35149.6120229013,0.8242519398854935
2021-08-24,2,1.633154786110674,0.0,155.3,0.0,1.0567,200000,167048.24889068914,-32951.75110931086,0.8352412444534457
2021-08-25,2,1.9616422672894915,0.0,163.8,0.0,1.0833,200000,167048.24889068914,-32951.75110931086,0.8352412444534457
2021-08-26,2,1.3463167146028228,0.0,144.0,0.0,0.9727,200000,167048.24889068914,-32951.75110931086,0.8352412444534457
2021-08-27,1,1.049933652660192,-548.4184139549873,152.3,80211.3938781759,1.0413,200000,167048.24889068914,-32951.75110931086,0.8352412444534457
2021-08-28,2,1.2464694879972686,0.0,150.5,0.0,1.0135,200000,168290.9724953834,-31709.02750461659,0.841454862476917
2021-08-29,1,1.0670926621071584,-567.4004467140371,148.3,83768.52787226651,1.0045,200000,168290.9724953834,-31709.02750461659,0.841454862476917
2021-08-30,1,0.8067984370142168,-567.4004467140371,141.2,83768.52787226651,0.9656,200000,161003.8335894826,-38996.16641051741,0.8050191679474129
2021-08-31,1,0.6230949849939723,-567.4004467140371,143.8,83768.52787226651,0.9891,200000,164447.63515593734,-35552.36484406266,0.8222381757796867
2021-09-01,0,-1.0035645778331126,0.0,151.7,0.0,1.1333,200000,159430.74762426323,-40569.252375736774,0.7971537381213161
2021-09-02,-2,-3.5264682124242634,0.0,150.7,0.0,1.5463,200000,159430.74762426323,-40569.252375736774,0.7971537381213161
2021-09-03,-2,-2.660446733811788,0.0,156.4,0.0,1.5744,200000,159430.74762426323,-40569.252375736774,0.7971537381213161
2021-09-04,-2,-2.8241117011717747,0.0,160.1,0.0,1.9835,200000,159430.74762426323,-40569.252375736774,0.7971537381213161
2021-09-05,-2,-1.7619285683386174,0.0,172.8,0.0,1.8008,200000,159430.74762426323,-40569.252375736774,0.7971537381213161
2021-09-06,-2,-1.5847062380923016,0.0,171.1,0.0,1.8015,200000,159430.74762426323,-40569.252375736774,0.7971537381213161
2021-09-07,-2,-1.5823158868211347,0.0,136.4,0.0,1.518,200000,159430.74762426323,-40569.252375736774,0.7971537381213161
2021-09-08,-2,-1.430268529037118,0.0,135.4,0.0,1.5197,200000,159430.74762426323,-40569.252375736774,0.7971537381213161
2021-09-09,-2,-1.3219986656988274,0.0,137.6,0.0,1.5672,200000,159430.74762426323,-40569.252375736774,0.7971537381213161
2021-09-10,-2,-1.3254885059760442,0.0,128.2,0.0,1.5375,200000,159430.74762426323,-40569.252375736774,0.7971537381213161
2021-09-11,-1,-1.1310460089102767,620.3531035963549,128.5,-52967.025788791776,1.505,200000,159430.74762426323,-40569.252375736774,0.7971537381213161
2021-09-12,-1,-0.9772497071257038,620.3531035963549,131.3,-52967.025788791776,1.5119,200000,161533.2087922757,-38466.79120772431,0.8076660439613784
2021-09-13,-1,-0.7467460964918814,620.3531035963549,127.8,-52967.025788791776,1.4021,200000,153546.19349807908,-46453.80650192092,0.7677309674903954
2021-09-14,-1,-0.8502710881263182,620.3531035963549,133.8,-52967.025788791776,1.5609,200000,165679.47581491736,-34320.52418508264,0.8283973790745868
2021-09-15,-1,-0.725010008262347,620.3531035963549,139.8,-52967.025788791776,1.6074,200000,171864.5611356743,-28135.438864325697,0.8593228056783715
2021-09-16,-1,-0.5148070526465411,620.3531035963549,137.9,-52967.025788791776,1.523,200000,166215.47326226722,-33784.526737732784,0.8310773663113361
2021-09-17,-1,-0.9846956417072439,620.3531035963549,134.5,-52967.025788791776,1.7462,200000,175928.5128660979,-24071.48713390209,0.8796425643304896
2021-09-18,-1,-0.6538766618539685,620.3531035963549,138.6,-52967.025788791776,1.6658,200000,174213.4117174241,-25786.58828257589,0.8710670585871205
2021-09-19,-1,-0.38814494309929937,620.3531035963549,133.6,-52967.025788791776,1.5344,200000,164151.77901079512,-35848.220989204885,0.8207588950539756
2021-09-20,0,0.050545369110718545,0.0,119.1,0.0,1.302,200000,154509.76056294423,-45490.239437055774,0.7725488028147212
2021-09-21,0,0.4911602594273227,0.0,111.7,0.0,1.2204,200000,154509.76056294423,-45490.239437055774,0.7725488028147212
2021-09-22,0,0.09596878302782029,0.0,121.3,0.0,1.3653,200000,154509.76056294423,-45490.239437055774,0.7725488028147212
2021-09-23,0,0.08341181597963358,0.0,122.6,0.0,1.3906,200000,154509.76056294423,-45490.239437055774,0.7725488028147212
2021-09-24,0,-0.14796200134302653,0.0,110.6,0.0,1.264,200000,154509.76056294423,-45490.239437055774,0.7725488028147212
2021-09-25,0,0.535348295911695,0.0,110.7,0.0,1.2318,200000,154509.76056294423,-45490.239437055774,0.7725488028147212
2021-09-26,2,1.7651016125633094,0.0,111.2,0.0,1.1772,200000,154509.76056294423,-45490.239437055774,0.7725488028147212
2021-09-27,1,1.0028729621619525,-739.2811510188719,104.5,67832.89163356934,1.1389,200000,154509.76056294423,-45490.239437055774,0.7725488028147212
2021-09-28,2,1.8059243964326492,0.0,100.8,0.0,1.0511,200000,157730.1481896018,-42269.85181039819,0.788650740948009
2021-09-29,2,2.0686293958266395,0.0,103.7,0.0,1.0492,200000,157730.1481896018,-42269.85181039819,0.788650740948009
2021-09-30,0,0.7738648836844044,0.0,107.1,0.0,1.1522,200000,157730.1481896018,-42269.85181039819,0.788650740948009
2021-10-01,0,-0.5407437894623844,0.0,114.9,0.0,1.3241,200000,157730.1481896018,-42269.85181039819,0.788650740948009
2021-10-02,0,0.08770441089458808,0.0,114.2,0.0,1.2704,200000,157730.1481896018,-42269.85181039819,0.788650740948009
2021-10-03,2,1.355511267871186,0.0,118.7,0.0,1.231,200000,157730.1481896018,-42269.85181039819,0.788650740948009
2021-10-04,2,1.374049899005156,0.0,116.8,0.0,1.1998,200000,157730.1481896018,-42269.85181039819,0.788650740948009
2021-10-05,2,1.6493440029757098,0.0,123.1,0.0,1.2308,200000,157730.1481896018,-42269.85181039819,0.788650740948009
2021-10-06,0,0.9599449418869679,0.0,125.4,0.0,1.297,200000,157730.1481896018,-42269.85181039819,0.788650740948009
2021-10-07,1,1.0112005825187376,-629.4100087374374,125.3,61041.07902074373,1.292,200000,157730.1481896018,-42269.85181039819,0.788650740948009
2021-10-08,0,-0.267770192543896,0.0,123.4,0.0,1.3472,200000,153164.80161105562,-46835.19838894438,0.7658240080552781
2021-10-09,0,-0.341799806368522,0.0,127.6,0.0,1.3932,200000,153164.80161105562,-46835.19838894438,0.7658240080552781
2021-10-10,-2,-1.8173699824242802,0.0,119.5,0.0,1.4104,200000,153164.80161105562,-46835.19838894438,0.7658240080552781
2021-10-11,-2,-1.9668611379898537,0.0,119.7,0.0,1.4499,200000,153164.80161105562,-46835.19838894438,0.7658240080552781
2021-10-12,-1,-1.1314458764539386,658.4901187061721,116.3,-56875.158414799705,1.3465,200000,153164.80161105562,-46835.19838894438,0.7658240080552781
2021-10-13,-1,-0.9776030129598012,658.4901187061721,119.4,-56875.158414799705,1.3719,200000,156650.75000278067,-43349.24999721933,0.7832537500139034
2021-10-14,-1,-0.5134191220867733,658.4901187061721,121.8,-56875.158414799705,1.3607,200000,157594.1245134297,-42405.875486570294,0.7879706225671486
2021-10-15,0,1.0015046403678234,0.0,126.2,0.0,1.2938,200000,143648.42858740457,-56351.571412595425,0.7182421429370229
2021-10-16,0,0.8558539336504223,0.0,126.1,0.0,1.3,200000,143648.42858740457,-56351.571412595425,0.7182421429370229
2021-10-17,2,2.540961188726845,0.0,137.7,0.0,1.2534,200000,143648.42858740457,-56351.571412595425,0.7182421429370229
2021-10-18,2,2.4036742741503074,0.0,140.7,0.0,1.2445,200000,143648.42858740457,-56351.571412595425,0.7182421429370229
2021-10-19,2,2.246280919866299,0.0,144.1,0.0,1.2466,200000,143648.42858740457,-56351.571412595425,0.7182421429370229
2021-10-20,2,1.8536452133529502,0.0,149.9,0.0,1.3038,200000,143648.42858740457,-56351.571412595425,0.7182421429370229
2021-10-21,2,2.036086880841606,0.0,155.0,0.0,1.2832,200000,143648.42858740457,-56351.571412595425,0.7182421429370229
2021-10-22,2,1.85372482618233,0.0,165.0,0.0,1.3486,200000,143648.42858740457,-56351.571412595425,0.7182421429370229
2021-10-23,2,2.088147972836431,0.0,173.6,0.0,1.3284,200000,143648.42858740457,-56351.571412595425,0.7182421429370229
2021-10-24,2,1.8821706054688845,0.0,173.0,0.0,1.3053,200000,143648.42858740457,-56351.571412595425,0.7182421429370229
2021-10-25,2,1.3244070035151105,0.0,170.1,0.0,1.3481,200000,143648.42858740457,-56351.571412595425,0.7182421429370229
2021-10-26,0,0.7120996385469556,0.0,161.1,0.0,1.3743,200000,143648.42858740457,-56351.571412595425,0.7182421429370229
2021-10-27,0,0.9398544112837656,0.0,147.1,0.0,1.2002,200000,143648.42858740457,-56351.571412595425,0.7182421429370229
2021-10-28,1,1.0880373622763302,-451.7246181993855,159.0,57390.50283156395,1.2515,200000,143648.42858740457,-56351.571412595425,0.7182421429370229
2021-10-29,1,0.8684922756849265,-451.7246181993855,162.6,57390.50283156395,1.3022,200000,148184.33570648264,-51815.66429351736,0.7409216785324132
2021-10-30,0,-0.13996074278528034,0.0,153.3,0.0,1.4049,200000,132269.89512930618,-67730.10487069382,0.6613494756465309
2021-10-31,0,0.0011934637457014963,0.0,167.0,0.0,1.4795,200000,132269.89512930618,-67730.10487069382,0.6613494756465309
2021-11-01,0,0.4319764209140324,0.0,169.7,0.0,1.4121,200000,132269.89512930618,-67730.10487069382,0.6613494756465309
2021-11-02,0,0.5461114473562362,0.0,171.8,0.0,1.4019,200000,132269.89512930618,-67730.10487069382,0.6613494756465309
2021-11-03,0,0.4878410936902759,0.0,168.3,0.0,1.3723,200000,132269.89512930618,-67730.10487069382,0.6613494756465309
2021-11-04,0,0.23563520798280746,0.0,163.7,0.0,1.3517,200000,132269.89512930618,-67730.10487069382,0.6613494756465309
2021-11-05,0,-0.3276755238339926,0.0,162.8,0.0,1.3784,200000,132269.89512930618,-67730.10487069382,0.6613494756465309
2021-11-06,0,-0.34649192912955046,0.0,159.6,0.0,1.3459,200000,132269.89512930618,-67730.10487069382,0.6613494756465309
2021-11-07,0,0.14741670158070547,0.0,164.1,0.0,1.3458,200000,132269.89512930618,-67730.10487069382,0.6613494756465309
2021-11-08,0,0.30639311122459556,0.0,170.8,0.0,1.3866,200000,132269.89512930618,-67730.10487069382,0.6613494756465309
2021-11-09,2,2.7318012159812666,0.0,200.1,0.0,1.4101,200000,132269.89512930618,-67730.10487069382,0.6613494756465309
2021-11-10,2,1.9247279415547494,0.0,179.8,0.0,1.2957,200000,132269.89512930618,-67730.10487069382,0.6613494756465309
2021-11-11,2,2.7681003645210227,0.0,204.5,0.0,1.3297,200000,132269.89512930618,-67730.10487069382,0.6613494756465309
2021-11-12,2,2.458686843596071,0.0,202.1,0.0,1.2837,200000,132269.89512930618,-67730.10487069382,0.6613494756465309
2021-11-13,2,1.7357972323348225,0.0,199.1,0.0,1.3164,200000,132269.89512930618,-67730.10487069382,0.6613494756465309
2021-11-14,2,1.7227636790904335,0.0,201.8,0.0,1.3045,200000,132269.89512930618,-67730.10487069382,0.6613494756465309
2021-11-15,1,1.1146026899019732,-338.2861768012946,195.5,49875.526066857536,1.326,200000,132269.89512930618,-67730.10487069382,0.6613494756465309
2021-11-16,0,-0.49522340111488744,0.0,165.7,0.0,1.3471,200000,121136.59346061689,-78863.40653938311,0.6056829673030845
2021-11-17,-2,-1.2260201062960603,0.0,159.3,0.0,1.4446,200000,121136.59346061689,-78863.40653938311,0.6056829673030845
2021-11-18,0,-0.6509108559454381,0.0,148.2,0.0,1.2455,200000,121136.59346061689,-78863.40653938311,0.6056829673030845
2021-11-19,0,-0.5111311120486538,0.0,158.8,0.0,1.2996,200000,121136.59346061689,-78863.40653938311,0.6056829673030845
2021-11-20,0,0.3860007417714503,0.0,179.3,0.0,1.3088,200000,121136.59346061689,-78863.40653938311,0.6056829673030845
2021-11-21,2,2.137098130288952,0.0,229.4,0.0,1.3496,200000,121136.59346061689,-78863.40653938311,0.6056829673030845
2021-11-22,0,0.5783477516136932,0.0,206.0,0.0,1.4244,200000,121136.59346061689,-78863.40653938311,0.6056829673030845
2021-11-23,0,0.8205995814369963,0.0,218.7,0.0,1.4565,200000,121136.59346061689,-78863.40653938311,0.6056829673030845
2021-11-24,2,1.9000663830330742,0.0,260.8,0.0,1.4976,200000,121136.59346061689,-78863.40653938311,0.6056829673030845
2021-11-25,2,2.1322717199221564,0.0,294.5,0.0,1.5796,200000,121136.59346061689,-78863.40653938311,0.6056829673030845
2021-11-26,2,1.6228848117779422,0.0,246.6,0.0,1.367,200000,121136.59346061689,-78863.40653938311,0.6056829673030845
2021-11-27,2,1.345166016666051,0.0,243.5,0.0,1.3699,200000,121136.59346061689,-78863.40653938311,0.6056829673030845
2021-11-28,2,1.2726915484187726,0.0,241.2,0.0,1.3457,200000,121136.59346061689,-78863.40653938311,0.6056829673030845
2021-11-29,0,0.9924440521613104,0.0,246.7,0.0,1.4081,200000,121136.59346061689,-78863.40653938311,0.6056829673030845
2021-11-30,0,-0.06973732570217994,0.0,220.2,0.0,1.4514,200000,121136.59346061689,-78863.40653938311,0.6056829673030845
2021-12-01,0,0.5165962084890366,0.0,229.8,0.0,1.3878,200000,121136.59346061689,-78863.40653938311,0.6056829673030845
2021-12-02,0,-0.19282486105303667,0.0,225.4,0.0,1.5119,200000,121136.59346061689,-78863.40653938311,0.6056829673030845
2021-12-03,0,-0.30599425033127486,0.0,206.2,0.0,1.4099,200000,121136.59346061689,-78863.40653938311,0.6056829673030845
2021-12-04,0,0.1837006946801148,0.0,187.6,0.0,1.1909,200000,121136.59346061689,-78863.40653938311,0.6056829673030845
2021-12-05,0,0.21692189279319266,0.0,182.6,0.0,1.1495,200000,121136.59346061689,-78863.40653938311,0.6056829673030845
2021-12-06,0,-0.0691747988035575,0.0,179.8,0.0,1.1677,200000,121136.59346061689,-78863.40653938311,0.6056829673030845
2021-12-07,0,-0.47237109981835795,0.0,174.1,0.0,1.1726,200000,121136.59346061689,-78863.40653938311,0.6056829673030845
2021-12-08,0,-0.5746340006839709,0.0,178.8,0.0,1.1976,200000,121136.59346061689,-78863.40653938311,0.6056829673030845
2021-12-09,-1,-1.0704365630494423,369.0938252913373,164.1,-53218.782822518624,1.1381,200000,121136.59346061689,-78863.40653938311,0.6056829673030845
2021-12-10,-1,-1.1572862542814035,369.0938252913373,159.4,-53218.782822518624,1.1084,200000,117821.25463191881,-82178.74536808119,0.5891062731595941
2021-12-11,-1,-0.825861468624285,369.0938252913373,168.3,-53218.782822518624,1.1423,200000,122910.3064146951,-77089.6935853049,0.6145515320734755
2021-12-12,-1,-0.7367473982786685,369.0938252913373,169.6,-53218.782822518624,1.1384,200000,123182.57513456601,-76817.42486543399,0.61591287567283
2021-12-13,-1,-1.0592934026578402,369.0938252913373,147.9,-53218.782822518624,1.0286,200000,109329.81677183144,-90670.18322816856,0.5466490838591571
2021-12-14,-1,-1.019407703889563,369.0938252913373,151.6,-53218.782822518624,1.0615,200000,112446.36188027025,-87553.63811972975,0.5622318094013512
2021-12-15,-1,-0.8729300122793157,369.0938252913373,159.5,-53218.782822518624,1.1072,200000,117794.30147506091,-82205.69852493909,0.5889715073753046
2021-12-16,-2,-1.548319394028073,0.0,152.3,0.0,1.1384,200000,125507.86623390144,-74492.13376609856,0.6275393311695072
2021-12-17,-2,-1.3883153150474057,0.0,149.9,0.0,1.1126,200000,125507.86623390144,-74492.13376609856,0.6275393311695072
2021-12-18,0,-0.9517109472716354,0.0,157.6,0.0,1.129,200000,125507.86623390144,-74492.13376609856,0.6275393311695072
2021-12-19,0,0.08978760762117123,0.0,157.8,0.0,1.0641,200000,125507.86623390144,-74492.13376609856,0.6275393311695072
2021-12-20,0,-0.28524923841682137,0.0,156.7,0.0,1.0799,200000,125507.86623390144,-74492.13376609856,0.6275393311695072
2021-12-21,-2,-2.6896884824933083,0.0,162.2,0.0,1.3147,200000,125507.86623390144,-74492.13376609856,0.6275393311695072
2021-12-22,-2,-1.60964144977799,0.0,165.5,0.0,1.2709,200000,125507.86623390144,-74492.13376609856,0.6275393311695072
2021-12-23,-2,-1.505267057540871,0.0,167.6,0.0,1.2952,200000,125507.86623390144,-74492.13376609856,0.6275393311695072
2021-12-24,-2,-1.4630232039957538,0.0,165.0,0.0,1.2849,200000,125507.86623390144,-74492.13376609856,0.6275393311695072
2021-12-25,-2,-1.3159434906280807,0.0,169.5,0.0,1.315,200000,125507.86623390144,-74492.13376609856,0.6275393311695072
2021-12-26,-2,-1.9838414425924813,0.0,167.5,0.0,1.3907,200000,125507.86623390144,-74492.13376609856,0.6275393311695072
2021-12-27,-2,-1.5227957797826412,0.0,169.5,0.0,1.3793,200000,125507.86623390144,-74492.13376609856,0.6275393311695072
2021-12-28,-2,-2.6198538061318875,0.0,149.7,0.0,1.4291,200000,125507.86623390144,-74492.13376609856,0.6275393311695072
2021-12-29,-2,-2.437180580408761,0.0,146.6,0.0,1.482,200000,125507.86623390144,-74492.13376609856,0.6275393311695072
2021-12-30,-2,-1.5829275449471962,0.0,153.7,0.0,1.4266,200000,125507.86623390144,-74492.13376609856,0.6275393311695072
2021-12-31,-2,-1.4404130593062068,0.0,146.5,0.0,1.3658,200000,125507.86623390144,-74492.13376609856,0.6275393311695072
2022-01-01,-2,-1.3450002091363347,0.0,150.3,0.0,1.411,200000,125507.86623390144,-74492.13376609856,0.6275393311695072
2022-01-02,0,-0.9229623690621144,0.0,153.0,0.0,1.3723,200000,125507.86623390144,-74492.13376609856,0.6275393311695072
2022-01-03,-1,-1.0025465868740764,416.969655262131,150.5,-45335.88579464724,1.3842,200000,125507.86623390144,-74492.13376609856,0.6275393311695072
2022-01-04,-1,-0.49733449098114274,416.969655262131,147.3,-45335.88579464724,1.2788,200000,119395.1609743068,-80604.8390256932,0.596975804871534
2022-01-05,-1,-0.32826796859671364,416.969655262131,136.8,-45335.88579464724,1.171,200000,110129.77110539144,-89870.22889460856,0.5506488555269572
2022-01-06,-1,-0.3248923180963902,416.969655262131,137.4,-45335.88579464724,1.1841,200000,110973.8530024586,-89026.1469975414,0.5548692650122931
2022-01-07,0,0.41969511968801504,0.0,139.6,0.0,1.1144,200000,117821.21348886284,-82178.78651113716,0.5891060674443142
2022-01-08,2,1.2347860007118172,0.0,143.6,0.0,1.0756,200000,117821.21348886284,-82178.78651113716,0.5891060674443142
2022-01-09,2,1.500942120185381,0.0,144.1,0.0,1.0712,200000,117821.21348886284,-82178.78651113716,0.5891060674443142
2022-01-10,0,0.780633564548936,0.0,141.3,0.0,1.1115,200000,117821.21348886284,-82178.78651113716,0.5891060674443142
2022-01-11,0,0.5183033419805855,0.0,141.3,0.0,1.141,200000,117821.21348886284,-82178.78651113716,0.5891060674443142
2022-01-12,0,0.35240333147123204,0.0,144.5,0.0,1.1883,200000,117821.21348886284,-82178.78651113716,0.5891060674443142
2022-01-13,1,1.0922351873915663,-411.0998377141062,143.3,53139.641660140194,1.1086,200000,117821.21348886284,-82178.78651113716,0.5891060674443142
2022-01-14,1,0.8791893717138246,-411.0998377141062,142.4,53139.641660140194,1.1223,200000,118179.23672566406,-81820.76327433594,0.5908961836283203
2022-01-15,1,0.9543035913618803,-411.0998377141062,144.4,53139.641660140194,1.1257,200000,119182.11118273674,-80817.88881726326,0.5959105559136837
2022-01-16,1,0.5509138920400631,-411.0998377141062,141.2,53139.641660140194,1.1373,200000,118483.01154530923,-81516.98845469077,0.5924150577265461
2022-01-17,0,0.04425923211227243,0.0,138.9,0.0,1.1616,200000,113195.97319493335,-86804.02680506665,0.5659798659746668
2022-01-18,0,-0.05927014605139823,0.0,131.8,0.0,1.1015,200000,113195.97319493335,-86804.02680506665,0.5659798659746668
2022-01-19,0,-0.09588325830421655,0.0,125.9,0.0,1.0492,200000,113195.97319493335,-86804.02680506665,0.5659798659746668
2022-01-20,0,-0.5845232230896508,0.0,118.8,0.0,1.0173,200000,113195.97319493335,-86804.02680506665,0.5659798659746668
2022-01-21,0,-0.3692224458875331,0.0,102.3,0.0,0.857,200000,113195.97319493335,-86804.02680506665,0.5659798659746668
2022-01-22,0,-0.17323375416596498,0.0,94.6,0.0,0.78,200000,113195.97319493335,-86804.02680506665,0.5659798659746668
2022-01-23,0,-0.6044960130544625,0.0,97.5,0.0,0.8156,200000,113195.97319493335,-86804.02680506665,0.5659798659746668
2022-01-24,0,-0.6960170374622773,0.0,94.4,0.0,0.7906,200000,113195.97319493335,-86804.02680506665,0.5659798659746668
2022-01-25,-2,-1.9629697178937364,0.0,90.3,0.0,0.8103,200000,113195.97319493335,-86804.02680506665,0.5659798659746668
2022-01-26,-2,-1.752167927286549,0.0,89.8,0.0,0.8025,200000,113195.97319493335,-86804.02680506665,0.5659798659746668
2022-01-27,-2,-1.7188253751490283,0.0,88.7,0.0,0.8032,200000,113195.97319493335,-86804.02680506665,0.5659798659746668
2022-01-28,-2,-1.4260303591736254,0.0,91.2,0.0,0.8173,200000,113195.97319493335,-86804.02680506665,0.5659798659746668
2022-01-29,0,-0.6858152102159699,0.0,96.3,0.0,0.8302,200000,113195.97319493335,-86804.02680506665,0.5659798659746668
2022-01-30,0,-0.8846396942947836,0.0,93.1,0.0,0.8142,200000,113195.97319493335,-86804.02680506665,0.5659798659746668
2022-01-31,0,-0.9644615784962887,0.0,94.5,0.0,0.8338,200000,113195.97319493335,-86804.02680506665,0.5659798659746668
