date,statusList,zscore,ZECUSDT_position,ZECUSDT_price,ZRXUSDT_position,ZRXUSDT_price,init,total_asset,pnl,return
2020-01-01,0,,0.0,28.07,0.0,0.1825,200000,200000.0,0.0,1.0
2020-01-02,0,,0.0,27.02,0.0,0.1752,200000,200000.0,0.0,1.0
2020-01-03,0,,0.0,28.41,0.0,0.1821,200000,200000.0,0.0,1.0
2020-01-04,0,,0.0,29.91,0.0,0.1864,200000,200000.0,0.0,1.0
2020-01-05,0,,0.0,30.81,0.0,0.1861,200000,200000.0,0.0,1.0
2020-01-06,0,,0.0,32.86,0.0,0.1958,200000,200000.0,0.0,1.0
2020-01-07,0,,0.0,32.24,0.0,0.1878,200000,200000.0,0.0,1.0
2020-01-08,0,,0.0,30.88,0.0,0.2133,200000,200000.0,0.0,1.0
2020-01-09,0,,0.0,30.83,0.0,0.2058,200000,200000.0,0.0,1.0
2020-01-10,0,,0.0,33.69,0.0,0.2026,200000,200000.0,0.0,1.0
2020-01-11,0,,0.0,34.88,0.0,0.2064,200000,200000.0,0.0,1.0
2020-01-12,0,,0.0,35.52,0.0,0.2182,200000,200000.0,0.0,1.0
2020-01-13,0,,0.0,38.32,0.0,0.2102,200000,200000.0,0.0,1.0
2020-01-14,0,,0.0,43.83,0.0,0.238,200000,200000.0,0.0,1.0
2020-01-15,0,,0.0,54.97,0.0,0.2459,200000,200000.0,0.0,1.0
2020-01-16,0,,0.0,50.8,0.0,0.2474,200000,200000.0,0.0,1.0
2020-01-17,0,,0.0,61.54,0.0,0.2547,200000,200000.0,0.0,1.0
2020-01-18,0,,0.0,51.16,0.0,0.2455,200000,200000.0,0.0,1.0
2020-01-19,0,,0.0,51.56,0.0,0.2312,200000,200000.0,0.0,1.0
2020-01-20,2,1.6856945784873962,0.0,53.68,0.0,0.2316,200000,200000.0,0.0,1.0
2020-01-21,1,1.1806862540257543,-1877.581674802854,53.26,414078.67494824016,0.2415,200000,200000.0,0.0,1.0
2020-01-22,1,0.9131758422761597,-1877.581674802854,52.21,414078.67494824016,0.2425,200000,198442.61791640526,-1557.3820835947408,0.9922130895820263
2020-01-23,1,0.8843533975829307,-1877.581674802854,49.6,414078.67494824016,0.2283,200000,187662.2125609048,-12337.787439095206,0.9383110628045239
2020-01-24,1,0.7162895356848004,-1877.581674802854,48.82,414078.67494824016,0.2275,200000,185866.43591459998,-14133.564085400023,0.9293321795729999
2020-01-25,1,0.727550034136053,-1877.581674802854,48.72,414078.67494824016,0.2242,200000,184312.2181197905,-15687.781880209513,0.9215610905989524
2020-01-26,1,1.1292053207261388,-1877.581674802854,53.65,414078.67494824016,0.2305,200000,196177.39142874247,-3822.6085712575295,0.9808869571437123
2020-01-27,1,1.1826913951216134,-1877.581674802854,55.18,414078.67494824016,0.2316,200000,199505.5779336339,-494.42206636609626,0.9975278896681695
2020-01-28,2,1.3182933950429974,0.0,56.74,0.0,0.2316,200000,210633.3631103015,10633.363110301492,1.0531668155515075
2020-01-29,2,2.0910508168658843,0.0,61.74,0.0,0.2255,200000,210633.3631103015,10633.363110301492,1.0531668155515075
2020-01-30,2,2.120255495800156,0.0,66.3,0.0,0.2331,200000,210633.3631103015,10633.363110301492,1.0531668155515075
2020-01-31,2,2.039577411275644,0.0,66.51,0.0,0.2284,200000,210633.3631103015,10633.363110301492,1.0531668155515075
2020-02-01,2,1.6955698074028795,0.0,66.03,0.0,0.2321,200000,210633.3631103015,10633.363110301492,1.0531668155515075
2020-02-02,2,1.335782518257109,0.0,66.36,0.0,0.2395,200000,210633.3631103015,10633.363110301492,1.0531668155515075
2020-02-03,2,1.2542703338459251,0.0,65.52,0.0,0.236,200000,210633.3631103015,10633.363110301492,1.0531668155515075
2020-02-04,0,0.3754084164083949,0.0,64.34,0.0,0.2538,200000,210633.3631103015,10633.363110301492,1.0531668155515075
2020-02-05,1,1.0506860815101742,-1479.3746531135096,71.19,408362.47210217424,0.2579,200000,210633.3631103015,10633.363110301492,1.0531668155515075
2020-02-06,0,0.18699515277126152,0.0,70.14,0.0,0.2783,200000,200749.42529364798,749.4252936479752,1.0037471264682398
2020-02-07,0,-0.08496894549518125,0.0,68.38,0.0,0.2776,200000,200749.42529364798,749.4252936479752,1.0037471264682398
2020-02-08,0,0.23555092358837182,0.0,70.02,0.0,0.273,200000,200749.42529364798,749.4252936479752,1.0037471264682398
2020-02-09,0,-0.37222501746241826,0.0,71.33,0.0,0.2959,200000,200749.42529364798,749.4252936479752,1.0037471264682398
2020-02-10,0,-0.2363353433190314,0.0,69.77,0.0,0.2835,200000,200749.42529364798,749.4252936479752,1.0037471264682398
2020-02-11,0,-0.5480592623587998,0.0,72.68,0.0,0.3025,200000,200749.42529364798,749.4252936479752,1.0037471264682398
2020-02-12,0,-0.8391352361651813,0.0,73.12,0.0,0.3109,200000,200749.42529364798,749.4252936479752,1.0037471264682398
2020-02-13,-2,-1.3571639641907003,0.0,72.01,0.0,0.3198,200000,200749.42529364798,749.4252936479752,1.0037471264682398
2020-02-14,-2,-1.9501620967986202,0.0,72.92,0.0,0.3461,200000,200749.42529364798,749.4252936479752,1.0037471264682398
2020-02-15,-2,-2.061502913324735,0.0,64.46,0.0,0.3201,200000,200749.42529364798,749.4252936479752,1.0037471264682398
2020-02-16,-2,-1.8229683583611018,0.0,60.0,0.0,0.2984,200000,200749.42529364798,749.4252936479752,1.0037471264682398
2020-02-17,-1,-1.0525345896188723,1563.4690443430527,64.2,-343984.6218191364,0.2918,200000,200749.42529364798,749.4252936479752,1.0037471264682398
2020-02-18,-1,-1.1427180714550909,1563.4690443430527,65.74,-343984.6218191364,0.3073,200000,208488.9292601329,8488.929260132893,1.0424446463006645
2020-02-19,-1,-0.7797951770300364,1563.4690443430527,62.1,-343984.6218191364,0.2798,200000,193338.3248386979,-6661.67516130209,0.9666916241934895
2020-02-20,-1,-0.8227383117549846,1563.4690443430527,60.79,-343984.6218191364,0.278,200000,190671.0080713341,-9328.991928665899,0.9533550403566705
2020-02-21,-1,-0.9404114815838298,1563.4690443430527,61.56,-343984.6218191364,0.2882,200000,195383.52237803343,-4616.4776219665655,0.9769176118901671
2020-02-22,-1,-0.7642771073175286,1563.4690443430527,60.73,-343984.6218191364,0.2811,200000,191643.5522563128,-8356.447743687197,0.958217761281564
2020-02-23,-1,-0.516306691081886,1563.4690443430527,63.32,-343984.6218191364,0.2878,200000,197997.63404734957,-2002.3659526504343,0.9899881702367478
2020-02-24,0,-0.11420821319344877,0.0,60.7,0.0,0.2675,200000,197862.74063864368,-2137.259361356322,0.9893137031932184
2020-02-25,0,-0.04117555078098144,0.0,57.06,0.0,0.2525,200000,197862.74063864368,-2137.259361356322,0.9893137031932184
2020-02-26,0,-0.44033913107334866,0.0,51.33,0.0,0.2351,200000,197862.74063864368,-2137.259361356322,0.9893137031932184
2020-02-27,0,-0.4577611374872903,0.0,52.96,0.0,0.2441,200000,197862.74063864368,-2137.259361356322,0.9893137031932184
2020-02-28,0,-0.6421241585017422,0.0,50.83,0.0,0.238,200000,197862.74063864368,-2137.259361356322,0.9893137031932184
2020-02-29,0,-0.5328408921198039,0.0,48.96,0.0,0.2288,200000,197862.74063864368,-2137.259361356322,0.9893137031932184
2020-03-01,0,-0.5129743123680754,0.0,49.1,0.0,0.23,200000,197862.74063864368,-2137.259361356322,0.9893137031932184
2020-03-02,0,-0.9607830463397848,0.0,52.33,0.0,0.2505,200000,197862.74063864368,-2137.259361356322,0.9893137031932184
2020-03-03,-2,-1.9517106124787496,0.0,50.78,0.0,0.2543,200000,197862.74063864368,-2137.259361356322,0.9893137031932184
2020-03-04,-2,-2.4718731535978793,0.0,50.17,0.0,0.2633,200000,197862.74063864368,-2137.259361356322,0.9893137031932184
2020-03-05,-2,-2.239080627819444,0.0,51.84,0.0,0.2758,200000,197862.74063864368,-2137.259361356322,0.9893137031932184
2020-03-06,-2,-1.9908039811014782,0.0,53.3,0.0,0.2838,200000,197862.74063864368,-2137.259361356322,0.9893137031932184
2020-03-07,-2,-1.492306318437087,0.0,50.59,0.0,0.2628,200000,197862.74063864368,-2137.259361356322,0.9893137031932184
2020-03-08,-2,-1.4661598852919762,0.0,42.83,0.0,0.2249,200000,197862.74063864368,-2137.259361356322,0.9893137031932184
2020-03-09,-2,-1.318956360999303,0.0,42.18,0.0,0.2216,200000,197862.74063864368,-2137.259361356322,0.9893137031932184
2020-03-10,-2,-2.1020802389888336,0.0,41.4,0.0,0.2382,200000,197862.74063864368,-2137.259361356322,0.9893137031932184
2020-03-11,-2,-1.6218669720644003,0.0,40.24,0.0,0.2266,200000,197862.74063864368,-2137.259361356322,0.9893137031932184
2020-03-12,-2,-1.6269393483779913,0.0,25.45,0.0,0.1466,200000,197862.74063864368,-2137.259361356322,0.9893137031932184
2020-03-13,-2,-1.8976840628630989,0.0,27.34,0.0,0.1677,200000,197862.74063864368,-2137.259361356322,0.9893137031932184
2020-03-14,-2,-1.8205709247775037,0.0,24.95,0.0,0.1569,200000,197862.74063864368,-2137.259361356322,0.9893137031932184
2020-03-15,-2,-1.509168404968369,0.0,25.68,0.0,0.1584,200000,197862.74063864368,-2137.259361356322,0.9893137031932184
2020-03-16,0,-0.6226965491292911,0.0,24.68,0.0,0.1381,200000,197862.74063864368,-2137.259361356322,0.9893137031932184
2020-03-17,0,-0.6997388807320102,0.0,25.06,0.0,0.1426,200000,197862.74063864368,-2137.259361356322,0.9893137031932184
2020-03-18,0,0.9401135004736502,0.0,29.73,0.0,0.1456,200000,197862.74063864368,-2137.259361356322,0.9893137031932184
2020-03-19,0,0.5775765633682081,0.0,31.95,0.0,0.1626,200000,197862.74063864368,-2137.259361356322,0.9893137031932184
2020-03-20,2,1.808658773187625,0.0,33.08,0.0,0.1521,200000,197862.74063864368,-2137.259361356322,0.9893137031932184
2020-03-21,2,1.5371441056778572,0.0,33.03,0.0,0.1552,200000,197862.74063864368,-2137.259361356322,0.9893137031932184
2020-03-22,2,1.3532690922990527,0.0,29.49,0.0,0.1405,200000,197862.74063864368,-2137.259361356322,0.9893137031932184
2020-03-23,2,1.3629536089300736,0.0,32.05,0.0,0.1515,200000,197862.74063864368,-2137.259361356322,0.9893137031932184
2020-03-24,2,1.466145976311943,0.0,32.79,0.0,0.1516,200000,197862.74063864368,-2137.259361356322,0.9893137031932184
2020-03-25,0,0.7896846302196414,0.0,32.2,0.0,0.1572,200000,197862.74063864368,-2137.259361356322,0.9893137031932184
2020-03-26,0,0.6760128712087282,0.0,32.46,0.0,0.1594,200000,197862.74063864368,-2137.259361356322,0.9893137031932184
2020-03-27,0,0.8129224966472107,0.0,31.01,0.0,0.1496,200000,197862.74063864368,-2137.259361356322,0.9893137031932184
2020-03-28,0,0.5595369781074978,0.0,30.38,0.0,0.1496,200000,197862.74063864368,-2137.259361356322,0.9893137031932184
2020-03-29,0,0.17721559743300158,0.0,28.22,0.0,0.1441,200000,197862.74063864368,-2137.259361356322,0.9893137031932184
2020-03-30,0,0.47896120971083794,0.0,30.54,0.0,0.1504,200000,197862.74063864368,-2137.259361356322,0.9893137031932184
2020-03-31,0,0.3713940994313674,0.0,30.9,0.0,0.1529,200000,197862.74063864368,-2137.259361356322,0.9893137031932184
2020-04-01,0,0.5229480693774713,0.0,31.32,0.0,0.1518,200000,197862.74063864368,-2137.259361356322,0.9893137031932184
2020-04-02,0,0.5889758187038343,0.0,32.23,0.0,0.1543,200000,197862.74063864368,-2137.259361356322,0.9893137031932184
2020-04-03,0,0.6127812096364202,0.0,32.66,0.0,0.1554,200000,197862.74063864368,-2137.259361356322,0.9893137031932184
2020-04-04,0,0.6817879809548231,0.0,33.03,0.0,0.1563,200000,197862.74063864368,-2137.259361356322,0.9893137031932184
2020-04-05,0,0.6695702553969404,0.0,32.52,0.0,0.1536,200000,197862.74063864368,-2137.259361356322,0.9893137031932184
2020-04-06,2,2.1176853247626606,0.0,37.56,0.0,0.1692,200000,197862.74063864368,-2137.259361356322,0.9893137031932184
2020-04-07,0,0.9711715544677957,0.0,36.45,0.0,0.1695,200000,197862.74063864368,-2137.259361356322,0.9893137031932184
2020-04-08,0,0.6755303697010102,0.0,37.86,0.0,0.1773,200000,197862.74063864368,-2137.259361356322,0.9893137031932184
2020-04-09,0,0.8435118772830803,0.0,40.71,0.0,0.19,200000,197862.74063864368,-2137.259361356322,0.9893137031932184
2020-04-10,1,1.1780448312477159,-2701.566638976566,36.62,585392.7237829694,0.169,200000,197862.74063864368,-2137.259361356322,0.9893137031932184
2020-04-11,1,0.2645692848653156,-2701.566638976566,36.2,585392.7237829694,0.1715,200000,198191.564459731,-1808.4355402690126,0.9909578222986549
2020-04-12,1,1.0358209261528168,-2701.566638976566,36.38,585392.7237829694,0.1682,200000,196746.0504662629,-3253.94953373709,0.9837302523313145
2020-04-13,1,0.6610770752818589,-2701.566638976566,35.75,585392.7237829694,0.1673,200000,194517.210032303,-5482.789967696997,0.972586050161515
2020-04-14,0,-0.2705532255006321,0.0,35.51,0.0,0.1707,200000,193868.83403894864,-6131.16596105136,0.9693441701947432
2020-04-15,0,0.6662108555313999,0.0,35.08,0.0,0.1637,200000,193868.83403894864,-6131.16596105136,0.9693441701947432
2020-04-16,2,1.8706612024222349,0.0,38.74,0.0,0.1732,200000,193868.83403894864,-6131.16596105136,0.9693441701947432
2020-04-17,2,2.650991985447023,0.0,40.4,0.0,0.1722,200000,193868.83403894864,-6131.16596105136,0.9693441701947432
2020-04-18,2,2.35563756153283,0.0,42.13,0.0,0.1791,200000,193868.83403894864,-6131.16596105136,0.9693441701947432
2020-04-19,2,3.5387740338162175,0.0,46.44,0.0,0.1712,200000,193868.83403894864,-6131.16596105136,0.9693441701947432
2020-04-20,2,1.82211221178904,0.0,41.89,0.0,0.1677,200000,193868.83403894864,-6131.16596105136,0.9693441701947432
2020-04-21,2,1.6118016538114275,0.0,42.09,0.0,0.1683,200000,193868.83403894864,-6131.16596105136,0.9693441701947432
2020-04-22,2,2.106820204560106,0.0,45.53,0.0,0.1711,200000,193868.83403894864,-6131.16596105136,0.9693441701947432
2020-04-23,2,1.3052675877870479,0.0,44.46,0.0,0.1753,200000,193868.83403894864,-6131.16596105136,0.9693441701947432
2020-04-24,0,0.4424003743819173,0.0,44.08,0.0,0.1855,200000,193868.83403894864,-6131.16596105136,0.9693441701947432
2020-04-25,0,0.6017132011919286,0.0,44.7,0.0,0.1846,200000,193868.83403894864,-6131.16596105136,0.9693441701947432
2020-04-26,0,-0.31252212028598747,0.0,44.59,0.0,0.1986,200000,193868.83403894864,-6131.16596105136,0.9693441701947432
2020-04-27,0,-0.7941936772031053,0.0,44.46,0.0,0.2066,200000,193868.83403894864,-6131.16596105136,0.9693441701947432
2020-04-28,0,-0.6374908494653477,0.0,44.62,0.0,0.2041,200000,193868.83403894864,-6131.16596105136,0.9693441701947432
2020-04-29,0,-0.5487547295798175,0.0,47.07,0.0,0.2132,200000,193868.83403894864,-6131.16596105136,0.9693441701947432
2020-04-30,0,-0.31019202192289286,0.0,44.76,0.0,0.1982,200000,193868.83403894864,-6131.16596105136,0.9693441701947432
2020-05-01,0,-0.9554328500076997,0.0,45.73,0.0,0.2136,200000,193868.83403894864,-6131.16596105136,0.9693441701947432
2020-05-02,0,-0.7972328076501729,0.0,46.5,0.0,0.2142,200000,193868.83403894864,-6131.16596105136,0.9693441701947432
2020-05-03,0,-0.8147183940029552,0.0,44.78,0.0,0.2063,200000,193868.83403894864,-6131.16596105136,0.9693441701947432
2020-05-04,0,-0.9289116698588038,0.0,44.02,0.0,0.204,200000,193868.83403894864,-6131.16596105136,0.9693441701947432
2020-05-05,-1,-1.1115066457057907,2211.0952787288848,43.84,-469416.0630483018,0.2065,200000,193868.83403894864,-6131.16596105136,0.9693441701947432
2020-05-06,-2,-1.558648316473973,0.0,42.3,0.0,0.2102,200000,199010.76020146985,-989.2397985301504,0.9950538010073493
2020-05-07,-2,-2.9805660313603592,0.0,44.17,0.0,0.3014,200000,199010.76020146985,-989.2397985301504,0.9950538010073493
2020-05-08,-2,-2.8379141729063795,0.0,46.76,0.0,0.3943,200000,199010.76020146985,-989.2397985301504,0.9950538010073493
2020-05-09,-2,-2.5139061392777546,0.0,45.0,0.0,0.4226,200000,199010.76020146985,-989.2397985301504,0.9950538010073493
2020-05-10,-2,-2.1343517395686744,0.0,40.9,0.0,0.3958,200000,199010.76020146985,-989.2397985301504,0.9950538010073493
2020-05-11,-2,-1.64584945442375,0.0,39.68,0.0,0.3439,200000,199010.76020146985,-989.2397985301504,0.9950538010073493
2020-05-12,-2,-1.4236125415937988,0.0,42.21,0.0,0.3556,200000,199010.76020146985,-989.2397985301504,0.9950538010073493
2020-05-13,-2,-1.204860805361615,0.0,42.89,0.0,0.3475,200000,199010.76020146985,-989.2397985301504,0.9950538010073493
2020-05-14,-1,-1.0445306005134423,2303.3652801096046,43.2,-290187.7518248321,0.3429,200000,199010.76020146985,-989.2397985301504,0.9950538010073493
2020-05-15,-2,-1.2386283990727658,0.0,41.87,0.0,0.3825,200000,213565.670996279,13565.67099627899,1.067828354981395
2020-05-16,-1,-1.094278202069054,2511.946259659833,42.51,-278515.48121580464,0.3834,200000,213565.670996279,13565.67099627899,1.067828354981395
2020-05-17,-1,-0.7550136879791498,2511.946259659833,46.25,-278515.48121580464,0.3729,200000,220035.9374546408,20035.937454640807,1.100179687273204
2020-05-18,-1,-0.5733016980030884,2511.946259659833,48.07,-278515.48121580464,0.3711,200000,224106.35178103327,24106.35178103327,1.1205317589051664
2020-05-19,-1,-0.36254916916328933,2511.946259659833,48.97,-278515.48121580464,0.3588,200000,222941.3629957727,22941.36299577271,1.1147068149788635
2020-05-20,-1,-0.3371085932616996,2511.946259659833,48.39,-278515.48121580464,0.3608,200000,222041.46512760164,22041.465127601638,1.1102073256380083
2020-05-21,0,-0.07497664160743767,0.0,46.0,0.0,0.3232,200000,188032.34658087473,-11967.653419125272,0.9401617329043737
2020-05-22,0,0.03198194345971189,0.0,47.7,0.0,0.3337,200000,188032.34658087473,-11967.653419125272,0.9401617329043737
2020-05-23,0,0.17116444106921516,0.0,46.91,0.0,0.3262,200000,188032.34658087473,-11967.653419125272,0.9401617329043737
2020-05-24,0,0.5289989508368098,0.0,45.0,0.0,0.3005,200000,188032.34658087473,-11967.653419125272,0.9401617329043737
2020-05-25,0,0.5655265745242894,0.0,45.94,0.0,0.3197,200000,188032.34658087473,-11967.653419125272,0.9401617329043737
2020-05-26,0,0.0953799297162956,0.0,44.85,0.0,0.3474,200000,188032.34658087473,-11967.653419125272,0.9401617329043737
2020-05-27,0,0.7263539801856456,0.0,46.21,0.0,0.3364,200000,188032.34658087473,-11967.653419125272,0.9401617329043737
2020-05-28,1,1.0506206766277544,-1969.7501213165174,47.73,282500.5207044392,0.3328,200000,188032.34658087473,-11967.653419125272,0.9401617329043737
2020-05-29,1,0.7363492124253231,-1969.7501213165174,46.6,282500.5207044392,0.3327,200000,185778.27889171662,-14221.721108283382,0.928891394458583
2020-05-30,2,2.102248926514364,0.0,54.55,0.0,0.3373,200000,200194.79006508342,194.7900650834199,1.0009739503254171
2020-05-31,2,1.888725481549402,0.0,51.51,0.0,0.3164,200000,200194.79006508342,194.7900650834199,1.0009739503254171
2020-06-01,2,1.7123639262816706,0.0,54.65,0.0,0.3337,200000,200194.79006508342,194.7900650834199,1.0009739503254171
2020-06-02,2,1.2027542443317059,0.0,51.48,0.0,0.3257,200000,200194.79006508342,194.7900650834199,1.0009739503254171
2020-06-03,2,1.2049682747157022,0.0,52.83,0.0,0.3298,200000,200194.79006508342,194.7900650834199,1.0009739503254171
2020-06-04,1,1.1361599724503195,-1916.1063367638153,52.24,306764.92501545115,0.3263,200000,200194.79006508342,194.7900650834199,1.0009739503254171
2020-06-05,2,1.368647367015198,0.0,52.57,0.0,0.3206,200000,202575.66522880353,2575.6652288035257,1.0128783261440177
2020-06-06,1,1.1821810272117321,-1917.2408217755399,52.83,312038.91748121305,0.3246,200000,202575.66522880353,2575.6652288035257,1.0128783261440177
2020-06-07,1,1.0386667331970343,-1917.2408217755399,52.21,312038.91748121305,0.322,200000,200575.67473385154,575.6747338515415,1.0028783736692577
2020-06-08,1,1.1157909132866644,-1917.2408217755399,52.5,312038.91748121305,0.3193,200000,200289.16949496715,289.16949496715097,1.0014458474748358
2020-06-09,0,-0.283310144025371,0.0,51.98,0.0,0.349,200000,193332.2609437527,-6667.7390562472865,0.9666613047187635
2020-06-10,0,-0.8759550958745731,0.0,55.21,0.0,0.3877,200000,193332.2609437527,-6667.7390562472865,0.9666613047187635
2020-06-11,0,-0.3398128244423179,0.0,49.64,0.0,0.3339,200000,193332.2609437527,-6667.7390562472865,0.9666613047187635
2020-06-12,0,-0.6778409191937839,0.0,51.61,0.0,0.3557,200000,193332.2609437527,-6667.7390562472865,0.9666613047187635
2020-06-13,0,-0.6064066322134507,0.0,52.81,0.0,0.3627,200000,193332.2609437527,-6667.7390562472865,0.9666613047187635
2020-06-14,0,-0.8146783301200229,0.0,51.1,0.0,0.3566,200000,193332.2609437527,-6667.7390562472865,0.9666613047187635
2020-06-15,0,-0.17136629798567093,0.0,52.2,0.0,0.3441,200000,193332.2609437527,-6667.7390562472865,0.9666613047187635
2020-06-16,0,-0.019857437439983194,0.0,52.97,0.0,0.344,200000,193332.2609437527,-6667.7390562472865,0.9666613047187635
2020-06-17,0,-0.0323673351512955,0.0,52.91,0.0,0.3426,200000,193332.2609437527,-6667.7390562472865,0.9666613047187635
2020-06-18,0,0.1783014138294203,0.0,51.95,0.0,0.3311,200000,193332.2609437527,-6667.7390562472865,0.9666613047187635
2020-06-19,0,0.0359969411068106,0.0,51.41,0.0,0.3306,200000,193332.2609437527,-6667.7390562472865,0.9666613047187635
2020-06-20,-1,-1.012717626028661,1880.664016962575,51.4,-276267.87788475666,0.3499,200000,193332.2609437527,-6667.7390562472865,0.9666613047187635
2020-06-21,-1,-1.0675712934905803,1880.664016962575,50.51,-276267.87788475666,0.3467,200000,190774.4127594248,-9225.587240575202,0.953872063797124
2020-06-22,-1,-0.288317901271657,1880.664016962575,53.53,-276267.87788475666,0.3543,200000,198553.65396257595,-1446.346037424053,0.9927682698128797
2020-06-23,0,0.861947749245173,0.0,58.23,0.0,0.3653,200000,184741.8510273236,-15258.148972676398,0.9237092551366181
2020-06-24,0,0.9628404136413811,0.0,55.2,0.0,0.3447,200000,184741.8510273236,-15258.148972676398,0.9237092551366181
2020-06-25,2,1.7635696907668132,0.0,55.81,0.0,0.3353,200000,184741.8510273236,-15258.148972676398,0.9237092551366181
2020-06-26,0,0.6830324728452293,0.0,55.7,0.0,0.3526,200000,184741.8510273236,-15258.148972676398,0.9237092551366181
2020-06-27,0,0.6207884399293331,0.0,52.24,0.0,0.3325,200000,184741.8510273236,-15258.148972676398,0.9237092551366181
2020-06-28,0,0.624230022301311,0.0,51.81,0.0,0.3312,200000,184741.8510273236,-15258.148972676398,0.9237092551366181
2020-06-29,0,-0.15061267643402043,0.0,52.42,0.0,0.3459,200000,184741.8510273236,-15258.148972676398,0.9237092551366181
2020-06-30,0,0.0655699391483746,0.0,51.44,0.0,0.3352,200000,184741.8510273236,-15258.148972676398,0.9237092551366181
2020-07-01,0,0.1684663735968558,0.0,51.86,0.0,0.336,200000,184741.8510273236,-15258.148972676398,0.9237092551366181
2020-07-02,0,-0.8661709755844808,0.0,51.18,0.0,0.3444,200000,184741.8510273236,-15258.148972676398,0.9237092551366181
2020-07-03,-2,-2.6975810004276752,0.0,51.11,0.0,0.3808,200000,184741.8510273236,-15258.148972676398,0.9237092551366181
2020-07-04,-2,-2.4517085462990926,0.0,51.43,0.0,0.3875,200000,184741.8510273236,-15258.148972676398,0.9237092551366181
2020-07-05,-2,-2.7012659985481515,0.0,51.16,0.0,0.4164,200000,184741.8510273236,-15258.148972676398,0.9237092551366181
2020-07-06,-1,-1.055963367499256,1662.8429435402666,55.55,-230985.06004916682,0.3999,200000,184741.8510273236,-15258.148972676398,0.9237092551366181
2020-07-07,-2,-1.2868611474580998,0.0,55.08,0.0,0.4085,200000,187509.85872721038,-12490.141272789624,0.9375492936360519
2020-07-08,-2,-1.5497424293365196,0.0,57.94,0.0,0.4475,200000,187509.85872721038,-12490.141272789624,0.9375492936360519
2020-07-09,-1,-1.0789680146112237,1648.8731861344563,56.86,-220444.22610770087,0.4253,200000,187509.85872721038,-12490.141272789624,0.9375492936360519
2020-07-10,-1,-0.8088903701279506,1648.8731861344563,56.07,-220444.22610770087,0.4115,200000,183165.11858987788,-16834.88141012212,0.9158255929493894
2020-07-11,-2,-1.3331637552271667,0.0,55.84,0.0,0.4362,200000,191594.5514416414,-8405.448558358592,0.9579727572082071
2020-07-12,0,-0.5614003377729206,0.0,58.65,0.0,0.427,200000,191594.5514416414,-8405.448558358592,0.9579727572082071
2020-07-13,0,0.6565156043502921,0.0,61.26,0.0,0.4011,200000,191594.5514416414,-8405.448558358592,0.9579727572082071
2020-07-14,1,1.0222365489571659,-1544.6190861144905,62.02,242586.16287875592,0.3949,200000,191594.5514416414,-8405.448558358592,0.9579727572082071
2020-07-15,1,1.1148793797587144,-1544.6190861144905,61.14,242586.16287875592,0.3896,200000,188949.57998260326,-11050.42001739674,0.9447478999130163
2020-07-16,1,0.37310273877697137,-1544.6190861144905,59.1,242586.16287875592,0.4008,200000,188515.52207117176,-11484.477928828244,0.9425776103558587
2020-07-17,1,0.6336576378213867,-1544.6190861144905,59.5,242586.16287875592,0.3971,200000,188235.80090296618,-11764.199097033823,0.9411790045148309
2020-07-18,0,-0.07451644849888155,0.0,59.06,0.0,0.418,200000,181418.73858424329,-18581.261415756715,0.9070936929212164
2020-07-19,0,-0.23386015284826764,0.0,58.38,0.0,0.4199,200000,181418.73858424329,-18581.261415756715,0.9070936929212164
2020-07-20,0,0.34305123098000195,0.0,57.05,0.0,0.395,200000,181418.73858424329,-18581.261415756715,0.9070936929212164
2020-07-21,2,1.4688216901080118,0.0,62.45,0.0,0.4005,200000,181418.73858424329,-18581.261415756715,0.9070936929212164
2020-07-22,2,1.759786779762695,0.0,64.28,0.0,0.3994,200000,181418.73858424329,-18581.261415756715,0.9070936929212164
2020-07-23,2,1.62396305125475,0.0,63.51,0.0,0.3919,200000,181418.73858424329,-18581.261415756715,0.9070936929212164
2020-07-24,2,1.5107832969704533,0.0,63.01,0.0,0.3864,200000,181418.73858424329,-18581.261415756715,0.9070936929212164
2020-07-25,2,1.64264519534826,0.0,65.69,0.0,0.3944,200000,181418.73858424329,-18581.261415756715,0.9070936929212164
2020-07-26,2,1.7847505521039704,0.0,66.15,0.0,0.385,200000,181418.73858424329,-18581.261415756715,0.9070936929212164
2020-07-27,2,2.5955493716648665,0.0,70.77,0.0,0.3667,200000,181418.73858424329,-18581.261415756715,0.9070936929212164
2020-07-28,2,1.8187526307597193,0.0,70.57,0.0,0.3821,200000,181418.73858424329,-18581.261415756715,0.9070936929212164
2020-07-29,2,1.7623250417917973,0.0,72.13,0.0,0.3836,200000,181418.73858424329,-18581.261415756715,0.9070936929212164
2020-07-30,2,1.2663711480337259,0.0,70.48,0.0,0.3879,200000,181418.73858424329,-18581.261415756715,0.9070936929212164
2020-07-31,2,1.8815548325469726,0.0,74.9,0.0,0.3808,200000,181418.73858424329,-18581.261415756715,0.9070936929212164
2020-08-01,2,2.617128572964631,0.0,89.37,0.0,0.3992,200000,181418.73858424329,-18581.261415756715,0.9070936929212164
2020-08-02,2,2.0945123111602886,0.0,84.31,0.0,0.3795,200000,181418.73858424329,-18581.261415756715,0.9070936929212164
2020-08-03,2,1.6056115347792812,0.0,82.3,0.0,0.3813,200000,181418.73858424329,-18581.261415756715,0.9070936929212164
2020-08-04,2,1.3549496957229614,0.0,84.93,0.0,0.3976,200000,181418.73858424329,-18581.261415756715,0.9070936929212164
2020-08-05,2,2.085221048936044,0.0,97.46,0.0,0.3974,200000,181418.73858424329,-18581.261415756715,0.9070936929212164
2020-08-06,2,1.527610091799166,0.0,96.75,0.0,0.4131,200000,181418.73858424329,-18581.261415756715,0.9070936929212164
2020-08-07,2,1.5411668452432106,0.0,94.42,0.0,0.3928,200000,181418.73858424329,-18581.261415756715,0.9070936929212164
2020-08-08,1,1.1421986035432958,-934.3775164000994,97.08,215512.87548615262,0.4209,200000,181418.73858424329,-18581.261415756715,0.9070936929212164
2020-08-09,1,0.4085592036618417,-934.3775164000994,92.01,215512.87548615262,0.4382,200000,180409.81732200523,-19590.182677994773,0.9020490866100261
2020-08-10,0,-0.5122712042003718,0.0,89.01,0.0,0.4804,200000,161055.2959354684,-38944.7040645316,0.805276479677342
2020-08-11,0,-0.6751258767031857,0.0,80.88,0.0,0.4428,200000,161055.2959354684,-38944.7040645316,0.805276479677342
2020-08-12,0,-0.811411579200923,0.0,83.52,0.0,0.4617,200000,161055.2959354684,-38944.7040645316,0.805276479677342
2020-08-13,0,-0.36790529511469555,0.0,87.4,0.0,0.4498,200000,161055.2959354684,-38944.7040645316,0.805276479677342
2020-08-14,-2,-1.824436040951337,0.0,85.03,0.0,0.5391,200000,161055.2959354684,-38944.7040645316,0.805276479677342
2020-08-15,-2,-1.2700971344324077,0.0,85.12,0.0,0.4969,200000,161055.2959354684,-38944.7040645316,0.805276479677342
2020-08-16,-2,-2.117196760389571,0.0,85.3,0.0,0.6092,200000,161055.2959354684,-38944.7040645316,0.805276479677342
2020-08-17,-2,-1.4722653235767291,0.0,86.74,0.0,0.5619,200000,161055.2959354684,-38944.7040645316,0.805276479677342
2020-08-18,-2,-1.5365830608331685,0.0,83.14,0.0,0.5647,200000,161055.2959354684,-38944.7040645316,0.805276479677342
2020-08-19,-2,-1.3715696265691353,0.0,76.3,0.0,0.5133,200000,161055.2959354684,-38944.7040645316,0.805276479677342
2020-08-20,-2,-1.6990342152654783,0.0,78.87,0.0,0.6111,200000,161055.2959354684,-38944.7040645316,0.805276479677342
2020-08-21,-2,-1.96485340522784,0.0,73.56,0.0,0.694,200000,161055.2959354684,-38944.7040645316,0.805276479677342
2020-08-22,-2,-1.7145701404064373,0.0,76.88,0.0,0.7281,200000,161055.2959354684,-38944.7040645316,0.805276479677342
2020-08-23,-2,-1.3016352946133154,0.0,84.36,0.0,0.7223,200000,161055.2959354684,-38944.7040645316,0.805276479677342
2020-08-24,-2,-1.303908650561061,0.0,80.26,0.0,0.7305,200000,161055.2959354684,-38944.7040645316,0.805276479677342
2020-08-25,-1,-1.1515900257612153,1104.1772654289618,72.93,-124194.39846967027,0.6484,200000,161055.2959354684,-38944.7040645316,0.805276479677342
2020-08-26,-1,-1.0335074691242563,1104.1772654289618,75.0,-124194.39846967027,0.6591,200000,164669.8229385318,-35330.17706146819,0.823349114692659
2020-08-27,-1,-0.8447795111006728,1104.1772654289618,72.13,-124194.39846967027,0.6055,200000,154844.01442877634,-45155.98557122366,0.7742200721438817
2020-08-28,-1,-0.7836952523697079,1104.1772654289618,76.24,-124194.39846967027,0.6387,200000,163505.43701888245,-36494.562981117546,0.8175271850944122
2020-08-29,-1,-0.6324086807002337,1104.1772654289618,78.68,-124194.39846967027,0.6443,200000,166895.1181779593,-33104.88182204071,0.8344755908897965
2020-08-30,-1,-0.37740840563319145,1104.1772654289618,81.11,-124194.39846967027,0.6364,200000,168597.13318504125,-31402.866814958747,0.8429856659252063
2020-08-31,-1,-0.2831182119114209,1104.1772654289618,78.29,-124194.39846967027,0.6121,200000,162465.42941371858,-37534.57058628142,0.8123271470685929
2020-09-01,0,0.2263286469060092,0.0,83.17,0.0,0.601,200000,143861.70625001346,-56138.29374998654,0.7193085312500673
2020-09-02,0,0.31319295038194533,0.0,75.9,0.0,0.5582,200000,143861.70625001346,-56138.29374998654,0.7193085312500673
2020-09-03,0,-0.05106247905989502,0.0,56.77,0.0,0.4443,200000,143861.70625001346,-56138.29374998654,0.7193085312500673
2020-09-04,0,-0.6870937754352197,0.0,59.64,0.0,0.5141,200000,143861.70625001346,-56138.29374998654,0.7193085312500673
2020-09-05,0,0.3423151433661266,0.0,55.98,0.0,0.4299,200000,143861.70625001346,-56138.29374998654,0.7193085312500673
2020-09-06,0,0.31351197181554036,0.0,58.92,0.0,0.4605,200000,143861.70625001346,-56138.29374998654,0.7193085312500673
2020-09-07,0,0.976524529899041,0.0,61.86,0.0,0.4598,200000,143861.70625001346,-56138.29374998654,0.7193085312500673
2020-09-08,2,1.2577972742337267,0.0,58.69,0.0,0.433,200000,143861.70625001346,-56138.29374998654,0.7193085312500673
2020-09-09,0,0.7353255261858674,0.0,59.92,0.0,0.4597,200000,143861.70625001346,-56138.29374998654,0.7193085312500673
2020-09-10,0,0.8078548170794901,0.0,62.07,0.0,0.4707,200000,143861.70625001346,-56138.29374998654,0.7193085312500673
2020-09-11,0,-0.5698799768919157,0.0,63.32,0.0,0.5277,200000,143861.70625001346,-56138.29374998654,0.7193085312500673
2020-09-12,0,0.22010371196282003,0.0,65.68,0.0,0.5162,200000,143861.70625001346,-56138.29374998654,0.7193085312500673
2020-09-13,0,0.162622719982815,0.0,62.54,0.0,0.4905,200000,143861.70625001346,-56138.29374998654,0.7193085312500673
2020-09-14,0,0.9291955152300657,0.0,63.28,0.0,0.4729,200000,143861.70625001346,-56138.29374998654,0.7193085312500673
2020-09-15,0,0.6604283595067846,0.0,59.4,0.0,0.4486,200000,143861.70625001346,-56138.29374998654,0.7193085312500673
2020-09-16,1,1.1587570380829457,-1232.9594296367284,58.34,167945.02247258168,0.4283,200000,143861.70625001346,-56138.29374998654,0.7193085312500673
2020-09-17,1,0.9340929115027035,-1232.9594296367284,59.65,167945.02247258168,0.4407,200000,147559.40138149756,-52440.59861850244,0.7377970069074877
2020-09-18,2,1.4018139979871915,0.0,57.9,0.0,0.4167,200000,145267.36636165527,-54732.633638344734,0.7263368318082764
2020-09-19,0,0.67844543060691,0.0,57.97,0.0,0.429,200000,145267.36636165527,-54732.633638344734,0.7263368318082764
2020-09-20,2,2.058987665044226,0.0,57.6,0.0,0.3953,200000,145267.36636165527,-54732.633638344734,0.7263368318082764
2020-09-21,2,1.2387188851023725,0.0,51.63,0.0,0.3674,200000,145267.36636165527,-54732.633638344734,0.7263368318082764
2020-09-22,1,1.1200259000485382,-1362.4776436095972,53.31,190940.28175822194,0.3804,200000,145267.36636165527,-54732.633638344734,0.7263368318082764
2020-09-23,2,2.282959179768407,0.0,51.84,0.0,0.3407,200000,150844.85341135057,-49155.146588649426,0.7542242670567528
2020-09-24,2,1.2566526064322663,0.0,55.16,0.0,0.3825,200000,150844.85341135057,-49155.146588649426,0.7542242670567528
2020-09-25,0,-0.012285716452089437,0.0,54.87,0.0,0.406,200000,150844.85341135057,-49155.146588649426,0.7542242670567528
2020-09-26,1,1.041698139753237,-1342.0360623785637,56.2,192699.0973573717,0.3914,200000,150844.85341135057,-49155.146588649426,0.7542242670567528
2020-09-27,1,0.5745156952587485,-1342.0360623785637,55.55,192699.0973573717,0.3953,200000,150724.05645049823,-49275.94354950177,0.7536202822524911
2020-09-28,0,-0.03880311357028021,0.0,56.22,0.0,0.4132,200000,146670.85381020745,-53329.14618979255,0.7333542690510373
2020-09-29,2,1.6417837203284635,0.0,61.25,0.0,0.408,200000,146670.85381020745,-53329.14618979255,0.7333542690510373
2020-09-30,2,2.0612835738555924,0.0,64.1,0.0,0.4091,200000,146670.85381020745,-53329.14618979255,0.7333542690510373
2020-10-01,2,2.3457509977609283,0.0,64.67,0.0,0.3989,200000,146670.85381020745,-53329.14618979255,0.7333542690510373
2020-10-02,2,2.146851224244969,0.0,63.85,0.0,0.3897,200000,146670.85381020745,-53329.14618979255,0.7333542690510373
2020-10-03,2,1.699517106899888,0.0,60.73,0.0,0.3762,200000,146670.85381020745,-53329.14618979255,0.7333542690510373
2020-10-04,2,1.9647876323534175,0.0,63.12,0.0,0.3764,200000,146670.85381020745,-53329.14618979255,0.7333542690510373
2020-10-05,2,2.156738501002254,0.0,65.76,0.0,0.3766,200000,146670.85381020745,-53329.14618979255,0.7333542690510373
2020-10-06,2,1.8573389509207965,0.0,61.48,0.0,0.3518,200000,146670.85381020745,-53329.14618979255,0.7333542690510373
2020-10-07,2,1.4884220440311806,0.0,61.48,0.0,0.3568,200000,146670.85381020745,-53329.14618979255,0.7333542690510373
2020-10-08,1,1.1086926742892336,-1183.0202759332751,61.99,199606.4967476966,0.3674,200000,146670.85381020745,-53329.14618979255,0.7333542690510373
2020-10-09,1,0.6239889728621432,-1183.0202759332751,63.52,199606.4967476966,0.3896,200000,152912.13906018424,-47087.86093981576,0.7645606953009212
2020-10-10,1,0.9709096551984956,-1183.0202759332751,66.79,199606.4967476966,0.3951,200000,157878.4510945984,-42121.54890540161,0.789392255472992
2020-10-11,2,1.87817147063217,0.0,72.46,0.0,0.3905,200000,154446.16602435702,-45553.83397564298,0.7722308301217851
2020-10-12,2,1.597676184596554,0.0,72.93,0.0,0.3954,200000,154446.16602435702,-45553.83397564298,0.7722308301217851
2020-10-13,0,0.4299531940787363,0.0,70.07,0.0,0.4182,200000,154446.16602435702,-45553.83397564298,0.7722308301217851
2020-10-14,1,1.0050545498455512,-1123.2448438135057,68.75,199697.65454403547,0.3867,200000,154446.16602435702,-45553.83397564298,0.7722308301217851
2020-10-15,1,0.5255081908414844,-1123.2448438135057,68.24,199697.65454403547,0.3974,200000,156010.07605763333,-43989.92394236667,0.7800503802881666
2020-10-16,0,-0.3827870003474858,0.0,62.59,0.0,0.3898,200000,146907.91505737934,-53092.084942620655,0.7345395752868967
2020-10-17,0,-0.2313479101868315,0.0,62.99,0.0,0.3841,200000,146907.91505737934,-53092.084942620655,0.7345395752868967
2020-10-18,0,-0.2703757050361235,0.0,64.42,0.0,0.3887,200000,146907.91505737934,-53092.084942620655,0.7345395752868967
2020-10-19,0,-0.5582032746494885,0.0,64.08,0.0,0.3895,200000,146907.91505737934,-53092.084942620655,0.7345395752868967
2020-10-20,-2,-1.330198658192993,0.0,57.85,0.0,0.364,200000,146907.91505737934,-53092.084942620655,0.7345395752868967
2020-10-21,0,-0.27295091836488267,0.0,62.72,0.0,0.3752,200000,146907.91505737934,-53092.084942620655,0.7345395752868967
2020-10-22,0,0.33582222956560165,0.0,65.54,0.0,0.381,200000,146907.91505737934,-53092.084942620655,0.7345395752868967
2020-10-23,0,-0.2205870045103713,0.0,63.26,0.0,0.3757,200000,146907.91505737934,-53092.084942620655,0.7345395752868967
2020-10-24,0,-0.1038708467378647,0.0,64.14,0.0,0.3789,200000,146907.91505737934,-53092.084942620655,0.7345395752868967
2020-10-25,0,0.06625041026409467,0.0,62.77,0.0,0.3687,200000,146907.91505737934,-53092.084942620655,0.7345395752868967
2020-10-26,0,-0.13837919968753995,0.0,60.2,0.0,0.3572,200000,146907.91505737934,-53092.084942620655,0.7345395752868967
2020-10-27,0,0.034689587703831785,0.0,61.2,0.0,0.3609,200000,146907.91505737934,-53092.084942620655,0.7345395752868967
2020-10-28,0,-0.08765762181460499,0.0,56.8,0.0,0.3366,200000,146907.91505737934,-53092.084942620655,0.7345395752868967
2020-10-29,0,-0.12459369144187298,0.0,56.87,0.0,0.3369,200000,146907.91505737934,-53092.084942620655,0.7345395752868967
2020-10-30,2,1.2215354224656294,0.0,58.21,0.0,0.326,200000,146907.91505737934,-53092.084942620655,0.7345395752868967
2020-10-31,2,1.6862979446136341,0.0,58.16,0.0,0.3219,200000,146907.91505737934,-53092.084942620655,0.7345395752868967
2020-11-01,0,0.5232134414568111,0.0,58.17,0.0,0.338,200000,146907.91505737934,-53092.084942620655,0.7345395752868967
2020-11-02,0,-0.4694248802118913,0.0,54.77,0.0,0.3287,200000,146907.91505737934,-53092.084942620655,0.7345395752868967
2020-11-03,0,-0.9725866753351955,0.0,53.2,0.0,0.3256,200000,146907.91505737934,-53092.084942620655,0.7345395752868967
2020-11-04,0,0.3854288861135786,0.0,54.09,0.0,0.3174,200000,146907.91505737934,-53092.084942620655,0.7345395752868967
2020-11-05,-1,-1.068057639171154,1295.7127805378316,56.69,-211439.1408425149,0.3474,200000,146907.91505737934,-53092.084942620655,0.7345395752868967
2020-11-06,-1,-1.0202518829580989,1295.7127805378316,61.57,-211439.1408425149,0.3769,200000,159468.44808125816,-40531.55191874184,0.7973422404062909
2020-11-07,-1,-0.7724646385231095,1295.7127805378316,57.4,-211439.1408425149,0.3489,200000,148145.02984282497,-51854.970157175034,0.7407251492141249
2020-11-08,-1,-0.6409924735361525,1295.7127805378316,60.61,-211439.1408425149,0.3668,200000,156089.02848943244,-43910.97151056756,0.7804451424471622
2020-11-09,-1,-0.8414668163857969,1295.7127805378316,58.42,-211439.1408425149,0.3543,200000,150608.42823952314,-49391.57176047686,0.7530421411976157
2020-11-10,-2,-2.664089465145176,0.0,59.06,0.0,0.3879,200000,152400.36097162653,-47599.639028373465,0.7620018048581327
2020-11-11,-1,-1.016938164808195,1293.2820856383785,58.92,-208710.43682775478,0.3651,200000,152400.36097162653,-47599.639028373465,0.7620018048581327
2020-11-12,0,1.106911093994378,0.0,62.99,0.0,0.3605,200000,146176.63487367064,-53823.36512632936,0.7308831743683533
2020-11-13,0,0.3859966048027006,0.0,65.8,0.0,0.3864,200000,146176.63487367064,-53823.36512632936,0.7308831743683533
2020-11-14,0,0.46373204755635256,0.0,63.9,0.0,0.3741,200000,146176.63487367064,-53823.36512632936,0.7308831743683533
2020-11-15,0,0.36206962787928615,0.0,61.16,0.0,0.3592,200000,146176.63487367064,-53823.36512632936,0.7308831743683533
2020-11-16,0,0.8532280621655031,0.0,64.55,0.0,0.3717,200000,146176.63487367064,-53823.36512632936,0.7308831743683533
2020-11-17,0,0.9312310683500896,0.0,66.82,0.0,0.3827,200000,146176.63487367064,-53823.36512632936,0.7308831743683533
2020-11-18,0,0.6771204085222043,0.0,63.17,0.0,0.3647,200000,146176.63487367064,-53823.36512632936,0.7308831743683533
2020-11-19,0,0.41883098647490374,0.0,62.38,0.0,0.3649,200000,146176.63487367064,-53823.36512632936,0.7308831743683533
2020-11-20,0,0.16008471050122,0.0,63.23,0.0,0.375,200000,146176.63487367064,-53823.36512632936,0.7308831743683533
2020-11-21,1,1.0918337070811823,-1006.4488768498392,72.62,175103.779197018,0.4174,200000,146176.63487367064,-53823.36512632936,0.7308831743683533
2020-11-22,1,0.8680246048486175,-1006.4488768498392,68.79,175103.779197018,0.3973,200000,138802.34971347568,-61197.650286524324,0.6940117485673785
2020-11-23,2,1.9575261864611195,0.0,79.52,0.0,0.4381,200000,149496.48389455624,-50503.51610544376,0.7474824194727812
2020-11-24,2,2.2662309443570248,0.0,86.8,0.0,0.4644,200000,149496.48389455624,-50503.51610544376,0.7474824194727812
2020-11-25,0,0.8197298187156673,0.0,78.15,0.0,0.4423,200000,149496.48389455624,-50503.51610544376,0.7474824194727812
2020-11-26,0,0.16719576469077424,0.0,70.16,0.0,0.4074,200000,149496.48389455624,-50503.51610544376,0.7474824194727812
2020-11-27,0,0.1265281690984651,0.0,69.5,0.0,0.4034,200000,149496.48389455624,-50503.51610544376,0.7474824194727812
2020-11-28,2,1.2243376534811223,0.0,75.31,0.0,0.4158,200000,149496.48389455624,-50503.51610544376,0.7474824194727812
2020-11-29,1,1.0699201167699293,-995.8465487247284,75.06,180072.854606789,0.4151,200000,149496.48389455624,-50503.51610544376,0.7474824194727812
2020-11-30,2,1.575214813699845,0.0,78.91,0.0,0.4292,200000,150791.46585719072,-49208.53414280928,0.7539573292859536
2020-12-01,2,2.012150547387873,0.0,74.82,0.0,0.3994,200000,150791.46585719072,-49208.53414280928,0.7539573292859536
2020-12-02,0,0.5978058243619874,0.0,76.66,0.0,0.427,200000,150791.46585719072,-49208.53414280928,0.7539573292859536
2020-12-03,0,-0.1048225707641336,0.0,75.69,0.0,0.4306,200000,150791.46585719072,-49208.53414280928,0.7539573292859536
2020-12-04,0,-0.16916325925605888,0.0,69.01,0.0,0.3928,200000,150791.46585719072,-49208.53414280928,0.7539573292859536
2020-12-05,0,-0.16884891934930116,0.0,71.83,0.0,0.4081,200000,150791.46585719072,-49208.53414280928,0.7539573292859536
2020-12-06,2,1.6118184933741553,0.0,74.61,0.0,0.3999,200000,150791.46585719072,-49208.53414280928,0.7539573292859536
2020-12-07,2,1.450990082181018,0.0,75.57,0.0,0.4047,200000,150791.46585719072,-49208.53414280928,0.7539573292859536
2020-12-08,0,0.7919593149767385,0.0,69.61,0.0,0.3797,200000,150791.46585719072,-49208.53414280928,0.7539573292859536
2020-12-09,0,0.5025458710017608,0.0,69.38,0.0,0.3811,200000,150791.46585719072,-49208.53414280928,0.7539573292859536
2020-12-10,0,-0.2612394630892405,0.0,65.96,0.0,0.3698,200000,150791.46585719072,-49208.53414280928,0.7539573292859536
2020-12-11,0,-0.18092952040805513,0.0,63.71,0.0,0.3558,200000,150791.46585719072,-49208.53414280928,0.7539573292859536
2020-12-12,-2,-2.1403532186233716,0.0,65.95,0.0,0.3921,200000,150791.46585719072,-49208.53414280928,0.7539573292859536
2020-12-13,-2,-1.2383727940851195,0.0,68.25,0.0,0.3961,200000,150791.46585719072,-49208.53414280928,0.7539573292859536
2020-12-14,0,-0.5396861798634552,0.0,68.0,0.0,0.3868,200000,150791.46585719072,-49208.53414280928,0.7539573292859536
2020-12-15,-1,-1.0453027804753634,1114.8267474285874,67.63,-192581.6933042027,0.3915,200000,150791.46585719072,-49208.53414280928,0.7539573292859536
2020-12-16,-1,-0.37766394549998966,1114.8267474285874,73.21,-192581.6933042027,0.4143,200000,161403.06171517808,-38596.938284821925,0.8070153085758904
2020-12-17,0,0.6205825859409758,0.0,74.28,0.0,0.4072,200000,146401.4005716666,-53598.5994283334,0.732007002858333
2020-12-18,0,-0.02296766160706066,0.0,73.89,0.0,0.4128,200000,146401.4005716666,-53598.5994283334,0.732007002858333
2020-12-19,0,-0.995491195629427,0.0,73.5,0.0,0.4236,200000,146401.4005716666,-53598.5994283334,0.732007002858333
2020-12-20,2,1.3907858282768886,0.0,73.69,0.0,0.3953,200000,146401.4005716666,-53598.5994283334,0.732007002858333
2020-12-21,0,0.16957972520299003,0.0,67.77,0.0,0.3779,200000,146401.4005716666,-53598.5994283334,0.732007002858333
2020-12-22,0,0.3575057424747631,0.0,67.64,0.0,0.3751,200000,146401.4005716666,-53598.5994283334,0.732007002858333
2020-12-23,-2,-1.9086196714952004,0.0,55.42,0.0,0.3311,200000,146401.4005716666,-53598.5994283334,0.732007002858333
2020-12-24,-2,-1.2465285887193032,0.0,62.1,0.0,0.3641,200000,146401.4005716666,-53598.5994283334,0.732007002858333
2020-12-25,0,0.19342270198688563,0.0,64.27,0.0,0.3588,200000,146401.4005716666,-53598.5994283334,0.732007002858333
2020-12-26,2,1.6791265989742474,0.0,66.56,0.0,0.3539,200000,146401.4005716666,-53598.5994283334,0.732007002858333
2020-12-27,0,0.2614930410037379,0.0,66.97,0.0,0.3738,200000,146401.4005716666,-53598.5994283334,0.732007002858333
2020-12-28,0,0.9650423431222274,0.0,69.04,0.0,0.3771,200000,146401.4005716666,-53598.5994283334,0.732007002858333
2020-12-29,0,0.247828670920662,0.0,65.33,0.0,0.3652,200000,146401.4005716666,-53598.5994283334,0.732007002858333
2020-12-30,0,0.13744366287028068,0.0,64.09,0.0,0.3595,200000,146401.4005716666,-53598.5994283334,0.732007002858333
2020-12-31,0,0.4625558358258839,0.0,63.91,0.0,0.3548,200000,146401.4005716666,-53598.5994283334,0.732007002858333
2021-01-01,-2,-3.247696576491059,0.0,56.6,0.0,0.3744,200000,146401.4005716666,-53598.5994283334,0.732007002858333
2021-01-02,-2,-1.9073982139265733,0.0,57.46,0.0,0.3604,200000,146401.4005716666,-53598.5994283334,0.732007002858333
2021-01-03,-2,-2.279161548782664,0.0,59.35,0.0,0.3923,200000,146401.4005716666,-53598.5994283334,0.732007002858333
2021-01-04,-2,-1.8355701544736662,0.0,60.34,0.0,0.3948,200000,146401.4005716666,-53598.5994283334,0.732007002858333
2021-01-05,-2,-2.6014354376799567,0.0,59.64,0.0,0.4447,200000,146401.4005716666,-53598.5994283334,0.732007002858333
2021-01-06,-2,-1.9431396431288948,0.0,63.92,0.0,0.4618,200000,146401.4005716666,-53598.5994283334,0.732007002858333
2021-01-07,0,-0.8545150151551615,0.0,67.75,0.0,0.4386,200000,146401.4005716666,-53598.5994283334,0.732007002858333
2021-01-08,0,-0.7046396663696636,0.0,68.59,0.0,0.44,200000,146401.4005716666,-53598.5994283334,0.732007002858333
2021-01-09,-2,-1.2299260413762478,0.0,78.44,0.0,0.5405,200000,146401.4005716666,-53598.5994283334,0.732007002858333
2021-01-10,1,1.0316380420179228,759.5797476998371,96.37,-138742.798115681,0.5276,200000,146401.4005716666,-53598.5994283334,0.732007002858333
2021-01-11,2,1.9453770396794006,0.0,88.24,0.0,0.4365,200000,152865.48613120546,-47134.513868794544,0.7643274306560273
2021-01-12,2,2.690543938001276,0.0,99.72,0.0,0.4272,200000,152865.48613120546,-47134.513868794544,0.7643274306560273
2021-01-13,2,2.152507819076804,0.0,117.35,0.0,0.506,200000,152865.48613120546,-47134.513868794544,0.7643274306560273
2021-01-14,2,1.580041089498078,0.0,111.71,0.0,0.504,200000,152865.48613120546,-47134.513868794544,0.7643274306560273
2021-01-15,0,0.8240797277567924,0.0,103.25,0.0,0.5154,200000,152865.48613120546,-47134.513868794544,0.7643274306560273
2021-01-16,0,0.9157442327800309,0.0,108.08,0.0,0.5272,200000,152865.48613120546,-47134.513868794544,0.7643274306560273
2021-01-17,0,-0.14343399355480657,0.0,102.25,0.0,0.5942,200000,152865.48613120546,-47134.513868794544,0.7643274306560273
2021-01-18,0,0.046636016832118266,0.0,103.98,0.0,0.5847,200000,152865.48613120546,-47134.513868794544,0.7643274306560273
2021-01-19,0,0.38973405873801886,0.0,102.42,0.0,0.5422,200000,152865.48613120546,-47134.513868794544,0.7643274306560273
2021-01-20,0,0.017489379837594184,0.0,98.99,0.0,0.5582,200000,152865.48613120546,-47134.513868794544,0.7643274306560273
2021-01-21,0,0.005444464162742696,0.0,82.92,0.0,0.465,200000,152865.48613120546,-47134.513868794544,0.7643274306560273
2021-01-22,0,-0.28279759948915817,0.0,86.94,0.0,0.5106,200000,152865.48613120546,-47134.513868794544,0.7643274306560273
2021-01-23,0,-0.8693048294437559,0.0,85.95,0.0,0.562,200000,152865.48613120546,-47134.513868794544,0.7643274306560273
2021-01-24,0,-0.518606585306358,0.0,90.0,0.0,0.5483,200000,152865.48613120546,-47134.513868794544,0.7643274306560273
2021-01-25,0,-0.44741980300809153,0.0,87.89,0.0,0.5207,200000,152865.48613120546,-47134.513868794544,0.7643274306560273
2021-01-26,0,-0.6998480490342928,0.0,89.26,0.0,0.5435,200000,152865.48613120546,-47134.513868794544,0.7643274306560273
2021-01-27,-2,-1.7125246843594573,0.0,78.41,0.0,0.5832,200000,152865.48613120546,-47134.513868794544,0.7643274306560273
2021-01-28,-2,-1.3496466983618216,0.0,86.82,0.0,0.6086,200000,152865.48613120546,-47134.513868794544,0.7643274306560273
2021-01-29,-2,-1.3488655453546592,0.0,85.49,0.0,0.6009,200000,152865.48613120546,-47134.513868794544,0.7643274306560273
2021-01-30,-2,-1.591080351829867,0.0,84.51,0.0,0.6542,200000,152865.48613120546,-47134.513868794544,0.7643274306560273
2021-01-31,-2,-1.6170895227242763,0.0,85.65,0.0,0.7064,200000,152865.48613120546,-47134.513868794544,0.7643274306560273
2021-02-01,-2,-1.2813982586534387,0.0,88.69,0.0,0.6865,200000,152865.48613120546,-47134.513868794544,0.7643274306560273
2021-02-02,-1,-1.0331152148954068,827.462845789788,92.37,-111792.80834518463,0.6837,200000,152865.48613120546,-47134.513868794544,0.7643274306560273
2021-02-03,-2,-1.3539767494997326,0.0,95.23,0.0,0.7658,200000,159677.13195738633,-40322.86804261367,0.7983856597869317
2021-02-04,-2,-2.3432748100795404,0.0,90.0,0.0,1.0351,200000,159677.13195738633,-40322.86804261367,0.7983856597869317
2021-02-05,-2,-2.6297614639329505,0.0,96.44,0.0,1.5939,200000,159677.13195738633,-40322.86804261367,0.7983856597869317
2021-02-06,-2,-2.0702949813625184,0.0,94.24,0.0,1.4509,200000,159677.13195738633,-40322.86804261367,0.7983856597869317
2021-02-07,-2,-1.7793619109464147,0.0,92.3,0.0,1.4099,200000,159677.13195738633,-40322.86804261367,0.7983856597869317
2021-02-08,-2,-1.5636746717912242,0.0,98.01,0.0,1.4689,200000,159677.13195738633,-40322.86804261367,0.7983856597869317
2021-02-09,-2,-1.2917194825735532,0.0,108.77,0.0,1.5111,200000,159677.13195738633,-40322.86804261367,0.7983856597869317
2021-02-10,-1,-1.0489907904000804,685.8394122385806,116.41,-53232.80836024348,1.4998,200000,159677.13195738633,-40322.86804261367,0.7983856597869317
2021-02-11,-1,-0.8785602847913797,685.8394122385806,142.34,-53232.80836024348,1.7619,200000,191413.26698795258,-8586.733012047422,0.9570663349397629
2021-02-12,-1,-0.8325663332803315,685.8394122385806,142.79,-53232.80836024348,1.8037,200000,193947.0261129181,-6052.973887081898,0.9697351305645905
2021-02-13,-1,-0.3882260283603069,685.8394122385806,176.11,-53232.80836024348,1.8912,200000,221457.0660602289,21457.066060228914,1.1072853303011445
2021-02-14,-1,-0.4824590611796465,685.8394122385806,156.33,-53232.80836024348,1.7952,200000,202780.8128835664,2780.8128835663956,1.0139040644178319
2021-02-15,0,-0.05277733454090492,0.0,158.61,0.0,1.6186,200000,137058.76639411517,-62941.23360588483,0.6852938319705759
2021-02-16,0,0.017918769372537422,0.0,155.68,0.0,1.5848,200000,137058.76639411517,-62941.23360588483,0.6852938319705759
2021-02-17,0,0.4428844994974956,0.0,168.37,0.0,1.5649,200000,137058.76639411517,-62941.23360588483,0.6852938319705759
2021-02-18,0,0.45684004489404006,0.0,169.25,0.0,1.6107,200000,137058.76639411517,-62941.23360588483,0.6852938319705759
2021-02-19,0,0.9563478252064422,0.0,180.19,0.0,1.5594,200000,137058.76639411517,-62941.23360588483,0.6852938319705759
2021-02-20,0,0.6450060786666258,0.0,164.09,0.0,1.5306,200000,137058.76639411517,-62941.23360588483,0.6852938319705759
2021-02-21,0,0.14296815006547606,0.0,161.87,0.0,1.7232,200000,137058.76639411517,-62941.23360588483,0.6852938319705759
2021-02-22,0,0.19727748348423804,0.0,144.39,0.0,1.563,200000,137058.76639411517,-62941.23360588483,0.6852938319705759
2021-02-23,0,-0.37719003131551393,0.0,127.13,0.0,1.5769,200000,137058.76639411517,-62941.23360588483,0.6852938319705759
2021-02-24,0,-0.050609473287893135,0.0,130.96,0.0,1.5267,200000,137058.76639411517,-62941.23360588483,0.6852938319705759
2021-02-25,0,-0.07080834786354426,0.0,121.25,0.0,1.3959,200000,137058.76639411517,-62941.23360588483,0.6852938319705759
2021-02-26,0,0.03516031149705022,0.0,118.23,0.0,1.3192,200000,137058.76639411517,-62941.23360588483,0.6852938319705759
2021-02-27,0,-0.038971886671350896,0.0,119.78,0.0,1.3328,200000,137058.76639411517,-62941.23360588483,0.6852938319705759
2021-02-28,0,0.023123533425273155,0.0,111.31,0.0,1.2115,200000,137058.76639411517,-62941.23360588483,0.6852938319705759
2021-03-01,0,-0.08749213719750758,0.0,124.4,0.0,1.3565,200000,137058.76639411517,-62941.23360588483,0.6852938319705759
2021-03-02,0,-0.4795454750630285,0.0,120.51,0.0,1.3617,200000,137058.76639411517,-62941.23360588483,0.6852938319705759
2021-03-03,0,-0.7319321048857373,0.0,126.69,0.0,1.4635,200000,137058.76639411517,-62941.23360588483,0.6852938319705759
2021-03-04,0,-0.566187070281769,0.0,122.03,0.0,1.3724,200000,137058.76639411517,-62941.23360588483,0.6852938319705759
2021-03-05,0,-0.3750724185378983,0.0,121.12,0.0,1.3389,200000,137058.76639411517,-62941.23360588483,0.6852938319705759
2021-03-06,0,-0.3021544523195122,0.0,125.19,0.0,1.3703,200000,137058.76639411517,-62941.23360588483,0.6852938319705759
2021-03-07,0,-0.2413916396823608,0.0,130.08,0.0,1.4204,200000,137058.76639411517,-62941.23360588483,0.6852938319705759
2021-03-08,0,-0.24113094078561328,0.0,129.55,0.0,1.4198,200000,137058.76639411517,-62941.23360588483,0.6852938319705759
2021-03-09,0,0.08549989360790018,0.0,137.69,0.0,1.4757,200000,137058.76639411517,-62941.23360588483,0.6852938319705759
2021-03-10,1,1.0385990745425995,-490.12575595091965,139.82,49184.944518092,1.3933,200000,137058.76639411517,-62941.23360588483,0.6852938319705759
2021-03-11,2,2.6567259131771404,0.0,151.86,0.0,1.3743,200000,143894.394441608,-56105.60555839201,0.7194719722080399
2021-03-12,2,2.3080515048926467,0.0,145.36,0.0,1.3396,200000,143894.394441608,-56105.60555839201,0.7194719722080399
2021-03-13,2,2.2718966033915575,0.0,156.12,0.0,1.393,200000,143894.394441608,-56105.60555839201,0.7194719722080399
2021-03-14,2,1.578640959164571,0.0,143.18,0.0,1.3247,200000,143894.394441608,-56105.60555839201,0.7194719722080399
2021-03-15,0,0.7891476405210176,0.0,135.1,0.0,1.3282,200000,143894.394441608,-56105.60555839201,0.7194719722080399
2021-03-16,0,0.23554539683132517,0.0,139.41,0.0,1.43,200000,143894.394441608,-56105.60555839201,0.7194719722080399
2021-03-17,0,0.5757303745939081,0.0,146.02,0.0,1.4469,200000,143894.394441608,-56105.60555839201,0.7194719722080399
2021-03-18,0,-0.27125705248356635,0.0,142.97,0.0,1.5162,200000,143894.394441608,-56105.60555839201,0.7194719722080399
2021-03-19,0,-0.045311462626068694,0.0,150.31,0.0,1.5586,200000,143894.394441608,-56105.60555839201,0.7194719722080399
2021-03-20,0,0.7579911291355041,0.0,155.03,0.0,1.5,200000,143894.394441608,-56105.60555839201,0.7194719722080399
2021-03-21,0,0.480993437802445,0.0,148.18,0.0,1.458,200000,143894.394441608,-56105.60555839201,0.7194719722080399
2021-03-22,0,0.013981475713404731,0.0,139.53,0.0,1.417,200000,143894.394441608,-56105.60555839201,0.7194719722080399
2021-03-23,-1,-1.076791387845255,528.945722840788,136.02,-48028.83659599732,1.498,200000,143894.394441608,-56105.60555839201,0.7194719722080399
2021-03-24,-1,-0.8059491471633905,528.945722840788,127.67,-48028.83659599732,1.3704,200000,133349.21810623814,-66650.78189376186,0.6667460905311907
2021-03-25,-1,-0.7376471902862021,528.945722840788,123.02,-48028.83659599732,1.3095,200000,127964.66434633224,-72035.33565366776,0.6398233217316611
2021-03-26,-1,-0.45490115045106744,528.945722840788,133.46,-48028.83659599732,1.3873,200000,137223.50117995864,-62776.498820041365,0.6861175058997933
2021-03-27,-1,-0.7689183515268748,528.945722840788,133.62,-48028.83659599732,1.4158,200000,138676.9543385991,-61323.04566140089,0.6933847716929955
2021-03-28,0,-0.022790457031853787,0.0,144.87,0.0,1.4542,200000,137109.56175156232,-62890.438248437684,0.6855478087578115
2021-03-29,-1,-1.0121713386715212,459.54404662676734,149.18,-42986.443990331805,1.5948,200000,137109.56175156232,-62890.438248437684,0.6855478087578115
2021-03-30,-2,-2.145955770822454,0.0,154.6,0.0,1.8486,200000,145528.79250359145,-54471.20749640855,0.7276439625179573
2021-03-31,-2,-1.8486508893729194,0.0,158.22,0.0,1.8818,200000,145528.79250359145,-54471.20749640855,0.7276439625179573
2021-04-01,-2,-1.6318058895559058,0.0,165.53,0.0,1.964,200000,145528.79250359145,-54471.20749640855,0.7276439625179573
2021-04-02,-2,-1.2777354420940374,0.0,169.52,0.0,1.9601,200000,145528.79250359145,-54471.20749640855,0.7276439625179573
2021-04-03,0,0.7694131937083879,0.0,171.61,0.0,1.7262,200000,145528.79250359145,-54471.20749640855,0.7276439625179573
2021-04-04,1,1.182636244258333,-388.82332078548535,187.14,39653.621935583506,1.835,200000,145528.79250359145,-54471.20749640855,0.7276439625179573
2021-04-05,2,2.0005262854545163,0.0,197.13,0.0,1.8058,200000,150571.0232387575,-49428.97676124249,0.7528551161937875
2021-04-06,0,0.5843228030587969,0.0,191.11,0.0,1.9261,200000,150571.0232387575,-49428.97676124249,0.7528551161937875
2021-04-07,0,0.6534235915532538,0.0,171.26,0.0,1.712,200000,150571.0232387575,-49428.97676124249,0.7528551161937875
2021-04-08,0,0.5656736981300637,0.0,184.74,0.0,1.8545,200000,150571.0232387575,-49428.97676124249,0.7528551161937875
2021-04-09,0,-0.68239006581823,0.0,194.65,0.0,2.1552,200000,150571.0232387575,-49428.97676124249,0.7528551161937875
2021-04-10,0,0.020573239908218008,0.0,206.15,0.0,2.1747,200000,150571.0232387575,-49428.97676124249,0.7528551161937875
2021-04-11,2,1.345191612372648,0.0,222.31,0.0,2.1306,200000,150571.0232387575,-49428.97676124249,0.7528551161937875
2021-04-12,1,1.1428018413219683,-340.05832069821923,221.39,35298.908298658454,2.1328,200000,150571.0232387575,-49428.97676124249,0.7528551161937875
2021-04-13,1,0.35200064599229447,-340.05832069821923,225.98,35298.908298658454,2.2968,200000,157920.91189174232,-42079.08810825768,0.7896045594587116
2021-04-14,2,1.7079531152696978,0.0,237.5,0.0,2.1585,200000,155142.18084193027,-44857.81915806973,0.7757109042096513
2021-04-15,2,1.9514203130130636,0.0,252.27,0.0,2.1978,200000,155142.18084193027,-44857.81915806973,0.7757109042096513
2021-04-16,2,2.7052910400568755,0.0,270.03,0.0,2.0744,200000,155142.18084193027,-44857.81915806973,0.7757109042096513
2021-04-17,2,2.5487065829553184,0.0,279.95,0.0,2.0355,200000,155142.18084193027,-44857.81915806973,0.7757109042096513
2021-04-18,2,2.4994915272031055,0.0,260.05,0.0,1.762,200000,155142.18084193027,-44857.81915806973,0.7757109042096513
2021-04-19,2,1.8977929504408888,0.0,225.55,0.0,1.5827,200000,155142.18084193027,-44857.81915806973,0.7757109042096513
2021-04-20,2,1.8350011082549866,0.0,249.64,0.0,1.7029,200000,155142.18084193027,-44857.81915806973,0.7757109042096513
2021-04-21,2,1.5658646534191552,0.0,237.29,0.0,1.636,200000,155142.18084193027,-44857.81915806973,0.7757109042096513
2021-04-22,2,1.6149564055728802,0.0,223.91,0.0,1.4909,200000,155142.18084193027,-44857.81915806973,0.7757109042096513
2021-04-23,2,1.3998877013573914,0.0,220.31,0.0,1.4752,200000,155142.18084193027,-44857.81915806973,0.7757109042096513
2021-04-24,2,1.2584415474042474,0.0,198.46,0.0,1.328,200000,155142.18084193027,-44857.81915806973,0.7757109042096513
2021-04-25,1,1.190075814683948,-383.4268717362717,202.31,57854.33354785586,1.3408,200000,155142.18084193027,-44857.81915806973,0.7757109042096513
2021-04-26,1,1.0091809750255418,-383.4268717362717,227.09,57854.33354785586,1.5226,200000,175161.41656255527,-24838.58343744473,0.8758070828127763
2021-04-27,1,0.22852613289288745,-383.4268717362717,241.89,57854.33354785586,1.8259,200000,198383.35362931679,-1616.6463706832146,0.9919167681465839
2021-04-28,1,0.5296450684663244,-383.4268717362717,240.65,57854.33354785586,1.7083,200000,191104.23468313593,-8895.765316864068,0.9555211734156797
2021-04-29,1,0.27329070759582885,-383.4268717362717,229.42,57854.33354785586,1.6732,200000,184767.66380600788,-15232.336193992116,0.9238383190300394
2021-04-30,0,0.13038598159353804,0.0,245.37,0.0,1.8027,200000,144929.6252731395,-55070.37472686049,0.7246481263656975
2021-05-01,0,-0.16831998595463954,0.0,257.4,0.0,1.9426,200000,144929.6252731395,-55070.37472686049,0.7246481263656975
2021-05-02,0,-0.42652894166380956,0.0,243.3,0.0,1.866,200000,144929.6252731395,-55070.37472686049,0.7246481263656975
2021-05-03,0,-0.5598234718196275,0.0,250.48,0.0,1.9001,200000,144929.6252731395,-55070.37472686049,0.7246481263656975
2021-05-04,0,0.40326118958488305,0.0,241.0,0.0,1.6773,200000,144929.6252731395,-55070.37472686049,0.7246481263656975
2021-05-05,2,1.6842021799480267,0.0,292.01,0.0,1.8811,200000,144929.6252731395,-55070.37472686049,0.7246481263656975
2021-05-06,0,0.9787472769974201,0.0,308.57,0.0,2.0519,200000,144929.6252731395,-55070.37472686049,0.7246481263656975
2021-05-07,2,1.8235455284683317,0.0,320.01,0.0,2.0107,200000,144929.6252731395,-55070.37472686049,0.7246481263656975
2021-05-08,2,1.872683183312628,0.0,316.25,0.0,1.9526,200000,144929.6252731395,-55070.37472686049,0.7246481263656975
2021-05-09,1,1.12280049109435,-237.27836488726183,305.4,37041.76897028562,1.9563,200000,144929.6252731395,-55070.37472686049,0.7246481263656975
2021-05-10,2,1.6588942517105065,0.0,283.76,0.0,1.7365,200000,147936.70227664796,-52063.297723352036,0.7396835113832398
2021-05-11,2,1.3655867291159416,0.0,302.07,0.0,1.8645,200000,147936.70227664796,-52063.297723352036,0.7396835113832398
2021-05-12,2,1.8287386081617574,0.0,280.13,0.0,1.6462,200000,147936.70227664796,-52063.297723352036,0.7396835113832398
2021-05-13,2,2.3540427511032673,0.0,296.36,0.0,1.6112,200000,147936.70227664796,-52063.297723352036,0.7396835113832398
2021-05-14,2,1.7687278076193043,0.0,305.67,0.0,1.7027,200000,147936.70227664796,-52063.297723352036,0.7396835113832398
2021-05-15,2,1.2830262443649691,0.0,271.08,0.0,1.5585,200000,147936.70227664796,-52063.297723352036,0.7396835113832398
2021-05-16,0,0.8125796889202792,0.0,262.4,0.0,1.5692,200000,147936.70227664796,-52063.297723352036,0.7396835113832398
2021-05-17,0,0.353408423253181,0.0,235.52,0.0,1.4667,200000,147936.70227664796,-52063.297723352036,0.7396835113832398
2021-05-18,0,0.22526246207889705,0.0,254.91,0.0,1.5998,200000,147936.70227664796,-52063.297723352036,0.7396835113832398
2021-05-19,0,-0.5713659961262506,0.0,146.22,0.0,0.9923,200000,147936.70227664796,-52063.297723352036,0.7396835113832398
2021-05-20,0,0.027583589376077015,0.0,182.4,0.0,1.1564,200000,147936.70227664796,-52063.297723352036,0.7396835113832398
2021-05-21,0,-0.5208808453081278,0.0,156.26,0.0,1.0341,200000,147936.70227664796,-52063.297723352036,0.7396835113832398
2021-05-22,0,-0.8480886326859561,0.0,142.57,0.0,0.9585,200000,147936.70227664796,-52063.297723352036,0.7396835113832398
2021-05-23,-2,-1.4362607273069399,0.0,114.32,0.0,0.7951,200000,147936.70227664796,-52063.297723352036,0.7396835113832398
2021-05-24,0,-0.8362474022226947,0.0,149.16,0.0,0.9864,200000,147936.70227664796,-52063.297723352036,0.7396835113832398
2021-05-25,-1,-1.0032242105878195,508.72318527045377,145.4,-75732.92836932935,0.9767,200000,147936.70227664796,-52063.297723352036,0.7396835113832398
2021-05-26,-2,-1.7979633432499909,0.0,158.6,0.0,1.1494,200000,154300.63296046114,-45699.36703953886,0.7715031648023056
2021-05-27,-2,-1.6953534785755169,0.0,150.27,0.0,1.103,200000,154300.63296046114,-45699.36703953886,0.7715031648023056
2021-05-28,0,0.9260076321792469,0.0,164.62,0.0,0.9645,200000,154300.63296046114,-45699.36703953886,0.7715031648023056
2021-05-29,0,0.5100247612900323,0.0,149.24,0.0,0.9005,200000,154300.63296046114,-45699.36703953886,0.7715031648023056
2021-05-30,0,0.0928167129100917,0.0,149.84,0.0,0.9363,200000,154300.63296046114,-45699.36703953886,0.7715031648023056
2021-05-31,0,-0.012645118187852173,0.0,161.65,0.0,1.0201,200000,154300.63296046114,-45699.36703953886,0.7715031648023056
2021-06-01,0,-0.5777447852983878,0.0,154.04,0.0,1.0262,200000,154300.63296046114,-45699.36703953886,0.7715031648023056
2021-06-02,-1,-1.0354600483833114,469.4269332536086,164.35,-67303.77430012262,1.1463,200000,154300.63296046114,-45699.36703953886,0.7715031648023056
2021-06-03,-1,-0.7954321965606086,469.4269332536086,172.95,-67303.77430012262,1.1887,200000,161191.38461676735,-38808.61538323265,0.8059569230838367
2021-06-04,-1,-0.7216540923116593,469.4269332536086,155.28,-67303.77430012262,1.0668,200000,144692.28061899115,-55307.71938100885,0.7234614030949558
2021-06-05,-1,-0.46718930808720494,469.4269332536086,153.17,-67303.77430012262,1.04,200000,141898.04863858275,-58101.95136141725,0.7094902431929138
2021-06-06,-1,-1.0533261880427867,469.4269332536086,149.63,-67303.77430012262,1.0612,200000,141663.1173100276,-58336.88268997241,0.7083155865501379
2021-06-07,-1,-0.8100317497615923,469.4269332536086,135.72,-67303.77430012262,0.953,200000,127851.12028919661,-72148.87971080339,0.639255601445983
2021-06-08,-2,-1.2869014363563087,0.0,130.88,0.0,0.9547,200000,157116.9492605559,-42883.050739444094,0.7855847463027795
2021-06-09,0,0.1469694820974814,0.0,145.05,0.0,0.9663,200000,157116.9492605559,-42883.050739444094,0.7855847463027795
2021-06-10,0,-0.5381937134408638,0.0,134.0,0.0,0.9343,200000,157116.9492605559,-42883.050739444094,0.7855847463027795
2021-06-11,0,-0.40069570998481635,0.0,124.74,0.0,0.8635,200000,157116.9492605559,-42883.050739444094,0.7855847463027795
2021-06-12,0,-0.07611745475125394,0.0,125.85,0.0,0.8523,200000,157116.9492605559,-42883.050739444094,0.7855847463027795
2021-06-13,0,0.046108620698407744,0.0,133.06,0.0,0.8951,200000,157116.9492605559,-42883.050739444094,0.7855847463027795
2021-06-14,0,0.46001076299821503,0.0,139.0,0.0,0.9105,200000,157116.9492605559,-42883.050739444094,0.7855847463027795
2021-06-15,0,0.41187678256541677,0.0,136.58,0.0,0.8936,200000,157116.9492605559,-42883.050739444094,0.7855847463027795
2021-06-16,0,0.927551517824006,0.0,137.31,0.0,0.8677,200000,157116.9492605559,-42883.050739444094,0.7855847463027795
2021-06-17,2,1.6428086979619392,0.0,142.27,0.0,0.8751,200000,157116.9492605559,-42883.050739444094,0.7855847463027795
2021-06-18,2,1.7430245240558029,0.0,132.88,0.0,0.8169,200000,157116.9492605559,-42883.050739444094,0.7855847463027795
2021-06-19,2,1.6290907381577324,0.0,127.9,0.0,0.7885,200000,157116.9492605559,-42883.050739444094,0.7855847463027795
2021-06-20,2,2.0037267673079278,0.0,131.81,0.0,0.7898,200000,157116.9492605559,-42883.050739444094,0.7855847463027795
2021-06-21,2,1.8587919158124635,0.0,101.3,0.0,0.6018,200000,157116.9492605559,-42883.050739444094,0.7855847463027795
2021-06-22,2,2.6379734973789173,0.0,106.5,0.0,0.5799,200000,157116.9492605559,-42883.050739444094,0.7855847463027795
2021-06-23,2,1.5655446841995508,0.0,111.79,0.0,0.6432,200000,157116.9492605559,-42883.050739444094,0.7855847463027795
2021-06-24,1,1.1559013760319987,-696.316917481634,112.82,118614.63782315861,0.6623,200000,157116.9492605559,-42883.050739444094,0.7855847463027795
2021-06-25,1,0.7702154877111682,-696.316917481634,100.08,118614.63782315861,0.6011,200000,140986.65589706256,-59013.34410293744,0.7049332794853128
2021-06-26,1,1.1296695029835901,-696.316917481634,103.61,118614.63782315861,0.6007,200000,143397.2087606435,-56602.791239356506,0.7169860438032174
2021-06-27,1,0.7528114984421107,-696.316917481634,107.71,118614.63782315861,0.6381,200000,150688.29557690432,-49311.70442309568,0.7534414778845215
2021-06-28,1,0.6377860531364716,-696.316917481634,118.0,118614.63782315861,0.7013,200000,165349.84176821396,-34650.158231786045,0.8267492088410697
2021-06-29,1,1.0448834972694032,-696.316917481634,126.49,118614.63782315861,0.7271,200000,174321.8300534705,-25678.169946529495,0.8716091502673525
2021-06-30,1,1.1654722589607573,-696.316917481634,130.91,118614.63782315861,0.7425,200000,179226.21625121598,-20773.783748784015,0.8961310812560799
2021-07-01,1,0.9108245882324448,-696.316917481634,120.17,118614.63782315861,0.6892,200000,165425.6123614889,-34574.38763851111,0.8271280618074445
2021-07-02,1,0.5405137021257835,-696.316917481634,118.5,118614.63782315861,0.691,200000,164476.2694573762,-35523.73054262379,0.8223813472868811
2021-07-03,0,-0.27745140928806844,0.0,116.22,0.0,0.7024,200000,154727.9798032848,-45272.020196715195,0.773639899016424
2021-07-04,0,-0.3361845350285142,0.0,120.25,0.0,0.7246,200000,154727.9798032848,-45272.020196715195,0.773639899016424
2021-07-05,-2,-1.3514842849413766,0.0,111.17,0.0,0.6933,200000,154727.9798032848,-45272.020196715195,0.773639899016424
2021-07-06,0,-0.7311614604786698,0.0,117.51,0.0,0.7131,200000,154727.9798032848,-45272.020196715195,0.773639899016424
2021-07-07,-2,-2.6109576651139847,0.0,118.55,0.0,0.7897,200000,154727.9798032848,-45272.020196715195,0.773639899016424
2021-07-08,-2,-3.347104521357126,0.0,109.46,0.0,0.8455,200000,154727.9798032848,-45272.020196715195,0.773639899016424
2021-07-09,-2,-2.4294955023648814,0.0,111.01,0.0,0.8384,200000,154727.9798032848,-45272.020196715195,0.773639899016424
2021-07-10,-2,-1.8022608566525695,0.0,108.12,0.0,0.7901,200000,154727.9798032848,-45272.020196715195,0.773639899016424
2021-07-11,-2,-1.4604944971896783,0.0,110.84,0.0,0.7967,200000,154727.9798032848,-45272.020196715195,0.773639899016424
2021-07-12,-1,-1.1016631908049461,718.4620161742422,107.68,-102809.2889058371,0.7525,200000,154727.9798032848,-45272.020196715195,0.773639899016424
2021-07-13,-1,-0.8605081954312528,718.4620161742422,104.1,-102809.2889058371,0.7158,200000,148382.7848825368,-51617.2151174632,0.741913924412684
2021-07-14,-1,-0.7563133892728819,718.4620161742422,104.55,-102809.2889058371,0.717,200000,148829.46393650223,-51170.53606349777,0.7441473196825111
2021-07-15,-1,-0.47867688647077106,718.4620161742422,100.17,-102809.2889058371,0.671,200000,140953.37301599054,-59046.62698400946,0.7047668650799527
2021-07-16,-1,-0.36469274587722156,718.4620161742422,93.06,-102809.2889058371,0.6201,200000,130612.11527568457,-69387.88472431543,0.6530605763784229
2021-07-17,-1,-0.40803863255299944,718.4620161742422,93.16,-102809.2889058371,0.6273,200000,131424.188357424,-68575.81164257601,0.65712094178712
2021-07-18,0,-0.19575254598711825,0.0,93.95,0.0,0.6228,200000,151258.0985142701,-48741.901485729904,0.7562904925713505
2021-07-19,0,0.010814051633787432,0.0,89.25,0.0,0.5842,200000,151258.0985142701,-48741.901485729904,0.7562904925713505
2021-07-20,0,0.38148063971711366,0.0,85.65,0.0,0.5476,200000,151258.0985142701,-48741.901485729904,0.7562904925713505
2021-07-21,0,-0.06143219289885182,0.0,95.18,0.0,0.6358,200000,151258.0985142701,-48741.901485729904,0.7562904925713505
2021-07-22,0,0.2593210695776394,0.0,97.6,0.0,0.6418,200000,151258.0985142701,-48741.901485729904,0.7562904925713505
2021-07-23,0,0.16120089478692964,0.0,97.73,0.0,0.6507,200000,151258.0985142701,-48741.901485729904,0.7562904925713505
2021-07-24,0,0.35746507775928515,0.0,99.26,0.0,0.6574,200000,151258.0985142701,-48741.901485729904,0.7562904925713505
2021-07-25,0,0.6071822980478185,0.0,100.44,0.0,0.6587,200000,151258.0985142701,-48741.901485729904,0.7562904925713505
2021-07-26,0,0.4524349706725395,0.0,101.33,0.0,0.6755,200000,151258.0985142701,-48741.901485729904,0.7562904925713505
2021-07-27,0,-0.24754814948670872,0.0,102.85,0.0,0.7105,200000,151258.0985142701,-48741.901485729904,0.7562904925713505
2021-07-28,0,0.37617163595156516,0.0,105.88,0.0,0.7071,200000,151258.0985142701,-48741.901485729904,0.7562904925713505
2021-07-29,-1,-1.1646812852322237,701.3079493428695,107.84,-99840.3290523235,0.7575,200000,151258.0985142701,-48741.901485729904,0.7562904925713505
2021-07-30,-2,-1.6399514254414609,0.0,109.91,0.0,0.7797,200000,152022.84636409194,-47977.153635908064,0.7601142318204597
2021-07-31,-2,-2.5518229418410656,0.0,111.15,0.0,0.8192,200000,152022.84636409194,-47977.153635908064,0.7601142318204597
2021-08-01,0,-0.018451895390158606,0.0,115.53,0.0,0.7794,200000,152022.84636409194,-47977.153635908064,0.7601142318204597
2021-08-02,-2,-1.4233301991166945,0.0,115.26,0.0,0.8171,200000,152022.84636409194,-47977.153635908064,0.7601142318204597
2021-08-03,-2,-2.4195838678554393,0.0,114.05,0.0,0.8576,200000,152022.84636409194,-47977.153635908064,0.7601142318204597
2021-08-04,-2,-1.6987494172615047,0.0,118.08,0.0,0.87,200000,152022.84636409194,-47977.153635908064,0.7601142318204597
2021-08-05,-2,-1.7007872023756994,0.0,119.03,0.0,0.8884,200000,152022.84636409194,-47977.153635908064,0.7601142318204597
2021-08-06,0,-0.5682900591275505,0.0,126.93,0.0,0.8964,200000,152022.84636409194,-47977.153635908064,0.7601142318204597
2021-08-07,0,-0.2187985423884029,0.0,134.17,0.0,0.9334,200000,152022.84636409194,-47977.153635908064,0.7601142318204597
2021-08-08,-2,-1.5974752472030829,0.0,123.48,0.0,0.9312,200000,152022.84636409194,-47977.153635908064,0.7601142318204597
2021-08-09,0,-0.9592516642456046,0.0,130.65,0.0,0.956,200000,152022.84636409194,-47977.153635908064,0.7601142318204597
2021-08-10,-1,-1.0340047256535931,576.4117932967769,131.87,-78040.47554624843,0.974,200000,152022.84636409194,-47977.153635908064,0.7601142318204597
2021-08-11,-1,-0.5868866457974727,576.4117932967769,137.18,-78040.47554624843,0.9943,200000,156667.81464008667,-43332.18535991333,0.7833390732004333
2021-08-12,0,-0.18638975753676515,0.0,133.6,0.0,0.9531,200000,149394.60802277192,-50605.39197722808,0.7469730401138597
2021-08-13,0,-0.6458691904858724,0.0,144.93,0.0,1.0596,200000,149394.60802277192,-50605.39197722808,0.7469730401138597
2021-08-14,0,-0.7833738621768662,0.0,144.89,0.0,1.0687,200000,149394.60802277192,-50605.39197722808,0.7469730401138597
2021-08-15,2,1.2284102045956558,0.0,154.82,0.0,1.062,200000,149394.60802277192,-50605.39197722808,0.7469730401138597
2021-08-16,2,1.263286487359296,0.0,150.12,0.0,1.0273,200000,149394.60802277192,-50605.39197722808,0.7469730401138597
2021-08-17,0,0.7746820118840028,0.0,141.45,0.0,0.9899,200000,149394.60802277192,-50605.39197722808,0.7469730401138597
2021-08-18,2,1.319086386404043,0.0,140.76,0.0,0.9653,200000,149394.60802277192,-50605.39197722808,0.7469730401138597
2021-08-19,0,0.775286675348277,0.0,147.37,0.0,1.0278,200000,149394.60802277192,-50605.39197722808,0.7469730401138597
2021-08-20,1,1.0371415358209917,-485.8361236512908,153.75,70542.35906259889,1.0589,200000,149394.60802277192,-50605.39197722808,0.7469730401138597
2021-08-21,1,1.1950071257053716,-485.8361236512908,155.89,70542.35906259889,1.0706,200000,151259.64292841806,-48740.35707158194,0.7562982146420903
2021-08-22,1,0.6188909542719265,-485.8361236512908,160.54,70542.35906259889,1.1226,200000,157186.98357465173,-42813.016425348265,0.7859349178732586
2021-08-23,1,0.4213129884298595,-485.8361236512908,165.12,70542.35906259889,1.1594,200000,162008.0718344783,-37991.928165521706,0.8100403591723915
2021-08-24,1,1.183547321460888,-485.8361236512908,155.3,70542.35906259889,1.0606,200000,150267.57602483785,-49732.42397516215,0.7513378801241892
2021-08-25,1,0.22040603020563942,-485.8361236512908,163.8,70542.35906259889,1.1502,200000,160717.77844788268,-39282.22155211732,0.8035888922394134
2021-08-26,0,-0.8940502404930527,0.0,144.0,0.0,1.048,200000,145426.61753095416,-54573.38246904584,0.7271330876547708
2021-08-27,0,-0.9055015751022808,0.0,152.3,0.0,1.112,200000,145426.61753095416,-54573.38246904584,0.7271330876547708
2021-08-28,0,-0.4791511473010818,0.0,150.5,0.0,1.0798,200000,145426.61753095416,-54573.38246904584,0.7271330876547708
2021-08-29,-2,-1.4607063540213197,0.0,148.3,0.0,1.0961,200000,145426.61753095416,-54573.38246904584,0.7271330876547708
2021-08-30,-2,-1.5540572909169508,0.0,141.2,0.0,1.0473,200000,145426.61753095416,-54573.38246904584,0.7271330876547708
2021-08-31,-2,-1.3744791231810636,0.0,143.8,0.0,1.0636,200000,145426.61753095416,-54573.38246904584,0.7271330876547708
2021-09-01,-2,-1.2575371373426738,0.0,151.7,0.0,1.122,200000,145426.61753095416,-54573.38246904584,0.7271330876547708
2021-09-02,-2,-1.3124191890843004,0.0,150.7,0.0,1.1188,200000,145426.61753095416,-54573.38246904584,0.7271330876547708
2021-09-03,-2,-1.6472478124063397,0.0,156.4,0.0,1.1788,200000,145426.61753095416,-54573.38246904584,0.7271330876547708
2021-09-04,-2,-2.091416920563186,0.0,160.1,0.0,1.2449,200000,145426.61753095416,-54573.38246904584,0.7271330876547708
2021-09-05,-2,-1.3833355555705522,0.0,172.8,0.0,1.3138,200000,145426.61753095416,-54573.38246904584,0.7271330876547708
2021-09-06,-1,-1.0877855152196942,424.9755041816311,171.1,-56301.439229947406,1.2915,200000,145426.61753095416,-54573.38246904584,0.7271330876547708
2021-09-07,-1,-0.5934146739172917,424.9755041816311,136.4,-56301.439229947406,1.0121,200000,114949.34541500425,-85050.65458499575,0.5747467270750213
2021-09-08,-1,-0.6093758662493173,424.9755041816311,135.4,-56301.439229947406,1.0082,200000,114304.79429782582,-85695.20570217418,0.5715239714891291
2021-09-09,-2,-1.5701717770799417,0.0,137.6,0.0,1.0708,200000,147237.5692829894,-52762.430717010604,0.736187846414947
2021-09-10,-2,-1.674092345042326,0.0,128.2,0.0,1.0085,200000,147237.5692829894,-52762.430717010604,0.736187846414947
2021-09-11,-2,-1.9001890154010899,0.0,128.5,0.0,1.0318,200000,147237.5692829894,-52762.430717010604,0.736187846414947
2021-09-12,-2,-1.8468401963671033,0.0,131.3,0.0,1.0638,200000,147237.5692829894,-52762.430717010604,0.736187846414947
2021-09-13,-2,-1.2610589383142377,0.0,127.8,0.0,1.0102,200000,147237.5692829894,-52762.430717010604,0.736187846414947
2021-09-14,-2,-1.3415878730716555,0.0,133.8,0.0,1.0646,200000,147237.5692829894,-52762.430717010604,0.736187846414947
2021-09-15,0,-0.5997407158537902,0.0,139.8,0.0,1.0854,200000,147237.5692829894,-52762.430717010604,0.736187846414947
2021-09-16,-2,-2.0267247327012483,0.0,137.9,0.0,1.1429,200000,147237.5692829894,-52762.430717010604,0.736187846414947
2021-09-17,-1,-1.175388897768528,547.351558672823,134.5,-68108.78401470506,1.0809,200000,147237.5692829894,-52762.430717010604,0.736187846414947
2021-09-18,-1,-1.0996169496961448,547.351558672823,138.6,-68108.78401470506,1.1155,200000,151838.27460045676,-48161.72539954324,0.7591913730022838
2021-09-19,-1,-0.8035281468748271,547.351558672823,133.6,-68108.78401470506,1.0668,200000,145784.6190255765,-54215.38097442349,0.7289230951278826
2021-09-20,0,0.5333464488336974,0.0,119.1,0.0,0.9087,200000,143938.45067921866,-56061.54932078134,0.7196922533960932
2021-09-21,0,0.8666559837920867,0.0,111.7,0.0,0.8448,200000,143938.45067921866,-56061.54932078134,0.7196922533960932
2021-09-22,0,-0.8361807895350525,0.0,121.3,0.0,0.9727,200000,143938.45067921866,-56061.54932078134,0.7196922533960932
2021-09-23,-1,-1.0807143391638552,587.0246765057857,122.6,-72359.9691731443,0.9946,200000,143938.45067921866,-56061.54932078134,0.7196922533960932
2021-09-24,-2,-1.5619067765398265,0.0,110.6,0.0,0.9181,200000,145447.20915554254,-54552.79084445746,0.7272360457777127
2021-09-25,-1,-1.0710390102044565,656.9431307838416,110.7,-80206.90920676218,0.9067,200000,145447.20915554254,-54552.79084445746,0.7272360457777127
2021-09-26,-1,-0.4934634254367367,656.9431307838416,111.2,-80206.90920676218,0.8948,200000,144821.218501374,-55178.78149862599,0.7241060925068701
2021-09-27,-1,-0.7872399238543114,656.9431307838416,104.5,-80206.90920676218,0.8509,200000,136898.61621094542,-63101.383789054584,0.6844930810547271
2021-09-28,-1,-0.49318327074526386,656.9431307838416,100.8,-80206.90920676218,0.8152,200000,131604.53996836377,-68395.46003163623,0.6580226998418188
2021-09-29,0,-0.16413153039819087,0.0,103.7,0.0,0.833,200000,144134.56186249104,-55865.43813750896,0.7206728093124553
2021-09-30,-2,-2.1759073733455425,0.0,107.1,0.0,0.9158,200000,144134.56186249104,-55865.43813750896,0.7206728093124553
2021-10-01,-2,-1.7979461289339411,0.0,114.9,0.0,0.98,200000,144134.56186249104,-55865.43813750896,0.7206728093124553
2021-10-02,-2,-1.5780791388495832,0.0,114.2,0.0,0.9734,200000,144134.56186249104,-55865.43813750896,0.7206728093124553
2021-10-03,-2,-1.2210679312873751,0.0,118.7,0.0,1.0041,200000,144134.56186249104,-55865.43813750896,0.7206728093124553
2021-10-04,0,-0.689758059438465,0.0,116.8,0.0,0.9719,200000,144134.56186249104,-55865.43813750896,0.7206728093124553
2021-10-05,0,-0.6659594796984527,0.0,123.1,0.0,1.0263,200000,144134.56186249104,-55865.43813750896,0.7206728093124553
2021-10-06,0,-0.43594004231790046,0.0,125.4,0.0,1.0372,200000,144134.56186249104,-55865.43813750896,0.7206728093124553
2021-10-07,0,-0.13987929163406204,0.0,125.3,0.0,1.0271,200000,144134.56186249104,-55865.43813750896,0.7206728093124553
2021-10-08,-2,-1.813374931055741,0.0,123.4,0.0,1.0832,200000,144134.56186249104,-55865.43813750896,0.7206728093124553
2021-10-09,-2,-1.5403549166689379,0.0,127.6,0.0,1.1174,200000,144134.56186249104,-55865.43813750896,0.7206728093124553
2021-10-10,-2,-1.4223127787192378,0.0,119.5,0.0,1.0449,200000,144134.56186249104,-55865.43813750896,0.7206728093124553
2021-10-11,0,-0.6604379415919801,0.0,119.7,0.0,1.0179,200000,144134.56186249104,-55865.43813750896,0.7206728093124553
2021-10-12,0,-0.9159149668186307,0.0,116.3,0.0,0.9994,200000,144134.56186249104,-55865.43813750896,0.7206728093124553
2021-10-13,0,-0.8995649584538252,0.0,119.4,0.0,1.0284,200000,144134.56186249104,-55865.43813750896,0.7206728093124553
2021-10-14,0,-0.3993923618066901,0.0,121.8,0.0,1.0352,200000,144134.56186249104,-55865.43813750896,0.7206728093124553
2021-10-15,1,1.1730978426324001,-571.056108805432,126.2,70302.68357354944,1.0251,200000,144134.56186249104,-55865.43813750896,0.7206728093124553
2021-10-16,2,1.775846109610375,0.0,126.1,0.0,1.0054,200000,145462.41911800942,-54537.58088199058,0.7273120955900472
2021-10-17,2,3.370637207769521,0.0,137.7,0.0,0.9908,200000,145462.41911800942,-54537.58088199058,0.7273120955900472
2021-10-18,2,3.0275903207539785,0.0,140.7,0.0,0.9697,200000,145462.41911800942,-54537.58088199058,0.7273120955900472
2021-10-19,2,2.6515035568061163,0.0,144.1,0.0,0.9665,200000,145462.41911800942,-54537.58088199058,0.7273120955900472
2021-10-20,2,2.175614545538288,0.0,149.9,0.0,1.0039,200000,145462.41911800942,-54537.58088199058,0.7273120955900472
2021-10-21,2,2.1241532223857895,0.0,155.0,0.0,1.0055,200000,145462.41911800942,-54537.58088199058,0.7273120955900472
2021-10-22,2,2.307040333869664,0.0,165.0,0.0,1.0033,200000,145462.41911800942,-54537.58088199058,0.7273120955900472
2021-10-23,2,2.211856760371905,0.0,173.6,0.0,1.0144,200000,145462.41911800942,-54537.58088199058,0.7273120955900472
2021-10-24,2,1.973016796217183,0.0,173.0,0.0,0.9958,200000,145462.41911800942,-54537.58088199058,0.7273120955900472
2021-10-25,2,1.5018337651585276,0.0,170.1,0.0,1.0111,200000,145462.41911800942,-54537.58088199058,0.7273120955900472
2021-10-26,0,0.6343816059912103,0.0,161.1,0.0,1.0671,200000,145462.41911800942,-54537.58088199058,0.7273120955900472
2021-10-27,0,0.8685717730316646,0.0,147.1,0.0,0.9313,200000,145462.41911800942,-54537.58088199058,0.7273120955900472
2021-10-28,0,0.9861691344801939,0.0,159.0,0.0,0.9772,200000,145462.41911800942,-54537.58088199058,0.7273120955900472
2021-10-29,0,0.5312489928047633,0.0,162.6,0.0,1.0523,200000,145462.41911800942,-54537.58088199058,0.7273120955900472
2021-10-30,0,-0.5804595885551957,0.0,153.3,0.0,1.152,200000,145462.41911800942,-54537.58088199058,0.7273120955900472
2021-10-31,0,-0.26832877488829837,0.0,167.0,0.0,1.1875,200000,145462.41911800942,-54537.58088199058,0.7273120955900472
2021-11-01,0,-0.5667163599996053,0.0,169.7,0.0,1.241,200000,145462.41911800942,-54537.58088199058,0.7273120955900472
2021-11-02,-1,-1.0040469951980344,423.34813480212284,171.8,-55426.923913279,1.3122,200000,145462.41911800942,-54537.58088199058,0.7273120955900472
2021-11-03,-1,-0.8145328255737685,423.34813480212284,168.3,-55426.923913279,1.2375,200000,139840.30942988006,-60159.69057011994,0.6992015471494003
2021-11-04,-1,-0.8411982596639521,423.34813480212284,163.7,-55426.923913279,1.1942,200000,135492.9222043453,-64507.07779565471,0.6774646110217264
2021-11-05,-1,-0.9644681243238239,423.34813480212284,162.8,-55426.923913279,1.1914,200000,134956.71349606622,-65043.28650393378,0.6747835674803311
2021-11-06,-2,-1.4509690609734707,0.0,159.6,0.0,1.2398,200000,146614.35707127393,-53385.64292872607,0.7330717853563696
2021-11-07,0,-0.9581719602141656,0.0,164.1,0.0,1.2174,200000,146614.35707127393,-53385.64292872607,0.7330717853563696
2021-11-08,0,-0.8557946186242958,0.0,170.8,0.0,1.2622,200000,146614.35707127393,-53385.64292872607,0.7330717853563696
2021-11-09,0,0.32215916680078105,0.0,200.1,0.0,1.3099,200000,146614.35707127393,-53385.64292872607,0.7330717853563696
2021-11-10,0,0.09141871106656518,0.0,179.8,0.0,1.2058,200000,146614.35707127393,-53385.64292872607,0.7330717853563696
2021-11-11,0,0.591331570146317,0.0,204.5,0.0,1.313,200000,146614.35707127393,-53385.64292872607,0.7330717853563696
2021-11-12,0,0.49318235786215864,0.0,202.1,0.0,1.3216,200000,146614.35707127393,-53385.64292872607,0.7330717853563696
2021-11-13,0,0.7032671763941156,0.0,199.1,0.0,1.2961,200000,146614.35707127393,-53385.64292872607,0.7330717853563696
2021-11-14,2,1.2327004863242825,0.0,201.8,0.0,1.2753,200000,146614.35707127393,-53385.64292872607,0.7330717853563696
2021-11-15,2,1.2580300036470176,0.0,195.5,0.0,1.2261,200000,146614.35707127393,-53385.64292872607,0.7330717853563696
2021-11-16,0,0.31371554135165103,0.0,165.7,0.0,1.1176,200000,146614.35707127393,-53385.64292872607,0.7330717853563696
2021-11-17,0,-0.540183276067193,0.0,159.3,0.0,1.1527,200000,146614.35707127393,-53385.64292872607,0.7330717853563696
2021-11-18,0,-0.2947553810590105,0.0,148.2,0.0,1.0583,200000,146614.35707127393,-53385.64292872607,0.7330717853563696
2021-11-19,0,-0.4360985663813981,0.0,158.8,0.0,1.142,200000,146614.35707127393,-53385.64292872607,0.7330717853563696
2021-11-20,1,1.1537217763431862,-408.8520832997042,179.3,63518.91390316001,1.1541,200000,146614.35707127393,-53385.64292872607,0.7330717853563696
2021-11-21,2,3.4558903253348148,0.0,229.4,0.0,1.1176,200000,169416.28680205444,-30583.71319794556,0.8470814340102721
2021-11-22,2,2.1581012795404106,0.0,206.0,0.0,1.0773,200000,169416.28680205444,-30583.71319794556,0.8470814340102721
2021-11-23,2,1.9632246153330761,0.0,218.7,0.0,1.1243,200000,169416.28680205444,-30583.71319794556,0.8470814340102721
2021-11-24,2,2.564690207668326,0.0,260.8,0.0,1.164,200000,169416.28680205444,-30583.71319794556,0.8470814340102721
2021-11-25,2,2.6975683788460745,0.0,294.5,0.0,1.1679,200000,169416.28680205444,-30583.71319794556,0.8470814340102721
2021-11-26,2,1.666685295709408,0.0,246.6,0.0,1.091,200000,169416.28680205444,-30583.71319794556,0.8470814340102721
2021-11-27,0,0.7388415120076672,0.0,243.5,0.0,1.2379,200000,169416.28680205444,-30583.71319794556,0.8470814340102721
2021-11-28,0,0.9016194748402017,0.0,241.2,0.0,1.1736,200000,169416.28680205444,-30583.71319794556,0.8470814340102721
2021-11-29,0,0.8203112789507377,0.0,246.7,0.0,1.1999,200000,169416.28680205444,-30583.71319794556,0.8470814340102721
2021-11-30,0,0.21615799407996772,0.0,220.2,0.0,1.1795,200000,169416.28680205444,-30583.71319794556,0.8470814340102721
2021-12-01,0,0.5279176405550281,0.0,229.8,0.0,1.1535,200000,169416.28680205444,-30583.71319794556,0.8470814340102721
2021-12-02,0,0.5462816630327508,0.0,225.4,0.0,1.1155,200000,169416.28680205444,-30583.71319794556,0.8470814340102721
2021-12-03,0,0.35479246048964325,0.0,206.2,0.0,1.0429,200000,169416.28680205444,-30583.71319794556,0.8470814340102721
2021-12-04,0,0.6504950004136636,0.0,187.6,0.0,0.8949,200000,169416.28680205444,-30583.71319794556,0.8470814340102721
2021-12-05,0,0.8532030745352339,0.0,182.6,0.0,0.8338,200000,169416.28680205444,-30583.71319794556,0.8470814340102721
2021-12-06,0,0.4488487444635368,0.0,179.8,0.0,0.8626,200000,169416.28680205444,-30583.71319794556,0.8470814340102721
2021-12-07,0,-0.15190289741993693,0.0,174.1,0.0,0.9,200000,169416.28680205444,-30583.71319794556,0.8470814340102721
2021-12-08,0,-0.21043158262172354,0.0,178.8,0.0,0.9152,200000,169416.28680205444,-30583.71319794556,0.8470814340102721
2021-12-09,0,-0.6788725038593736,0.0,164.1,0.0,0.8638,200000,169416.28680205444,-30583.71319794556,0.8470814340102721
2021-12-10,0,-0.37636257392748956,0.0,159.4,0.0,0.7999,200000,169416.28680205444,-30583.71319794556,0.8470814340102721
2021-12-11,0,-0.4047929260154821,0.0,168.3,0.0,0.848,200000,169416.28680205444,-30583.71319794556,0.8470814340102721
2021-12-12,0,-0.21332616106810634,0.0,169.6,0.0,0.8394,200000,169416.28680205444,-30583.71319794556,0.8470814340102721
2021-12-13,0,-0.5648648880491683,0.0,147.9,0.0,0.7513,200000,169416.28680205444,-30583.71319794556,0.8470814340102721
2021-12-14,0,-0.4452117498582206,0.0,151.6,0.0,0.7672,200000,169416.28680205444,-30583.71319794556,0.8470814340102721
2021-12-15,0,0.03231183297680929,0.0,159.5,0.0,0.7901,200000,169416.28680205444,-30583.71319794556,0.8470814340102721
2021-12-16,0,-0.6435022126644926,0.0,152.3,0.0,0.7795,200000,169416.28680205444,-30583.71319794556,0.8470814340102721
2021-12-17,0,-0.7872768863677985,0.0,149.9,0.0,0.7721,200000,169416.28680205444,-30583.71319794556,0.8470814340102721
2021-12-18,0,0.12033017156603924,0.0,157.6,0.0,0.7859,200000,169416.28680205444,-30583.71319794556,0.8470814340102721
2021-12-19,0,0.6900620877596967,0.0,157.8,0.0,0.7714,200000,169416.28680205444,-30583.71319794556,0.8470814340102721
2021-12-20,1,1.0443719337992743,-540.5752610148514,156.7,112255.68963825499,0.7546,200000,169416.28680205444,-30583.71319794556,0.8470814340102721
2021-12-21,1,0.8833105596825271,-540.5752610148514,162.2,112255.68963825499,0.7832,200000,175599.9634612902,-24400.0365387098,0.877999817306451
2021-12-22,0,-0.004563666306318698,0.0,165.5,0.0,0.8235,200000,166438.9320829094,-33561.06791709061,0.8321946604145469
2021-12-23,-2,-1.5598239532339524,0.0,167.6,0.0,0.8859,200000,166438.9320829094,-33561.06791709061,0.8321946604145469
2021-12-24,0,-0.7903105300028627,0.0,165.0,0.0,0.8497,200000,166438.9320829094,-33561.06791709061,0.8321946604145469
2021-12-25,0,-0.39161232423742376,0.0,169.5,0.0,0.8625,200000,166438.9320829094,-33561.06791709061,0.8321946604145469
2021-12-26,-2,-1.355781434613458,0.0,167.5,0.0,0.8787,200000,166438.9320829094,-33561.06791709061,0.8321946604145469
2021-12-27,0,-0.8134967195068619,0.0,169.5,0.0,0.876,200000,166438.9320829094,-33561.06791709061,0.8321946604145469
2021-12-28,-2,-1.7483056182752221,0.0,149.7,0.0,0.7992,200000,166438.9320829094,-33561.06791709061,0.8321946604145469
2021-12-29,0,-0.8326460211598112,0.0,146.6,0.0,0.7601,200000,166438.9320829094,-33561.06791709061,0.8321946604145469
2021-12-30,0,-0.7447372784462947,0.0,153.7,0.0,0.7964,200000,166438.9320829094,-33561.06791709061,0.8321946604145469
2021-12-31,-2,-2.162388288046607,0.0,146.5,0.0,0.8042,200000,166438.9320829094,-33561.06791709061,0.8321946604145469
2022-01-01,-2,-2.7375259767534623,0.0,150.3,0.0,0.8748,200000,166438.9320829094,-33561.06791709061,0.8321946604145469
2022-01-02,-2,-2.1732717326171236,0.0,153.0,0.0,0.8876,200000,166438.9320829094,-33561.06791709061,0.8321946604145469
2022-01-03,-2,-2.5814746950039944,0.0,150.5,0.0,0.9401,200000,166438.9320829094,-33561.06791709061,0.8321946604145469
2022-01-04,-2,-1.81915677722541,0.0,147.3,0.0,0.8888,200000,166438.9320829094,-33561.06791709061,0.8321946604145469
2022-01-05,-2,-1.5961499293509602,0.0,136.8,0.0,0.8259,200000,166438.9320829094,-33561.06791709061,0.8321946604145469
2022-01-06,-1,-1.0455563937156338,605.6729697340226,137.4,-104180.60345700388,0.7988,200000,166438.9320829094,-33561.06791709061,0.8321946604145469
2022-01-07,0,-0.07986675233984845,0.0,139.6,0.0,0.7526,200000,160293.30766978097,-39706.692330219026,0.8014665383489048
2022-01-08,1,1.1149266858043612,-558.1243303265354,143.6,112978.08547348532,0.7094,200000,160293.30766978097,-39706.692330219026,0.8014665383489048
2022-01-09,1,0.9402647468093139,-558.1243303265354,144.1,112978.08547348532,0.7242,200000,162244.44549995183,-37755.554500048165,0.8112222274997591
2022-01-10,2,1.4203035560163144,0.0,141.3,0.0,0.6884,200000,161382.16150497313,-38617.83849502687,0.8069108075248657
2022-01-11,0,0.8168262534173635,0.0,141.3,0.0,0.7184,200000,161382.16150497313,-38617.83849502687,0.8069108075248657
2022-01-12,0,0.4460135712171716,0.0,144.5,0.0,0.753,200000,161382.16150497313,-38617.83849502687,0.8069108075248657
2022-01-13,0,0.6250991452696855,0.0,143.3,0.0,0.7375,200000,161382.16150497313,-38617.83849502687,0.8069108075248657
2022-01-14,0,0.3468293110700035,0.0,142.4,0.0,0.7487,200000,161382.16150497313,-38617.83849502687,0.8069108075248657
2022-01-15,0,0.3578975321668541,0.0,144.4,0.0,0.7587,200000,161382.16150497313,-38617.83849502687,0.8069108075248657
2022-01-16,0,-0.04625907463978424,0.0,141.2,0.0,0.7651,200000,161382.16150497313,-38617.83849502687,0.8069108075248657
2022-01-17,0,0.4430552656038501,0.0,138.9,0.0,0.7266,200000,161382.16150497313,-38617.83849502687,0.8069108075248657
2022-01-18,0,-0.13844506068825418,0.0,131.8,0.0,0.72,200000,161382.16150497313,-38617.83849502687,0.8069108075248657
2022-01-19,0,-0.05070880155040499,0.0,125.9,0.0,0.6852,200000,161382.16150497313,-38617.83849502687,0.8069108075248657
2022-01-20,0,-0.23547385433501192,0.0,118.8,0.0,0.6552,200000,161382.16150497313,-38617.83849502687,0.8069108075248657
2022-01-21,0,-0.14947021881515835,0.0,102.3,0.0,0.5589,200000,161382.16150497313,-38617.83849502687,0.8069108075248657
2022-01-22,0,-0.2620204530684301,0.0,94.6,0.0,0.5192,200000,161382.16150497313,-38617.83849502687,0.8069108075248657
2022-01-23,0,-0.660607803196165,0.0,97.5,0.0,0.544,200000,161382.16150497313,-38617.83849502687,0.8069108075248657
2022-01-24,0,0.00023587017429973882,0.0,94.4,0.0,0.5036,200000,161382.16150497313,-38617.83849502687,0.8069108075248657
2022-01-25,-2,-1.5964957025469209,0.0,90.3,0.0,0.5196,200000,161382.16150497313,-38617.83849502687,0.8069108075248657
2022-01-26,-2,-2.021932449631802,0.0,89.8,0.0,0.5302,200000,161382.16150497313,-38617.83849502687,0.8069108075248657
2022-01-27,-2,-1.9164045031546517,0.0,88.7,0.0,0.53,200000,161382.16150497313,-38617.83849502687,0.8069108075248657
2022-01-28,-2,-1.6967490006226242,0.0,91.2,0.0,0.5443,200000,161382.16150497313,-38617.83849502687,0.8069108075248657
2022-01-29,-2,-1.297865655896066,0.0,96.3,0.0,0.5655,200000,161382.16150497313,-38617.83849502687,0.8069108075248657
2022-01-30,-2,-1.4445947130604442,0.0,93.1,0.0,0.554,200000,161382.16150497313,-38617.83849502687,0.8069108075248657
2022-01-31,-2,-1.4461717391471398,0.0,94.5,0.0,0.5669,200000,161382.16150497313,-38617.83849502687,0.8069108075248657
