date,statusList,zscore,ZECUSDT_position,ZECUSDT_price,ENJUSDT_position,ENJUSDT_price,init,total_asset,pnl,return
2020-01-01,0,,0.0,28.07,0.0,0.07963,200000,200000.0,0.0,1.0
2020-01-02,0,,0.0,27.02,0.0,0.07371,200000,200000.0,0.0,1.0
2020-01-03,0,,0.0,28.41,0.0,0.078,200000,200000.0,0.0,1.0
2020-01-04,0,,0.0,29.91,0.0,0.0772,200000,200000.0,0.0,1.0
2020-01-05,0,,0.0,30.81,0.0,0.07637,200000,200000.0,0.0,1.0
2020-01-06,0,,0.0,32.86,0.0,0.07578,200000,200000.0,0.0,1.0
2020-01-07,0,,0.0,32.24,0.0,0.073,200000,200000.0,0.0,1.0
2020-01-08,0,,0.0,30.88,0.0,0.0754,200000,200000.0,0.0,1.0
2020-01-09,0,,0.0,30.83,0.0,0.07193,200000,200000.0,0.0,1.0
2020-01-10,0,,0.0,33.69,0.0,0.073,200000,200000.0,0.0,1.0
2020-01-11,0,,0.0,34.88,0.0,0.0721,200000,200000.0,0.0,1.0
2020-01-12,0,,0.0,35.52,0.0,0.07214,200000,200000.0,0.0,1.0
2020-01-13,0,,0.0,38.32,0.0,0.07174,200000,200000.0,0.0,1.0
2020-01-14,0,,0.0,43.83,0.0,0.07253,200000,200000.0,0.0,1.0
2020-01-15,0,,0.0,54.97,0.0,0.076,200000,200000.0,0.0,1.0
2020-01-16,0,,0.0,50.8,0.0,0.08131,200000,200000.0,0.0,1.0
2020-01-17,0,,0.0,61.54,0.0,0.08039,200000,200000.0,0.0,1.0
2020-01-18,0,,0.0,51.16,0.0,0.07721,200000,200000.0,0.0,1.0
2020-01-19,0,,0.0,51.56,0.0,0.07361,200000,200000.0,0.0,1.0
2020-01-20,2,1.3960334427998453,0.0,53.68,0.0,0.0758,200000,200000.0,0.0,1.0
2020-01-21,1,1.178142242818381,-1877.581674802854,53.26,1305312.6223730585,0.07661,200000,200000.0,0.0,1.0
2020-01-22,1,0.887554820637911,-1877.581674802854,52.21,1305312.6223730585,0.07815,200000,200038.72067991152,38.72067991152289,1.0001936033995575
2020-01-23,0,0.10256193863514422,0.0,49.6,0.0,0.08656,200000,180140.19047760963,-19859.809522390366,0.9007009523880481
2020-01-24,0,0.03324609172474729,0.0,48.82,0.0,0.08515,200000,180140.19047760963,-19859.809522390366,0.9007009523880481
2020-01-25,0,-0.21626072571119564,0.0,48.72,0.0,0.0882,200000,180140.19047760963,-19859.809522390366,0.9007009523880481
2020-01-26,0,0.25864435447016504,0.0,53.65,0.0,0.08741,200000,180140.19047760963,-19859.809522390366,0.9007009523880481
2020-01-27,0,0.1659145983277582,0.0,55.18,0.0,0.09026,200000,180140.19047760963,-19859.809522390366,0.9007009523880481
2020-01-28,0,0.40603674652192057,0.0,56.74,0.0,0.08811,200000,180140.19047760963,-19859.809522390366,0.9007009523880481
2020-01-29,0,0.8069781594130186,0.0,61.74,0.0,0.08978,200000,180140.19047760963,-19859.809522390366,0.9007009523880481
2020-01-30,0,0.3921858644002846,0.0,66.3,0.0,0.1006,200000,180140.19047760963,-19859.809522390366,0.9007009523880481
2020-01-31,0,0.8285379176636394,0.0,66.51,0.0,0.09531,200000,180140.19047760963,-19859.809522390366,0.9007009523880481
2020-02-01,0,-0.2636254172640243,0.0,66.03,0.0,0.10476,200000,180140.19047760963,-19859.809522390366,0.9007009523880481
2020-02-02,-1,-1.0242228626651924,1357.2949855154434,66.36,-802048.9335601497,0.1123,200000,180140.19047760963,-19859.809522390366,0.9007009523880481
2020-02-03,-2,-1.4048721111000149,0.0,65.52,0.0,0.11619,200000,184400.2886169916,-15599.711383008398,0.922001443084958
2020-02-04,-2,-2.676580003007458,0.0,64.34,0.0,0.1469,200000,184400.2886169916,-15599.711383008398,0.922001443084958
2020-02-05,-2,-1.280987266720034,0.0,71.19,0.0,0.13421,200000,184400.2886169916,-15599.711383008398,0.922001443084958
2020-02-06,-2,-1.4231926479295256,0.0,70.14,0.0,0.13726,200000,184400.2886169916,-15599.711383008398,0.922001443084958
2020-02-07,-1,-1.15013154614819,1348.3495804108775,68.38,-703495.6837211644,0.13106,200000,184400.2886169916,-15599.711383008398,0.922001443084958
2020-02-08,-1,-0.7494979126046242,1348.3495804108775,70.02,-703495.6837211644,0.1283,200000,184669.93384179502,-15330.06615820498,0.9233496692089751
2020-02-09,-1,-0.8285625193017823,1348.3495804108775,71.33,-703495.6837211644,0.13362,200000,190178.86882952985,-9821.131170470151,0.9508943441476493
2020-02-10,-2,-1.2407795640743446,0.0,69.77,0.0,0.14051,200000,189174.11691138547,-10825.88308861453,0.9458705845569273
2020-02-11,0,-0.7499191448902561,0.0,72.68,0.0,0.13851,200000,189174.11691138547,-10825.88308861453,0.9458705845569273
2020-02-12,0,-0.8004969282493288,0.0,73.12,0.0,0.14127,200000,189174.11691138547,-10825.88308861453,0.9458705845569273
2020-02-13,0,-0.5809102890966017,0.0,72.01,0.0,0.13586,200000,189174.11691138547,-10825.88308861453,0.9458705845569273
2020-02-14,0,-0.8733625343082313,0.0,72.92,0.0,0.144,200000,189174.11691138547,-10825.88308861453,0.9458705845569273
2020-02-15,-1,-1.06124121984473,1467.3760232034244,64.46,-712037.4770829022,0.13284,200000,189174.11691138547,-10825.88308861453,0.9458705845569273
2020-02-16,-1,-0.990193522493309,1467.3760232034244,60.0,-712037.4770829022,0.12425,200000,176513.21791975608,-23486.782080243924,0.8825660895987804
2020-02-17,-1,-1.0744604995249534,1467.3760232034244,64.2,-712037.4770829022,0.13694,200000,191711.95280139247,-8288.047198607528,0.9585597640069623
2020-02-18,-1,-0.9968098576408718,1467.3760232034244,65.74,-712037.4770829022,0.13992,200000,196093.58355883276,-3906.416441167239,0.9804679177941638
2020-02-19,-1,-1.1032625012268247,1467.3760232034244,62.1,-712037.4770829022,0.13558,200000,187662.09218383254,-12337.907816167455,0.9383104609191627
2020-02-20,-1,-1.129925690280401,1467.3760232034244,60.79,-712037.4770829022,0.1321,200000,183261.93917318754,-16738.060826812463,0.9163096958659377
2020-02-21,-1,-0.6277087825514273,1467.3760232034244,61.56,-712037.4770829022,0.1278,200000,181330.0575595977,-18669.942440402287,0.9066502877979885
2020-02-22,-1,-0.36641952891601254,1467.3760232034244,60.73,-712037.4770829022,0.12428,200000,177605.76354100707,-22394.236458992935,0.8880288177050353
2020-02-23,-1,-0.4739415426738661,1467.3760232034244,63.32,-712037.4770829022,0.1312,200000,186333.56678251762,-13666.43321748238,0.9316678339125881
2020-02-24,0,-0.10920793436048615,0.0,60.7,0.0,0.12219,200000,187108.2516276974,-12891.748372302594,0.935541258138487
2020-02-25,0,0.814173522801097,0.0,57.06,0.0,0.10971,200000,187108.2516276974,-12891.748372302594,0.935541258138487
2020-02-26,1,1.1119580191071998,-1822.6013211347888,51.33,965172.0397590911,0.09693,200000,187108.2516276974,-12891.748372302594,0.935541258138487
2020-02-27,1,0.8645653459786202,-1822.6013211347888,52.96,965172.0397590911,0.10124,200000,194238.98327250878,-5761.016727491224,0.9711949163625438
2020-02-28,1,0.3467560138241233,-1822.6013211347888,50.83,965172.0397590911,0.10033,200000,189478.53590231092,-10521.46409768908,0.9473926795115546
2020-02-29,1,0.5783248129685106,-1822.6013211347888,48.96,965172.0397590911,0.09593,200000,181823.51445684885,-18176.485543151153,0.9091175722842443
2020-03-01,0,-0.4323633967599491,0.0,49.1,0.0,0.10094,200000,179173.5108021329,-20826.489197867108,0.8958675540106644
2020-03-02,0,-0.5717010116578849,0.0,52.33,0.0,0.10869,200000,179173.5108021329,-20826.489197867108,0.8958675540106644
2020-03-03,0,-0.8395002065979454,0.0,50.78,0.0,0.10726,200000,179173.5108021329,-20826.489197867108,0.8958675540106644
2020-03-04,0,-0.5600727495771551,0.0,50.17,0.0,0.10496,200000,179173.5108021329,-20826.489197867108,0.8958675540106644
2020-03-05,0,-0.8325259095202927,0.0,51.84,0.0,0.11016,200000,179173.5108021329,-20826.489197867108,0.8958675540106644
2020-03-06,0,-0.6274084989089554,0.0,53.3,0.0,0.11242,200000,179173.5108021329,-20826.489197867108,0.8958675540106644
2020-03-07,0,-0.2796807956176383,0.0,50.59,0.0,0.10512,200000,179173.5108021329,-20826.489197867108,0.8958675540106644
2020-03-08,0,0.24826393310816885,0.0,42.83,0.0,0.08681,200000,179173.5108021329,-20826.489197867108,0.8958675540106644
2020-03-09,0,-0.33014262950291023,0.0,42.18,0.0,0.08745,200000,179173.5108021329,-20826.489197867108,0.8958675540106644
2020-03-10,0,-0.9892663692802555,0.0,41.4,0.0,0.08797,200000,179173.5108021329,-20826.489197867108,0.8958675540106644
2020-03-11,0,-0.3335584882353432,0.0,40.24,0.0,0.083,200000,179173.5108021329,-20826.489197867108,0.8958675540106644
2020-03-12,2,3.3963694657949492,0.0,25.45,0.0,0.04262,200000,179173.5108021329,-20826.489197867108,0.8958675540106644
2020-03-13,2,1.6857589316895554,0.0,27.34,0.0,0.04934,200000,179173.5108021329,-20826.489197867108,0.8958675540106644
2020-03-14,0,0.10094376090927137,0.0,24.95,0.0,0.04949,200000,179173.5108021329,-20826.489197867108,0.8958675540106644
2020-03-15,0,0.2281901658904457,0.0,25.68,0.0,0.05047,200000,179173.5108021329,-20826.489197867108,0.8958675540106644
2020-03-16,1,1.0521519368521988,-3629.9333630902124,24.68,1948385.2849296748,0.04598,200000,179173.5108021329,-20826.489197867108,0.8958675540106644
2020-03-17,0,-0.30208526046916934,0.0,25.06,0.0,0.05107,200000,170635.6043798151,-29364.395620184892,0.8531780218990755
2020-03-18,2,1.9464653399512506,0.0,29.73,0.0,0.05195,200000,170635.6043798151,-29364.395620184892,0.8531780218990755
2020-03-19,-2,-1.7170929183016466,0.0,31.95,0.0,0.07392,200000,170635.6043798151,-29364.395620184892,0.8531780218990755
2020-03-20,-2,-1.3187431335130586,0.0,33.08,0.0,0.07488,200000,170635.6043798151,-29364.395620184892,0.8531780218990755
2020-03-21,-2,-1.4363668995807994,0.0,33.03,0.0,0.07671,200000,170635.6043798151,-29364.395620184892,0.8531780218990755
2020-03-22,-2,-1.4844552212793434,0.0,29.49,0.0,0.07,200000,170635.6043798151,-29364.395620184892,0.8531780218990755
2020-03-23,-1,-1.198533322121515,2662.021909201484,32.05,-1145205.3985222492,0.0745,200000,170635.6043798151,-29364.395620184892,0.8531780218990755
2020-03-24,-2,-1.6428757049474514,0.0,32.79,0.0,0.08232,200000,177621.21438345002,-22378.785616549983,0.8881060719172501
2020-03-25,-2,-1.5131546447338826,0.0,32.2,0.0,0.08132,200000,177621.21438345002,-22378.785616549983,0.8881060719172501
2020-03-26,-2,-1.982066347010011,0.0,32.46,0.0,0.09292,200000,177621.21438345002,-22378.785616549983,0.8881060719172501
2020-03-27,-2,-1.4121753177091272,0.0,31.01,0.0,0.08281,200000,177621.21438345002,-22378.785616549983,0.8881060719172501
2020-03-28,-2,-1.51627980878718,0.0,30.38,0.0,0.08585,200000,177621.21438345002,-22378.785616549983,0.8881060719172501
2020-03-29,-2,-1.4477482941641535,0.0,28.22,0.0,0.08165,200000,177621.21438345002,-22378.785616549983,0.8881060719172501
2020-03-30,-2,-1.4769529612125478,0.0,30.54,0.0,0.0928,200000,177621.21438345002,-22378.785616549983,0.8881060719172501
2020-03-31,-2,-1.288529899279377,0.0,30.9,0.0,0.09304,200000,177621.21438345002,-22378.785616549983,0.8881060719172501
2020-04-01,-1,-1.1525030554925466,2835.5877136566096,31.32,-955774.9374916595,0.09292,200000,177621.21438345002,-22378.785616549983,0.8881060719172501
2020-04-02,-1,-0.8976828439235218,2835.5877136566096,32.23,-955774.9374916595,0.09192,200000,179245.82426538586,-20754.17573461414,0.8962291213269293
2020-04-03,-1,-0.6585455054504409,2835.5877136566096,32.66,-955774.9374916595,0.09009,200000,178716.0588466485,-21283.94115335151,0.8935802942332425
2020-04-04,-1,-0.8982054098099862,2835.5877136566096,33.03,-955774.9374916595,0.09744,200000,186790.17209126512,-13209.827908734878,0.9339508604563256
2020-04-05,-1,-0.6964953760102763,2835.5877136566096,32.52,-955774.9374916595,0.09335,200000,181434.90286295937,-18565.097137040633,0.9071745143147968
2020-04-06,0,-0.11779061184731351,0.0,37.56,0.0,0.099,200000,165738.25867018208,-34261.741329817916,0.8286912933509104
2020-04-07,0,0.17267890545168163,0.0,36.45,0.0,0.0951,200000,165738.25867018208,-34261.741329817916,0.8286912933509104
2020-04-08,0,0.38818813286106996,0.0,37.86,0.0,0.09748,200000,165738.25867018208,-34261.741329817916,0.8286912933509104
2020-04-09,2,1.3244374204581588,0.0,40.71,0.0,0.09743,200000,165738.25867018208,-34261.741329817916,0.8286912933509104
2020-04-10,2,1.3702841257175669,0.0,36.62,0.0,0.08777,200000,165738.25867018208,-34261.741329817916,0.8286912933509104
2020-04-11,2,1.3253451691678093,0.0,36.2,0.0,0.08727,200000,165738.25867018208,-34261.741329817916,0.8286912933509104
2020-04-12,2,1.3641915667134372,0.0,36.38,0.0,0.08803,200000,165738.25867018208,-34261.741329817916,0.8286912933509104
2020-04-13,0,0.8957013061291375,0.0,35.75,0.0,0.0896,200000,165738.25867018208,-34261.741329817916,0.8286912933509104
2020-04-14,0,0.6189942983371199,0.0,35.51,0.0,0.09103,200000,165738.25867018208,-34261.741329817916,0.8286912933509104
2020-04-15,0,0.24577663384936288,0.0,35.08,0.0,0.09227,200000,165738.25867018208,-34261.741329817916,0.8286912933509104
2020-04-16,0,0.9248104002648885,0.0,38.74,0.0,0.09621,200000,165738.25867018208,-34261.741329817916,0.8286912933509104
2020-04-17,2,1.5817392909517143,0.0,40.4,0.0,0.094,200000,165738.25867018208,-34261.741329817916,0.8286912933509104
2020-04-18,0,0.7034844272814708,0.0,42.13,0.0,0.10438,200000,165738.25867018208,-34261.741329817916,0.8286912933509104
2020-04-19,2,2.2615300102521543,0.0,46.44,0.0,0.0993,200000,165738.25867018208,-34261.741329817916,0.8286912933509104
2020-04-20,1,1.073971725476182,-1978.2556537381486,41.89,848808.0439935578,0.09763,200000,165738.25867018208,-34261.741329817916,0.8286912933509104
2020-04-21,0,-0.09758225659633385,0.0,42.09,0.0,0.10726,200000,157959.88833727175,-42040.111662728246,0.7897994416863587
2020-04-22,0,0.17039233902076675,0.0,45.53,0.0,0.11295,200000,157959.88833727175,-42040.111662728246,0.7897994416863587
2020-04-23,-1,-1.055415711153115,1776.426994346286,44.46,-652996.6446352698,0.12095,200000,157959.88833727175,-42040.111662728246,0.7897994416863587
2020-04-24,-2,-2.0668512474502094,0.0,44.08,0.0,0.13049,200000,164864.51858494378,-35135.481415056216,0.8243225929247189
2020-04-25,-2,-2.7329004851584586,0.0,44.7,0.0,0.14889,200000,164864.51858494378,-35135.481415056216,0.8243225929247189
2020-04-26,-2,-1.973430502781093,0.0,44.59,0.0,0.14149,200000,164864.51858494378,-35135.481415056216,0.8243225929247189
2020-04-27,-2,-1.5383960024181582,0.0,44.46,0.0,0.13679,200000,164864.51858494378,-35135.481415056216,0.8243225929247189
2020-04-28,-2,-1.4584319666894885,0.0,44.62,0.0,0.13898,200000,164864.51858494378,-35135.481415056216,0.8243225929247189
2020-04-29,-1,-1.1515775034100175,1751.269583438961,47.07,-576328.4576135909,0.14303,200000,164864.51858494378,-35135.481415056216,0.8243225929247189
2020-04-30,-1,-1.0714113107503562,1751.269583438961,44.76,-576328.4576135909,0.13668,200000,157159.4001413535,-42840.599858646514,0.7857970007067674
2020-05-01,-1,-1.0276963075573475,1751.269583438961,45.73,-576328.4576135909,0.14096,200000,161324.81743587545,-38675.18256412455,0.8066240871793773
2020-05-02,-1,-0.951714716946547,1751.269583438961,46.5,-576328.4576135909,0.14384,200000,164333.1209730506,-35666.879026949406,0.821665604865253
2020-05-03,-1,-0.7404691991204697,1751.269583438961,44.78,-576328.4576135909,0.13582,200000,156698.7830594746,-43301.216940525395,0.783493915297373
2020-05-04,-1,-0.8133779935788826,1751.269583438961,44.02,-576328.4576135909,0.13653,200000,155777.01138096664,-44222.988619033364,0.7788850569048331
2020-05-05,-1,-1.1400169577085533,1751.269583438961,43.84,-576328.4576135909,0.14571,200000,160752.47809684038,-39247.52190315962,0.803762390484202
2020-05-06,-1,-1.0595209705887771,1751.269583438961,42.3,-576328.4576135909,0.14136,200000,155548.49414772526,-44451.50585227474,0.7777424707386262
2020-05-07,-1,-0.7621933765764364,1751.269583438961,44.17,-576328.4576135909,0.14239,200000,159416.9865800981,-40583.013419901894,0.7970849329004905
2020-05-08,-1,-0.37404051775417246,1751.269583438961,46.76,-576328.4576135909,0.14369,200000,164702.0017961027,-35297.998203897296,0.8235100089805135
2020-05-09,-1,-0.6879658469768244,1751.269583438961,45.0,-576328.4576135909,0.14506,200000,162409.33731618072,-37590.662683819275,0.8120466865809036
2020-05-10,-2,-1.3610893723423299,0.0,40.9,0.0,0.14216,200000,175168.44615663838,-24831.553843361617,0.8758422307831919
2020-05-11,-2,-1.9014617852011024,0.0,39.68,0.0,0.14798,200000,175168.44615663838,-24831.553843361617,0.8758422307831919
2020-05-12,-2,-2.2864696412421606,0.0,42.21,0.0,0.16301,200000,175168.44615663838,-24831.553843361617,0.8758422307831919
2020-05-13,-2,-1.8777786143797894,0.0,42.89,0.0,0.1613,200000,175168.44615663838,-24831.553843361617,0.8758422307831919
2020-05-14,-2,-1.641087114789147,0.0,43.2,0.0,0.16216,200000,175168.44615663838,-24831.553843361617,0.8758422307831919
2020-05-15,-2,-1.7666130024076823,0.0,41.87,0.0,0.16284,200000,175168.44615663838,-24831.553843361617,0.8758422307831919
2020-05-16,-2,-1.3696758529441715,0.0,42.51,0.0,0.16157,200000,175168.44615663838,-24831.553843361617,0.8758422307831919
2020-05-17,0,-0.501221599513918,0.0,46.25,0.0,0.16216,200000,175168.44615663838,-24831.553843361617,0.8758422307831919
2020-05-18,0,0.1929791091776978,0.0,48.07,0.0,0.15863,200000,175168.44615663838,-24831.553843361617,0.8758422307831919
2020-05-19,0,-0.028694886096331494,0.0,48.97,0.0,0.16573,200000,175168.44615663838,-24831.553843361617,0.8758422307831919
2020-05-20,0,-0.41502081550292214,0.0,48.39,0.0,0.1705,200000,175168.44615663838,-24831.553843361617,0.8758422307831919
2020-05-21,-2,-1.3143919443200636,0.0,46.0,0.0,0.17819,200000,175168.44615663838,-24831.553843361617,0.8758422307831919
2020-05-22,0,-0.4864819581120818,0.0,47.7,0.0,0.17229,200000,175168.44615663838,-24831.553843361617,0.8758422307831919
2020-05-23,0,-0.8962644621297382,0.0,46.91,0.0,0.17679,200000,175168.44615663838,-24831.553843361617,0.8758422307831919
2020-05-24,0,-0.4879871340481429,0.0,45.0,0.0,0.16501,200000,175168.44615663838,-24831.553843361617,0.8758422307831919
2020-05-25,-2,-1.5750844888059456,0.0,45.94,0.0,0.18673,200000,175168.44615663838,-24831.553843361617,0.8758422307831919
2020-05-26,-2,-1.6015282990209916,0.0,44.85,0.0,0.1864,200000,175168.44615663838,-24831.553843361617,0.8758422307831919
2020-05-27,-2,-2.2373573800209834,0.0,46.21,0.0,0.21381,200000,175168.44615663838,-24831.553843361617,0.8758422307831919
2020-05-28,-2,-1.4963130265316944,0.0,47.73,0.0,0.20497,200000,175168.44615663838,-24831.553843361617,0.8758422307831919
2020-05-29,-2,-1.4747517830640622,0.0,46.6,0.0,0.20202,200000,175168.44615663838,-24831.553843361617,0.8758422307831919
2020-05-30,0,0.29209208800032377,0.0,54.55,0.0,0.20269,200000,175168.44615663838,-24831.553843361617,0.8758422307831919
2020-05-31,0,-0.5846040171002016,0.0,51.51,0.0,0.20685,200000,175168.44615663838,-24831.553843361617,0.8758422307831919
2020-06-01,0,0.041854251345581364,0.0,54.65,0.0,0.20784,200000,175168.44615663838,-24831.553843361617,0.8758422307831919
2020-06-02,0,-0.08140280763339776,0.0,51.48,0.0,0.19804,200000,175168.44615663838,-24831.553843361617,0.8758422307831919
2020-06-03,0,0.1839529365439289,0.0,52.83,0.0,0.19882,200000,175168.44615663838,-24831.553843361617,0.8758422307831919
2020-06-04,0,-0.0029157684230045255,0.0,52.24,0.0,0.19949,200000,175168.44615663838,-24831.553843361617,0.8758422307831919
2020-06-05,0,-0.04808657391720948,0.0,52.57,0.0,0.2016,200000,175168.44615663838,-24831.553843361617,0.8758422307831919
2020-06-06,0,0.08538079279558122,0.0,52.83,0.0,0.20127,200000,175168.44615663838,-24831.553843361617,0.8758422307831919
2020-06-07,0,0.3313116041673462,0.0,52.21,0.0,0.19704,200000,175168.44615663838,-24831.553843361617,0.8758422307831919
2020-06-08,0,-0.10605592868304163,0.0,52.5,0.0,0.20589,200000,175168.44615663838,-24831.553843361617,0.8758422307831919
2020-06-09,0,0.12793426096643506,0.0,51.98,0.0,0.20195,200000,175168.44615663838,-24831.553843361617,0.8758422307831919
2020-06-10,0,0.7291469942781734,0.0,55.21,0.0,0.20661,200000,175168.44615663838,-24831.553843361617,0.8758422307831919
2020-06-11,0,0.806714735000114,0.0,49.64,0.0,0.18555,200000,175168.44615663838,-24831.553843361617,0.8758422307831919
2020-06-12,0,0.8230899090076499,0.0,51.61,0.0,0.19258,200000,175168.44615663838,-24831.553843361617,0.8758422307831919
2020-06-13,2,1.3683491843430462,0.0,52.81,0.0,0.19078,200000,175168.44615663838,-24831.553843361617,0.8758422307831919
2020-06-14,2,1.514266214737426,0.0,51.1,0.0,0.18106,200000,175168.44615663838,-24831.553843361617,0.8758422307831919
2020-06-15,2,1.8780825423709624,0.0,52.2,0.0,0.178,200000,175168.44615663838,-24831.553843361617,0.8758422307831919
2020-06-16,2,1.8963832161707972,0.0,52.97,0.0,0.18002,200000,175168.44615663838,-24831.553843361617,0.8758422307831919
2020-06-17,2,2.2559646014209567,0.0,52.91,0.0,0.17334,200000,175168.44615663838,-24831.553843361617,0.8758422307831919
2020-06-18,2,1.3739746728081024,0.0,51.95,0.0,0.17833,200000,175168.44615663838,-24831.553843361617,0.8758422307831919
2020-06-19,2,1.6300947775369168,0.0,51.41,0.0,0.17215,200000,175168.44615663838,-24831.553843361617,0.8758422307831919
2020-06-20,2,1.640408073892878,0.0,51.4,0.0,0.1702,200000,175168.44615663838,-24831.553843361617,0.8758422307831919
2020-06-21,2,1.2063800525137076,0.0,50.51,0.0,0.17002,200000,175168.44615663838,-24831.553843361617,0.8758422307831919
2020-06-22,2,1.322433039825586,0.0,53.53,0.0,0.17744,200000,175168.44615663838,-24831.553843361617,0.8758422307831919
2020-06-23,2,2.0187141492271397,0.0,58.23,0.0,0.18156,200000,175168.44615663838,-24831.553843361617,0.8758422307831919
2020-06-24,2,1.5299627980112525,0.0,55.2,0.0,0.17518,200000,175168.44615663838,-24831.553843361617,0.8758422307831919
2020-06-25,2,1.915359835690304,0.0,55.81,0.0,0.16943,200000,175168.44615663838,-24831.553843361617,0.8758422307831919
2020-06-26,2,2.2706880595318566,0.0,55.7,0.0,0.15988,200000,175168.44615663838,-24831.553843361617,0.8758422307831919
2020-06-27,2,1.742830717531092,0.0,52.24,0.0,0.15288,200000,175168.44615663838,-24831.553843361617,0.8758422307831919
2020-06-28,2,1.245333428189886,0.0,51.81,0.0,0.15626,200000,175168.44615663838,-24831.553843361617,0.8758422307831919
2020-06-29,0,0.1753613451630836,0.0,52.42,0.0,0.17126,200000,175168.44615663838,-24831.553843361617,0.8758422307831919
2020-06-30,0,0.15783119121986833,0.0,51.44,0.0,0.16731,200000,175168.44615663838,-24831.553843361617,0.8758422307831919
2020-07-01,0,-0.23055114735679083,0.0,51.86,0.0,0.1724,200000,175168.44615663838,-24831.553843361617,0.8758422307831919
2020-07-02,0,-0.017392454996992823,0.0,51.18,0.0,0.16659,200000,175168.44615663838,-24831.553843361617,0.8758422307831919
2020-07-03,0,-0.6126718605769238,0.0,51.11,0.0,0.17156,200000,175168.44615663838,-24831.553843361617,0.8758422307831919
2020-07-04,-2,-1.4423330472898521,0.0,51.43,0.0,0.1813,200000,175168.44615663838,-24831.553843361617,0.8758422307831919
2020-07-05,0,-0.7416173935491098,0.0,51.16,0.0,0.17281,200000,175168.44615663838,-24831.553843361617,0.8758422307831919
2020-07-06,0,0.03859253766344425,0.0,55.55,0.0,0.17904,200000,175168.44615663838,-24831.553843361617,0.8758422307831919
2020-07-07,0,0.1263526576818769,0.0,55.08,0.0,0.17649,200000,175168.44615663838,-24831.553843361617,0.8758422307831919
2020-07-08,0,0.13832182941488633,0.0,57.94,0.0,0.18493,200000,175168.44615663838,-24831.553843361617,0.8758422307831919
2020-07-09,0,-0.2552894890161178,0.0,56.86,0.0,0.18497,200000,175168.44615663838,-24831.553843361617,0.8758422307831919
2020-07-10,0,0.3260377633747581,0.0,56.07,0.0,0.17662,200000,175168.44615663838,-24831.553843361617,0.8758422307831919
2020-07-11,0,-0.33317083254791635,0.0,55.84,0.0,0.18153,200000,175168.44615663838,-24831.553843361617,0.8758422307831919
2020-07-12,1,1.0869074320633256,-1493.3371368852377,58.65,495105.83990005194,0.1769,200000,175168.44615663838,-24831.553843361617,0.8758422307831919
2020-07-13,2,1.4493289511018608,0.0,61.26,0.0,0.18039,200000,177338.13670265768,-22661.863297342323,0.8866906835132884
2020-07-14,0,0.9829546666355377,0.0,62.02,0.0,0.18618,200000,177338.13670265768,-22661.863297342323,0.8866906835132884
2020-07-15,0,0.8996900972919594,0.0,61.14,0.0,0.18421,200000,177338.13670265768,-22661.863297342323,0.8866906835132884
2020-07-16,0,-0.3876567368592071,0.0,59.1,0.0,0.19179,200000,177338.13670265768,-22661.863297342323,0.8866906835132884
2020-07-17,-1,-1.1047704475771103,1490.2364428794763,59.5,-440416.5715557981,0.20133,200000,177338.13670265768,-22661.863297342323,0.8866906835132884
2020-07-18,-2,-1.6920450671302454,0.0,59.06,0.0,0.20832,200000,181072.35257269966,-18927.64742730034,0.9053617628634983
2020-07-19,-2,-1.614870023938289,0.0,58.38,0.0,0.2074,200000,181072.35257269966,-18927.64742730034,0.9053617628634983
2020-07-20,0,-0.743300798094491,0.0,57.05,0.0,0.19329,200000,181072.35257269966,-18927.64742730034,0.9053617628634983
2020-07-21,0,0.7888728734751665,0.0,62.45,0.0,0.1938,200000,181072.35257269966,-18927.64742730034,0.9053617628634983
2020-07-22,2,1.4719297654802825,0.0,64.28,0.0,0.19071,200000,181072.35257269966,-18927.64742730034,0.9053617628634983
2020-07-23,2,1.5352347669590634,0.0,63.51,0.0,0.18567,200000,181072.35257269966,-18927.64742730034,0.9053617628634983
2020-07-24,2,1.2262400198531709,0.0,63.01,0.0,0.18625,200000,181072.35257269966,-18927.64742730034,0.9053617628634983
2020-07-25,2,1.6111109428706831,0.0,65.69,0.0,0.18782,200000,181072.35257269966,-18927.64742730034,0.9053617628634983
2020-07-26,2,2.1266237658197342,0.0,66.15,0.0,0.17916,200000,181072.35257269966,-18927.64742730034,0.9053617628634983
2020-07-27,2,2.9487249150290733,0.0,70.77,0.0,0.1689,200000,181072.35257269966,-18927.64742730034,0.9053617628634983
2020-07-28,2,2.0563937995821973,0.0,70.57,0.0,0.17452,200000,181072.35257269966,-18927.64742730034,0.9053617628634983
2020-07-29,2,1.8604637285343069,0.0,72.13,0.0,0.17634,200000,181072.35257269966,-18927.64742730034,0.9053617628634983
2020-07-30,2,1.370452614875091,0.0,70.48,0.0,0.1778,200000,181072.35257269966,-18927.64742730034,0.9053617628634983
2020-07-31,2,1.86087730820263,0.0,74.9,0.0,0.17419,200000,181072.35257269966,-18927.64742730034,0.9053617628634983
2020-08-01,2,2.637465342420832,0.0,89.37,0.0,0.17653,200000,181072.35257269966,-18927.64742730034,0.9053617628634983
2020-08-02,2,1.869167048273462,0.0,84.31,0.0,0.17523,200000,181072.35257269966,-18927.64742730034,0.9053617628634983
2020-08-03,2,1.3996687483867798,0.0,82.3,0.0,0.178,200000,181072.35257269966,-18927.64742730034,0.9053617628634983
2020-08-04,1,1.1332342920879765,-1066.0093757959476,84.93,482576.49531661335,0.18761,200000,181072.35257269966,-18927.64742730034,0.9053617628634983
2020-08-05,2,1.7436063601212968,0.0,97.46,0.0,0.18978,200000,193382.2590565858,-6617.740943414188,0.9669112952829291
2020-08-06,2,1.408968161477019,0.0,96.75,0.0,0.1932,200000,193382.2590565858,-6617.740943414188,0.9669112952829291
2020-08-07,0,0.6990755451209862,0.0,94.42,0.0,0.20833,200000,193382.2590565858,-6617.740943414188,0.9669112952829291
2020-08-08,0,0.6886340848787382,0.0,97.08,0.0,0.21207,200000,193382.2590565858,-6617.740943414188,0.9669112952829291
2020-08-09,0,-0.026139488476530692,0.0,92.01,0.0,0.22091,200000,193382.2590565858,-6617.740943414188,0.9669112952829291
2020-08-10,0,-0.4682237519989829,0.0,89.01,0.0,0.22517,200000,193382.2590565858,-6617.740943414188,0.9669112952829291
2020-08-11,0,-0.4963524521645121,0.0,80.88,0.0,0.20301,200000,193382.2590565858,-6617.740943414188,0.9669112952829291
2020-08-12,0,-0.5390769563660427,0.0,83.52,0.0,0.20836,200000,193382.2590565858,-6617.740943414188,0.9669112952829291
2020-08-13,0,-0.37644171390219494,0.0,87.4,0.0,0.21088,200000,193382.2590565858,-6617.740943414188,0.9669112952829291
2020-08-14,0,-0.6457873703564969,0.0,85.03,0.0,0.20863,200000,193382.2590565858,-6617.740943414188,0.9669112952829291
2020-08-15,0,-0.5877848198925142,0.0,85.12,0.0,0.20575,200000,193382.2590565858,-6617.740943414188,0.9669112952829291
2020-08-16,0,-0.9605295007458385,0.0,85.3,0.0,0.21471,200000,193382.2590565858,-6617.740943414188,0.9669112952829291
2020-08-17,0,-0.38457576681396644,0.0,86.74,0.0,0.20589,200000,193382.2590565858,-6617.740943414188,0.9669112952829291
2020-08-18,0,-0.9115284121340956,0.0,83.14,0.0,0.20799,200000,193382.2590565858,-6617.740943414188,0.9669112952829291
2020-08-19,-1,-1.194655455098777,1267.249404040536,76.3,-490942.52108805743,0.19695,200000,193382.2590565858,-6617.740943414188,0.9669112952829291
2020-08-20,-2,-1.2838802031890457,0.0,78.87,0.0,0.20824,200000,195668.16915128578,-4331.83084871422,0.9783408457564289
2020-08-21,-2,-1.7635332681747562,0.0,73.56,0.0,0.20989,200000,195668.16915128578,-4331.83084871422,0.9783408457564289
2020-08-22,-2,-1.7462616891327032,0.0,76.88,0.0,0.22542,200000,195668.16915128578,-4331.83084871422,0.9783408457564289
2020-08-23,0,-0.742424327661727,0.0,84.36,0.0,0.22097,200000,195668.16915128578,-4331.83084871422,0.9783408457564289
2020-08-24,-2,-1.7149497126207762,0.0,80.26,0.0,0.2447,200000,195668.16915128578,-4331.83084871422,0.9783408457564289
2020-08-25,-2,-1.760148923124271,0.0,72.93,0.0,0.2264,200000,195668.16915128578,-4331.83084871422,0.9783408457564289
2020-08-26,-2,-1.5451228162030284,0.0,75.0,0.0,0.22716,200000,195668.16915128578,-4331.83084871422,0.9783408457564289
2020-08-27,-1,-1.1515974417310255,1356.3577509447234,72.13,-463383.1505501013,0.21113,200000,195668.16915128578,-4331.83084871422,0.9783408457564289
2020-08-28,-1,-1.0075226073362271,1356.3577509447234,76.24,-463383.1505501013,0.22119,200000,205904.4340022026,5904.434002202586,1.0295221700110129
2020-08-29,-1,-0.21998932126190332,1356.3577509447234,78.68,-463383.1505501013,0.2132,200000,205511.51554161246,5511.515541612462,1.0275575777080623
2020-08-30,0,-0.11361224603699613,0.0,81.11,0.0,0.21843,200000,186870.77354681792,-13129.226453182084,0.9343538677340896
2020-08-31,0,-0.248592580308983,0.0,78.29,0.0,0.21423,200000,186870.77354681792,-13129.226453182084,0.9343538677340896
2020-09-01,0,0.7233969971285132,0.0,83.17,0.0,0.21008,200000,186870.77354681792,-13129.226453182084,0.9343538677340896
2020-09-02,0,0.13998219174304014,0.0,75.9,0.0,0.20222,200000,186870.77354681792,-13129.226453182084,0.9343538677340896
2020-09-03,-1,-1.1872422040564912,1645.8584952159406,56.77,-546086.4218200407,0.1711,200000,186870.77354681792,-13129.226453182084,0.9343538677340896
2020-09-04,-1,-0.49460977830926506,1645.8584952159406,59.64,-546086.4218200407,0.17026,200000,191135.67483375882,-8864.325166241179,0.9556783741687941
2020-09-05,0,0.12230748743806082,0.0,55.98,0.0,0.15299,200000,178281.3766588776,-21718.62334112241,0.891406883294388
2020-09-06,0,0.3855945059659722,0.0,58.92,0.0,0.15969,200000,178281.3766588776,-21718.62334112241,0.891406883294388
2020-09-07,2,2.0967699995162707,0.0,61.86,0.0,0.15015,200000,178281.3766588776,-21718.62334112241,0.891406883294388
2020-09-08,0,0.8701400753133441,0.0,58.69,0.0,0.1539,200000,178281.3766588776,-21718.62334112241,0.891406883294388
2020-09-09,0,0.20172079187154998,0.0,59.92,0.0,0.16444,200000,178281.3766588776,-21718.62334112241,0.891406883294388
2020-09-10,0,-0.27120535170484744,0.0,62.07,0.0,0.1757,200000,178281.3766588776,-21718.62334112241,0.891406883294388
2020-09-11,0,0.2712939944700425,0.0,63.32,0.0,0.17235,200000,178281.3766588776,-21718.62334112241,0.891406883294388
2020-09-12,0,0.8534704331995848,0.0,65.68,0.0,0.17241,200000,178281.3766588776,-21718.62334112241,0.891406883294388
2020-09-13,1,1.0567720608506854,-1425.3387964412984,62.54,553119.1879463812,0.16116,200000,178281.3766588776,-21718.62334112241,0.891406883294388
2020-09-14,1,0.5708228692669874,-1425.3387964412984,63.28,553119.1879463812,0.16712,200000,182632.7177284046,-17367.28227159541,0.913163588642023
2020-09-15,1,0.256180378021876,-1425.3387964412984,59.4,553119.1879463812,0.15889,200000,172550.23228141363,-27449.767718586372,0.8627511614070682
2020-09-16,0,0.17192566235986473,0.0,58.34,0.0,0.15613,200000,175077.14322919445,-24922.85677080555,0.8753857161459723
2020-09-17,0,-0.16144425891702877,0.0,59.65,0.0,0.16159,200000,175077.14322919445,-24922.85677080555,0.8753857161459723
2020-09-18,-2,-1.2947207945937182,0.0,57.9,0.0,0.16631,200000,175077.14322919445,-24922.85677080555,0.8753857161459723
2020-09-19,-2,-1.4184173538730163,0.0,57.97,0.0,0.16898,200000,175077.14322919445,-24922.85677080555,0.8753857161459723
2020-09-20,0,-0.5083567166049143,0.0,57.6,0.0,0.16018,200000,175077.14322919445,-24922.85677080555,0.8753857161459723
2020-09-21,0,-0.4214699788855954,0.0,51.63,0.0,0.14348,200000,175077.14322919445,-24922.85677080555,0.8753857161459723
2020-09-22,-1,-1.1706863735852187,1642.0666219207883,53.31,-565458.1203707592,0.15481,200000,175077.14322919445,-24922.85677080555,0.8753857161459723
2020-09-23,-1,-0.3726923894133965,1642.0666219207883,51.84,-565458.1203707592,0.14358,200000,166313.2106032073,-33686.78939679271,0.8315660530160365
2020-09-24,-1,-0.7320997485648479,1642.0666219207883,55.16,-565458.1203707592,0.15513,200000,178295.91307826655,-21704.086921733455,0.8914795653913328
2020-09-25,-1,-0.6148105276527434,1642.0666219207883,54.87,-565458.1203707592,0.15373,200000,177028.07238939047,-22971.927610609535,0.8851403619469523
2020-09-26,-1,-1.0408366116075385,1642.0666219207883,56.2,-565458.1203707592,0.16132,200000,183503.84813015917,-16496.151869840833,0.9175192406507958
2020-09-27,-2,-2.262588895315277,0.0,55.55,0.0,0.16988,200000,179920.36787007924,-20079.632129920763,0.8996018393503962
2020-09-28,-2,-1.5739504787237737,0.0,56.22,0.0,0.16803,200000,179920.36787007924,-20079.632129920763,0.8996018393503962
2020-09-29,2,1.3403164483652235,0.0,61.25,0.0,0.16013,200000,179920.36787007924,-20079.632129920763,0.8996018393503962
2020-09-30,2,1.9712542749047377,0.0,64.1,0.0,0.16054,200000,179920.36787007924,-20079.632129920763,0.8996018393503962
2020-10-01,2,2.4415719430970864,0.0,64.67,0.0,0.15373,200000,179920.36787007924,-20079.632129920763,0.8996018393503962
2020-10-02,2,2.1779072261367745,0.0,63.85,0.0,0.15051,200000,179920.36787007924,-20079.632129920763,0.8996018393503962
2020-10-03,2,1.3539291965210027,0.0,60.73,0.0,0.15,200000,179920.36787007924,-20079.632129920763,0.8996018393503962
2020-10-04,2,1.5433369338132406,0.0,63.12,0.0,0.15222,200000,179920.36787007924,-20079.632129920763,0.8996018393503962
2020-10-05,2,1.6663920894137645,0.0,65.76,0.0,0.15475,200000,179920.36787007924,-20079.632129920763,0.8996018393503962
2020-10-06,2,1.5539086486418796,0.0,61.48,0.0,0.14373,200000,179920.36787007924,-20079.632129920763,0.8996018393503962
2020-10-07,1,1.0162622789888618,-1463.2430698607616,61.48,604002.8463477886,0.14894,200000,179920.36787007924,-20079.632129920763,0.8996018393503962
2020-10-08,1,0.8907957444120314,-1463.2430698607616,61.99,604002.8463477886,0.15058,200000,181657.1865037186,-18342.813496281393,0.908285932518593
2020-10-09,1,0.8076703538933226,-1463.2430698607616,63.52,604002.8463477886,0.15425,200000,186112.63884670197,-13887.361153298029,0.9305631942335099
2020-10-10,1,0.8975991068006897,-1463.2430698607616,66.79,604002.8463477886,0.15976,200000,194225.499368523,-5774.500631477014,0.9711274968426149
2020-10-11,2,1.7329756521475166,0.0,72.46,0.0,0.15879,200000,190037.34874062467,-9962.651259375329,0.9501867437031234
2020-10-12,1,1.164924113704541,-1302.8750085055851,72.93,572746.6809542637,0.1659,200000,190037.34874062467,-9962.651259375329,0.9501867437031234
2020-10-13,1,0.914033131710852,-1302.8750085055851,70.07,572746.6809542637,0.16149,200000,183785.31335329037,-16214.686646709626,0.9189265667664519
2020-10-14,1,1.1507221699950005,-1302.8750085055851,68.75,572746.6809542637,0.15381,200000,177666.82383233425,-22333.176167665748,0.8883341191616713
2020-10-15,1,1.0483474179992491,-1302.8750085055851,68.24,572746.6809542637,0.15265,200000,176337.97142808948,-23662.028571910516,0.8816898571404475
2020-10-16,1,0.5040749787851829,-1302.8750085055851,62.59,572746.6809542637,0.1455,200000,164881.58886120992,-35118.41113879008,0.8244079443060496
2020-10-17,1,0.23095714161227412,-1302.8750085055851,62.99,572746.6809542637,0.14843,200000,167080.8866398082,-32919.11336019181,0.8354044331990409
2020-10-18,1,0.24740909977257863,-1302.8750085055851,64.42,572746.6809542637,0.15078,200000,170289.95260221366,-29710.047397786344,0.8514497630110682
2020-10-19,1,0.2840997517003776,-1302.8750085055851,64.08,572746.6809542637,0.14922,200000,168953.49027703312,-31046.509722966875,0.8447674513851656
2020-10-20,0,-1.0339514781917838,0.0,57.85,0.0,0.14048,200000,184949.21424221783,-15050.78575778217,0.9247460712110891
2020-10-21,0,0.7424989665316588,0.0,62.72,0.0,0.14353,200000,184949.21424221783,-15050.78575778217,0.9247460712110891
2020-10-22,0,0.46576454556459085,0.0,65.54,0.0,0.15113,200000,184949.21424221783,-15050.78575778217,0.9247460712110891
2020-10-23,0,0.10182597541525187,0.0,63.26,0.0,0.1472,200000,184949.21424221783,-15050.78575778217,0.9247460712110891
2020-10-24,0,0.6262586785290642,0.0,64.14,0.0,0.14662,200000,184949.21424221783,-15050.78575778217,0.9247460712110891
2020-10-25,0,0.47606779065386506,0.0,62.77,0.0,0.14392,200000,184949.21424221783,-15050.78575778217,0.9247460712110891
2020-10-26,0,0.3979483096697119,0.0,60.2,0.0,0.13821,200000,184949.21424221783,-15050.78575778217,0.9247460712110891
2020-10-27,0,0.6900775739224523,0.0,61.2,0.0,0.13901,200000,184949.21424221783,-15050.78575778217,0.9247460712110891
2020-10-28,0,-0.9343547168838958,0.0,56.8,0.0,0.13467,200000,184949.21424221783,-15050.78575778217,0.9247460712110891
2020-10-29,0,-0.3082025095154376,0.0,56.87,0.0,0.13221,200000,184949.21424221783,-15050.78575778217,0.9247460712110891
2020-10-30,2,2.270925159217196,0.0,58.21,0.0,0.12612,200000,184949.21424221783,-15050.78575778217,0.9247460712110891
2020-10-31,2,1.838165271347996,0.0,58.16,0.0,0.12736,200000,184949.21424221783,-15050.78575778217,0.9247460712110891
2020-11-01,2,1.7291293926554048,0.0,58.17,0.0,0.12697,200000,184949.21424221783,-15050.78575778217,0.9247460712110891
2020-11-02,1,1.086913335167277,-1688.417146633356,54.77,762174.2942479925,0.12133,200000,184949.21424221783,-15050.78575778217,0.9247460712110891
2020-11-03,1,0.7477424000198766,-1688.417146633356,53.2,762174.2942479925,0.11901,200000,180530.15495934815,-19469.845040651853,0.9026507747967407
2020-11-04,2,1.423663525470845,0.0,54.09,0.0,0.11833,200000,186087.6134652511,-13912.38653474889,0.9304380673262556
2020-11-05,2,1.3639958320633956,0.0,56.69,0.0,0.12362,200000,186087.6134652511,-13912.38653474889,0.9304380673262556
2020-11-06,0,0.48979021703525305,0.0,61.57,0.0,0.13769,200000,186087.6134652511,-13912.38653474889,0.9304380673262556
2020-11-07,0,0.5677326839645175,0.0,57.4,0.0,0.12778,200000,186087.6134652511,-13912.38653474889,0.9304380673262556
2020-11-08,0,0.17307481707235925,0.0,60.61,0.0,0.13634,200000,186087.6134652511,-13912.38653474889,0.9304380673262556
2020-11-09,0,-0.5442481298314035,0.0,58.42,0.0,0.13357,200000,186087.6134652511,-13912.38653474889,0.9304380673262556
2020-11-10,-2,-1.6779501733937754,0.0,59.06,0.0,0.13984,200000,186087.6134652511,-13912.38653474889,0.9304380673262556
2020-11-11,-2,-1.2574214687427299,0.0,58.92,0.0,0.1381,200000,186087.6134652511,-13912.38653474889,0.9304380673262556
2020-11-12,2,1.7659311466819585,0.0,62.99,0.0,0.13458,200000,186087.6134652511,-13912.38653474889,0.9304380673262556
2020-11-13,0,0.9558721288436195,0.0,65.8,0.0,0.14352,200000,186087.6134652511,-13912.38653474889,0.9304380673262556
2020-11-14,0,0.4168911297208384,0.0,63.9,0.0,0.14142,200000,186087.6134652511,-13912.38653474889,0.9304380673262556
2020-11-15,-2,-1.4818486667494137,0.0,61.16,0.0,0.14405,200000,186087.6134652511,-13912.38653474889,0.9304380673262556
2020-11-16,0,-0.10816329628464541,0.0,64.55,0.0,0.14528,200000,186087.6134652511,-13912.38653474889,0.9304380673262556
2020-11-17,0,0.7665968980610364,0.0,66.82,0.0,0.14597,200000,186087.6134652511,-13912.38653474889,0.9304380673262556
2020-11-18,0,0.6044521313094058,0.0,63.17,0.0,0.13834,200000,186087.6134652511,-13912.38653474889,0.9304380673262556
2020-11-19,0,0.6393758871166438,0.0,62.38,0.0,0.13659,200000,186087.6134652511,-13912.38653474889,0.9304380673262556
2020-11-20,0,0.30102451974585454,0.0,63.23,0.0,0.13982,200000,186087.6134652511,-13912.38653474889,0.9304380673262556
2020-11-21,2,2.2644766346697285,0.0,72.62,0.0,0.1506,200000,186087.6134652511,-13912.38653474889,0.9304380673262556
2020-11-22,2,1.4607860757770008,0.0,68.79,0.0,0.1454,200000,186087.6134652511,-13912.38653474889,0.9304380673262556
2020-11-23,2,2.858045620392708,0.0,79.52,0.0,0.15501,200000,186087.6134652511,-13912.38653474889,0.9304380673262556
2020-11-24,2,2.984349855944472,0.0,86.8,0.0,0.15931,200000,186087.6134652511,-13912.38653474889,0.9304380673262556
2020-11-25,0,0.774372014247808,0.0,78.15,0.0,0.16198,200000,186087.6134652511,-13912.38653474889,0.9304380673262556
2020-11-26,1,1.111394558158466,-1326.1660024604555,70.16,657553.404470852,0.1415,200000,186087.6134652511,-13912.38653474889,0.9304380673262556
2020-11-27,1,0.8647073912109614,-1326.1660024604555,69.5,657553.404470852,0.14159,200000,185271.5237100296,-14728.476289970393,0.9263576185501481
2020-11-28,2,1.6085205025728742,0.0,75.31,0.0,0.14455,200000,190911.83049428635,-9088.169505713653,0.9545591524714317
2020-11-29,2,1.469931425440273,0.0,75.06,0.0,0.14362,200000,190911.83049428635,-9088.169505713653,0.9545591524714317
2020-11-30,2,1.5188814285641474,0.0,78.91,0.0,0.14889,200000,190911.83049428635,-9088.169505713653,0.9545591524714317
2020-12-01,0,0.8820950763669385,0.0,74.82,0.0,0.14642,200000,190911.83049428635,-9088.169505713653,0.9545591524714317
2020-12-02,0,-0.2441124097069549,0.0,76.66,0.0,0.16168,200000,190911.83049428635,-9088.169505713653,0.9545591524714317
2020-12-03,0,-0.05768252360002451,0.0,75.69,0.0,0.15721,200000,190911.83049428635,-9088.169505713653,0.9545591524714317
2020-12-04,0,-0.41033400074292253,0.0,69.01,0.0,0.14643,200000,190911.83049428635,-9088.169505713653,0.9545591524714317
2020-12-05,0,-0.5452472711159606,0.0,71.83,0.0,0.15251,200000,190911.83049428635,-9088.169505713653,0.9545591524714317
2020-12-06,0,0.00613156218353771,0.0,74.61,0.0,0.15257,200000,190911.83049428635,-9088.169505713653,0.9545591524714317
2020-12-07,0,0.3010232825917191,0.0,75.57,0.0,0.15153,200000,190911.83049428635,-9088.169505713653,0.9545591524714317
2020-12-08,0,0.13532508952477676,0.0,69.61,0.0,0.14028,200000,190911.83049428635,-9088.169505713653,0.9545591524714317
2020-12-09,0,-0.06902577746525061,0.0,69.38,0.0,0.1407,200000,190911.83049428635,-9088.169505713653,0.9545591524714317
2020-12-10,-2,-1.419924249436869,0.0,65.96,0.0,0.14221,200000,190911.83049428635,-9088.169505713653,0.9545591524714317
2020-12-11,-2,-1.634463665915595,0.0,63.71,0.0,0.14,200000,190911.83049428635,-9088.169505713653,0.9545591524714317
2020-12-12,-2,-1.4754522465111723,0.0,65.95,0.0,0.14447,200000,190911.83049428635,-9088.169505713653,0.9545591524714317
2020-12-13,0,-0.6687890707477558,0.0,68.25,0.0,0.14378,200000,190911.83049428635,-9088.169505713653,0.9545591524714317
2020-12-14,-2,-1.5651364888122365,0.0,68.0,0.0,0.15084,200000,190911.83049428635,-9088.169505713653,0.9545591524714317
2020-12-15,-2,-1.9087380839427401,0.0,67.63,0.0,0.1553,200000,190911.83049428635,-9088.169505713653,0.9545591524714317
2020-12-16,0,-0.37118649851116076,0.0,73.21,0.0,0.15459,200000,190911.83049428635,-9088.169505713653,0.9545591524714317
2020-12-17,0,0.14847003021190325,0.0,74.28,0.0,0.15266,200000,190911.83049428635,-9088.169505713653,0.9545591524714317
2020-12-18,0,-0.7882498537899719,0.0,73.89,0.0,0.16037,200000,190911.83049428635,-9088.169505713653,0.9545591524714317
2020-12-19,0,-0.6335162154954717,0.0,73.5,0.0,0.15884,200000,190911.83049428635,-9088.169505713653,0.9545591524714317
2020-12-20,0,0.4971594013500871,0.0,73.69,0.0,0.15236,200000,190911.83049428635,-9088.169505713653,0.9545591524714317
2020-12-21,0,-0.32071016111422,0.0,67.77,0.0,0.14511,200000,190911.83049428635,-9088.169505713653,0.9545591524714317
2020-12-22,0,-0.27387397736392155,0.0,67.64,0.0,0.1447,200000,190911.83049428635,-9088.169505713653,0.9545591524714317
2020-12-23,0,-0.9829609819521357,0.0,55.42,0.0,0.12203,200000,190911.83049428635,-9088.169505713653,0.9545591524714317
2020-12-24,-2,-1.9698270064010515,0.0,62.1,0.0,0.14394,200000,190911.83049428635,-9088.169505713653,0.9545591524714317
2020-12-25,0,-0.5778400855946304,0.0,64.27,0.0,0.14067,200000,190911.83049428635,-9088.169505713653,0.9545591524714317
2020-12-26,0,0.33142239092842796,0.0,66.56,0.0,0.14066,200000,190911.83049428635,-9088.169505713653,0.9545591524714317
2020-12-27,2,1.3191070504619944,0.0,66.97,0.0,0.13666,200000,190911.83049428635,-9088.169505713653,0.9545591524714317
2020-12-28,2,1.7284470401654697,0.0,69.04,0.0,0.13875,200000,190911.83049428635,-9088.169505713653,0.9545591524714317
2020-12-29,2,1.4121620463609268,0.0,65.33,0.0,0.13286,200000,190911.83049428635,-9088.169505713653,0.9545591524714317
2020-12-30,2,1.445979909811077,0.0,64.09,0.0,0.12934,200000,190911.83049428635,-9088.169505713653,0.9545591524714317
2020-12-31,1,1.1571042841908512,-1493.5990493998306,63.91,735577.6777925806,0.12977,200000,190911.83049428635,-9088.169505713653,0.9545591524714317
2021-01-01,0,-2.2564314792168747,0.0,56.6,0.0,0.13561,200000,175697.84780486493,-24302.152195135073,0.8784892390243246
2021-01-02,-2,-1.255227894903534,0.0,57.46,0.0,0.13156,200000,175697.84780486493,-24302.152195135073,0.8784892390243246
2021-01-03,-1,-1.0855516915057493,1480.1840590131837,59.35,-650732.7696476479,0.135,200000,175697.84780486493,-24302.152195135073,0.8784892390243246
2021-01-04,-2,-1.5266027146111727,0.0,60.34,0.0,0.14105,200000,178169.39884281013,-21830.60115718987,0.8908469942140507
2021-01-05,-2,-1.9845944971122915,0.0,59.64,0.0,0.14654,200000,178169.39884281013,-21830.60115718987,0.8908469942140507
2021-01-06,-2,-1.9178836686000527,0.0,63.92,0.0,0.16005,200000,178169.39884281013,-21830.60115718987,0.8908469942140507
2021-01-07,-2,-1.3109568784206416,0.0,67.75,0.0,0.16388,200000,178169.39884281013,-21830.60115718987,0.8908469942140507
2021-01-08,-2,-2.929014564729772,0.0,68.59,0.0,0.21488,200000,178169.39884281013,-21830.60115718987,0.8908469942140507
2021-01-09,-2,-1.312568383777987,0.0,78.44,0.0,0.20456,200000,178169.39884281013,-21830.60115718987,0.8908469942140507
2021-01-10,2,1.5392511271056708,0.0,96.37,0.0,0.18527,200000,178169.39884281013,-21830.60115718987,0.8908469942140507
2021-01-11,2,1.7319465211344183,0.0,88.24,0.0,0.16323,200000,178169.39884281013,-21830.60115718987,0.8908469942140507
2021-01-12,2,2.2562484445040334,0.0,99.72,0.0,0.16712,200000,178169.39884281013,-21830.60115718987,0.8908469942140507
2021-01-13,2,2.4466025084686343,0.0,117.35,0.0,0.1798,200000,178169.39884281013,-21830.60115718987,0.8908469942140507
2021-01-14,2,1.645601559296536,0.0,111.71,0.0,0.18307,200000,178169.39884281013,-21830.60115718987,0.8908469942140507
2021-01-15,0,0.8122484325984605,0.0,103.25,0.0,0.18883,200000,178169.39884281013,-21830.60115718987,0.8908469942140507
2021-01-16,0,0.8524133970633112,0.0,108.08,0.0,0.1948,200000,178169.39884281013,-21830.60115718987,0.8908469942140507
2021-01-17,0,-0.4325073688133404,0.0,102.25,0.0,0.23114,200000,178169.39884281013,-21830.60115718987,0.8908469942140507
2021-01-18,0,-0.6328750676115313,0.0,103.98,0.0,0.24692,200000,178169.39884281013,-21830.60115718987,0.8908469942140507
2021-01-19,-2,-1.878746072135087,0.0,102.42,0.0,0.36023,200000,178169.39884281013,-21830.60115718987,0.8908469942140507
2021-01-20,-2,-1.9969529904549699,0.0,98.99,0.0,0.42131,200000,178169.39884281013,-21830.60115718987,0.8908469942140507
2021-01-21,-2,-1.63464697226089,0.0,82.92,0.0,0.32925,200000,178169.39884281013,-21830.60115718987,0.8908469942140507
2021-01-22,-2,-1.618125715556435,0.0,86.94,0.0,0.38157,200000,178169.39884281013,-21830.60115718987,0.8908469942140507
2021-01-23,-2,-1.6124682299309092,0.0,85.95,0.0,0.42973,200000,178169.39884281013,-21830.60115718987,0.8908469942140507
2021-01-24,-2,-1.3591733952676455,0.0,90.0,0.0,0.42099,200000,178169.39884281013,-21830.60115718987,0.8908469942140507
2021-01-25,-2,-1.3922821376382022,0.0,87.89,0.0,0.4722,200000,178169.39884281013,-21830.60115718987,0.8908469942140507
2021-01-26,-1,-1.170424909572329,998.036067907294,89.26,-202760.14981201082,0.43936,200000,178169.39884281013,-21830.60115718987,0.8908469942140507
2021-01-27,-1,-1.0003767901418439,998.036067907294,78.41,-202760.14981201082,0.36313,200000,151884.3012858464,-48115.69871415361,0.759421506429232
2021-01-28,-1,-0.8596806438327833,998.036067907294,86.82,-202760.14981201082,0.37379,200000,162439.20781394278,-37560.792186057224,0.8121960390697138
2021-01-29,-1,-0.770898366206452,998.036067907294,85.49,-202760.14981201082,0.35973,200000,158261.0121372692,-41738.987862730806,0.791305060686346
2021-01-30,-1,-0.6134566177376995,998.036067907294,84.51,-202760.14981201082,0.33502,200000,152272.73348886528,-47727.266511134716,0.7613636674443265
2021-01-31,-1,-0.5591719368895487,998.036067907294,85.65,-202760.14981201082,0.34366,200000,155162.34230065538,-44837.65769934462,0.7758117115032769
2021-02-01,-1,-0.4214389199196658,998.036067907294,88.69,-202760.14981201082,0.34187,200000,157833.43127893005,-42166.568721069954,0.7891671563946503
2021-02-02,-1,-0.3842959244831252,998.036067907294,92.37,-202760.14981201082,0.3651,200000,166216.3222889619,-33783.67771103809,0.8310816114448095
2021-02-03,-1,-0.2818142552668056,998.036067907294,95.23,-202760.14981201082,0.37383,200000,170840.8015510356,-29159.198448964395,0.854204007755178
2021-02-04,-1,-0.2673836956379096,998.036067907294,90.0,-202760.14981201082,0.36555,200000,163942.21887543699,-36057.781124563015,0.8197110943771849
2021-02-05,-1,-0.3234351516343376,998.036067907294,96.44,-202760.14981201082,0.41204,200000,179795.89051752037,-20204.10948247963,0.8989794525876018
2021-02-06,0,-0.09123351463438523,0.0,94.24,0.0,0.3917,200000,163535.63048459135,-36464.369515408645,0.8176781524229568
2021-02-07,0,0.2902305652280359,0.0,92.3,0.0,0.38024,200000,163535.63048459135,-36464.369515408645,0.8176781524229568
2021-02-08,0,0.5861532470983946,0.0,98.01,0.0,0.39831,200000,163535.63048459135,-36464.369515408645,0.8176781524229568
2021-02-09,1,1.159911574309805,-751.7497034319728,108.77,195429.76874353652,0.4184,200000,163535.63048459135,-36464.369515408645,0.8176781524229568
2021-02-10,2,1.6315993834361413,0.0,116.41,0.0,0.42595,200000,167803.50346479795,-32196.49653520205,0.8390175173239898
2021-02-11,0,0.017578568743855383,0.0,142.34,0.0,0.59987,200000,167803.50346479795,-32196.49653520205,0.8390175173239898
2021-02-12,0,-0.22316451220735706,0.0,142.79,0.0,0.61036,200000,167803.50346479795,-32196.49653520205,0.8390175173239898
2021-02-13,2,2.2960276069937473,0.0,176.11,0.0,0.59249,200000,167803.50346479795,-32196.49653520205,0.8390175173239898
2021-02-14,2,1.6802948047201496,0.0,156.33,0.0,0.55135,200000,167803.50346479795,-32196.49653520205,0.8390175173239898
2021-02-15,2,2.2766410125996766,0.0,158.61,0.0,0.52371,200000,167803.50346479795,-32196.49653520205,0.8390175173239898
2021-02-16,2,1.3935212352757873,0.0,155.68,0.0,0.54418,200000,167803.50346479795,-32196.49653520205,0.8390175173239898
2021-02-17,2,1.9759583408145234,0.0,168.37,0.0,0.54998,200000,167803.50346479795,-32196.49653520205,0.8390175173239898
2021-02-18,1,1.0959234747856634,-495.72674583396736,169.25,142903.92378457382,0.58712,200000,167803.50346479795,-32196.49653520205,0.8390175173239898
2021-02-19,2,1.389936177203347,0.0,180.19,0.0,0.602,200000,171100.34367830708,-28899.65632169292,0.8555017183915354
2021-02-20,1,1.1998936081407177,-521.3612763675637,164.09,155342.4096440179,0.55072,200000,171100.34367830708,-28899.65632169292,0.8555017183915354
2021-02-21,1,0.5457172161493917,-521.3612763675637,161.87,155342.4096440179,0.57323,200000,173439.67928585794,-26560.320714142057,0.8671983964292898
2021-02-22,0,-0.11263795443950131,0.0,144.39,0.0,0.54271,200000,162073.81923511464,-37926.18076488536,0.8103690961755732
2021-02-23,0,0.42046241143574625,0.0,127.13,0.0,0.45247,200000,162073.81923511464,-37926.18076488536,0.8103690961755732
2021-02-24,0,-0.19823079645349123,0.0,130.96,0.0,0.49174,200000,162073.81923511464,-37926.18076488536,0.8103690961755732
2021-02-25,-2,-1.804315563552854,0.0,121.25,0.0,0.54049,200000,162073.81923511464,-37926.18076488536,0.8103690961755732
2021-02-26,-2,-2.2210189967525586,0.0,118.23,0.0,0.57809,200000,162073.81923511464,-37926.18076488536,0.8103690961755732
2021-02-27,-2,-1.811298260830756,0.0,119.78,0.0,0.5688,200000,162073.81923511464,-37926.18076488536,0.8103690961755732
2021-02-28,-2,-2.025708551719885,0.0,111.31,0.0,0.57548,200000,162073.81923511464,-37926.18076488536,0.8103690961755732
2021-03-01,-2,-2.0452013723380253,0.0,124.4,0.0,0.69667,200000,162073.81923511464,-37926.18076488536,0.8103690961755732
2021-03-02,-2,-2.176257828715486,0.0,120.51,0.0,0.7865,200000,162073.81923511464,-37926.18076488536,0.8103690961755732
2021-03-03,-2,-2.463511010120034,0.0,126.69,0.0,1.1753,200000,162073.81923511464,-37926.18076488536,0.8103690961755732
2021-03-04,-2,-2.211016591314917,0.0,122.03,0.0,1.29987,200000,162073.81923511464,-37926.18076488536,0.8103690961755732
2021-03-05,-2,-1.8056341313070425,0.0,121.12,0.0,1.19787,200000,162073.81923511464,-37926.18076488536,0.8103690961755732
2021-03-06,-2,-1.5017865948155555,0.0,125.19,0.0,1.1539,200000,162073.81923511464,-37926.18076488536,0.8103690961755732
2021-03-07,-2,-1.5205900358195232,0.0,130.08,0.0,1.41057,200000,162073.81923511464,-37926.18076488536,0.8103690961755732
2021-03-08,-2,-1.5363899176076676,0.0,129.55,0.0,1.73127,200000,162073.81923511464,-37926.18076488536,0.8103690961755732
2021-03-09,-2,-1.321884816428962,0.0,137.69,0.0,1.70428,200000,162073.81923511464,-37926.18076488536,0.8103690961755732
2021-03-10,-1,-1.1515756160406654,579.5802432953607,139.82,-49230.23766618714,1.64608,200000,162073.81923511464,-37926.18076488536,0.8103690961755732
2021-03-11,-1,-1.0535363427868456,579.5802432953607,151.86,-49230.23766618714,1.78966,200000,176120.44288850194,-23879.557111498056,0.8806022144425097
2021-03-12,-1,-1.1374231803356099,579.5802432953607,145.36,-49230.23766618714,2.06814,200000,186062.8078923619,-13937.192107638111,0.9303140394618095
2021-03-13,-1,-0.9702268702222181,579.5802432953607,156.12,-49230.23766618714,2.03774,200000,190802.4920851679,-9197.507914832095,0.9540124604258395
2021-03-14,-1,-1.084689324295714,579.5802432953607,143.18,-49230.23766618714,2.33,200000,197690.75299724579,-2309.247002754215,0.9884537649862289
2021-03-15,-1,-1.1802779554689,579.5802432953607,135.1,-49230.23766618714,2.67509,200000,209996.60734764376,9996.60734764376,1.0499830367382188
2021-03-16,-1,-1.0730782768805924,579.5802432953607,139.41,-49230.23766618714,2.54945,200000,206309.31113586703,6309.3111358670285,1.031546555679335
2021-03-17,-1,-0.9247320813483597,579.5802432953607,146.02,-49230.23766618714,2.4596,200000,205716.99968974246,5716.999689742457,1.0285849984487123
2021-03-18,-1,-0.9610907060419279,579.5802432953607,142.97,-49230.23766618714,2.65051,200000,213347.8246205434,13347.824620543397,1.066739123102717
2021-03-19,-1,-0.7827145725891399,579.5802432953607,150.31,-49230.23766618714,2.48453,200000,209430.7087584976,9430.70875849761,1.0471535437924882
2021-03-20,-1,-0.4714396738634585,579.5802432953607,155.03,-49230.23766618714,2.19916,200000,198117.4945840519,-1882.5054159481078,0.9905874729202595
2021-03-21,-1,-0.770439049897505,579.5802432953607,148.18,-49230.23766618714,2.43244,200000,205631.7997602468,5631.799760246795,1.028158998801234
2021-03-22,-1,-0.6054928189074139,579.5802432953607,139.53,-49230.23766618714,2.1572,200000,187068.3000405006,-12931.699959499412,0.935341500202503
2021-03-23,-1,-0.4367627934979506,579.5802432953607,136.02,-49230.23766618714,2.05019,200000,179765.84565387518,-20234.154346124822,0.898829228269376
2021-03-24,-1,-0.7719468714894802,579.5802432953607,127.67,-49230.23766618714,2.14789,200000,179736.14484234538,-20263.855157654616,0.898680724211727
2021-03-25,-1,-0.7445193724548115,579.5802432953607,123.02,-49230.23766618714,2.09391,200000,174383.6484818012,-25616.35151819879,0.8719182424090061
2021-03-26,-1,-0.847784353182923,579.5802432953607,133.46,-49230.23766618714,2.33499,200000,192302.89191836913,-7697.108081630868,0.9615144595918457
2021-03-27,-1,-0.7146030616302325,579.5802432953607,133.62,-49230.23766618714,2.30202,200000,190772.50382144222,-9227.496178557776,0.9538625191072111
2021-03-28,-1,-0.673067561837702,579.5802432953607,144.87,-49230.23766618714,2.51112,200000,207586.82425451477,7586.824254514766,1.037934121272574
2021-03-29,-1,-0.3857863624897662,579.5802432953607,149.18,-49230.23766618714,2.4925,200000,209168.14807777337,9168.148077773367,1.0458407403888668
2021-03-30,0,-0.04155585823438859,0.0,154.6,0.0,2.49174,200000,195139.66602399704,-4860.333976002963,0.9756983301199852
2021-03-31,0,0.13017066967862298,0.0,158.22,0.0,2.55048,200000,195139.66602399704,-4860.333976002963,0.9756983301199852
2021-04-01,0,0.9277632750784311,0.0,165.53,0.0,2.4893,200000,195139.66602399704,-4860.333976002963,0.9756983301199852
2021-04-02,1,1.1758548336528152,-575.5653197970653,169.52,38067.56468297725,2.56307,200000,195139.66602399704,-4860.333976002963,0.9756983301199852
2021-04-03,2,2.293892304604177,0.0,171.61,0.0,2.31414,200000,205818.75641890639,5818.756418906385,1.0290937820945318
2021-04-04,2,2.4510804151960977,0.0,187.14,0.0,2.40641,200000,205818.75641890639,5818.756418906385,1.0290937820945318
2021-04-05,2,2.2892132573281763,0.0,197.13,0.0,2.46647,200000,205818.75641890639,5818.756418906385,1.0290937820945318
2021-04-06,2,2.155548135437774,0.0,191.11,0.0,2.31994,200000,205818.75641890639,5818.756418906385,1.0290937820945318
2021-04-07,0,-0.6132775657511241,0.0,171.26,0.0,2.83,200000,205818.75641890639,5818.756418906385,1.0290937820945318
2021-04-08,-1,-1.0267831233176101,557.0497900262703,184.74,-31740.895205819925,3.24217,200000,205818.75641890639,5818.756418906385,1.0290937820945318
2021-04-09,-1,-0.9486134738841612,557.0497900262703,194.65,-31740.895205819925,3.42571,200000,217164.8437441429,17164.843744142912,1.0858242187207146
2021-04-10,0,-0.06653709669075977,0.0,206.15,0.0,3.21942,200000,193170.21504851157,-6829.784951488429,0.9658510752425579
2021-04-11,0,0.7890336110526992,0.0,222.31,0.0,3.11876,200000,193170.21504851157,-6829.784951488429,0.9658510752425579
2021-04-12,1,1.0250008305479472,-436.26680303652284,221.39,32201.04670346991,2.99944,200000,193170.21504851157,-6829.784951488429,0.9658510752425579
2021-04-13,1,0.8916923461566982,-436.26680303652284,225.98,32201.04670346991,3.07597,200000,197637.02577866576,-2362.9742213342397,0.9881851288933288
2021-04-14,2,1.6355206150828545,0.0,237.5,0.0,2.90658,200000,203188.66244231418,3188.6624423141766,1.0159433122115709
2021-04-15,2,1.262072990695925,0.0,252.27,0.0,3.16843,200000,203188.66244231418,3188.6624423141766,1.0159433122115709
2021-04-16,2,2.0193337907212503,0.0,270.03,0.0,3.00779,200000,203188.66244231418,3188.6624423141766,1.0159433122115709
2021-04-17,2,2.1024737252571026,0.0,279.95,0.0,2.96076,200000,203188.66244231418,3188.6624423141766,1.0159433122115709
2021-04-18,2,1.948602310384419,0.0,260.05,0.0,2.69255,200000,203188.66244231418,3188.6624423141766,1.0159433122115709
2021-04-19,2,1.537843978402719,0.0,225.55,0.0,2.39609,200000,203188.66244231418,3188.6624423141766,1.0159433122115709
2021-04-20,2,1.575937916759098,0.0,249.64,0.0,2.56832,200000,203188.66244231418,3188.6624423141766,1.0159433122115709
2021-04-21,2,1.3181964237617565,0.0,237.29,0.0,2.47423,200000,203188.66244231418,3188.6624423141766,1.0159433122115709
2021-04-22,2,1.5190549645502855,0.0,223.91,0.0,2.21121,200000,203188.66244231418,3188.6624423141766,1.0159433122115709
2021-04-23,1,1.1792194149132587,-461.1426227640919,220.31,45339.43153906375,2.24075,200000,203188.66244231418,3188.6624423141766,1.0159433122115709
2021-04-24,1,1.0701463381241727,-461.1426227640919,198.46,45339.43153906375,2.01978,200000,183094.04194773186,-16905.958052268135,0.9154702097386593
2021-04-25,1,1.060117539269362,-461.1426227640919,202.31,45339.43153906375,2.0313,200000,185391.75129670365,-14608.248703296355,0.9269587564835182
2021-04-26,1,0.3722798544883663,-461.1426227640919,227.09,45339.43153906375,2.5401,200000,219887.56825587346,19887.568255873455,1.0994378412793673
2021-04-27,1,0.5307320997976922,-461.1426227640919,241.89,45339.43153906375,2.6009,200000,229469.1165103571,29469.116510357097,1.1473455825517855
2021-04-28,0,0.08990573702955704,0.0,240.65,0.0,2.7347,200000,190172.89118061523,-9827.108819384768,0.9508644559030761
2021-04-29,0,-0.13517722635787205,0.0,229.42,0.0,2.6408,200000,190172.89118061523,-9827.108819384768,0.9508644559030761
2021-04-30,0,-0.09124779458302099,0.0,245.37,0.0,2.7652,200000,190172.89118061523,-9827.108819384768,0.9508644559030761
2021-05-01,0,0.4796047416941125,0.0,257.4,0.0,2.719,200000,190172.89118061523,-9827.108819384768,0.9508644559030761
2021-05-02,0,0.13544780629422004,0.0,243.3,0.0,2.6259,200000,190172.89118061523,-9827.108819384768,0.9508644559030761
2021-05-03,0,0.5018786615418935,0.0,250.48,0.0,2.6177,200000,190172.89118061523,-9827.108819384768,0.9508644559030761
2021-05-04,2,1.7543782859713848,0.0,241.0,0.0,2.322,200000,190172.89118061523,-9827.108819384768,0.9508644559030761
2021-05-05,2,2.846833953979666,0.0,292.01,0.0,2.586,200000,190172.89118061523,-9827.108819384768,0.9508644559030761
2021-05-06,2,3.1232524848499574,0.0,308.57,0.0,2.4748,200000,190172.89118061523,-9827.108819384768,0.9508644559030761
2021-05-07,2,2.6461436461431997,0.0,320.01,0.0,2.4889,200000,190172.89118061523,-9827.108819384768,0.9508644559030761
2021-05-08,2,2.1394241523440996,0.0,316.25,0.0,2.4664,200000,190172.89118061523,-9827.108819384768,0.9508644559030761
2021-05-09,2,1.668520439264908,0.0,305.4,0.0,2.4349,200000,190172.89118061523,-9827.108819384768,0.9508644559030761
2021-05-10,2,1.6760214753417955,0.0,283.76,0.0,2.198,200000,190172.89118061523,-9827.108819384768,0.9508644559030761
2021-05-11,2,1.5110696832563162,0.0,302.07,0.0,2.3288,200000,190172.89118061523,-9827.108819384768,0.9508644559030761
2021-05-12,2,1.7613836415012976,0.0,280.13,0.0,2.0252,200000,190172.89118061523,-9827.108819384768,0.9508644559030761
2021-05-13,2,1.7929011167859044,0.0,296.36,0.0,2.0556,200000,190172.89118061523,-9827.108819384768,0.9508644559030761
2021-05-14,2,1.5630277883996115,0.0,305.67,0.0,2.1229,200000,190172.89118061523,-9827.108819384768,0.9508644559030761
2021-05-15,1,1.1809643542434927,-350.7689449251425,271.08,48702.33845027024,1.9524,200000,190172.89118061523,-9827.108819384768,0.9508644559030761
2021-05-16,1,0.8237824011348194,-350.7689449251425,262.4,48702.33845027024,1.9709,200000,188029.20999999502,-11970.790000004985,0.9401460499999751
2021-05-17,1,0.6420095430786129,-350.7689449251425,235.52,48702.33845027024,1.7986,200000,170209.12784542562,-29790.872154574376,0.8510456392271282
2021-05-18,1,0.7552337921669231,-350.7689449251425,254.91,48702.33845027024,1.8901,200000,181466.80165572383,-18533.19834427617,0.9073340082786192
2021-05-19,0,0.021948425947850972,0.0,146.22,0.0,1.1943,200000,183297.1234964118,-16702.876503588195,0.916485617482059
2021-05-20,0,-0.054169567278061756,0.0,182.4,0.0,1.4842,200000,183297.1234964118,-16702.876503588195,0.916485617482059
2021-05-21,0,-0.19911390004776813,0.0,156.26,0.0,1.2778,200000,183297.1234964118,-16702.876503588195,0.916485617482059
2021-05-22,0,-0.5071643310301703,0.0,142.57,0.0,1.1846,200000,183297.1234964118,-16702.876503588195,0.916485617482059
2021-05-23,0,-0.6697085136927685,0.0,114.32,0.0,0.9434,200000,183297.1234964118,-16702.876503588195,0.916485617482059
2021-05-24,-2,-1.2472069870062097,0.0,149.16,0.0,1.2648,200000,183297.1234964118,-16702.876503588195,0.916485617482059
2021-05-25,-2,-1.3917054470898949,0.0,145.4,0.0,1.2377,200000,183297.1234964118,-16702.876503588195,0.916485617482059
2021-05-26,-2,-3.370877719535442,0.0,158.6,0.0,1.9309,200000,183297.1234964118,-16702.876503588195,0.916485617482059
2021-05-27,-2,-2.3650782744854473,0.0,150.27,0.0,1.7274,200000,183297.1234964118,-16702.876503588195,0.916485617482059
2021-05-28,0,-0.5389677733604982,0.0,164.62,0.0,1.4282,200000,183297.1234964118,-16702.876503588195,0.916485617482059
2021-05-29,0,-0.7857181067614597,0.0,149.24,0.0,1.3524,200000,183297.1234964118,-16702.876503588195,0.916485617482059
2021-05-30,-2,-1.3726700014498063,0.0,149.84,0.0,1.5276,200000,183297.1234964118,-16702.876503588195,0.916485617482059
2021-05-31,-1,-1.1668233482969674,566.9567692434637,161.65,-56371.362866407864,1.6258,200000,183297.1234964118,-16702.876503588195,0.916485617482059
2021-06-01,-1,-1.119546670725167,566.9567692434637,154.04,-56371.362866407864,1.5695,200000,175808.87475309026,-24191.125246909738,0.8790443737654513
2021-06-02,-1,-0.7083799916886043,566.9567692434637,164.35,-56371.362866407864,1.5794,200000,182212.27553636782,-17787.724463632185,0.911061377681839
2021-06-03,-1,-0.5887419826572752,566.9567692434637,172.95,-56371.362866407864,1.65,200000,191067.92197023,-8932.078029769997,0.95533960985115
2021-06-04,-1,-0.5958614294107578,566.9567692434637,155.28,-56371.362866407864,1.5,200000,172594.09142773683,-27405.90857226317,0.8629704571386841
2021-06-05,-1,-0.39961069554798523,566.9567692434637,153.17,-56371.362866407864,1.4541,200000,168810.367089065,-31189.632910935004,0.844051835445325
2021-06-06,-1,-0.6196381339390336,566.9567692434637,149.63,-56371.362866407864,1.4787,200000,168190.07565245678,-31809.924347543216,0.8409503782622839
2021-06-07,-1,-0.5260417365849324,566.9567692434637,135.72,-56371.362866407864,1.3376,200000,152349.70769183006,-47650.29230816994,0.7617485384591502
2021-06-08,-1,-0.7062218043668764,566.9567692434637,130.88,-56371.362866407864,1.3308,200000,149222.3116612001,-50777.6883387999,0.7461115583060005
2021-06-09,0,0.009547759404681801,0.0,145.05,0.0,1.3708,200000,178333.90833491928,-21666.09166508072,0.8916695416745964
2021-06-10,0,-0.10673944313834145,0.0,134.0,0.0,1.2924,200000,178333.90833491928,-21666.09166508072,0.8916695416745964
2021-06-11,0,-0.7885202986843124,0.0,124.74,0.0,1.3013,200000,178333.90833491928,-21666.09166508072,0.8916695416745964
2021-06-12,0,-0.09552398950104914,0.0,125.85,0.0,1.237,200000,178333.90833491928,-21666.09166508072,0.8916695416745964
2021-06-13,0,0.016544317658127448,0.0,133.06,0.0,1.3056,200000,178333.90833491928,-21666.09166508072,0.8916695416745964
2021-06-14,0,-0.46643630617417636,0.0,139.0,0.0,1.4269,200000,178333.90833491928,-21666.09166508072,0.8916695416745964
2021-06-15,0,-0.7047490850097735,0.0,136.58,0.0,1.4015,200000,178333.90833491928,-21666.09166508072,0.8916695416745964
2021-06-16,0,-0.8191959141715289,0.0,137.31,0.0,1.3984,200000,178333.90833491928,-21666.09166508072,0.8916695416745964
2021-06-17,0,0.03593112533746787,0.0,142.27,0.0,1.401,200000,178333.90833491928,-21666.09166508072,0.8916695416745964
2021-06-18,0,0.8843903006567795,0.0,132.88,0.0,1.2805,200000,178333.90833491928,-21666.09166508072,0.8916695416745964
2021-06-19,0,0.6568737273077506,0.0,127.9,0.0,1.238,200000,178333.90833491928,-21666.09166508072,0.8916695416745964
2021-06-20,2,1.2525353301187099,0.0,131.81,0.0,1.2491,200000,178333.90833491928,-21666.09166508072,0.8916695416745964
2021-06-21,2,1.7916320613601004,0.0,101.3,0.0,0.9377,200000,178333.90833491928,-21666.09166508072,0.8916695416745964
2021-06-22,2,2.9413592103136064,0.0,106.5,0.0,0.9181,200000,178333.90833491928,-21666.09166508072,0.8916695416745964
2021-06-23,0,0.8789733340982937,0.0,111.79,0.0,1.046,200000,178333.90833491928,-21666.09166508072,0.8916695416745964
2021-06-24,0,0.45677505897847415,0.0,112.82,0.0,1.0742,200000,178333.90833491928,-21666.09166508072,0.8916695416745964
2021-06-25,0,0.7086760410301746,0.0,100.08,0.0,0.9419,200000,178333.90833491928,-21666.09166508072,0.8916695416745964
2021-06-26,1,1.1231946385972416,-860.60181611292,103.61,93564.48496060823,0.953,200000,178333.90833491928,-21666.09166508072,0.8916695416745964
2021-06-27,1,0.7446510492190077,-860.60181611292,107.71,93564.48496060823,1.0044,200000,186671.5903079575,-13328.409692042507,0.9333579515397875
2021-06-28,2,1.9394433707370458,0.0,118.0,0.0,1.0293,200000,183578.99826628977,-16421.001733710233,0.9178949913314488
2021-06-29,2,1.861638047773726,0.0,126.49,0.0,1.0922,200000,183578.99826628977,-16421.001733710233,0.9178949913314488
2021-06-30,1,1.1802344588451206,-701.1649158440523,130.91,78917.97707260329,1.1631,200000,183578.99826628977,-16421.001733710233,0.9178949913314488
2021-07-01,0,-0.08145802459619352,0.0,120.17,0.0,1.14,200000,177871.4923405018,-22128.507659498195,0.8893574617025091
2021-07-02,0,-0.09556684763147022,0.0,118.5,0.0,1.1229,200000,177871.4923405018,-22128.507659498195,0.8893574617025091
2021-07-03,0,-0.8868803293211212,0.0,116.22,0.0,1.15,200000,177871.4923405018,-22128.507659498195,0.8893574617025091
2021-07-04,0,-0.6821027114942972,0.0,120.25,0.0,1.1711,200000,177871.4923405018,-22128.507659498195,0.8893574617025091
2021-07-05,-1,-1.1567376657609238,799.9977167423847,111.17,-80484.83816312299,1.105,200000,177871.4923405018,-22128.507659498195,0.8893574617025091
2021-07-06,-2,-1.3367665661342258,0.0,117.51,0.0,1.1754,200000,178465.63942303896,-21534.360576961044,0.8923281971151947
2021-07-07,-2,-3.079923827236693,0.0,118.55,0.0,1.4049,200000,178465.63942303896,-21534.360576961044,0.8923281971151947
2021-07-08,-2,-1.8945512895716048,0.0,109.46,0.0,1.2108,200000,178465.63942303896,-21534.360576961044,0.8923281971151947
2021-07-09,-2,-2.056425740345152,0.0,111.01,0.0,1.29,200000,178465.63942303896,-21534.360576961044,0.8923281971151947
2021-07-10,-2,-1.9326850523616173,0.0,108.12,0.0,1.2873,200000,178465.63942303896,-21534.360576961044,0.8923281971151947
2021-07-11,-2,-1.9389039398317822,0.0,110.84,0.0,1.3799,200000,178465.63942303896,-21534.360576961044,0.8923281971151947
2021-07-12,-2,-1.5564882246850205,0.0,107.68,0.0,1.3058,200000,178465.63942303896,-21534.360576961044,0.8923281971151947
2021-07-13,-1,-1.1666280948140944,857.1836667773246,104.1,-73201.65685932689,1.219,200000,178465.63942303896,-21534.360576961044,0.8923281971151947
2021-07-14,-2,-1.5011628599732396,0.0,104.55,0.0,1.3206,200000,185517.19510989677,-14482.80489010323,0.9275859755494839
2021-07-15,-2,-1.27589344734623,0.0,100.17,0.0,1.2506,200000,185517.19510989677,-14482.80489010323,0.9275859755494839
2021-07-16,-2,-1.2328910174508925,0.0,93.06,0.0,1.1797,200000,185517.19510989677,-14482.80489010323,0.9275859755494839
2021-07-17,-1,-1.1580599249755936,995.6912575670716,93.16,-77876.4147048513,1.1911,200000,185517.19510989677,-14482.80489010323,0.9275859755494839
2021-07-18,-1,-0.9891869158757238,995.6912575670716,93.95,-77876.4147048513,1.1847,200000,185805.38214926372,-14194.617850736278,0.9290269107463186
2021-07-19,-1,-0.6201550335068303,995.6912575670716,89.25,-77876.4147048513,1.0748,200000,172567.0152626353,-27432.98473736469,0.8628350763131766
2021-07-20,-1,-0.2633287891898896,995.6912575670716,85.65,-77876.4147048513,0.9953,200000,162791.3517663582,-37208.64823364181,0.813956758831791
2021-07-21,0,-0.10733517945975615,0.0,95.18,0.0,1.0972,200000,176193.30342882575,-23806.696571174252,0.8809665171441288
2021-07-22,0,0.010667134789680474,0.0,97.6,0.0,1.1235,200000,176193.30342882575,-23806.696571174252,0.8809665171441288
2021-07-23,0,-0.9449773428616995,0.0,97.73,0.0,1.2432,200000,176193.30342882575,-23806.696571174252,0.8809665171441288
2021-07-24,-2,-1.2070062273056965,0.0,99.26,0.0,1.2988,200000,176193.30342882575,-23806.696571174252,0.8809665171441288
2021-07-25,-2,-1.6310392282021342,0.0,100.44,0.0,1.3652,200000,176193.30342882575,-23806.696571174252,0.8809665171441288
2021-07-26,0,-0.7441886489361111,0.0,101.33,0.0,1.2862,200000,176193.30342882575,-23806.696571174252,0.8809665171441288
2021-07-27,-1,-1.1979354327794451,856.5547079670673,102.85,-65343.90425338442,1.3482,200000,176193.30342882575,-23806.696571174252,0.8809665171441288
2021-07-28,-1,-0.38477541079203104,856.5547079670673,105.88,-65343.90425338442,1.3318,200000,177717.02416421048,-22282.97583578952,0.8885851208210525
2021-07-29,-1,-0.8936955671733638,856.5547079670673,107.84,-65343.90425338442,1.3972,200000,183669.36272999726,-16330.637270002742,0.9183468136499863
2021-07-30,-1,-1.035118538227539,856.5547079670673,109.91,-65343.90425338442,1.4417,200000,188350.2347147647,-11649.765285235306,0.9417511735738234
2021-07-31,-1,-0.7482907511375336,856.5547079670673,111.15,-65343.90425338442,1.4413,200000,189386.22499094252,-10613.775009057485,0.9469311249547125
2021-08-01,0,1.050874081502266,0.0,115.53,0.0,1.3719,200000,166880.84026260852,-33119.159737391485,0.8344042013130426
2021-08-02,0,0.823410022955613,0.0,115.26,0.0,1.3871,200000,166880.84026260852,-33119.159737391485,0.8344042013130426
2021-08-03,1,1.01224236670763,-731.6126271924968,114.05,61579.64585336108,1.355,200000,166880.84026260852,-33119.159737391485,0.8344042013130426
2021-08-04,1,0.8954764418823653,-731.6126271924968,118.08,61579.64585336108,1.4059,200000,172963.64312413035,-27036.35687586965,0.8648182156206518
2021-08-05,1,0.9448503983246945,-731.6126271924968,119.03,61579.64585336108,1.4078,200000,173775.67644708464,-26224.32355291536,0.8688783822354231
2021-08-06,2,1.5492185228583084,0.0,126.93,0.0,1.4441,200000,170817.26445531342,-29182.735544686584,0.8540863222765671
2021-08-07,2,1.6948212631236406,0.0,134.17,0.0,1.4963,200000,170817.26445531342,-29182.735544686584,0.8540863222765671
2021-08-08,1,1.1482867244299044,-691.6798852255969,123.48,60534.85876224871,1.4109,200000,170817.26445531342,-29182.735544686584,0.8540863222765671
2021-08-09,1,0.705663370993711,-691.6798852255969,130.65,60534.85876224871,1.5316,200000,183083.16668498435,-16916.833315015654,0.9154158334249217
2021-08-10,0,-0.06360733159039791,0.0,131.87,0.0,1.6217,200000,163859.71046527417,-36140.28953472583,0.8192985523263708
2021-08-11,0,0.7046131186072684,0.0,137.18,0.0,1.6186,200000,163859.71046527417,-36140.28953472583,0.8192985523263708
2021-08-12,0,0.7641612767024805,0.0,133.6,0.0,1.5647,200000,163859.71046527417,-36140.28953472583,0.8192985523263708
2021-08-13,0,0.9016755926171007,0.0,144.93,0.0,1.6764,200000,163859.71046527417,-36140.28953472583,0.8192985523263708
2021-08-14,0,0.7444629897603899,0.0,144.89,0.0,1.684,200000,163859.71046527417,-36140.28953472583,0.8192985523263708
2021-08-15,2,2.0276329898737133,0.0,154.82,0.0,1.6664,200000,163859.71046527417,-36140.28953472583,0.8192985523263708
2021-08-16,2,1.7626781307061592,0.0,150.12,0.0,1.6204,200000,163859.71046527417,-36140.28953472583,0.8192985523263708
2021-08-17,2,1.4637166454635002,0.0,141.45,0.0,1.5359,200000,163859.71046527417,-36140.28953472583,0.8192985523263708
2021-08-18,2,1.435488399223763,0.0,140.76,0.0,1.5205,200000,163859.71046527417,-36140.28953472583,0.8192985523263708
2021-08-19,2,1.4783727014224017,0.0,147.37,0.0,1.5822,200000,163859.71046527417,-36140.28953472583,0.8192985523263708
2021-08-20,1,1.1755974765687376,-532.8771072041436,153.75,49024.56631919404,1.6712,200000,163859.71046527417,-36140.28953472583,0.8192985523263708
2021-08-21,0,-0.7011112120052387,0.0,155.89,0.0,1.8374,200000,156852.18455244094,-43147.815447559056,0.7842609227622047
2021-08-22,0,-0.16723453291305487,0.0,160.54,0.0,1.8431,200000,156852.18455244094,-43147.815447559056,0.7842609227622047
2021-08-23,-2,-2.5697116633776216,0.0,165.12,0.0,2.1796,200000,156852.18455244094,-43147.815447559056,0.7842609227622047
2021-08-24,-1,-1.1091993078333087,504.9973746054119,155.3,-41471.15027032969,1.8911,200000,156852.18455244094,-43147.815447559056,0.7842609227622047
2021-08-25,-2,-1.6068040154927339,0.0,163.8,0.0,2.0721,200000,160065.9850672246,-39934.014932775404,0.800329925336123
2021-08-26,-2,-1.620796632357361,0.0,144.0,0.0,1.85,200000,160065.9850672246,-39934.014932775404,0.800329925336123
2021-08-27,-2,-1.6867312786778348,0.0,152.3,0.0,2.001,200000,160065.9850672246,-39934.014932775404,0.800329925336123
2021-08-28,-2,-1.8613629272499093,0.0,150.5,0.0,2.055,200000,160065.9850672246,-39934.014932775404,0.800329925336123
2021-08-29,-2,-2.193323689024609,0.0,148.3,0.0,2.183,200000,160065.9850672246,-39934.014932775404,0.800329925336123
2021-08-30,-2,-1.910488010939713,0.0,141.2,0.0,2.085,200000,160065.9850672246,-39934.014932775404,0.800329925336123
2021-08-31,-2,-1.3339900991890852,0.0,143.8,0.0,2.019,200000,160065.9850672246,-39934.014932775404,0.800329925336123
2021-09-01,-1,-1.0323536041774137,527.5741103072663,151.7,-38495.90790457542,2.079,200000,160065.9850672246,-39934.014932775404,0.800329925336123
2021-09-02,-1,-0.8704357451412608,527.5741103072663,150.7,-38495.90790457542,2.046,200000,158268.04599606633,-41731.95400393367,0.7913402299803316
2021-09-03,-1,-0.6048812172936305,527.5741103072663,156.4,-38495.90790457542,2.071,200000,162237.61612243217,-37762.38387756783,0.8111880806121609
2021-09-04,-1,-0.441970806736197,527.5741103072663,160.1,-38495.90790457542,2.097,200000,165190.53393608797,-34809.46606391203,0.8259526696804399
2021-09-05,0,-0.0777563690373657,0.0,172.8,0.0,2.191,200000,153245.71302505373,-46754.28697494627,0.7662285651252687
2021-09-06,0,-0.039848611224842845,0.0,171.1,0.0,2.179,200000,153245.71302505373,-46754.28697494627,0.7662285651252687
2021-09-07,0,-0.06459849574763467,0.0,136.4,0.0,1.757,200000,153245.71302505373,-46754.28697494627,0.7662285651252687
2021-09-08,0,0.15620581413805545,0.0,135.4,0.0,1.73,200000,153245.71302505373,-46754.28697494627,0.7662285651252687
2021-09-09,0,0.06019077812554122,0.0,137.6,0.0,1.79,200000,153245.71302505373,-46754.28697494627,0.7662285651252687
2021-09-10,0,0.37074558313338096,0.0,128.2,0.0,1.646,200000,153245.71302505373,-46754.28697494627,0.7662285651252687
2021-09-11,0,0.22690088885984547,0.0,128.5,0.0,1.679,200000,153245.71302505373,-46754.28697494627,0.7662285651252687
2021-09-12,0,0.2574189678660388,0.0,131.3,0.0,1.712,200000,153245.71302505373,-46754.28697494627,0.7662285651252687
2021-09-13,0,0.8453704233500804,0.0,127.8,0.0,1.629,200000,153245.71302505373,-46754.28697494627,0.7662285651252687
2021-09-14,1,1.1613283176101923,-572.6670890323383,133.8,45581.711191271184,1.681,200000,153245.71302505373,-46754.28697494627,0.7662285651252687
2021-09-15,1,0.9880944329790451,-572.6670890323383,139.8,45581.711191271184,1.767,200000,160601.74272169708,-39398.25727830292,0.8030087136084854
2021-09-16,2,1.6082950962020763,0.0,137.9,0.0,1.681,200000,155593.6480900863,-44406.351909913705,0.7779682404504314
2021-09-17,2,1.4849013222039158,0.0,134.5,0.0,1.634,200000,155593.6480900863,-44406.351909913705,0.7779682404504314
2021-09-18,2,1.8312390875761186,0.0,138.6,0.0,1.646,200000,155593.6480900863,-44406.351909913705,0.7779682404504314
2021-09-19,2,2.000786854372399,0.0,133.6,0.0,1.57,200000,155593.6480900863,-44406.351909913705,0.7779682404504314
2021-09-20,2,2.561215405969336,0.0,119.1,0.0,1.339,200000,155593.6480900863,-44406.351909913705,0.7779682404504314
2021-09-21,2,2.501647630009402,0.0,111.7,0.0,1.226,200000,155593.6480900863,-44406.351909913705,0.7779682404504314
2021-09-22,2,1.2098443216905639,0.0,121.3,0.0,1.413,200000,155593.6480900863,-44406.351909913705,0.7779682404504314
2021-09-23,0,0.48560113860682513,0.0,122.6,0.0,1.478,200000,155593.6480900863,-44406.351909913705,0.7779682404504314
2021-09-24,0,0.2710340537426515,0.0,110.6,0.0,1.344,200000,155593.6480900863,-44406.351909913705,0.7779682404504314
2021-09-25,0,0.38924900014964564,0.0,110.7,0.0,1.334,200000,155593.6480900863,-44406.351909913705,0.7779682404504314
2021-09-26,0,0.5247622227045784,0.0,111.2,0.0,1.327,200000,155593.6480900863,-44406.351909913705,0.7779682404504314
2021-09-27,0,0.22733435019121287,0.0,104.5,0.0,1.262,200000,155593.6480900863,-44406.351909913705,0.7779682404504314
2021-09-28,0,0.41090621612099343,0.0,100.8,0.0,1.203,200000,155593.6480900863,-44406.351909913705,0.7779682404504314
2021-09-29,0,0.588483193599229,0.0,103.7,0.0,1.223,200000,155593.6480900863,-44406.351909913705,0.7779682404504314
2021-09-30,0,-0.24260798658518884,0.0,107.1,0.0,1.308,200000,155593.6480900863,-44406.351909913705,0.7779682404504314
2021-10-01,-2,-1.9639786417740066,0.0,114.9,0.0,1.525,200000,155593.6480900863,-44406.351909913705,0.7779682404504314
2021-10-02,-2,-1.7757083339334307,0.0,114.2,0.0,1.505,200000,155593.6480900863,-44406.351909913705,0.7779682404504314
2021-10-03,-2,-1.53711510060534,0.0,118.7,0.0,1.552,200000,155593.6480900863,-44406.351909913705,0.7779682404504314
2021-10-04,-2,-1.7980049495697386,0.0,116.8,0.0,1.566,200000,155593.6480900863,-44406.351909913705,0.7779682404504314
2021-10-05,-2,-1.9421395747508037,0.0,123.1,0.0,1.692,200000,155593.6480900863,-44406.351909913705,0.7779682404504314
2021-10-06,-1,-1.1103843431165459,620.3893464516997,125.4,-47292.902155041425,1.645,200000,155593.6480900863,-44406.351909913705,0.7779682404504314
2021-10-07,-2,-1.3011494514604187,0.0,125.3,0.0,1.68,200000,157310.9386001579,-42689.06139984209,0.7865546930007896
2021-10-08,-2,-1.4876141489411103,0.0,123.4,0.0,1.7,200000,157310.9386001579,-42689.06139984209,0.7865546930007896
2021-10-09,-1,-1.0725608434241636,616.422173198111,127.6,-45756.526643443256,1.719,200000,157310.9386001579,-42689.06139984209,0.7865546930007896
2021-10-10,-1,-0.7424846613473042,616.422173198111,119.5,-45756.526643443256,1.58,200000,145957.7617938146,-54042.2382061854,0.7297888089690729
2021-10-11,-1,-0.47116860490353507,616.422173198111,119.7,-45756.526643443256,1.561,200000,145211.67222222878,-54788.32777777122,0.726058361111144
2021-10-12,-1,-0.5988211639822516,616.422173198111,116.3,-45756.526643443256,1.535,200000,141926.1671406257,-58073.83285937429,0.7096308357031285
2021-10-13,-1,-0.6259576247189236,616.422173198111,119.4,-45756.526643443256,1.585,200000,146124.90220971202,-53875.09779028798,0.7306245110485601
2021-10-14,-1,-0.5883062959754891,616.422173198111,121.8,-45756.526643443256,1.62,200000,149205.793857908,-50794.20614209201,0.74602896928954
2021-10-15,0,0.2605380980350902,0.0,126.2,0.0,1.611,200000,153232.22476514342,-46767.775234856585,0.7661611238257171
2021-10-16,0,-0.9525925845509069,0.0,126.1,0.0,1.719,200000,153232.22476514342,-46767.775234856585,0.7661611238257171
2021-10-17,2,1.9301573398983014,0.0,137.7,0.0,1.637,200000,153232.22476514342,-46767.775234856585,0.7661611238257171
2021-10-18,2,2.2590010406788488,0.0,140.7,0.0,1.636,200000,153232.22476514342,-46767.775234856585,0.7661611238257171
2021-10-19,2,2.7268830597598464,0.0,144.1,0.0,1.604,200000,153232.22476514342,-46767.775234856585,0.7661611238257171
2021-10-20,0,0.8364124348467259,0.0,149.9,0.0,1.85,200000,153232.22476514342,-46767.775234856585,0.7661611238257171
2021-10-21,2,1.694327767553512,0.0,155.0,0.0,1.799,200000,153232.22476514342,-46767.775234856585,0.7661611238257171
2021-10-22,2,2.0351748997251033,0.0,165.0,0.0,1.835,200000,153232.22476514342,-46767.775234856585,0.7661611238257171
2021-10-23,2,2.2665788210495648,0.0,173.6,0.0,1.839,200000,153232.22476514342,-46767.775234856585,0.7661611238257171
2021-10-24,2,2.2279755789279547,0.0,173.0,0.0,1.772,200000,153232.22476514342,-46767.775234856585,0.7661611238257171
2021-10-25,1,1.0294336214225024,-450.41806221382546,170.1,40197.33073587183,1.906,200000,153232.22476514342,-46767.775234856585,0.7661611238257171
2021-10-26,0,-0.16851379524462165,0.0,161.1,0.0,2.008,200000,145078.33447016004,-54921.66552983996,0.7253916723508003
2021-10-27,-2,-1.3943942685936404,0.0,147.1,0.0,2.092,200000,145078.33447016004,-54921.66552983996,0.7253916723508003
2021-10-28,-2,-1.530464734165521,0.0,159.0,0.0,2.317,200000,145078.33447016004,-54921.66552983996,0.7253916723508003
2021-10-29,-2,-1.6806220318333407,0.0,162.6,0.0,2.461,200000,145078.33447016004,-54921.66552983996,0.7253916723508003
2021-10-30,-2,-2.643284150942696,0.0,153.3,0.0,3.046,200000,145078.33447016004,-54921.66552983996,0.7253916723508003
2021-10-31,-2,-1.2302436814417388,0.0,167.0,0.0,2.581,200000,145078.33447016004,-54921.66552983996,0.7253916723508003
2021-11-01,-1,-1.0988145099274385,427.45531664749575,169.7,-27899.67970580001,2.6,200000,145078.33447016004,-54921.66552983996,0.7253916723508003
2021-11-02,-2,-1.7146780273374282,0.0,171.8,0.0,3.118,200000,158632.71239280474,-41367.28760719526,0.7931635619640237
2021-11-03,-2,-1.299221729942397,0.0,168.3,0.0,2.861,200000,158632.71239280474,-41367.28760719526,0.7931635619640237
2021-11-04,-2,-1.4351423641457344,0.0,163.7,0.0,2.999,200000,158632.71239280474,-41367.28760719526,0.7931635619640237
2021-11-05,-2,-1.278769110158685,0.0,162.8,0.0,2.958,200000,158632.71239280474,-41367.28760719526,0.7931635619640237
2021-11-06,-2,-1.6603577298602206,0.0,159.6,0.0,3.509,200000,158632.71239280474,-41367.28760719526,0.7931635619640237
2021-11-07,-2,-1.2644733121058462,0.0,164.1,0.0,3.313,200000,158632.71239280474,-41367.28760719526,0.7931635619640237
2021-11-08,0,-0.9092376884812264,0.0,170.8,0.0,3.17,200000,158632.71239280474,-41367.28760719526,0.7931635619640237
2021-11-09,0,-0.056380882536380315,0.0,200.1,0.0,2.977,200000,158632.71239280474,-41367.28760719526,0.7931635619640237
2021-11-10,0,-0.22286866847657683,0.0,179.8,0.0,2.831,200000,158632.71239280474,-41367.28760719526,0.7931635619640237
2021-11-11,0,0.2013538363648261,0.0,204.5,0.0,2.968,200000,158632.71239280474,-41367.28760719526,0.7931635619640237
2021-11-12,0,0.08194480266200332,0.0,202.1,0.0,3.082,200000,158632.71239280474,-41367.28760719526,0.7931635619640237
2021-11-13,0,0.24512776534746678,0.0,199.1,0.0,3.041,200000,158632.71239280474,-41367.28760719526,0.7931635619640237
2021-11-14,0,0.43478157905532583,0.0,201.8,0.0,3.085,200000,158632.71239280474,-41367.28760719526,0.7931635619640237
2021-11-15,0,0.47994625328014073,0.0,195.5,0.0,3.033,200000,158632.71239280474,-41367.28760719526,0.7931635619640237
2021-11-16,0,-0.2958077067715037,0.0,165.7,0.0,2.846,200000,158632.71239280474,-41367.28760719526,0.7931635619640237
2021-11-17,0,-0.964650292112081,0.0,159.3,0.0,3.017,200000,158632.71239280474,-41367.28760719526,0.7931635619640237
2021-11-18,-2,-1.3829531866878662,0.0,148.2,0.0,3.042,200000,158632.71239280474,-41367.28760719526,0.7931635619640237
2021-11-19,-2,-1.868801986573202,0.0,158.8,0.0,3.613,200000,158632.71239280474,-41367.28760719526,0.7931635619640237
2021-11-20,-1,-1.077212041474752,442.36673840715207,179.3,-21742.422202961174,3.648,200000,158632.71239280474,-41367.28760719526,0.7931635619640237
2021-11-21,0,1.4655523734556952,0.0,229.4,0.0,3.295,200000,128795.06376096111,-71204.93623903889,0.6439753188048056
2021-11-22,0,-0.08330995584513373,0.0,206.0,0.0,3.601,200000,128795.06376096111,-71204.93623903889,0.6439753188048056
2021-11-23,0,-0.11357951952059091,0.0,218.7,0.0,3.846,200000,128795.06376096111,-71204.93623903889,0.6439753188048056
2021-11-24,0,0.023834624084779866,0.0,260.8,0.0,4.485,200000,128795.06376096111,-71204.93623903889,0.6439753188048056
2021-11-25,2,1.3168060321619064,0.0,294.5,0.0,4.221,200000,128795.06376096111,-71204.93623903889,0.6439753188048056
2021-11-26,0,0.5558291085478718,0.0,246.6,0.0,3.853,200000,128795.06376096111,-71204.93623903889,0.6439753188048056
2021-11-27,0,0.6967129872553486,0.0,243.5,0.0,3.704,200000,128795.06376096111,-71204.93623903889,0.6439753188048056
2021-11-28,0,0.25466889658319136,0.0,241.2,0.0,3.842,200000,128795.06376096111,-71204.93623903889,0.6439753188048056
2021-11-29,0,0.8957089717767469,0.0,246.7,0.0,3.649,200000,128795.06376096111,-71204.93623903889,0.6439753188048056
2021-11-30,0,0.2714547239328711,0.0,220.2,0.0,3.501,200000,128795.06376096111,-71204.93623903889,0.6439753188048056
2021-12-01,0,0.6071934191571648,0.0,229.8,0.0,3.529,200000,128795.06376096111,-71204.93623903889,0.6439753188048056
2021-12-02,0,0.7554030964584714,0.0,225.4,0.0,3.402,200000,128795.06376096111,-71204.93623903889,0.6439753188048056
2021-12-03,0,0.7876829430814538,0.0,206.2,0.0,3.097,200000,128795.06376096111,-71204.93623903889,0.6439753188048056
2021-12-04,0,0.22378262173940883,0.0,187.6,0.0,3.014,200000,128795.06376096111,-71204.93623903889,0.6439753188048056
2021-12-05,0,0.8384283025850642,0.0,182.6,0.0,2.728,200000,128795.06376096111,-71204.93623903889,0.6439753188048056
2021-12-06,0,0.18502782808148563,0.0,179.8,0.0,2.886,200000,128795.06376096111,-71204.93623903889,0.6439753188048056
2021-12-07,0,0.1116174304223845,0.0,174.1,0.0,2.799,200000,128795.06376096111,-71204.93623903889,0.6439753188048056
2021-12-08,0,-0.0673722835824169,0.0,178.8,0.0,2.902,200000,128795.06376096111,-71204.93623903889,0.6439753188048056
2021-12-09,0,0.1749783029278133,0.0,164.1,0.0,2.568,200000,128795.06376096111,-71204.93623903889,0.6439753188048056
2021-12-10,0,0.4936247245316814,0.0,159.4,0.0,2.427,200000,128795.06376096111,-71204.93623903889,0.6439753188048056
2021-12-11,0,0.6640052773519983,0.0,168.3,0.0,2.551,200000,128795.06376096111,-71204.93623903889,0.6439753188048056
2021-12-12,0,-0.3096724378459084,0.0,169.6,0.0,2.691,200000,128795.06376096111,-71204.93623903889,0.6439753188048056
2021-12-13,0,-0.2515482214176867,0.0,147.9,0.0,2.323,200000,128795.06376096111,-71204.93623903889,0.6439753188048056
2021-12-14,0,-0.08408272047918204,0.0,151.6,0.0,2.352,200000,128795.06376096111,-71204.93623903889,0.6439753188048056
2021-12-15,0,-0.11037297505525209,0.0,159.5,0.0,2.486,200000,128795.06376096111,-71204.93623903889,0.6439753188048056
2021-12-16,0,-0.11802139712858432,0.0,152.3,0.0,2.374,200000,128795.06376096111,-71204.93623903889,0.6439753188048056
2021-12-17,0,0.48895760390237264,0.0,149.9,0.0,2.299,200000,128795.06376096111,-71204.93623903889,0.6439753188048056
2021-12-18,0,0.6181300900251219,0.0,157.6,0.0,2.404,200000,128795.06376096111,-71204.93623903889,0.6439753188048056
2021-12-19,2,1.7780216285334478,0.0,157.8,0.0,2.335,200000,128795.06376096111,-71204.93623903889,0.6439753188048056
2021-12-20,2,1.6891108410572884,0.0,156.7,0.0,2.309,200000,128795.06376096111,-71204.93623903889,0.6439753188048056
2021-12-21,0,0.9387142464708773,0.0,162.2,0.0,2.436,200000,128795.06376096111,-71204.93623903889,0.6439753188048056
2021-12-22,0,-0.37686183981963317,0.0,165.5,0.0,2.587,200000,128795.06376096111,-71204.93623903889,0.6439753188048056
2021-12-23,-2,-3.028206710357813,0.0,167.6,0.0,2.978,200000,128795.06376096111,-71204.93623903889,0.6439753188048056
2021-12-24,-2,-1.7871533779582294,0.0,165.0,0.0,2.799,200000,128795.06376096111,-71204.93623903889,0.6439753188048056
2021-12-25,-2,-2.6291600252160876,0.0,169.5,0.0,3.128,200000,128795.06376096111,-71204.93623903889,0.6439753188048056
2021-12-26,-2,-2.436060307187426,0.0,167.5,0.0,3.189,200000,128795.06376096111,-71204.93623903889,0.6439753188048056
2021-12-27,-2,-1.631312184414775,0.0,169.5,0.0,3.081,200000,128795.06376096111,-71204.93623903889,0.6439753188048056
2021-12-28,-2,-1.5858523603519017,0.0,149.7,0.0,2.757,200000,128795.06376096111,-71204.93623903889,0.6439753188048056
2021-12-29,-2,-1.233627695031895,0.0,146.6,0.0,2.648,200000,128795.06376096111,-71204.93623903889,0.6439753188048056
2021-12-30,0,-0.6269957155242871,0.0,153.7,0.0,2.644,200000,128795.06376096111,-71204.93623903889,0.6439753188048056
2021-12-31,0,-0.7844105787324599,0.0,146.5,0.0,2.575,200000,128795.06376096111,-71204.93623903889,0.6439753188048056
2022-01-01,0,-0.8724069543290216,0.0,150.3,0.0,2.683,200000,128795.06376096111,-71204.93623903889,0.6439753188048056
2022-01-02,-2,-1.201771529876229,0.0,153.0,0.0,2.854,200000,128795.06376096111,-71204.93623903889,0.6439753188048056
2022-01-03,-1,-1.036132669687839,427.89057727894055,150.5,-23065.01858183401,2.792,200000,128795.0637609611,-71204.9362390389,0.6439753188048055
2022-01-04,-1,-0.7869671522319653,427.89057727894055,147.3,-23065.01858183401,2.688,200000,125027.05198115777,-74972.94801884223,0.6251352599057889
2022-01-05,-1,-0.4944681429062853,427.89057727894055,136.8,-23065.01858183401,2.442,200000,114860.20634859774,-85139.79365140226,0.5743010317429886
2022-01-06,-1,-0.8786667474565221,427.89057727894055,137.4,-23065.01858183401,2.568,200000,118023.13303627618,-81976.86696372382,0.5901156651813809
2022-01-07,0,0.32522366706203176,0.0,139.6,0.0,2.353,200000,123333.52789587644,-76666.47210412356,0.6166676394793822
2022-01-08,2,1.3376997986536068,0.0,143.6,0.0,2.258,200000,123333.52789587644,-76666.47210412356,0.6166676394793822
2022-01-09,2,1.352725677989384,0.0,144.1,0.0,2.297,200000,123333.52789587644,-76666.47210412356,0.6166676394793822
2022-01-10,2,2.064922034628843,0.0,141.3,0.0,2.167,200000,123333.52789587644,-76666.47210412356,0.6166676394793822
2022-01-11,1,1.106574900771623,-436.4243733045875,141.3,26672.475756028645,2.312,200000,123333.52789587644,-76666.47210412356,0.6166676394793822
2022-01-12,0,0.05874492706129092,0.0,144.5,0.0,2.52,200000,119182.21093319716,-80817.78906680284,0.5959110546659858
2022-01-13,0,0.8242620765793797,0.0,143.3,0.0,2.379,200000,119182.21093319716,-80817.78906680284,0.5959110546659858
2022-01-14,0,0.46548615716831737,0.0,142.4,0.0,2.408,200000,119182.21093319716,-80817.78906680284,0.5959110546659858
2022-01-15,0,0.3268337906083976,0.0,144.4,0.0,2.452,200000,119182.21093319716,-80817.78906680284,0.5959110546659858
2022-01-16,0,-0.4439410525430435,0.0,141.2,0.0,2.508,200000,119182.21093319716,-80817.78906680284,0.5959110546659858
2022-01-17,0,0.49962230434819294,0.0,138.9,0.0,2.324,200000,119182.21093319716,-80817.78906680284,0.5959110546659858
2022-01-18,0,-0.07326478937100216,0.0,131.8,0.0,2.273,200000,119182.21093319716,-80817.78906680284,0.5959110546659858
2022-01-19,0,-0.4295094720327221,0.0,125.9,0.0,2.219,200000,119182.21093319716,-80817.78906680284,0.5959110546659858
2022-01-20,0,-0.5420198446764157,0.0,118.8,0.0,2.109,200000,119182.21093319716,-80817.78906680284,0.5959110546659858
2022-01-21,0,0.2387993230852184,0.0,102.3,0.0,1.732,200000,119182.21093319716,-80817.78906680284,0.5959110546659858
2022-01-22,2,1.2350707209670464,0.0,94.6,0.0,1.508,200000,119182.21093319716,-80817.78906680284,0.5959110546659858
2022-01-23,0,0.45398105164246627,0.0,97.5,0.0,1.613,200000,119182.21093319716,-80817.78906680284,0.5959110546659858
2022-01-24,1,1.121421428200234,-631.2617104512561,94.4,39648.107429539974,1.503,200000,119182.21093319716,-80817.78906680284,0.5959110546659858
2022-01-25,0,-0.23228043167680598,0.0,90.3,0.0,1.532,200000,115444.24280489034,-84555.75719510966,0.5772212140244517
2022-01-26,0,-0.7770902703193022,0.0,89.8,0.0,1.552,200000,115444.24280489034,-84555.75719510966,0.5772212140244517
2022-01-27,-2,-1.337420229710068,0.0,88.7,0.0,1.581,200000,115444.24280489034,-84555.75719510966,0.5772212140244517
2022-01-28,-2,-1.362262135711489,0.0,91.2,0.0,1.638,200000,115444.24280489034,-84555.75719510966,0.5772212140244517
2022-01-29,-2,-1.5429109310660072,0.0,96.3,0.0,1.76,200000,115444.24280489034,-84555.75719510966,0.5772212140244517
2022-01-30,-2,-2.273560988860408,0.0,93.1,0.0,1.784,200000,115444.24280489034,-84555.75719510966,0.5772212140244517
2022-01-31,-2,-2.411653481786181,0.0,94.5,0.0,1.884,200000,115444.24280489034,-84555.75719510966,0.5772212140244517
